qid	birth_precision	death_precision
Q1	0	
Q3	0	
Q4	3	
Q1042	9	
Q1043	9	
Q1071	9	
Q1078	9	
Q1104	9	
Q1105	9	
Q1112	9	
Q1129	9	
Q1131	9	
Q1132	9	
Q1133	9	
Q1134	9	
Q1456	9	
Q1458	9	
Q1459	9	
Q1468	9	
Q1493	9	
Q1665	9	9
Q1670	9	9
Q1673		9
Q1675		9
Q1676	9	
Q1680		9
Q1681	9	9
Q1683		9
Q1689		9
Q1691		9
Q1698		9
Q1699		9
Q1705		9
Q1706		9
Q1713		9
Q1762		9
Q1769		9
Q1772		9
Q1781		9
Q1789		9
Q1807		9
Q1827		9
Q1945	9	
Q1959	9	
Q1972	9	
Q1983	9	
Q1994	9	
Q1998		9
Q2004	9	
Q2010		9
Q2015	9	
Q2020		9
Q2027	9	
Q2045		9
Q2051	9	
Q2056		9
Q2069	9	
Q2074		9
Q2079	9	
Q2086		9
Q2101		9
Q2123	9	
Q2134		9
Q2150		9
Q2156	9	
Q2165		9
Q2175		9
Q2178	9	
Q2188		9
Q2194		9
Q2200	9	9
Q2206	9	9
Q2224	9	
Q2227	9	
Q2234	9	
Q2244	9	9
Q2247	9	
Q2249	9	9
Q2250	9	
Q2252	9	
Q2255	9	
Q2258	9	
Q2261	9	
Q2263	9	
Q2266	9	
Q2268	9	
Q2277	9	
Q2282	9	9
Q2283	9	
Q2286	10	9
Q2287	9	
Q2289	10	9
Q2292	10	9
Q2296	10	9
Q2299	10	9
Q2302	10	9
Q2319		11
Q2412	9	9
Q2463	9	9
Q2465	9	9
Q2467	9	9
Q2468	9	9
Q2470	9	9
Q2471	9	9
Q2472	9	9
Q2473	9	9
Q2474	9	9
Q2475	9	9
Q2476	9	9
Q2479	9	9
Q2489	9	9
Q2490	9	
Q2494	9	9
Q2497	9	9
Q2498	9	
Q2508	9	9
Q2515	9	9
Q2516	9	9
Q2569	9	
Q2570	9	
Q2623	9	
Q2627	9	
Q2628	9	
Q2630	9	
Q2998	9	9
Q3284	9	9
Q3417		9
Q3457	11	11
Q3505	9	9
Q3534	9	11
Q3675	9	9
Q3715		11
Q3800	9	
Q4635	11	11
Q4644	11	
Q4652	9	9
Q4669	9	9
Q4680	11	11
Q4681	11	9
Q4989	9	
Q6420	9	9
Q6421	9	
Q6432	11	9
Q6434		9
Q6445	9	9
Q6456	11	11
Q6460	9	9
Q6461	9	9
Q6462	9	
Q6474	9	11
Q6481	9	9
Q6490	9	9
Q6494	9	
Q6510		9
Q6511	9	9
Q6513	9	9
Q6525		9
Q6527	9	9
Q6538	9	9
Q6541	9	9
Q6556		9
Q6562		9
Q6572		9
Q6578		9
Q6583		9
Q6589		9
Q6591		9
Q6596		9
Q6598		9
Q6603		9
Q6605	9	
Q6616	9	9
Q6618	9	9
Q6622	9	9
Q6625	11	
Q6629	9	9
Q6635	9	9
Q6637	9	9
Q6639	11	11
Q6641	11	11
Q6647	9	9
Q6649	11	9
Q6740		9
Q6742	9	9
Q6748		11
Q6792	9	9
Q6804	9	9
Q6807	9	
Q6832	9	11
Q6859	11	11
Q6875	11	11
Q6950	9	9
Q6955		11
Q6986	9	11
Q6990	9	9
Q7003	9	9
Q7005		9
Q7021	9	
Q7038	9	10
Q7048	11	11
Q7062	11	11
Q7069	9	
Q7077	9	11
Q7081	9	9
Q7082	11	9
Q7083	9	9
Q7086		9
Q7087	9	10
Q7089		10
Q7100	11	11
Q7110	9	
Q7112	9	11
Q7117		9
Q7118		9
Q7120	9	11
Q7121	9	11
Q7131	11	11
Q7132	9	9
Q7137	9	
Q7142	9	11
Q7143	9	11
Q7149	9	11
Q7155	11	11
Q7156	11	11
Q7158	9	
Q7159	9	
Q7160	9	11
Q7161	9	
Q7162	9	11
Q7170	9	9
Q7173	9	9
Q7175	9	
Q7176	9	11
Q7183	9	
Q7189	11	11
Q7190	11	
Q7193	9	
Q7194		11
Q7196	9	10
Q7197	9	9
Q7198	9	9
Q7199	9	
Q7209	9	11
Q7211	9	11
Q7213		11
Q7215	9	11
Q7216	9	
Q7219	9	
Q7229	9	11
Q7230		11
Q7231	9	11
Q7238	9	11
Q7240	9	9
Q7241	11	
Q7242		11
Q7243	9	11
Q7245	9	10
Q7246		9
Q7248		9
Q7254	9	11
Q7259		11
Q7260	9	
Q7261		11
Q7266	9	11
Q7269		11
Q7271	9	11
Q7272	9	
Q7276		9
Q7278	9	9
Q7281	9	9
Q7282	11	
Q7283	11	11
Q7284	11	11
Q7285	11	11
Q7286	11	11
Q7287	11	11
Q7289	9	11
Q7291	9	
Q7293	11	11
Q7294	9	11
Q7295	9	11
Q7297		11
Q7300	9	
Q7301	9	11
Q7304	11	11
Q7305	11	11
Q7307	9	11
Q7311	9	11
Q7313	9	11
Q7314	9	11
Q7315	9	
Q7316	9	11
Q7317	9	9
Q7342	9	11
Q7343	9	
Q7344	9	11
Q7352	9	
Q7353		9
Q7355	9	11
Q7356	9	11
Q7357		11
Q7358	9	11
Q7362		11
Q7363	9	11
Q7366	9	11
Q7368	9	11
Q7370	9	11
Q7372		11
Q7381	9	
Q7386		9
Q7388	9	11
Q7389	9	11
Q7390	9	11
Q7392	9	11
Q7393	9	11
Q7399	9	11
Q7404	9	
Q7406	9	11
Q7432	9	
Q7434	9	11
Q7436	9	11
Q7437	9	11
Q7441	9	
Q7443	9	
Q7449	9	11
Q7451	9	11
Q7467	9	11
Q7468	9	
Q7471	9	9
Q7472		11
Q7473		11
Q7476	9	11
Q7477	9	11
Q7478	9	11
Q7479		9
Q7481	9	11
Q7493	9	11
Q7502	9	11
Q7503	11	11
Q7507	9	11
Q7508	9	11
Q7509	9	11
Q7516	9	11
Q7521	9	9
Q7522	9	11
Q7523	9	11
Q7524		11
Q7527	9	11
Q7528		11
Q7529		9
Q7532	9	11
Q7534	9	11
Q7535	9	11
Q7536	9	9
Q7537		11
Q7538	9	11
Q7539	9	11
Q7540	9	11
Q7545	9	11
Q7546	9	11
Q7563	9	
Q7567	9	
Q7572	9	10
Q7573	9	11
Q7575	9	
Q7592	9	11
Q7593	9	11
Q7594	9	11
Q7598	9	9
Q7599	9	11
Q7600	9	11
Q7601	9	11
Q7604	9	9
Q7607	9	11
Q7612	9	11
Q7613	9	
Q7615	9	11
Q7616	9	11
Q7617	9	11
Q7619	9	
Q7626		11
Q7641	9	11
Q7642	9	
Q7653		11
Q7654	9	
Q7656	9	11
Q7657	9	9
Q7659	9	11
Q7661	9	11
Q7662	9	
Q7668		9
Q7671	9	11
Q7673	9	
Q7692	9	11
Q7693	11	11
Q7694	9	11
Q7696		9
Q7697	9	
Q7698	11	11
Q7699	9	
Q7701	9	11
Q7702	9	11
Q7703	9	11
Q7708		9
Q7712	11	11
Q7713	11	11
Q7715	9	11
Q7730	9	11
Q7735	9	11
Q7743	9	
Q7745	9	11
Q7749	9	11
Q7750	9	
Q7752	9	11
Q7753	9	
Q7757	9	11
Q7758	9	
Q7760	9	11
Q7762	9	11
Q7763	9	
Q7764	9	11
Q7767	9	11
Q7768	9	
Q7770	9	11
Q7771	9	
Q7772	9	11
Q7773	9	11
Q7777	9	11
Q7778		11
Q7779	9	11
Q7782	9	11
Q7783	9	11
Q7791	9	11
Q7793		11
Q7796		11
Q7815	9	11
Q7823	9	11
Q7831	9	11
Q7836	9	11
Q7837	9	11
Q7858	9	11
Q7865	9	11
Q7866	9	11
Q7867	9	11
Q7868	9	11
Q7870	9	11
Q7871	9	11
Q7876	9	11
Q7878	9	11
Q7879	9	11
Q7888	9	
Q7892	9	11
Q7895	9	11
Q7897	9	11
Q7899	9	
Q7901	9	11
Q7906	9	
Q7916	11	11
Q7918	9	11
Q7919	9	11
Q7920	9	11
Q7921	9	11
Q7922	9	11
Q7923	9	11
Q7924	9	11
Q7927	9	11
Q7929		11
Q7935	11	11
Q7951	9	11
Q7952	9	11
Q7953	9	9
Q7955	11	11
Q7956	9	11
Q7957	9	
Q7958	9	11
Q7960	9	11
Q7961	9	11
Q7962	9	11
Q7963	9	11
Q7964	9	11
Q7966	9	11
Q7967	9	11
Q7972	9	11
Q7975	9	11
Q7976		11
Q7985		11
Q7988	9	11
Q7991	9	
Q8003	9	
Q8015	9	11
Q8016	9	11
Q8017	9	11
Q8018	9	
Q8021	9	11
Q8024	9	11
Q8033	9	
Q8034	9	11
Q8035	9	
Q8038		11
Q8040	9	
Q8041	9	11
Q8044	9	11
Q8047	9	11
Q8048	9	11
Q8053	9	
Q8055	9	9
Q8056	9	11
Q8057	9	11
Q8058	9	11
Q8062		11
Q8066	9	11
Q8067	9	11
Q8068	9	11
Q8071	9	
Q8072	9	
Q8075	9	11
Q8076	9	
Q8078	9	11
Q8079	9	11
Q8080	9	11
Q8081	9	
Q8091	9	
Q8100	11	
Q8101	9	11
Q8104		9
Q8105	9	11
Q8106		10
Q8112	9	11
Q8115	9	11
Q8118	9	
Q8124	9	11
Q8125	9	
Q8127	9	
Q8129	9	11
Q8133	9	
Q8138	9	11
Q8140	9	
Q8142	9	
Q8144	9	11
Q8146		11
Q8147	9	11
Q8148	9	11
Q8157		11
Q8162	11	10
Q8163	9	11
Q8167	9	11
Q8168	9	11
Q8169	9	11
Q8170	9	9
Q8171	9	11
Q8172	9	11
Q8173	9	
Q8174	9	9
Q8175	11	11
Q8179		11
Q8180	9	11
Q8181	9	11
Q8189	9	
Q8190	9	
Q8195	9	
Q8197	9	11
Q8198	9	
Q8199	9	11
Q8200	9	9
Q8202	9	11
Q8211	9	11
Q8212	9	11
Q8217	9	11
Q8221	9	11
Q8222	9	11
Q8223	9	9
Q8226	9	
Q8227	9	
Q8233	9	11
Q8234	9	
Q8237		11
Q8238	9	11
Q8241		11
Q8247	10	11
Q8256		11
Q8259	9	
Q8261	9	11
Q8262	11	11
Q8263	9	11
Q8264	9	
Q8265	9	
Q8268	9	
Q8277	9	
Q8286	9	11
Q8287	9	11
Q8288	9	11
Q8293	9	11
Q8296	9	11
Q8303		10
Q8304		10
Q8305	9	
Q8306	11	
Q8307	11	11
Q8321	11	11
Q8324	9	9
Q8333	9	9
Q8334	9	
Q8336	9	11
Q8338	9	9
Q8342	9	
Q8345		11
Q8347	9	11
Q8351		11
Q8358	9	
Q8359	9	11
Q8360	9	
Q8361	9	11
Q8363		9
Q8364	9	11
Q8365	9	
Q8368	9	11
Q8372	9	11
Q8374	11	
Q8379	9	11
Q8382	9	11
Q8383	9	
Q8394	11	11
Q8399	11	11
Q8407		11
Q8408	9	11
Q8416	9	
Q8423	9	
Q8428	9	11
Q8430	9	11
Q8431	9	
Q8432	11	9
Q8435	9	11
Q8436	9	
Q8437	9	11
Q8438	9	11
Q8441	9	11
Q8443		9
Q8445	9	
Q8447	9	11
Q8448	9	11
Q8455	9	11
Q8456	9	11
Q8457	9	11
Q8458	9	11
Q8459	9	11
Q8460	9	11
Q8461	9	11
Q8462	9	11
Q8465	9	11
Q8466	9	
Q8467		11
Q8468	9	
Q8469		9
Q8471		11
Q8474	9	
Q8475	9	11
Q8477	9	11
Q8479	9	11
Q8480	9	
Q8485	9	11
Q8486	9	
Q8487	9	
Q8497	9	11
Q8502	9	11
Q8508	9	
Q8515	9	11
Q8517	9	11
Q8526	11	11
Q8531	9	10
Q8532	9	11
Q8534	9	
Q8535	9	
Q8536	9	
Q8537		9
Q8538	9	
Q8544		10
Q8546	9	11
Q8547	9	11
Q8548	9	11
Q8549		9
Q8550	9	11
Q8551	9	11
Q8553	9	11
Q8556		11
Q8557		11
Q8558	9	11
Q8559	9	11
Q8563	9	
Q8564	9	
Q8566		9
Q8569	9	9
Q8576		9
Q8579	9	11
Q8582	11	11
Q8585	9	11
Q8591	11	11
Q8592	9	11
Q8593	9	11
Q8595	9	9
Q8602		11
Q8604	9	11
Q8605		9
Q8607		9
Q8608		9
Q8609	11	11
Q8620	9	11
Q8622	9	11
Q8625	9	11
Q8630	11	9
Q8632	11	11
Q8636	9	11
Q8637	9	11
Q8638	9	11
Q8645	9	11
Q8646	9	11
Q8647	9	9
Q8656	9	11
Q8658	9	9
Q8660	9	9
Q8661	11	11
Q8666	9	9
Q8668	9	11
Q8669	9	11
Q8672	9	
Q8675	9	11
Q8676	9	
Q8678	9	11
Q8680	9	11
Q8682	9	11
Q8685	9	11
Q8687	9	
Q8689	9	
Q8690	11	11
Q8697	9	11
Q8703	9	11
Q8704		11
Q8707	9	11
Q8708	9	11
Q8709	9	11
Q8711		9
Q8713	9	11
Q8715	9	11
Q8717	9	11
Q8718	9	11
Q8719	9	
Q8722	9	
Q8723	9	
Q8724	9	
Q8734	9	11
Q8740	9	
Q8741		11
Q8742	9	11
Q8743	9	11
Q8744	9	11
Q8745	11	11
Q8747		9
Q8748	9	
Q8751		9
Q8757	9	11
Q8763	9	11
Q8769	11	11
Q8770		11
Q8771	9	11
Q8774	9	11
Q8775		11
Q8776	9	11
Q8779	9	11
Q8781	9	11
Q8782	9	11
Q8795	11	11
Q8796		11
Q8797	9	
Q8804	9	11
Q8809	9	9
Q8811	9	11
Q8812	11	11
Q8816	9	10
Q8817	9	11
Q8826	9	11
Q8827	9	11
Q8830	9	11
Q8831	9	11
Q8832		11
Q8833	11	11
Q8836	9	11
Q8837	9	
Q8844	9	11
Q8845	9	9
Q8848		10
Q8851	9	11
Q8853	9	11
Q8861	9	11
Q8865		11
Q8882	11	11
Q8883	11	9
Q8886	11	9
Q8888		11
Q8891	9	11
Q8901	9	11
Q8906	11	11
Q8911	11	11
Q8912	9	
Q8913	9	9
Q8914		9
Q8916		9
Q8919		11
Q8923	11	11
Q8924	11	11
Q8932	9	11
Q8936		11
Q8937	9	11
Q8940	9	11
Q8941	9	11
Q8945	9	11
Q8946	9	11
Q8947		11
Q8950	9	10
Q8956	9	11
Q8957		11
Q8960	9	11
Q8967		11
Q8968	9	
Q8972	9	11
Q8973	9	10
Q8975		11
Q8977		10
Q8983	9	
Q8985	9	
Q8993	9	
Q8995	9	9
Q8996	9	9
Q8999		11
Q9002	9	
Q9008		9
Q9010		9
Q9015	9	11
Q9016	9	11
Q9017	9	11
Q9018	9	11
Q9022	9	11
Q9023	9	11
Q9030	9	11
Q9031	9	
Q9035	9	11
Q9036	9	11
Q9037	9	11
Q9038	9	11
Q9042	9	9
Q9043	9	9
Q9044	9	9
Q9047		11
Q9049	9	11
Q9050		11
Q9051		11
Q9057	9	
Q9060	9	
Q9063	9	
Q9064	9	
Q9070	11	11
Q9071	11	
Q9073	11	11
Q9074	9	11
Q9075	9	11
Q9077	9	
Q9081		9
Q9084	9	11
Q9085	9	11
Q9087		9
Q9095	9	10
Q9098	9	
Q9102		11
Q9103	9	11
Q9105		9
Q9107	9	11
Q9113	9	11
Q9120	9	
Q9124	9	11
Q9125	9	11
Q9126		9
Q9127	9	11
Q9130	9	11
Q9131	9	11
Q9132	11	
Q9136	9	11
Q9137	9	11
Q9138	9	11
Q9139	9	9
Q9140		9
Q9141		9
Q9142	9	9
Q9147	9	11
Q9150	9	10
Q9153	9	9
Q9154	9	11
Q9155	11	11
Q9156	11	11
Q9158	9	9
Q9159	9	11
Q9160	9	11
Q9161	9	11
Q9162	9	11
Q9163	9	
Q9164	9	9
Q9166	11	11
Q9168	9	11
Q9169	9	11
Q9175	9	11
Q9178	9	11
Q9185	9	
Q9187	9	11
Q9188	9	11
Q9193	11	11
Q9200		9
Q9203	9	11
Q9236	9	
Q9257	9	11
Q9258	9	11
Q9268	9	11
Q9270	9	11
Q9274	11	11
Q9290	11	11
Q9291	9	11
Q9298	9	11
Q9300		11
Q9301	9	11
Q9304		9
Q9310	9	11
Q9311	11	11
Q9312	9	11
Q9315		11
Q9317		10
Q9318	9	11
Q9325	9	9
Q9327	9	
Q9332	9	
Q9334	9	11
Q9336	11	11
Q9337	11	11
Q9347	11	11
Q9348	9	11
Q9349	9	11
Q9351	11	11
Q9366	11	10
Q9368		11
Q9370	9	
Q9373	11	11
Q9377	9	11
Q9383	11	11
Q9384	9	11
Q9385	9	11
Q9388	9	11
Q9389	9	11
Q9390	9	11
Q9398	9	10
Q9399	9	11
Q9400	11	11
Q9401		11
Q9406	10	11
Q9407	10	11
Q9408	11	11
Q9409	9	9
Q9411	9	11
Q9412	9	11
Q9416	9	11
Q9418	11	11
Q9428	9	
Q9429	11	11
Q9433		11
Q9436	9	
Q9438	9	
Q9442		9
Q9445	11	11
Q9446	9	11
Q9447	9	9
Q9448	9	11
Q9457	9	9
Q9476	9	11
Q9477	9	
Q9478		9
Q9494		9
Q9497	9	11
Q9503	9	
Q9507	9	11
Q9512	9	11
Q9520		9
Q9521	9	9
Q9522	11	11
Q9523	9	11
Q9524	9	11
Q9525		9
Q9527	9	11
Q9529	9	11
Q9530	9	10
Q9531	9	11
Q9532	9	11
Q9533	9	
Q9537	9	11
Q9544	9	
Q9550	9	9
Q9551	9	11
Q9556	11	11
Q9558	11	11
Q9565		9
Q9582	9	11
Q9592		9
Q9594	9	11
Q9598	9	11
Q9599	9	11
Q9602	9	10
Q9604	9	11
Q9605	9	11
Q9608	9	11
Q9616	9	11
Q9621	9	11
Q9622	11	11
Q9626	9	
Q9635		11
Q9644		9
Q9658		11
Q9663	9	11
Q9678	9	
Q9682		11
Q9695	9	
Q9696	9	11
Q9698	9	11
Q9701	11	11
Q9704	9	11
Q9710	9	11
Q9711	11	
Q9713	9	
Q9716	9	10
Q9718	9	11
Q9719	9	11
Q9722	9	11
Q9723	9	11
Q9724	9	11
Q9726	9	11
Q9727	9	11
Q9729	11	9
Q9732		9
Q9734	9	11
Q9738	9	10
Q9742		11
Q9743		11
Q9749		11
Q9758		9
Q9768	9	
Q9769	9	11
Q9772	9	11
Q9774		9
Q9775	9	11
Q9784		11
Q9790	9	9
Q9791	9	11
Q9792		9
Q9797	11	11
Q9802	9	10
Q9806	9	9
Q9807	9	11
Q9808	11	11
Q9812	9	11
Q9813	11	11
Q9816	11	11
Q9817	9	11
Q9818	9	11
Q9819	9	9
Q9820	9	11
Q9821	9	11
Q9822	9	11
Q9823		9
Q9826	11	11
Q9827	9	10
Q9828	11	11
Q9829	9	11
Q9831	9	11
Q9832	11	11
Q9837	11	11
Q9839	9	11
Q9840	9	11
Q9842	9	
Q9843	9	11
Q9844	9	11
Q9853	9	11
Q9855	9	11
Q9856	9	11
Q9857	9	11
Q9858	9	11
Q9859	9	11
Q9860	9	11
Q9861	9	11
Q9862	9	11
Q9864	9	9
Q9869	9	11
Q9873	9	9
Q9874		9
Q9875	9	11
Q9877		11
Q9878	9	11
Q9884	11	11
Q9885	9	
Q9892	9	11
Q9897	9	11
Q9901	9	11
Q9902	9	11
Q9903	9	11
Q9905	9	9
Q9906	11	
Q9908	9	11
Q9935	9	10
Q9941	9	
Q9942		9
Q9948	9	11
Q9960	9	
Q9962	9	9
Q9963	9	9
Q9973	9	9
Q9976	9	11
Q9977	9	11
Q9984	9	11
Q9988	11	11
Q9989	9	
Q9990	11	11
Q9991		9
Q9992		9
Q10002	11	11
Q10003	11	11
Q10004	11	11
Q10005	9	11
Q10007	9	11
Q10008	9	11
Q10022		11
Q10024	11	11
Q10026	9	11
Q10027	11	11
Q10028	9	11
Q10039	11	11
Q10045	9	11
Q10046	9	11
Q10052	9	
Q10054	11	11
Q10067	9	11
Q10069	9	9
Q10074	9	11
Q10086	9	11
Q10087	9	11
Q10089	11	11
Q10091	9	11
Q10094	11	9
Q10107	11	11
Q10110		11
Q10141	9	11
Q10143	9	11
Q10156	9	9
Q10161	9	11
Q10162	9	11
Q10165		10
Q10169	9	11
Q10170	9	11
Q10171	9	10
Q10178	9	10
Q10182	11	11
Q10190	9	11
Q10192		11
Q10203	9	11
Q10213	9	11
Q10216	9	11
Q10218	9	
Q10220	9	9
Q10222	9	11
Q10223	9	11
Q10226	9	11
Q10235	9	11
Q10236	11	11
Q10237	9	11
Q10238	9	11
Q10242	9	11
Q10259		9
Q10261		9
Q10266	9	11
Q10267	11	11
Q10269	9	11
Q10271	9	11
Q10275	9	11
Q10278		11
Q10282	9	11
Q10283	11	11
Q10284	9	11
Q10285	9	11
Q10286	9	11
Q10287	9	11
Q10292	11	11
Q10296	9	9
Q10302	9	9
Q10303	9	11
Q10310	9	9
Q10311	11	11
Q10312	11	11
Q10327	9	11
Q10328	9	11
Q10351	9	11
Q10363	9	11
Q10364	9	11
Q10365	9	11
Q10366		11
Q10367	9	11
Q10370	11	9
Q10371	11	11
Q10379	9	11
Q10390	9	11
Q10401		9
Q10410	9	11
Q10411	9	
Q10412	9	10
Q10413	9	11
Q10416	11	11
Q10437	9	9
Q10438		9
Q10444	9	
Q10445	9	11
Q10454	9	11
Q10455	9	9
Q10465	9	11
Q10466	9	9
Q10467	9	11
Q10469	9	11
Q10476	9	
Q10491	9	11
Q10492	9	11
Q10493	9	11
Q10494	9	11
Q10498	9	9
Q10500	9	11
Q10501		9
Q10516	9	11
Q10517	9	11
Q10523	9	11
Q10524	11	11
Q10527	9	10
Q10528	9	
Q10531	11	9
Q10538	9	9
Q10548	11	9
Q10557	11	11
Q10567		11
Q10570		11
Q10571	9	11
Q10576		11
Q10578	9	11
Q10581	9	11
Q10591	9	10
Q10601	11	11
Q10602		11
Q10604	9	11
Q10606	11	11
Q10607	9	11
Q10608	9	11
Q10609	11	11
Q10611	9	11
Q10623	9	11
Q10625	9	11
Q10626	9	9
Q10627	9	11
Q10632	9	9
Q10635	9	11
Q10642		11
Q10644	9	11
Q10650	9	11
Q10657	11	11
Q10673		10
Q10698	9	11
Q10704	9	
Q10716	9	9
Q10719	9	
Q10724	9	9
Q10740	9	11
Q10743	9	11
Q10763	9	9
Q10769	9	11
Q10770	9	11
Q10771	9	11
Q10772		9
Q10773		9
Q10780	9	11
Q10781	9	11
Q10782	9	11
Q10783	9	11
Q10790	11	11
Q10796	9	11
Q10797	11	11
Q10799	9	11
Q10801	9	11
Q10802	11	11
Q10804	9	11
Q10811	9	11
Q10814	11	11
Q10816	11	11
Q10818	9	11
Q10821	9	11
Q10823	9	11
Q10825	9	9
Q10830	11	11
Q10831	9	11
Q10837		9
Q10840	9	
Q10841	9	11
Q10846	11	11
Q10849	9	11
Q10854	9	11
Q10855	9	11
Q10859	9	9
Q10871	9	
Q10874	9	11
Q10882	11	11
Q10883	11	11
Q10892		10
Q10893	9	11
Q10895	9	11
Q10896		9
Q10897	9	11
Q10905	11	11
Q10906	9	11
Q10907	9	11
Q10908	9	11
Q10942	9	11
Q10946	9	9
Q10951	9	11
Q10956	9	11
Q10960		11
Q10962	11	11
Q10963	9	11
Q10971	9	11
Q10972	9	11
Q10974	9	11
Q10975	9	11
Q10978	9	11
Q10979	9	11
Q10980	9	11
Q10982	9	11
Q10983	9	11
Q10985	9	9
Q10994	9	11
Q10995	9	11
Q10996	9	11
Q10997	9	11
Q10998	9	11
Q11000	11	11
Q11019	9	11
Q11020	11	11
Q11025	11	11
Q11036	11	11
Q11037	9	11
Q11038	11	11
Q11040	11	11
Q11041	9	9
Q11042	11	
Q11045	9	
Q11055	9	11
Q11056	11	11
Q11065		11
Q11066	9	11
Q11067	9	11
Q11068		9
Q11069	9	11
Q11072	9	11
Q11082	9	11
Q11083	11	11
Q11087		11
Q11099	11	11
Q11100	9	11
Q11103	9	11
Q11107	9	9
Q11116	11	11
Q11119	9	11
Q11125	9	9
Q11126	9	9
Q11127	9	9
Q11137	9	11
Q11139	9	11
Q11140	9	
Q11144	9	11
Q11155	9	11
Q11171		11
Q11189	9	11
Q11197	11	11
Q11201		11
Q11208		10
Q11210	9	11
Q11211		9
Q11215	11	9
Q11219	9	11
Q11220	9	11
Q11221	9	11
Q11228	9	9
Q11230	9	11
Q11242	9	11
Q11244	9	11
Q11250	9	9
Q11253	9	11
Q11254	9	11
Q11258		11
Q11262	9	
Q11264	9	11
Q11265	9	11
Q11271	9	
Q11273		11
Q11276	9	11
Q11277	11	11
Q11288	9	11
Q11290		9
Q11293	9	11
Q11294	9	11
Q11312		11
Q11314		11
Q11317	11	11
Q11336	11	11
Q11337	11	11
Q11343	9	11
Q11344		11
Q11352	9	9
Q11357		11
Q11360	9	11
Q11364	11	11
Q11366	9	11
Q11372	9	11
Q11373	9	9
Q11377		9
Q11379	11	11
Q11389	9	11
Q11396	9	11
Q11401		11
Q11402	9	9
Q11405	9	11
Q11406	9	11
Q11412	9	9
Q11426	9	11
Q11438	9	11
Q11442	9	11
Q11444	9	11
Q11448	9	11
Q11450	9	11
Q11452	9	11
Q11454		9
Q11456	9	9
Q11474	9	11
Q11480	11	11
Q11483	11	11
Q11491	9	11
Q11496	9	11
Q11504	9	11
Q11515	9	11
Q11519	9	11
Q11532	9	11
Q11534		11
Q11537	9	11
Q11543	11	11
Q11545	9	11
Q11548	9	11
Q11550	9	11
Q11551	9	11
Q11552	9	11
Q11565	9	11
Q11568	9	11
Q11573	9	11
Q11574	9	11
Q11575	9	11
Q11576	9	9
Q11581	9	11
Q11584	11	11
Q11587	9	11
Q11588	9	11
Q11589	9	
Q11598	11	11
Q11600	9	11
Q11610	9	11
Q11617	11	11
Q11618	9	11
Q11633	9	11
Q11640	11	11
Q11647	11	11
Q11649	9	11
Q11654	9	11
Q11655	9	9
Q11657	9	11
Q11663	9	11
Q11665	9	11
Q11673	9	11
Q11682	9	9
Q11707	9	11
Q11708	9	11
Q11715		11
Q11716	9	11
Q11717	9	11
Q11718	9	11
Q11722	9	11
Q11723	9	11
Q11724	9	11
Q11727	9	9
Q11729	9	11
Q11737	9	11
Q11744	9	11
Q11745	9	
Q11746	9	11
Q11747	9	9
Q11755	9	11
Q11756	11	
Q11764		11
Q11765	9	11
Q11776		11
Q11781	11	11
Q11785	9	9
Q11788		9
Q11789	9	9
Q11790	11	
Q11797	9	11
Q11798	9	9
Q11802	11	11
Q11810	11	11
Q11811	11	11
Q11819	11	11
Q11820	9	11
Q11821	9	11
Q11822	9	
Q11830		9
Q11832	11	11
Q11839	11	11
Q11845	11	11
Q11851	11	11
Q11853	11	11
Q11857	9	11
Q11868	9	
Q11869	9	11
Q11872		9
Q11880		11
Q11882	9	11
Q11896	9	11
Q11897	9	11
Q11915	9	11
Q11920	11	11
Q11927		9
Q11932	9	11
Q11939	9	9
Q11940	9	11
Q11941	9	11
Q11947	9	11
Q11952	9	
Q11959	9	11
Q11965	9	
Q11967	9	11
Q11968	9	11
Q11979	9	9
Q11983	9	11
Q11992	9	11
Q11997	11	
Q12003		11
Q12022		11
Q12063	9	11
Q12064	11	11
Q12065	9	11
Q12066	10	11
Q12069	11	11
Q12074	9	11
Q12076	9	11
Q12077	9	11
Q12093	9	
Q12098	11	11
Q12100		9
Q12107	9	9
Q12118	11	11
Q12131	9	11
Q12137		11
Q12144	9	11
Q12155	11	11
Q12163	11	11
Q12166	9	11
Q12167	9	11
Q12168	9	
Q12173	9	11
Q12175	11	11
Q12185	11	11
Q12192	11	11
Q12204	9	11
Q12205	9	11
Q12206	9	
Q12207	9	11
Q12208		11
Q12216		9
Q12217		11
Q12247	9	11
Q12260	9	11
Q12261	9	11
Q12284	9	11
Q12286	11	11
Q12289	9	11
Q12290	9	11
Q12293	9	11
Q12310	9	
Q12311	9	
Q12313	9	11
Q12316	9	11
Q12321	9	
Q12331	9	11
Q12340	9	11
Q12342	9	11
Q12343	9	11
Q12348	9	11
Q12357	9	9
Q12364	11	
Q12372	9	11
Q12373	9	11
Q12374	9	11
Q12375	11	11
Q12376	9	11
Q12380	9	11
Q12383	9	11
Q12384	11	11
Q12386	9	11
Q12388	9	11
Q12390	9	11
Q12391	9	11
Q12393	9	9
Q12398	9	11
Q12400	9	11
Q12404	9	11
Q12405	9	11
Q12407	9	11
Q12414	9	
Q12420	9	11
Q12430	11	11
Q12441	9	11
Q12444	9	11
Q12445	9	
Q12457	9	11
Q12464	9	11
Q12474	11	11
Q12481	11	11
Q12500		11
Q12503		11
Q12509	9	11
Q12517	9	9
Q12520	9	
Q12521	9	
Q12522	9	9
Q12524	9	11
Q12527	9	11
Q12529	9	11
Q12530	9	11
Q12531	9	11
Q12535	9	11
Q12556	11	11
Q12560	9	11
Q12565	9	11
Q12569	9	11
Q12571	9	
Q12572	9	11
Q12577	11	11
Q12578	11	11
Q12581	9	11
Q12590	9	11
Q12591	9	11
Q12593	9	11
Q12595	9	11
Q12599		11
Q12600	9	11
Q12605		11
Q12606		11
Q12610	11	9
Q12611		11
Q12612		9
Q12613	9	10
Q12614		11
Q12619		9
Q12620	11	9
Q12623	9	
Q12624		11
Q12628	9	10
Q12634	11	11
Q12644	9	11
Q12650	9	11
Q12658	11	11
Q12666	9	9
Q12667	11	
Q12670		11
Q12675		11
Q12676	9	
Q12689		11
Q12690		9
Q12693		11
Q12694	9	11
Q12700	9	11
Q12708	9	11
Q12712	9	9
Q12713	9	11
Q12714	9	11
Q12723	9	11
Q12726	9	11
Q12740	9	11
Q12751	9	11
Q12756	9	11
Q12757		11
Q12767		11
Q12768		11
Q12769	9	11
Q12808	9	11
Q12809	9	11
Q12810	9	11
Q12820	9	11
Q12821		11
Q12828	11	11
Q12836	9	11
Q12838	11	11
Q12840	9	11
Q12845		11
Q12847	9	11
Q12849	9	11
Q12868	11	11
Q12869	11	11
Q12870	11	11
Q12878	9	9
Q12886		11
Q12901	9	11
Q12909		11
Q12911	9	11
Q12920	11	11
Q12928	9	11
Q12948	9	11
Q12951		11
Q12952	9	11
Q12957		11
Q12963	11	11
Q12965		10
Q12975	9	11
Q12976	9	11
Q12984	9	11
Q12988	9	11
Q13000	9	11
Q13018		9
Q13064	9	11
Q13074	9	11
Q13085	9	11
Q13097		11
Q13099	9	11
Q13106	9	11
Q13107	9	
Q13122	9	11
Q13135	9	11
Q13136	9	11
Q13137	9	11
Q13138	9	11
Q13139	9	11
Q13140	9	11
Q13141	9	11
Q13160	9	11
Q13163	9	11
Q13167	9	11
Q13168	9	11
Q13181	9	11
Q13196	11	11
Q13197	9	11
Q13201		11
Q13212	11	11
Q13222	9	11
Q13233	9	11
Q13243		11
Q13248	9	11
Q13250	9	11
Q13257	9	11
Q13265	9	11
Q13266		9
Q13284	9	
Q13287	9	11
Q13288	11	
Q13290	9	11
Q13292	11	11
Q13293	9	11
Q13294	9	11
Q13295	9	11
Q13297	11	11
Q13298	9	11
Q13300	9	11
Q13305	9	11
Q13307	9	10
Q13308	9	11
Q13310	9	11
Q13311	11	11
Q13313	9	11
Q13324	9	11
Q13326		11
Q13329	11	11
Q13330	9	9
Q13331	11	11
Q13338	9	
Q13339	11	9
Q13341	9	
Q13344	11	
Q13347	11	
Q13348	11	11
Q13350	9	11
Q13352	9	9
Q13353	9	9
Q13355	9	9
Q13357	9	
Q13358	9	
Q13359	9	9
Q13364	9	11
Q13380	9	11
Q13382	9	11
Q13383	11	11
Q13386		9
Q13392	11	11
Q13398		9
Q13421	9	11
Q13422	9	11
Q13423	9	11
Q13429	9	9
Q13434	9	11
Q13439	9	11
Q13471	9	9
Q13472	9	11
Q13473	9	11
Q13478	9	11
Q13482	9	11
Q13497	9	11
Q13498		9
Q13499		11
Q13515	9	
Q13521		11
Q13522	9	11
Q13527	9	
Q13539	9	11
Q13540	11	11
Q13557	9	
Q13558	9	11
Q13559	9	11
Q13562	9	9
Q13570	9	11
Q13571	9	9
Q13574	9	11
Q13583	11	11
Q13605	9	11
Q13615		9
Q13678	11	9
Q13691	9	11
Q13698	9	11
Q13712	9	11
Q13724	9	11
Q13725	9	9
Q13726		9
Q13736	9	9
Q13741	9	11
Q13745	9	11
Q13756		9
Q13758	9	
Q13764	9	11
Q13773		11
Q13774	9	10
Q13776	11	11
Q13781	11	11
Q13782	9	11
Q13785	11	11
Q13787	11	11
Q13796	11	11
Q13797	11	11
Q13853	9	11
Q13854	11	9
Q13856	9	11
Q13857	9	11
Q13858	9	11
Q13863	9	11
Q13864	9	11
Q13872	9	11
Q13873	9	
Q13874	9	11
Q13886	9	11
Q13887	9	11
Q13890	9	11
Q13891	9	11
Q13893	9	11
Q13897	9	9
Q13900	11	10
Q13906	9	11
Q13907	9	
Q13910	11	
Q13911	9	11
Q13912	9	11
Q13915	9	9
Q13926		11
Q13929		11
Q13930		11
Q13932		11
Q13938	11	
Q13939	11	11
Q13940	11	
Q13941	11	
Q13947	11	
Q13958	11	
Q13961	11	11
Q13972	11	9
Q13991	9	11
Q13992	9	11
Q13994		9
Q13995	9	11
Q13996	9	11
Q14001	9	11
Q14004	9	11
Q14009	9	11
Q14010	9	11
Q14011	9	11
Q14027	9	10
Q14028	9	11
Q14030	9	10
Q14037	9	11
Q14044	9	11
Q14046	9	11
Q14048	9	11
Q14067	9	9
Q14068	9	11
Q14077	9	11
Q14082	11	11
Q14086	11	11
Q14093		11
Q14109	9	11
Q14110	9	11
Q14111	9	11
Q14113	9	9
Q14124	9	11
Q14127		11
Q14143	11	11
Q14144	9	11
Q14153		11
Q14157		9
Q14159	9	11
Q14160		11
Q14166	9	
Q14174	9	11
Q14197	9	11
Q14198	9	11
Q14208	9	9
Q14219		11
Q14220	11	11
Q14232	9	11
Q14237	11	11
Q14238	9	11
Q14240	11	11
Q14250	9	11
Q14262	9	11
Q14264	9	11
Q14266	9	11
Q14294	11	11
Q14295	9	9
Q14305	9	11
Q14313	9	11
Q14319	11	11
Q14322	9	10
Q14328	9	11
Q14329	11	11
Q14333	11	11
Q14340	9	11
Q14344	11	11
Q14345	11	
Q14349		9
Q14350	11	11
Q14354	11	11
Q14364	9	9
Q14367	9	11
Q14370	9	11
Q14378	9	11
Q14387	9	11
Q14388	9	11
Q14391	9	11
Q14397	11	11
Q14400	9	11
Q14401	9	9
Q14402	11	
Q14407	9	11
Q14410	9	9
Q14414		11
Q14416		11
Q14417	11	
Q14424	11	
Q14427	11	
Q14428	9	11
Q14429	11	
Q14431	11	11
Q14433	11	
Q14435	11	11
Q14436	9	
Q14438		11
Q14440	11	
Q14443	11	
Q14445	11	
Q14446	11	
Q14447	9	
Q14449	9	9
Q14451	9	9
Q14452	11	11
Q14453	9	9
Q14454	11	11
Q14459	11	
Q14480	9	11
Q14482		11
Q14487	9	11
Q14488	11	11
Q14491	9	11
Q14492	11	11
Q14497	9	11
Q14498	11	11
Q14499	9	11
Q14516	11	11
Q14517	11	11
Q14520	9	11
Q14521	9	11
Q14522	9	11
Q14529	11	11
Q14531		11
Q14532	9	11
Q14536		11
Q14545		11
Q14546	9	11
Q14548		10
Q14554	9	11
Q14557	9	11
Q14563	9	
Q14564	9	9
Q14569		11
Q14570	11	11
Q14572		11
Q14580		11
Q14589	9	11
Q14591	9	
Q14592	9	
Q14594	9	11
Q14595	9	9
Q14596	9	9
Q14611	9	11
Q14615	9	11
Q14630	11	11
Q14631	9	11
Q14634	9	11
Q14641		9
Q14647	11	11
Q14677	9	11
Q14705	9	11
Q14712	9	11
Q14713	9	11
Q14721	11	11
Q14723	9	11
Q14744	9	11
Q14752	11	11
Q14753	9	11
Q14755	9	11
Q14774	11	11
Q14775	9	11
Q14776	9	11
Q14777	9	11
Q14781	9	11
Q14787	11	11
Q14788	9	11
Q14795	9	11
Q14803	9	11
Q14804	9	11
Q14808	9	11
Q14809	9	
Q14814	9	11
Q14820	11	11
Q14821	11	11
Q14826		9
Q14827		11
Q14829		11
Q14830	9	9
Q14832		9
Q14836	11	
Q14838	11	
Q14840		11
Q14850	11	
Q14854	11	9
Q14855	9	
Q14857	11	11
Q14858		9
Q14860	11	11
Q14861	9	
Q14862	11	
Q14864		9
Q14880	9	11
Q14883		11
Q14892	9	11
Q14898	9	
Q14900	9	
Q14902	9	11
Q14904	9	11
Q14908	9	
Q14917	11	11
Q14918		11
Q14921	11	11
Q14923	9	11
Q14925	9	
Q14926	9	11
Q14928	11	11
Q14935	9	11
Q14936	11	11
Q14938		11
Q14939	9	11
Q14949	9	11
Q14950	9	11
Q14951	9	
Q14953	9	
Q14954	9	11
Q14958	9	11
Q14960	11	11
Q14964	11	11
Q14965	9	11
Q14974	9	11
Q14975		9
Q14976	9	11
Q14990		11
Q14991	11	11
Q14992	9	11
Q14993	9	
Q14999	9	11
Q15000		11
Q15002	9	11
Q15004	11	
Q15005	9	11
Q15006	9	11
Q15008	11	11
Q15010	11	11
Q15012	11	
Q15031	9	11
Q15033		11
Q15038	9	11
Q15045	9	11
Q15046	11	11
Q15056	9	11
Q15058	11	11
Q15060	9	11
Q15061	11	11
Q15062	11	11
Q15084	9	11
Q15090	9	11
Q15091	9	11
Q15107	9	11
Q15111		10
Q15115	11	11
Q15117	9	11
Q15130	9	11
Q15142	11	9
Q15143	11	11
Q15144	9	11
Q15151		11
Q15158	9	9
Q15164	9	11
Q15169	9	11
Q15172	11	11
Q15173	9	11
Q15174	9	11
Q15179	9	11
Q15180		11
Q15186	11	11
Q15187	9	11
Q15188		11
Q15196	11	11
Q15197	11	11
Q15199	9	11
Q15200	9	11
Q15207	9	11
Q15217	11	11
Q15218	11	11
Q15221	9	11
Q15237	11	11
Q15240	11	9
Q15242	9	9
Q15245	9	11
Q15253	11	9
Q15258	11	11
Q15259	11	11
Q15264		11
Q15266		11
Q15277	11	11
Q15283	9	9
Q15285	9	11
Q15293	9	
Q15302		11
Q15306		11
Q15308	9	11
Q15309	11	11
Q15310	9	11
Q15311	9	11
Q15312	9	11
Q15314	9	11
Q15316	9	
Q15318	9	
Q15320	9	11
Q15324	9	11
Q15327	9	11
Q15333		11
Q15335	9	11
Q15337	9	11
Q15339	9	
Q15342	11	11
Q15343	9	11
Q15351	11	11
Q15353	9	11
Q15357	9	11
Q15358	9	11
Q15370	11	11
Q15375		11
Q15393	9	11
Q15394	11	11
Q15395	9	11
Q15396	9	11
Q15399	9	11
Q15404	11	11
Q15406	9	11
Q15407	9	11
Q15408	11	11
Q15409	9	11
Q15417	9	11
Q15421	9	11
Q15423	9	11
Q15424	11	11
Q15425	9	11
Q15426	11	11
Q15427	11	11
Q15429	9	9
Q15433	9	11
Q15434	11	11
Q15435	11	11
Q15438	11	11
Q15439	11	11
Q15440	9	11
Q15441	11	11
Q15442	9	11
Q15443	9	11
Q15444	9	11
Q15445	9	11
Q15446	9	11
Q15447	10	11
Q15448	9	11
Q15449	9	11
Q15453	9	11
Q15454	11	11
Q15455	11	11
Q15456	9	11
Q15457		11
Q15459	11	11
Q15460		11
Q15461	9	11
Q15462		11
Q15463		11
Q15464	11	11
Q15468	11	11
Q15469	11	11
Q15471	11	11
Q15472	11	11
Q15473	9	11
Q15474	11	11
Q15475	11	11
Q15476	11	11
Q15477	11	11
Q15478	11	11
Q15479	9	11
Q15480	9	11
Q15482	11	11
Q15483	11	11
Q15484	9	11
Q15486	11	11
Q15489	11	9
Q15514	9	11
Q15517	9	
Q15522	9	11
Q15524	9	11
Q15530	9	11
Q15531	9	
Q15537		11
Q15541		11
Q15544	11	11
Q15545	9	11
Q15566	9	9
Q15568	9	11
Q15586	9	9
Q15589	9	11
Q15590	9	11
Q15591	11	11
Q15598	9	11
Q15611	9	11
Q15616	9	9
Q15625	11	11
Q15627	11	11
Q15640	9	11
Q15644	11	11
Q15645	9	11
Q15649	9	11
Q15653	11	
Q15654	9	11
Q15661	11	11
Q15663	9	11
Q15668	11	11
Q15669	9	11
Q15672	9	11
Q15675		11
Q15676	9	11
Q15680	11	11
Q15681	11	11
Q15682	11	11
Q15683	11	11
Q15685	11	11
Q15686	11	11
Q15691	11	11
Q15695	11	11
Q15696	9	11
Q15697		11
Q15698		11
Q15701	11	11
Q15703	11	11
Q15704	11	11
Q15710		9
Q15712	11	11
Q15716		11
Q15718	11	11
Q15719		11
Q15720		9
Q15724	11	11
Q15725		11
Q15726		11
Q15727		11
Q15728		11
Q15741	9	11
Q15742		11
Q15743	9	9
Q15747	9	11
Q15753	9	11
Q15754	9	11
Q15755	9	11
Q15769	9	11
Q15770	9	11
Q15771		11
Q15772	9	11
Q15775	9	11
Q15787	9	9
Q15792	11	11
Q15793		11
Q15794	9	11
Q15796	9	11
Q15797	9	11
Q15798	9	11
Q15801	9	11
Q15802	9	11
Q15803	9	11
Q15804	9	11
Q15805	9	11
Q15808	9	11
Q15809	11	11
Q15810	9	9
Q15811	9	11
Q15814		11
Q15819	11	11
Q15824	9	11
Q15825	9	9
Q15829	9	11
Q15831	9	11
Q15832	9	11
Q15834	9	11
Q15836	11	11
Q15837	9	11
Q15839	11	11
Q15853	9	11
Q15854		9
Q15855	9	11
Q15856	11	11
Q15863	9	11
Q15884		11
Q15890	11	11
Q15892	9	11
Q15893	9	11
Q15894	9	11
Q15895	9	11
Q15898	9	11
Q15902	9	11
Q15908	11	11
Q15911	9	9
Q15912	9	11
Q15913	11	11
Q15914	9	10
Q15915	9	11
Q15918	11	11
Q15919	9	11
Q15922	11	11
Q15926	11	11
Q15931	11	11
Q15932	11	11
Q15933	11	11
Q15934	11	11
Q15936	11	9
Q15937	11	11
Q15938	9	11
Q15945	11	11
Q15946	11	11
Q15951	9	11
Q15952	9	11
Q15953	9	11
Q15955	9	11
Q15956		11
Q15958	9	11
Q15961		11
Q15962	9	11
Q15963	9	9
Q15964	9	11
Q15966	9	11
Q15974	11	11
Q15976	11	11
Q15977	11	11
Q15980	9	
Q15988	9	11
Q15989	9	11
Q15990	11	11
Q15991	9	11
Q15992		11
Q15993		11
Q15995	9	11
Q15997	11	11
Q15998	9	11
Q15999	11	10
Q16001	9	
Q16002	10	11
Q16003	11	11
Q16009	9	11
Q16011	9	11
Q16013	9	11
Q16014	11	11
Q16015	11	11
Q16017	11	11
Q16018	9	11
Q16019	11	11
Q16020	9	11
Q16021	11	11
Q16022	11	11
Q16023	11	11
Q16024	11	11
Q16025	11	11
Q16027	11	11
Q16029	9	11
Q16031	9	11
Q16032	9	11
Q16034	11	11
Q16037	11	11
Q16038	9	9
Q16039	11	11
Q16045	9	11
Q16046	9	11
Q16048	9	11
Q16049	9	11
Q16050	9	11
Q16051	9	11
Q16052	9	11
Q16053		11
Q16054	9	11
Q16055	9	11
Q16060	9	11
Q16061	9	11
Q16062	9	11
Q16063	11	11
Q16064	11	11
Q16065	9	11
Q16071		11
Q16076		11
Q16080	11	11
Q16081	11	11
Q16082	11	11
Q16083	11	11
Q16084	11	11
Q16086	11	11
Q16088	9	11
Q16092	11	11
Q16101	11	11
Q16103	11	11
Q16109	9	11
Q16110	11	11
Q16111	9	11
Q16112	11	11
Q16116	9	11
Q16118	11	11
Q16119	11	11
Q16120	11	11
Q16121	11	11
Q16122	11	11
Q16124	11	11
Q16132	11	11
Q16134	11	11
Q16135	11	11
Q16137	11	11
Q16140	11	11
Q16143	11	11
Q16148	11	11
Q16149	11	11
Q16157	11	11
Q16158	11	11
Q16159	11	11
Q16160	11	11
Q16161	11	11
Q16162	11	11
Q16163	11	11
Q16173	9	11
Q16174	9	11
Q16175	11	11
Q16176	9	11
Q16177	9	11
Q16179	11	11
Q16180	11	11
Q16181	11	
Q16182	11	11
Q16183	11	11
Q16184	9	11
Q16185	11	11
Q16186	11	11
Q16188	11	11
Q16192	11	11
Q16194	9	9
Q16195	11	11
Q16197	9	11
Q16198	9	11
Q16199	11	11
Q16200	9	11
Q16204	11	
Q16210	9	11
Q16219	9	9
Q16220	11	11
Q16226	11	11
Q16228	9	
Q16230	9	11
Q16231	9	11
Q16232	9	11
Q16233	9	11
Q16238		9
Q16239		11
Q16244	9	11
Q16246		9
Q16247	9	11
Q16248	11	11
Q16266	9	11
Q16267	9	11
Q16270	9	11
Q16272	9	11
Q16274	9	11
Q16275	11	11
Q16281	11	9
Q16288	9	11
Q16290	11	11
Q16291	9	11
Q16292	11	11
Q16313	9	
Q16322	9	11
Q16337		11
Q16342	9	11
Q16343	9	9
Q16345	11	11
Q16351	11	11
Q16356	9	11
Q16359	11	11
Q16363	9	11
Q16380	9	11
Q16382	9	11
Q16386	9	11
Q16389	11	11
Q16391	11	11
Q16393	11	11
Q16395	9	11
Q16397	9	11
Q16398	9	11
Q16401	11	11
Q16406	11	11
Q16420	11	11
Q16426	11	11
Q16428	11	11
Q16429	11	11
Q16430	11	11
Q16431	11	11
Q16432	11	11
Q16438	11	11
Q16439	11	11
Q16440	11	11
Q16441	9	9
Q16444		11
Q16448		9
Q16450		9
Q16451		9
Q16456	9	9
Q16457		11
Q16459	11	11
Q16460	11	11
Q16466	9	
Q16467	9	11
Q16469	9	9
Q16470	11	
Q16471	9	
Q16474	9	
Q16479	9	9
Q16480	11	11
Q16481		9
Q16482	9	11
Q16483	11	9
Q16484	9	9
Q16485		9
Q16486		9
Q16487		9
Q16488	11	11
Q16489	11	9
Q16490	11	9
Q16491		9
Q16492	11	9
Q16493	11	11
Q16494	11	9
Q16495		9
Q16496	9	11
Q16497	9	9
Q16498	9	9
Q16499	11	11
Q16500	11	11
Q16501		11
Q16502		11
Q16503		11
Q16504		11
Q16506	11	11
Q16517	9	11
Q16518	9	11
Q16519	11	11
Q16520		9
Q16521	11	11
Q16528	9	
Q16530	9	11
Q16534	11	11
Q16537	9	11
Q16538	9	11
Q16543	9	11
Q16544		11
Q16547		11
Q16551		11
Q16556	9	
Q16557	9	11
Q16558	9	11
Q16562	9	11
Q16563	11	11
Q16567	9	11
Q16568	9	11
Q16569	9	9
Q16571	9	11
Q16574	11	11
Q16579	9	
Q16580	9	11
Q16581	9	11
Q16585	9	11
Q16587	9	11
Q16588	9	11
Q16592	9	11
Q16593		11
Q16597		11
Q16598	9	
Q16602	9	11
Q16610	9	
Q16614		11
Q16616	9	11
Q16617	9	11
Q16618	11	11
Q16619	9	11
Q16621	11	11
Q16623	9	9
Q16625	11	11
Q16643	11	11
Q16644	11	11
Q16647	9	11
Q16650	9	11
Q16653	11	11
Q16655	9	11
Q16656	11	11
Q16657	9	11
Q16668		9
Q16672	9	11
Q16681	9	11
Q16687	11	11
Q16688	11	11
Q16694	9	11
Q16696	9	11
Q16700	9	11
Q16701	9	11
Q16702		11
Q16704	9	11
Q16705	9	11
Q16707	11	9
Q16711	11	11
Q16712	11	11
Q16714	11	11
Q16715	9	11
Q16716	9	11
Q16717	9	9
Q16718	11	11
Q16720	11	11
Q16729	9	9
Q16733	11	11
Q16734	11	11
Q16735		11
Q16736	11	11
Q16737	9	11
Q16739	9	9
Q16741	11	11
Q16745	9	11
Q16749	9	9
Q16750	11	11
Q16753	9	9
Q16755		10
Q16758	9	11
Q16762	9	11
Q16765	9	11
Q16766	9	11
Q16768		11
Q16769		11
Q16770		11
Q16771		9
Q16776	11	11
Q16778	11	11
Q16779	9	11
Q16780		11
Q16782	9	9
Q16789	9	11
Q16790	9	11
Q16794	11	11
Q16798	9	11
Q16799	9	11
Q16800	9	11
Q16801	9	11
Q16806	11	11
Q16812	9	11
Q16813	9	11
Q16815	9	11
Q16816	11	11
Q16817	9	11
Q16818	9	11
Q16822	11	11
Q16823		9
Q16825	9	11
Q16826		11
Q16829	9	11
Q16830	9	11
Q16831	9	11
Q16832	9	11
Q16833	9	11
Q16834	11	11
Q16835	11	11
Q16836	9	11
Q16837	9	11
Q16838	9	11
Q16839	9	11
Q16840	9	11
Q16841	9	11
Q16842	11	11
Q16844	9	11
Q16856	9	11
Q16858	9	11
Q16859	11	11
Q16860	9	11
Q16861	9	11
Q16867		11
Q16869	11	11
Q16873	11	11
Q16876	9	11
Q16877	9	11
Q16878	11	11
Q16879	11	11
Q16883	9	11
Q16885	11	11
Q16893	9	11
Q16894	9	11
Q16895	9	11
Q16896	9	11
Q16897	11	11
Q16899	9	11
Q16900	9	11
Q16902	9	11
Q16905	11	11
Q16906	11	11
Q16907	11	
Q16912	11	11
Q16913	11	11
Q16914	11	11
Q16915	9	11
Q16916	11	11
Q16917	11	11
Q16918	11	11
Q16920	11	11
Q16921	11	11
Q16922	11	11
Q16926	9	11
Q16928	9	
Q16929	9	11
Q16930	11	11
Q16933	11	
Q16935	11	11
Q16946	11	11
Q16947	11	11
Q16948	9	9
Q16949	9	11
Q16950		11
Q16951		11
Q16956		11
Q16957		11
Q16959	9	11
Q16967	11	9
Q16974	11	11
Q16975	9	11
Q16976	9	11
Q16978	9	11
Q16983		11
Q16986	9	11
Q16987	9	11
Q16989	9	11
Q16990		11
Q16991	9	11
Q16993	9	11
Q16998	11	11
Q17000	9	11
Q17001	9	11
Q17003	11	11
Q17004	11	11
Q17005	11	11
Q17006	11	11
Q17007	11	11
Q17009	9	9
Q17010	9	11
Q17011	11	11
Q17015	11	11
Q17019	9	11
Q17020	9	11
Q17021	9	11
Q17022	11	11
Q17024	9	11
Q17025	9	11
Q17026	9	11
Q17027		11
Q17028	9	11
Q17030	9	11
Q17034	11	11
Q17037	9	11
Q17040	9	11
Q17042	11	11
Q17043	9	11
Q17044	9	11
Q17048	11	11
Q17052	9	11
Q17055	9	11
Q17060	11	11
Q17061	11	11
Q17062	11	11
Q17071	11	11
Q17072	9	11
Q17078	9	11
Q17079	9	11
Q17081	11	11
Q17084	9	11
Q17087	9	11
Q17088	11	
Q17089	9	11
Q17090	11	11
Q17091	11	11
Q17093	11	11
Q17095	11	11
Q17097	11	11
Q17098	11	11
Q17099	9	11
Q17100	11	11
Q17103		11
Q17104	9	11
Q17105	9	11
Q17106	9	11
Q17107	11	11
Q17108	11	11
Q17112	11	11
Q17114	11	11
Q17118	11	11
Q17120		11
Q17123	11	11
Q17124	11	11
Q17125	11	11
Q17126	11	11
Q17132	11	11
Q17133	11	11
Q17137	11	11
Q17138	11	11
Q17140	11	11
Q17141	9	11
Q17142	11	11
Q17143	9	11
Q17146	11	11
Q17147	11	11
Q17150		11
Q17152	11	11
Q17153	11	11
Q17154	11	11
Q17158	11	11
Q17160	11	11
Q17161	11	11
Q17164	11	11
Q17168	11	11
Q17169	9	11
Q17174	11	11
Q17175	11	11
Q17176	11	11
Q17181	11	11
Q17182	11	11
Q17183	11	11
Q17184	11	11
Q17185	9	11
Q17186	11	11
Q17187	11	11
Q17188	11	11
Q17189	11	11
Q17192	11	11
Q17193	11	11
Q17194	11	11
Q17195	11	11
Q17196	9	11
Q17197	11	11
Q17200	11	11
Q17201	9	11
Q17202	11	11
Q17203	11	11
Q17204	11	11
Q17207	11	11
Q17209	9	11
Q17210	9	11
Q17212	11	11
Q17214	9	11
Q17216	9	11
Q17218	11	11
Q17220	11	11
Q17221	9	11
Q17226	9	11
Q17228	9	9
Q17229	9	11
Q17230	9	11
Q17231	9	11
Q17233	11	11
Q17234	11	11
Q17235	11	11
Q17236	11	11
Q17237	11	11
Q17240	11	11
Q17241	9	11
Q17243	11	11
Q17244	11	11
Q17247	11	11
Q17248	11	11
Q17253	11	11
Q17256	11	11
Q17257	11	11
Q17259	9	11
Q17260	11	11
Q17261	11	11
Q17262	9	11
Q17263	9	
Q17264	11	11
Q17268	9	11
Q17269	9	11
Q17275	9	9
Q17277	11	11
Q17280	9	11
Q17281		11
Q17289	9	11
Q17293	9	11
Q17305	9	9
Q17308	9	11
Q17316	9	11
Q17317	9	11
Q17319	9	11
Q17321	9	11
Q17322	11	11
Q17328	9	9
Q17329	9	9
Q17330	9	11
Q17334		11
Q17344		9
Q17346	11	11
Q17349		11
Q17351		9
Q17352	9	11
Q17353	9	11
Q17354		10
Q17355	9	11
Q17356	9	11
Q17357	11	11
Q17358	9	11
Q17364	9	11
Q17374	9	11
Q17387	11	11
Q17412	9	11
Q17413	9	11
Q17417	9	11
Q17418	9	11
Q17429	9	9
Q17432	9	11
Q17436	9	11
Q17450	11	11
Q17453	11	11
Q17454	9	11
Q17455	9	
Q17456	9	11
Q17458	11	11
Q17473	11	11
Q17474	9	11
Q17481		11
Q17488	9	11
Q17489	11	11
Q17492	9	9
Q17501	11	11
Q17502	11	11
Q17504	11	11
Q17507	9	9
Q17509	11	11
Q17512		9
Q17513		9
Q17515		11
Q17516	9	11
Q17517	11	11
Q17525	11	11
Q17535	9	9
Q17562	11	11
Q17563	11	11
Q17568	11	11
Q17576	11	11
Q17578	11	11
Q17579	11	11
Q17585	11	11
Q17594	11	11
Q17597	11	11
Q17607	11	11
Q17626	11	11
Q17628	9	11
Q17633	9	11
Q17634		11
Q17639	9	11
Q17642		9
Q17644	9	9
Q17647		11
Q17650	11	
Q17651	11	
Q17654	11	
Q17655	9	9
Q17659	11	11
Q17660	11	11
Q17661	11	11
Q17663	9	11
Q17668	11	11
Q17669	9	9
Q17670	11	
Q17671	11	11
Q17672	9	9
Q17673		9
Q17674	11	9
Q17675	9	11
Q17676	9	11
Q17677	11	11
Q17678	9	9
Q17679	9	9
Q17680	9	9
Q17681	9	11
Q17682	9	9
Q17683	9	9
Q17684	9	11
Q17685	9	
Q17686	9	
Q17687	9	11
Q17689	9	9
Q17691	9	11
Q17692	9	11
Q17693	11	11
Q17694	11	
Q17699	11	9
Q17701	9	9
Q17702		11
Q17703	9	9
Q17704	9	11
Q17705	9	9
Q17707	9	11
Q17709		11
Q17710	9	
Q17713	11	9
Q17715	9	
Q17717	11	11
Q17718		11
Q17720	11	11
Q17721		11
Q17722		11
Q17724	9	
Q17725	11	11
Q17727		11
Q17728		11
Q17729		11
Q17730		11
Q17731		11
Q17732		11
Q17733		11
Q17734		11
Q17736		11
Q17737		11
Q17738		11
Q17739		11
Q17741		11
Q17742		11
Q17746		11
Q17747		11
Q17748		11
Q17750		11
Q17753		11
Q17754		11
Q17755		11
Q17756		11
Q17757		11
Q17758		11
Q17759		11
Q17760		11
Q17761		11
Q17766		11
Q17767		11
Q17768		11
Q17771	9	
Q17772	11	11
Q17773	9	11
Q17774		11
Q17776	11	
Q17779		11
Q17780		11
Q17782		11
Q17801	9	9
Q17813	9	11
Q17816	9	11
Q17817	9	11
Q17821	9	11
Q17825	9	11
Q17830	9	11
Q17833	9	9
Q17836	9	
Q17841	9	11
Q17849	9	11
Q17852		11
Q17857	9	11
Q17861	9	11
Q17870	9	11
Q17871	9	11
Q17880	11	11
Q17881	9	11
Q17885		9
Q17886		11
Q17887		11
Q17888	9	11
Q17889	9	11
Q17890	9	11
Q17897	9	11
Q17898	9	11
Q17902	9	11
Q17903	9	
Q17905		11
Q17910	9	11
Q17911	9	11
Q17912	9	
Q17929	9	11
Q17930	11	11
Q17931	9	9
Q17935	9	11
Q17939	9	11
Q17940		10
Q17942		9
Q17945	9	11
Q17948	9	11
Q17949	9	11
Q17955	11	11
Q17956	9	9
Q17965	9	11
Q17971	11	11
Q17972	11	11
Q17976	9	11
Q17982	9	9
Q17984	11	11
Q17985	9	11
Q17986	11	11
Q17987	9	11
Q17998	11	11
Q18001	9	11
Q18003	9	11
Q18004	9	9
Q18006	11	11
Q18010	11	11
Q18011	9	11
Q18016	11	11
Q18017	11	11
Q18020	9	11
Q18021	9	11
Q18022	9	11
Q18023	9	9
Q18024	11	11
Q18029	9	11
Q18030	11	11
Q18044	9	11
Q18046	9	11
Q18047	11	11
Q18051	9	11
Q18052	9	11
Q18055	11	11
Q18059	11	9
Q18063	9	11
Q18064	9	11
Q18066		11
Q18067		11
Q18076	11	11
Q18078	9	
Q18079		10
Q18080	9	11
Q18082	9	11
Q18083	11	11
Q18084	11	11
Q18098	9	11
Q18103	9	11
Q18104	9	11
Q18105	9	11
Q18108	9	11
Q18110		11
Q18112	9	11
Q18113	9	11
Q18114	9	11
Q18116	9	11
Q18117	9	11
Q18118		11
Q18129	9	11
Q18131	9	11
Q18136	9	11
Q18137	9	11
Q18142	9	
Q18146	9	11
Q18147	9	11
Q18148	9	11
Q18151		11
Q18153	9	11
Q18154	9	11
Q18156	9	11
Q18160	9	
Q18162		11
Q18168	11	9
Q18173	9	11
Q18174	9	9
Q18175	9	11
Q18179	9	11
Q18180	9	11
Q18181	9	11
Q18182	9	11
Q18183	9	9
Q18184	11	11
Q18185	9	
Q18186	9	
Q18206	9	11
Q18207	11	11
Q18208	11	11
Q18209	9	9
Q18210	11	
Q18212		11
Q18215	11	11
Q18216	11	11
Q18218	11	11
Q18219	9	11
Q18225	11	11
Q18226	9	11
Q18227	11	11
Q18228	11	11
Q18230	11	11
Q18233	9	10
Q18234	9	11
Q18235	9	11
Q18237	11	11
Q18238	9	11
Q18241	11	11
Q18242	9	11
Q18243	11	11
Q18244	11	11
Q18245	9	11
Q18246	9	11
Q18250	9	11
Q18251	11	11
Q18253	9	11
Q18257	11	11
Q18259	11	11
Q18261	11	11
Q18267	11	11
Q18279	9	11
Q18280	9	11
Q18284	9	11
Q18285	9	9
Q18287	11	11
Q18289	11	11
Q18290	11	11
Q18291		11
Q18292		9
Q18294	9	11
Q18299		11
Q18300	9	11
Q18301	9	11
Q18322		11
Q18323	9	11
Q18326	9	11
Q18327	11	11
Q18329	11	11
Q18333	11	11
Q18340	9	11
Q18342	9	11
Q18343	11	11
Q18345	11	11
Q18346	9	11
Q18347		11
Q18357	11	11
Q18358	9	11
Q18359	9	11
Q18360	11	
Q18366	11	11
Q18367	11	11
Q18368	11	11
Q18369	11	11
Q18370	9	11
Q18373	11	11
Q18374	11	11
Q18376	11	11
Q18377	9	11
Q18382	11	11
Q18383	11	11
Q18384	11	11
Q18385	11	11
Q18388	9	11
Q18393	11	11
Q18395	11	11
Q18397	9	11
Q18399	9	11
Q18403	11	11
Q18405	9	11
Q18409	9	11
Q18414	11	11
Q18416	11	11
Q18418	11	11
Q18419	11	11
Q18421	11	11
Q18422	9	11
Q18425	11	11
Q18426	9	11
Q18428	9	11
Q18429	11	11
Q18431	11	11
Q18433	11	11
Q18434	9	9
Q18435	11	11
Q18442	9	11
Q18444	11	11
Q18447	11	11
Q18452	11	11
Q18453	9	11
Q18454	9	11
Q18455	11	11
Q18456	9	11
Q18460	9	11
Q18465	11	11
Q18473	9	11
Q18474	9	11
Q18475	9	11
Q18479	9	11
Q18480	9	11
Q18481	9	11
Q18484	9	11
Q18485	9	
Q18486	11	11
Q18487	9	9
Q18490	9	11
Q18491	11	11
Q18493	11	11
Q18494	9	11
Q18495	11	11
Q18497	11	11
Q18499	9	11
Q18501	11	11
Q18502	11	11
Q18503	11	11
Q18504	11	11
Q18505	11	11
Q18506	11	11
Q18507	9	11
Q18508	11	11
Q18509	11	11
Q18510	9	11
Q18512	9	11
Q18514	9	11
Q18515	11	11
Q18533	11	11
Q18542	11	11
Q18544	9	11
Q18549	11	11
Q18550	11	11
Q18551	9	9
Q18552	9	11
Q18553	11	11
Q18560	11	11
Q18567	11	11
Q18569	9	11
Q18570	11	11
Q18572	11	11
Q18574	9	11
Q18575		11
Q18580	11	11
Q18581	11	11
Q18582	11	11
Q18586	11	11
Q18587	9	9
Q18590		11
Q18592	9	11
Q18593	11	11
Q18599	11	11
Q18600	11	11
Q18601	11	11
Q18605	9	11
Q18606	11	11
Q18611	11	11
Q18628	11	11
Q18629	11	11
Q18630	11	11
Q18631	11	11
Q18632	9	9
Q18636	9	11
Q18651	11	11
Q18652	11	11
Q18662	11	11
Q18663	11	11
Q18666	9	11
Q18667	11	11
Q18668	11	11
Q18672	11	11
Q18675	9	11
Q18677	11	11
Q18680	11	11
Q18684	11	11
Q18688	11	11
Q18689	9	
Q18693	9	11
Q18695	11	11
Q18697	9	11
Q18699	11	11
Q18707	11	11
Q18716	11	9
Q18718	9	11
Q18720	11	11
Q18721	9	11
Q18724	9	11
Q18729	9	11
Q18731	9	11
Q18732	11	11
Q18737	9	11
Q18741	11	11
Q18745	11	11
Q18747	11	11
Q18748	11	11
Q18753	11	11
Q18755	11	11
Q18756	11	11
Q18757	11	11
Q18758	11	11
Q18759	11	11
Q18766	11	11
Q18767	11	11
Q18768	11	11
Q18769	11	11
Q18771	9	11
Q18774		11
Q18775	11	11
Q18776	11	11
Q18778	11	11
Q18780	11	11
Q18781	9	11
Q18782	9	11
Q18783	11	11
Q18790	11	11
Q18791	9	11
Q18796	11	11
Q18797	11	11
Q18805	11	11
Q18806	11	11
Q18807	11	11
Q18812	9	11
Q18815	9	11
Q18818	11	9
Q18827	9	11
Q18829		11
Q18830	9	11
Q18831		11
Q18835		11
Q18837	9	11
Q18851	9	11
Q18852	9	11
Q18853	9	11
Q18858	11	11
Q18859	11	11
Q18860	9	11
Q18869	9	11
Q18872	9	9
Q18874	9	11
Q18875	11	11
Q18879		9
Q18882	9	9
Q18885	11	11
Q18886	9	11
Q18887	9	11
Q18888	9	9
Q18891	9	11
Q18892	9	11
Q18893	11	11
Q18894	9	11
Q18895	11	11
Q18896	9	11
Q18897	9	11
Q18905	11	11
Q18906	11	11
Q18926	9	11
Q18928	11	11
Q18929	11	11
Q18938	9	
Q18939	9	11
Q18940	9	11
Q18941	9	11
Q18947	9	11
Q18949	11	11
Q18958	9	11
Q18960		11
Q18968		11
Q18969	9	11
Q18970	9	9
Q18981	9	11
Q18989	11	11
Q18992	11	11
Q18997	9	11
Q18999	11	11
Q19000	9	
Q19001	9	9
Q19003	9	11
Q19004	11	11
Q19005	9	9
Q19010		10
Q19012	9	9
Q19015	11	11
Q19018	9	9
Q19029	9	11
Q19030	9	9
Q19034	11	11
Q19035	10	11
Q19038		11
Q19040	9	11
Q19041		11
Q19053	11	11
Q19065	9	11
Q19068	11	11
Q19069	11	11
Q19071	11	11
Q19072	11	11
Q19073	11	11
Q19096	9	11
Q19188	11	11
Q19189	11	11
Q19199	10	11
Q19202	11	11
Q19213	11	11
Q19215	11	11
Q19216	11	11
Q19217	9	11
Q19225	11	11
Q19233	11	11
Q19238	9	9
Q19242	9	11
Q19244		11
Q19251	9	11
Q19253		11
Q19255		11
Q19257	9	11
Q19258		11
Q19262	11	11
Q19263	9	9
Q19264	9	11
Q19265	11	9
Q19266	11	
Q19267	9	
Q19268	9	
Q19270		11
Q19271		11
Q19272		11
Q19273		9
Q19276		11
Q19277		11
Q19281	9	9
Q19283		11
Q19284	11	11
Q19285		11
Q19286	11	9
Q19288	9	11
Q19289	11	11
Q19290	11	11
Q19291	11	11
Q19292		9
Q19293	9	9
Q19294	9	9
Q19297	11	11
Q19299	9	
Q19300	9	9
Q19302	9	11
Q19305	9	
Q19306	11	11
Q19307	11	11
Q19308	11	11
Q19311		11
Q19312	11	
Q19313		11
Q19314	11	
Q19316	9	
Q19318	11	11
Q19322		11
Q19326		11
Q19327		11
Q19328		11
Q19329		11
Q19330		11
Q19331		11
Q19335		11
Q19336		11
Q19337		11
Q19338	9	9
Q19339	11	
Q19341	11	11
Q19342	11	11
Q19344	11	9
Q19345	11	11
Q19347	11	9
Q19348	11	11
Q19351	11	11
Q19352	11	11
Q19353	9	
Q19354	11	
Q19355	11	9
Q19356	9	11
Q19357	11	11
Q19360		11
Q19361		11
Q19362		11
Q19363		11
Q19364		11
Q19365		11
Q19370		11
Q19371		11
Q19376		11
Q19377		11
Q19378		11
Q19380	9	
Q19381		11
Q19383	11	11
Q19386		11
Q19387		11
Q19388		11
Q19394	9	9
Q19396	11	11
Q19397	11	9
Q19400		9
Q19402		11
Q19405	9	11
Q19407	9	
Q19408	9	11
Q19409		9
Q19410	9	
Q19412		11
Q19414		11
Q19419		11
Q19420		11
Q19423		11
Q19425		11
Q19428	11	11
Q19431		11
Q19432		11
Q19433		11
Q19436		11
Q19437		11
Q19439		11
Q19440		11
Q19441		11
Q19442		11
Q19445		11
Q19446		11
Q19447		11
Q19448		11
Q19451		11
Q19464	9	11
Q19467	9	11
Q19480	11	11
Q19487		11
Q19489	9	9
Q19491	9	11
Q19494	9	11
Q19495	11	11
Q19496	9	11
Q19498	9	11
Q19504	9	11
Q19508	9	11
Q19510	9	11
Q19512	9	11
Q19513	9	11
Q19514	9	11
Q19515	9	11
Q19521	9	11
Q19522	11	9
Q19525	11	11
Q19526	9	11
Q19527	11	11
Q19528	9	
Q19531	9	9
Q19533	11	11
Q19537		11
Q19541	9	11
Q19545	9	11
Q19549	9	11
Q19555	9	9
Q19559	9	11
Q19560	9	11
Q19570	9	11
Q19571		11
Q19577	9	11
Q19578		9
Q19585	9	11
Q19586	11	11
Q19588	9	11
Q19594	11	11
Q19595	11	11
Q19599	11	11
Q19600	11	11
Q19602	11	11
Q19603	9	11
Q19607	11	11
Q19613	11	
Q19618	9	11
Q19620	9	11
Q19622	9	9
Q19629		11
Q19630	11	11
Q19631	11	11
Q19632	11	11
Q19633	9	11
Q19635	9	11
Q19639	11	11
Q19640	9	11
Q19643	11	11
Q19646	9	11
Q19647	11	11
Q19653	9	11
Q19655	11	11
Q19657	9	11
Q19672	11	11
Q19674	9	11
Q19675		11
Q19676	11	
Q19678	9	11
Q19684	11	11
Q19685	11	11
Q19686	9	11
Q19690	9	11
Q19691	9	11
Q19693	9	11
Q19695	9	11
Q19698	11	11
Q19703		11
Q19704		11
Q19710	11	11
Q19711	9	11
Q19714	11	11
Q19717	9	9
Q19719	9	
Q19721	11	11
Q19723	11	11
Q19725	9	11
Q19726	11	11
Q19730	9	9
Q19738	11	11
Q19741	11	11
Q19745	11	11
Q19751	11	11
Q19757	9	11
Q19758	9	9
Q19759	9	11
Q19761	11	11
Q19764	9	11
Q19767	11	11
Q19768	9	11
Q19772		11
Q19775	11	11
Q19779	9	11
Q19783	9	11
Q19785		11
Q19788	9	11
Q19790	9	11
Q19791	9	11
Q19792	9	11
Q19793	11	11
Q19795	9	11
Q19796	11	
Q19802		11
Q19806	9	11
Q19808	9	11
Q19812	11	11
Q19817	9	11
Q19839	9	9
Q19842	11	11
Q19843	11	11
Q19844	11	11
Q19846	11	11
Q19847	9	11
Q19848	11	11
Q19851	11	11
Q19855	9	11
Q19861	9	
Q19862	11	11
Q19867	11	11
Q19869	9	11
Q19870	9	11
Q19871	11	11
Q19879	11	11
Q19881	11	11
Q19882	11	11
Q19884	11	11
Q19890	9	11
Q19897	9	11
Q19903	9	11
Q19911	11	11
Q19912		11
Q19915	9	9
Q19917	9	11
Q19920	11	11
Q19921	11	11
Q19923	9	11
Q19928	11	11
Q19929	11	11
Q19930	11	11
Q19932	11	11
Q19933	11	11
Q19940	9	11
Q19944		11
Q19949	9	11
Q19952	9	9
Q19955		11
Q19956	9	11
Q19965		11
Q19967	11	11
Q19968	9	11
Q19969	11	11
Q19971	11	11
Q19973	9	11
Q19974	11	11
Q19980	9	11
Q19985	9	11
Q19986	9	11
Q19990	11	11
Q19996	9	11
Q19998	11	11
Q19999	11	11
Q20004	11	11
Q20005	11	11
Q20007	11	11
Q20008	11	11
Q20009	11	11
Q20010	11	11
Q20012	9	11
Q20013	11	11
Q20014	11	11
Q20015	9	11
Q20016	9	11
Q20018	11	11
Q20019	11	11
Q20020	11	11
Q20021	11	11
Q20022	11	11
Q20024	9	11
Q20027		11
Q20028	9	11
Q20030	9	11
Q20034	11	11
Q20039		9
Q20041	11	11
Q20042	11	11
Q20054	11	
Q20055		9
Q20056	11	11
Q20057	11	11
Q20060	11	11
Q20061	11	11
Q20069	11	11
Q20085	11	11
Q20086	9	
Q20088	11	11
Q20090	11	11
Q20091	9	11
Q20096	11	11
Q20097	11	11
Q20099		11
Q20101	11	11
Q20102	9	11
Q20103	11	11
Q20104	11	11
Q20108	9	11
Q20109	9	11
Q20111	11	11
Q20113	9	11
Q20114	9	11
Q20119	9	11
Q20120	9	11
Q20127	9	11
Q20128	9	11
Q20129	9	11
Q20131	9	11
Q20135	9	9
Q20138	9	11
Q20140	11	11
Q20141	11	11
Q20142	11	11
Q20143	9	11
Q20144	11	11
Q20146	11	11
Q20147	9	11
Q20148	9	11
Q20149	10	11
Q20150	11	11
Q20151	9	
Q20152	9	11
Q20153	9	11
Q20155	9	11
Q20156	11	11
Q20157	11	11
Q20162	9	11
Q20164	9	11
Q20166	9	11
Q20167	11	11
Q20168	9	11
Q20169	11	11
Q20172	11	11
Q20216	11	11
Q20218		9
Q20219		9
Q20227	11	11
Q20230	11	11
Q20231	9	11
Q20233	9	9
Q20236	11	11
Q20238	11	11
Q20239	11	11
Q20244	11	11
Q20246	11	11
Q20248	11	11
Q20251	9	11
Q20252	11	11
Q20255	11	11
Q20256		11
Q20262	11	11
Q20266	11	11
Q20267	9	11
Q20268	11	11
Q20279	11	11
Q20280	11	11
Q20282	11	11
Q20283	11	11
Q20289	11	11
Q20293	9	11
Q20294		11
Q20295	11	11
Q20299	9	9
Q20310	9	11
Q20328		9
Q20331	11	11
Q20332	11	11
Q20333	11	11
Q20334	11	11
Q20365	9	11
Q20367	9	11
Q20369	11	
Q20374	9	11
Q20376	11	11
Q20385	11	11
Q20387	11	11
Q20395	11	11
Q20396	11	11
Q20403	11	11
Q20405	9	11
Q20413	11	11
Q20414	11	11
Q20415	11	11
Q20417	11	11
Q20427	11	11
Q20428	9	11
Q20429	11	11
Q20431	9	11
Q20437	11	11
Q20441	11	11
Q20444	9	11
Q20446	10	11
Q20451		11
Q20454	9	11
Q20456	11	11
Q20457	11	11
Q20462	9	11
Q20463	9	
Q20464	9	11
Q20470	9	11
Q20473	11	11
Q20477	9	11
Q20478	9	11
Q20481	11	11
Q20483	9	11
Q20484	11	11
Q20485	11	11
Q20486	11	11
Q20487	11	11
Q20488	9	11
Q20491	11	11
Q20493	11	11
Q20494	11	11
Q20495	11	11
Q20496	11	11
Q20497	9	11
Q20498	11	11
Q20502	11	11
Q20509	11	11
Q20516	11	11
Q20517	11	11
Q20518	11	11
Q20519	11	11
Q20521	9	9
Q20526	9	11
Q20527	9	11
Q20529		11
Q20530	11	11
Q20536	9	11
Q20538	11	11
Q20539	11	11
Q20542	9	11
Q20543	11	11
Q20545	11	11
Q20550	11	11
Q20551	11	11
Q20552	11	11
Q20558	9	11
Q20565	11	11
Q20573		11
Q20582	9	11
Q20584	9	11
Q20585		11
Q20586	9	11
Q20597	11	11
Q20599	11	11
Q20603	9	11
Q20612	11	11
Q20615		10
Q20618		11
Q20626	9	9
Q20631	9	11
Q20632	9	11
Q20633	9	11
Q20635	11	11
Q20636	9	11
Q20637	11	11
Q20641		11
Q20644		11
Q20649	9	11
Q20653	9	
Q20654		11
Q20655	9	11
Q20664	11	11
Q20665	9	9
Q20669		11
Q20670	11	11
Q20700	9	11
Q20703	9	11
Q20705	9	11
Q20708	11	11
Q20724	11	11
Q20725	11	11
Q20727		11
Q20732	11	11
Q20733	9	11
Q20735	11	11
Q20736	11	11
Q20737	9	11
Q20740	9	11
Q20751	9	11
Q20758	11	11
Q20766	9	9
Q20768		11
Q20769	9	9
Q20770		9
Q20772		11
Q20793	9	11
Q20797	9	11
Q20802	9	11
Q20805	9	11
Q20845	11	11
Q20846	11	11
Q20869	11	11
Q20979	11	11
Q20980	11	
Q20983	9	11
Q20984	11	11
Q20985	11	11
Q20993	11	11
Q20994	11	11
Q20995	11	11
Q20996	9	11
Q21011	11	11
Q21033	11	11
Q21037		11
Q21049	11	11
Q21064	9	9
Q21065		9
Q21066	9	
Q21069	11	11
Q21072		11
Q21073	9	9
Q21076		9
Q21077	11	9
Q21078	9	9
Q21081		9
Q21085	9	11
Q21086		11
Q21089		11
Q21091		11
Q21092		9
Q21093	9	11
Q21095		11
Q21096		11
Q21097		11
Q21098		9
Q21099		11
Q21100		11
Q21101		11
Q21104	9	9
Q21105	9	9
Q21106	11	11
Q21109	9	9
Q21110	11	11
Q21111	11	11
Q21112	11	11
Q21113	9	11
Q21114	11	11
Q21115	11	11
Q21116	9	9
Q21120		11
Q21121		11
Q21122		11
Q21123		11
Q21125		11
Q21126		11
Q21127		11
Q21128		11
Q21129		11
Q21130		11
Q21131		11
Q21132		11
Q21133		11
Q21135		11
Q21138	9	9
Q21140		11
Q21141		11
Q21142	9	11
Q21143	9	9
Q21150	9	9
Q21151	11	11
Q21152	9	11
Q21153	11	
Q21154	9	11
Q21158	9	
Q21159		11
Q21160	11	11
Q21161	9	
Q21164		11
Q21165		9
Q21166	11	
Q21169		11
Q21172	9	11
Q21174	9	
Q21176	9	9
Q21178		9
Q21179		9
Q21183	9	9
Q21185		9
Q21189		11
Q21190		11
Q21191		11
Q21192	9	9
Q21194		11
Q21195	11	11
Q21196		11
Q21197	9	9
Q21198		11
Q21199		11
Q21200		11
Q21201		11
Q21202		11
Q21203	11	11
Q21204		11
Q21205		11
Q21206		11
Q21208		11
Q21209		11
Q21210		11
Q21211		11
Q21212		11
Q21213		11
Q21214		11
Q21215		11
Q21216	11	
Q21217	9	11
Q21218	9	11
Q21219		11
Q21220	9	
Q21222	11	9
Q21223	11	
Q21225	11	11
Q21227	9	11
Q21228	9	9
Q21229	9	9
Q21231	11	11
Q21232	11	9
Q21233		11
Q21236		11
Q21237		11
Q21242	11	
Q21243		11
Q21244		11
Q21248		11
Q21249		11
Q21250		11
Q21251		11
Q21252		11
Q21253		11
Q21254		11
Q21261	11	9
Q21262	9	11
Q21263	11	
Q21265		9
Q21266	9	9
Q21267		11
Q21268		11
Q21269		11
Q21270		11
Q21271		11
Q21272		11
Q21273		11
Q21274		11
Q21275		11
Q21279		11
Q21283		11
Q21284		11
Q21285		11
Q21286		11
Q21287		11
Q21288		11
Q21290		11
Q21291	11	11
Q21292	11	11
Q21293	11	11
Q21294	9	11
Q21295	9	11
Q21296	9	11
Q21297	11	11
Q21298	9	11
Q21299	9	9
Q21300	11	11
Q21301		11
Q21305	9	
Q21306	9	
Q21307	11	9
Q21308	9	11
Q21309	11	
Q21310	11	11
Q21311	11	11
Q21312		11
Q21313	11	11
Q21315	11	
Q21316	9	9
Q21317	9	
Q21319	11	
Q21320	9	11
Q21321	11	11
Q21322	11	9
Q21325	11	11
Q21327	11	11
Q21328	11	11
Q21329	9	11
Q21330	11	
Q21331		11
Q21332		11
Q21333		11
Q21335		11
Q21336		11
Q21337		11
Q21338		11
Q21339		11
Q21340		11
Q21341		11
Q21342		11
Q21343		11
Q21344		11
Q21345		11
Q21346		11
Q21347		11
Q21348		11
Q21349	11	11
Q21350	11	11
Q21355	11	11
Q21356		11
Q21357		11
Q21358		11
Q21359	9	9
Q21360	11	11
Q21362		11
Q21363		11
Q21364		11
Q21365	11	11
Q21366	11	11
Q21368		11
Q21369		11
Q21370		11
Q21371		11
Q21374		11
Q21375		11
Q21376	9	9
Q21377		11
Q21378		11
Q21379	11	11
Q21380	11	11
Q21381		11
Q21382		11
Q21387		11
Q21390		11
Q21391		11
Q21393	11	11
Q21394	9	11
Q21395		11
Q21397	11	11
Q21398		11
Q21399	11	11
Q21400	9	
Q21401	11	11
Q21403	11	11
Q21405	11	
Q21407	11	11
Q21408		11
Q21409		11
Q21415		11
Q21416		11
Q21417		11
Q21418		11
Q21428	9	9
Q21430		11
Q21431		11
Q21432		11
Q21433		11
Q21434	11	11
Q21442		11
Q21447		11
Q21448		11
Q21456		11
Q21459	9	11
Q21462	9	9
Q21463	9	9
Q21469	9	11
Q21471	9	11
Q21472	9	11
Q21473	11	11
Q21474	11	11
Q21476	9	11
Q21478	9	9
Q21480	9	9
Q21482	9	11
Q21483	9	9
Q21485	9	11
Q21490	9	11
Q21497	9	11
Q21501	9	9
Q21502	9	9
Q21511	11	11
Q21512	9	11
Q21515	9	11
Q21516	9	11
Q21522	11	11
Q21530	9	11
Q21531	11	11
Q21532	9	11
Q21533	9	11
Q21535	9	
Q21537		9
Q21539	9	11
Q21543	9	10
Q21553	11	11
Q21557	11	11
Q21562		11
Q21563	9	11
Q21568	11	11
Q21569	9	11
Q21572	11	11
Q21573	11	11
Q21576	11	11
Q21577	11	11
Q21580	9	11
Q21583	11	11
Q21584	11	11
Q21595	9	11
Q21596	9	9
Q21604	9	11
Q21605	9	11
Q21606	9	10
Q21613	11	11
Q21618	9	11
Q21619	9	11
Q21620	9	11
Q21621	11	11
Q21624	9	9
Q21625	9	11
Q21629	9	11
Q21632		11
Q21636	11	11
Q21637	9	11
Q21638	11	11
Q21646	11	11
Q21647	11	11
Q21654	11	11
Q21660	11	11
Q21662	9	11
Q21663	9	11
Q21667	9	11
Q21669	9	11
Q21670	11	11
Q21672		11
Q21673	9	11
Q21675	9	11
Q21676	11	11
Q21677	9	11
Q21678	9	11
Q21680	9	
Q21681	9	9
Q21685	9	9
Q21686	11	11
Q21687	9	11
Q21689	11	11
Q21696	9	11
Q21698	11	11
Q21699	9	11
Q21700	9	9
Q21701	9	11
Q21703	9	9
Q21704	11	11
Q21706	11	11
Q21718	11	11
Q21719	9	11
Q21722		9
Q21723		11
Q21733		11
Q21737	9	9
Q21746	9	11
Q21751	9	11
Q21753	9	11
Q21754	9	11
Q21755	9	11
Q21757	11	11
Q21773	9	11
Q21776	9	11
Q21779	11	11
Q21784	11	11
Q21785	9	11
Q21796	11	11
Q21798	9	11
Q21799	9	11
Q21802	9	11
Q21803	11	11
Q21806	11	11
Q21812	11	11
Q21815	11	11
Q21816	11	11
Q21818	11	11
Q21819	11	11
Q21822	11	11
Q21823	11	11
Q21832	11	11
Q21846	9	11
Q21857	11	11
Q21868	11	11
Q21869	11	11
Q21870	9	11
Q21872	11	11
Q21873	9	
Q21874	9	
Q21875	11	11
Q21876	11	11
Q21878	11	11
Q21881	11	11
Q21882	11	11
Q21883	11	11
Q21884	9	11
Q21885	9	11
Q21886	11	11
Q21899	9	11
Q21900	11	11
Q21901	9	11
Q21903	11	11
Q21908	9	11
Q21910	9	11
Q21911	9	11
Q21912	9	11
Q21913	9	9
Q21914	9	9
Q21917	9	11
Q21926	11	11
Q21927	11	11
Q21928	11	11
Q21929	11	11
Q21932		11
Q21934	9	9
Q21935	9	9
Q21939	9	11
Q21944	11	11
Q21945	11	
Q21946	11	11
Q21948	9	11
Q21949	9	11
Q21950	11	11
Q21951	11	11
Q21952	11	11
Q21953	11	11
Q21954	11	11
Q21955	11	11
Q21956	9	11
Q21957	11	11
Q21958	9	11
Q21959	11	11
Q21966	9	11
Q21967	11	11
Q21971	11	11
Q21977	11	11
Q21980	9	11
Q21983	9	9
Q21985	11	11
Q21987	11	11
Q21990	11	11
Q21991	11	11
Q21994	11	11
Q21995	9	11
Q22003	9	11
Q22005	9	11
Q22011	11	11
Q22012	9	11
Q22019	9	11
Q22021	11	
Q22022	9	11
Q22025	11	11
Q22026	11	11
Q22028	9	11
Q22031	9	11
Q22032	11	11
Q22034	9	11
Q22035	11	11
Q22046	11	11
Q22048	11	11
Q22052	9	11
Q22058	9	11
Q22060	9	11
Q22061	11	11
Q22063	11	11
Q22064	11	11
Q22069	11	11
Q22070	11	11
Q22071		11
Q22073	9	11
Q22075	9	11
Q22077	9	11
Q22078	11	11
Q22083	11	11
Q22085	9	11
Q22086	11	11
Q22087	9	11
Q22088	9	11
Q22090	9	9
Q22093	11	11
Q22094	11	11
Q22169	11	11
Q22177	11	11
Q22178	11	11
Q22179	11	11
Q22180	11	11
Q22181	11	11
Q22188	11	11
Q22203	11	11
Q22204	9	11
Q22205	9	11
Q22206		11
Q22207		11
Q22208	11	11
Q22219	11	11
Q22220	11	11
Q22222	11	11
Q22224	11	11
Q22225	11	11
Q22226	11	11
Q22227	11	11
Q22229	11	11
Q22230	11	11
Q22234	11	11
Q22242	11	11
Q22245	11	11
Q22246	11	11
Q22249	9	11
Q22252	9	11
Q22256	11	11
Q22262	9	11
Q22267	11	11
Q22276	11	11
Q22283	11	11
Q22284	11	11
Q22297	11	11
Q22306	11	11
Q22313	9	11
Q22326	11	11
Q22330	11	11
Q22331	11	11
Q22337	11	11
Q22339	9	11
Q22340	11	11
Q22341	9	11
Q22345	9	11
Q22351	11	11
Q22355	9	11
Q22357	11	11
Q22359	11	11
Q22360	11	11
Q22364	11	11
Q22367	11	11
Q22373	11	11
Q22378	11	11
Q22379	9	11
Q22380	11	11
Q22381	9	11
Q22386	9	11
Q22387		11
Q22389	9	11
Q22390	9	11
Q22393	11	11
Q22395	9	11
Q22397	11	11
Q22402	11	11
Q22403	11	11
Q22404	11	11
Q22408	11	11
Q22412	11	11
Q22418	9	11
Q22421	11	11
Q22422	11	11
Q22432	11	11
Q22433	11	11
Q22440	9	11
Q22441	11	11
Q22442	9	11
Q22443	11	11
Q22444	9	9
Q22445	11	11
Q22446	9	11
Q22448	9	11
Q22449	9	11
Q22450	9	11
Q22451	9	11
Q22453	11	11
Q22470	9	11
Q22471	11	11
Q22473	9	11
Q22475	11	11
Q22477	11	11
Q22478	9	11
Q22479	11	11
Q22480		11
Q22481	9	11
Q22482	11	11
Q22489	9	11
Q22490	9	11
Q22492	11	11
Q22495	11	11
Q22499	9	11
Q22500	11	11
Q22501	11	11
Q22507	11	11
Q22508	11	11
Q22509	11	11
Q22510	11	11
Q22511	11	11
Q22512	11	11
Q22519	9	
Q22520	9	9
Q22523	11	11
Q22525	11	11
Q22528	9	11
Q22529	9	11
Q22533		11
Q22534	9	11
Q22540	9	9
Q22541	9	11
Q22551	9	11
Q22561	9	10
Q22564	9	11
Q22565	11	
Q22566	11	11
Q22572	9	11
Q22579		11
Q22584		11
Q22586	11	11
Q22591	11	11
Q22594	11	11
Q22602	11	11
Q22606	9	11
Q22619	9	11
Q22621	11	11
Q22629	9	11
Q22651	9	11
Q22652	11	11
Q22657	9	9
Q22658	9	11
Q22659	11	11
Q22682	9	11
Q22683	11	11
Q22694	9	9
Q22701	9	11
Q22705	9	11
Q22706	9	11
Q22707	9	11
Q22708	9	11
Q22733	9	11
Q22742	11	11
Q22745	11	11
Q22752	11	11
Q22801	11	11
Q22813	9	11
Q22814	11	11
Q22982	9	9
Q22986	11	11
Q22989	11	11
Q22990	11	11
Q22991	11	11
Q22992	11	11
Q22996	11	11
Q22997	9	11
Q22998	11	11
Q23021	11	11
Q23034	11	11
Q23046	11	11
Q23048	11	11
Q23055	9	11
Q23057	9	9
Q23059	9	
Q23060	11	11
Q23064	9	9
Q23065	9	
Q23068	9	9
Q23076	11	11
Q23080		11
Q23085	9	9
Q23086	9	9
Q23087		11
Q23089	9	9
Q23090		11
Q23091		11
Q23092		11
Q23093		11
Q23095		11
Q23097		11
Q23100	9	9
Q23103		11
Q23105		11
Q23107		11
Q23109		11
Q23110		11
Q23111		11
Q23112		11
Q23113	11	11
Q23118		11
Q23119		11
Q23120		11
Q23122	9	11
Q23123	9	11
Q23124	9	11
Q23126	9	9
Q23127	9	
Q23131	9	
Q23132	9	9
Q23136	11	
Q23137	9	
Q23142		9
Q23145	11	11
Q23146	9	
Q23147	9	11
Q23148	11	
Q23150		11
Q23152	9	
Q23153	9	
Q23155		11
Q23156		11
Q23157		11
Q23158		11
Q23161		11
Q23162		11
Q23165		11
Q23168		11
Q23170		11
Q23171		11
Q23172		11
Q23175		11
Q23176		11
Q23177		11
Q23179		11
Q23180		11
Q23181		11
Q23182		11
Q23183		11
Q23184		11
Q23189	9	9
Q23191		11
Q23192		11
Q23193		11
Q23194	11	11
Q23200	11	9
Q23202		11
Q23203	11	11
Q23204	9	11
Q23206	11	9
Q23207	9	9
Q23208	9	9
Q23209	11	11
Q23210	9	9
Q23211	9	
Q23213		11
Q23218	9	9
Q23219	9	9
Q23220	11	11
Q23223	11	11
Q23227	9	
Q23229	9	9
Q23234	11	11
Q23235		11
Q23236		11
Q23237		11
Q23238		11
Q23239		11
Q23240		11
Q23242		11
Q23243	11	
Q23244		11
Q23245		11
Q23249	9	9
Q23251	11	11
Q23252	11	9
Q23255	9	11
Q23256	9	
Q23257	11	11
Q23258	11	11
Q23262		11
Q23264	9	11
Q23266	9	
Q23270	9	
Q23272	11	11
Q23273	11	
Q23279	11	
Q23281	9	11
Q23284	11	
Q23286	11	
Q23288		9
Q23289	11	
Q23290		9
Q23293	9	11
Q23294	11	
Q23295	11	
Q23297	11	9
Q23299	11	
Q23301		11
Q23302		11
Q23303	11	
Q23308		11
Q23309	11	11
Q23310		11
Q23311		11
Q23314		11
Q23315		11
Q23317		9
Q23322		11
Q23324		11
Q23325		11
Q23326	11	
Q23327		11
Q23328		11
Q23329	11	9
Q23330		11
Q23335		11
Q23336		11
Q23337		11
Q23338		11
Q23339		11
Q23340		11
Q23341		11
Q23342		11
Q23343		11
Q23344		11
Q23345		11
Q23346		11
Q23347		11
Q23348		11
Q23349		11
Q23350		11
Q23351	11	11
Q23355	11	11
Q23356		11
Q23358	11	11
Q23360	11	
Q23362		11
Q23365	11	11
Q23366	9	9
Q23367	9	9
Q23368	11	11
Q23370	9	9
Q23375	11	11
Q23379	11	11
Q23380	11	11
Q23381		11
Q23382	11	11
Q23389		11
Q23390		11
Q23391		11
Q23397	11	11
Q23398		11
Q23399		11
Q23400		11
Q23401		11
Q23402		11
Q23403		11
Q23404		11
Q23406		11
Q23407		11
Q23408		11
Q23409		11
Q23410		11
Q23413		11
Q23415		11
Q23416		11
Q23419		11
Q23420		11
Q23421		11
Q23425		11
Q23426		11
Q23427		11
Q23433		11
Q23434		11
Q23435		11
Q23436		11
Q23442	11	
Q23443	9	
Q23444	11	11
Q23445	11	11
Q23446		11
Q23450	11	11
Q23458		11
Q23459		11
Q23460	11	
Q23461	9	11
Q23462	9	9
Q23463		11
Q23465		11
Q23466		11
Q23467		11
Q23468		11
Q23469		11
Q23470		11
Q23472		11
Q23473		11
Q23474		11
Q23475		11
Q23476		11
Q23477		11
Q23478		11
Q23479	9	
Q23481	9	
Q23484	9	11
Q23485	9	
Q23486	11	
Q23487	11	11
Q23488		9
Q23489	9	
Q23490	11	
Q23491		11
Q23492		11
Q23494	9	
Q23496	11	11
Q23497		9
Q23498	9	
Q23499	9	
Q23501		11
Q23503	11	
Q23504		11
Q23505	11	9
Q23506	11	11
Q23507	11	11
Q23509	11	11
Q23512	11	11
Q23513	9	11
Q23514	9	
Q23520	11	
Q23523	9	11
Q23527	11	11
Q23533	9	
Q23536		11
Q23542		11
Q23543		11
Q23544	9	11
Q23545		11
Q23546		11
Q23548		11
Q23549		11
Q23550		11
Q23551		11
Q23553	9	11
Q23555		11
Q23556	9	9
Q23557	9	
Q23558	11	11
Q23559		11
Q23560		11
Q23571		11
Q23584		11
Q23586		11
Q23590		11
Q23592	11	11
Q23593	11	11
Q23596		11
Q23597		11
Q23598		11
Q23609		11
Q23611		11
Q23616		11
Q23621		11
Q23625		11
Q23626		11
Q23627		11
Q23634		11
Q23642	11	11
Q23645		11
Q23646	11	11
Q23649		11
Q23650		11
Q23651		11
Q23658		11
Q23659		11
Q23661		11
Q23662		11
Q23664		11
Q23665		11
Q23666		11
Q23668		11
Q23669		11
Q23670		11
Q23671		11
Q23672		11
Q23673		11
Q23674		11
Q23675		11
Q23676		11
Q23677		11
Q23678		11
Q23679		11
Q23681	9	9
Q23682		11
Q23685	11	
Q23687		11
Q23691		11
Q23692	9	
Q23694	9	11
Q23695		11
Q23696		11
Q23699	11	11
Q23700	9	9
Q23704		11
Q23705		11
Q23709		11
Q23713	9	9
Q23714		11
Q23721	9	9
Q23723	11	9
Q23730		11
Q23732	11	11
Q23733		11
Q23736	9	9
Q23737		11
Q23738		11
Q23740	11	11
Q23741		11
Q23744	11	11
Q23745		11
Q23747		11
Q23748		11
Q23750	11	11
Q23751		11
Q23752		11
Q23753		11
Q23754		11
Q23756		11
Q23758		11
Q23761		11
Q23764		11
Q23765		11
Q23766		11
Q23769		11
Q23776	9	9
Q23779	9	9
Q23782		11
Q23784		11
Q23785		11
Q23787		11
Q23788		11
Q23789		11
Q23790		11
Q23801		11
Q23802	9	11
Q23804	9	9
Q23805	9	11
Q23809		11
Q23810		11
Q23812	9	9
Q23822	9	9
Q23823	9	11
Q23825	9	11
Q23826	9	11
Q23827	9	11
Q23841	9	11
Q23843	9	11
Q23846	11	11
Q23847	9	11
Q23848	9	11
Q23858	11	
Q23870	9	9
Q23871	9	11
Q23872	9	11
Q23875	9	11
Q23876	9	11
Q23884	11	11
Q23886	11	11
Q23888	11	11
Q23889	11	11
Q23890	11	11
Q23903	9	11
Q23905	11	11
Q23906	11	11
Q23911	9	11
Q23912	9	11
Q23913	9	11
Q23914	9	11
Q23916	9	
Q23918	11	11
Q23919	9	11
Q23926	9	11
Q23927	9	11
Q23939	11	11
Q23940	11	
Q23942	11	11
Q23943		11
Q23947	9	11
Q23949		11
Q23950		11
Q23952	9	11
Q23954	11	11
Q23955	11	
Q23956	11	11
Q23957	9	11
Q23958	9	11
Q23963	9	11
Q23964	11	11
Q23965	9	11
Q23966	9	9
Q23969		9
Q23970	11	11
Q23971	9	11
Q23973	11	11
Q23975	9	11
Q23977	9	11
Q23978	11	11
Q23979	11	11
Q23982	11	11
Q23983	11	11
Q23984	11	11
Q23997	11	11
Q24000	9	11
Q24001	9	11
Q24002	11	11
Q24004	9	11
Q24005	11	11
Q24007	9	11
Q24013	11	11
Q24016		11
Q24017		9
Q24021	9	9
Q24022	9	11
Q24030		11
Q24033	11	11
Q24038	11	11
Q24040	11	11
Q24046	11	11
Q24047	11	11
Q24049	9	11
Q24054	9	11
Q24057	9	11
Q24064	9	11
Q24065	11	11
Q24066	11	11
Q24073	11	11
Q24076	11	11
Q24080	11	11
Q24082	9	11
Q24083	11	11
Q24095	11	11
Q24098	11	
Q24099	11	11
Q24107	11	
Q24108	11	11
Q24109	9	11
Q24111	9	9
Q24112	9	11
Q24116		11
Q24119	9	11
Q24120	11	11
Q24125	11	11
Q24126	11	11
Q24127	11	11
Q24130	11	11
Q24136	11	11
Q24137	9	11
Q24141	9	11
Q24147		11
Q24150	11	11
Q24151	11	11
Q24152	11	11
Q24153	11	11
Q24155	9	11
Q24157	9	11
Q24158	9	11
Q24163	9	11
Q24164	11	11
Q24167	11	11
Q24168	9	11
Q24169	11	11
Q24172	9	11
Q24173	11	11
Q24175	11	11
Q24176	9	11
Q24182	9	11
Q24183	11	11
Q24186	11	11
Q24187	11	11
Q24190	11	11
Q24191	11	11
Q24193	11	11
Q24195	9	11
Q24197	9	11
Q24198	11	11
Q24202	9	11
Q24203	11	11
Q24204	9	11
Q24205	9	11
Q24206	9	11
Q24209	11	11
Q24214	9	9
Q24222	11	11
Q24223	11	11
Q24228	11	11
Q24229	11	11
Q24232	11	11
Q24234	11	11
Q24237	11	11
Q24238	9	11
Q24244	9	11
Q24247	9	11
Q24248	9	11
Q24252	9	11
Q24253	9	11
Q24257	9	11
Q24259	9	11
Q24261	9	11
Q24262		9
Q24263	11	11
Q24264	11	11
Q24266	9	11
Q24267	9	11
Q24269	11	11
Q24270	9	11
Q24271	9	11
Q24272	11	11
Q24273	11	11
Q24274	11	11
Q24278	11	11
Q24280	11	11
Q24282	9	11
Q24283	9	11
Q24284	9	
Q24289	11	11
Q24291	9	11
Q24367	11	
Q24368	11	11
Q24369	10	11
Q24370	11	11
Q24373	11	11
Q24382	11	11
Q24388	11	11
Q24389	11	11
Q24394	11	11
Q24409	9	11
Q24412	11	11
Q24415	9	
Q24425	11	11
Q24428	11	11
Q24431	11	11
Q24432	11	11
Q24433	11	11
Q24437	11	11
Q24438	11	11
Q24439	9	11
Q24442	11	
Q24462	9	9
Q24466	9	9
Q24469	11	11
Q24474	11	11
Q24494	11	11
Q24497	9	9
Q24499	11	11
Q24506	11	11
Q24523	11	11
Q24525	11	11
Q24526	11	11
Q24527	11	11
Q24530	9	
Q24531	9	11
Q24535	11	11
Q24538	9	11
Q24544	11	11
Q24545	11	11
Q24557	11	11
Q24560	11	11
Q24572	11	11
Q24573	11	11
Q24577	11	11
Q24578	9	11
Q24580	11	11
Q24583	11	11
Q24584	11	11
Q24587	11	11
Q24591	11	11
Q24593	11	11
Q24594	9	11
Q24595	9	11
Q24598	11	11
Q24599	11	11
Q24604	9	11
Q24605	9	11
Q24606	11	11
Q24612	9	11
Q24613	11	11
Q24614	9	11
Q24619	11	11
Q24623	9	11
Q24626	11	11
Q24627	9	11
Q24629	11	11
Q24630	9	11
Q24639	11	11
Q24641	11	11
Q24643		11
Q24647	11	11
Q24651	11	11
Q24652	11	11
Q24654	11	11
Q24655	9	9
Q24656	9	11
Q24661	11	11
Q24664	9	11
Q24667	11	11
Q24671	9	11
Q24675	11	11
Q24679	11	11
Q24680	11	11
Q24682		9
Q24683	11	11
Q24687	9	11
Q24688	11	11
Q24691	11	11
Q24705	11	11
Q24706	11	11
Q24708	11	11
Q24710	11	11
Q24711	11	11
Q24716	9	11
Q24717	11	11
Q24719	11	11
Q24723	11	11
Q24726	11	11
Q24727	11	9
Q24728		11
Q24731	9	11
Q24732	9	9
Q24737	11	11
Q24742	9	11
Q24745		11
Q24748		9
Q24755		11
Q24761	9	
Q24772	11	
Q24773	11	11
Q24776	9	11
Q24777	9	9
Q24779		9
Q24780	9	11
Q24785	9	11
Q24787	11	11
Q24788	11	11
Q24789	9	11
Q24790	9	11
Q24791	9	11
Q24793	9	11
Q24794	11	11
Q24795	11	11
Q24798	11	11
Q24802	11	11
Q24806	9	11
Q24810	9	11
Q24811		9
Q24813		11
Q24814		11
Q24817	9	9
Q24818	9	11
Q24858	9	11
Q24864	11	11
Q24867	9	11
Q24869	9	11
Q24871	11	
Q24887	9	11
Q24888	9	11
Q24897	11	11
Q24898	11	11
Q24928	11	11
Q24933	11	11
Q25106	11	11
Q25111	9	
Q25114	11	11
Q25117	9	9
Q25158	11	11
Q25161	11	
Q25166	11	11
Q25175	11	11
Q25177	9	11
Q25178	9	9
Q25179	9	
Q25190	9	11
Q25193		11
Q25194		11
Q25197		11
Q25199		11
Q25204		11
Q25205	11	11
Q25208		11
Q25212		11
Q25213		11
Q25214		11
Q25215		11
Q25216		11
Q25218		11
Q25219		11
Q25224		11
Q25227		11
Q25228		11
Q25229		11
Q25231		11
Q25232		11
Q25233		11
Q25240		11
Q25243		11
Q25244		11
Q25245		11
Q25250		11
Q25251		11
Q25252	9	11
Q25255	9	9
Q25256	9	11
Q25263	9	
Q25264	11	11
Q25265	11	11
Q25266	11	11
Q25267	9	9
Q25268	11	11
Q25269	9	
Q25270	9	
Q25380	9	
Q25397	9	9
Q25398	9	9
Q25401	9	9
Q25402	9	9
Q25406	9	
Q25408	9	9
Q25410	9	9
Q25411	9	9
Q25412	9	9
Q25417	9	9
Q25423	9	9
Q25424		9
Q25425	9	9
Q25426	9	9
Q25431	9	9
Q25437	9	9
Q25438	9	9
Q25439	9	9
Q25440	9	9
Q25445	9	9
Q25448		9
Q25451	9	9
Q25452	9	9
Q25453		9
Q25456		9
Q25458	9	9
Q25459	9	9
Q25460		9
Q25462		9
Q25464	9	
Q25465	9	
Q25466	9	
Q25467	9	9
Q25468	9	9
Q25469	9	9
Q25470		9
Q25471		9
Q25472		9
Q25475	9	9
Q25476		9
Q25477	9	
Q25479		9
Q25481	9	
Q25482	9	9
Q25483	9	9
Q25484	9	9
Q25485		9
Q25486		9
Q25488	9	9
Q25494	9	
Q25495		9
Q25499	9	9
Q25500	9	9
Q25501	9	9
Q25502	9	9
Q25504	9	9
Q25506	9	9
Q25508	9	9
Q25512	9	9
Q25520	9	9
Q25524	9	
Q25530		9
Q25536	9	9
Q25538	9	9
Q25540		9
Q25542	9	9
Q25544		9
Q25548	9	9
Q25550	9	9
Q25554	9	
Q25558	9	9
Q25560	9	
Q25562		9
Q25575	9	
Q25576	9	
Q25578	9	9
Q25579	9	9
Q25580	9	9
Q25581	9	9
Q25582	9	9
Q25584	9	9
Q25590	9	
Q25594	9	9
Q25596	9	9
Q25600	9	
Q25602	9	9
Q25604	9	9
Q25618	9	
Q25623	9	
Q25625	9	
Q25627	9	9
Q25631	9	9
Q25633		9
Q25640	9	9
Q25650		9
Q25666	9	9
Q25670	9	9
Q25672	9	9
Q25674	9	9
Q25676		9
Q25680		9
Q25684	9	9
Q25685	9	9
Q25686		11
Q25689	9	9
Q25691	9	
Q25708	9	
Q25716	9	9
Q25718	9	
Q25736		9
Q25738		9
Q25740	9	9
Q25742		9
Q25744		9
Q25750	9	
Q25768		9
Q25776		9
Q25780	9	
Q25782	9	
Q25790	9	9
Q25792	9	9
Q25794		9
Q25798		9
Q25800		9
Q25802		9
Q25811	9	
Q25812	9	
Q25813	9	
Q25815	9	
Q25816	9	9
Q25819		9
Q25827	9	
Q25837	9	
Q25841	9	
Q25849	9	9
Q25853		9
Q25855		9
Q25857		9
Q25858	9	9
Q25861	9	9
Q25863	9	
Q25885		9
Q25895		9
Q25897	9	9
Q25899	9	9
Q25905	9	9
Q25907	9	9
Q25909		9
Q25927	9	
Q25929		9
Q25936	9	9
Q25944	9	9
Q25950	9	9
Q25952	9	9
Q25954	9	9
Q25956	9	9
Q25958	9	9
Q25960	9	9
Q25962		9
Q25964	9	
Q25976		9
Q26011	9	9
Q26013	9	9
Q26015	9	9
Q26021	9	9
Q26025		9
Q26041	9	
Q26045	9	
Q26051	9	
Q26061	9	9
Q26063	9	9
Q26072	9	9
Q26076	9	9
Q26084	9	
Q26092	9	9
Q26094		9
Q26102	9	
Q26104	9	9
Q26106	9	9
Q26108	9	9
Q26117	9	9
Q26121	9	
Q26149	9	9
Q26151	9	
Q26153	9	
Q26155	9	9
Q26158		9
Q26166		9
Q26168	9	
Q26200	9	
Q26204	9	
Q26206	9	
Q26224		9
Q26225		9
Q26233		9
Q26235	9	9
Q26236		9
Q26238	9	9
Q26239	9	9
Q26240	9	9
Q26241	9	9
Q26243		9
Q26245	9	
Q26249		9
Q26261	9	9
Q26263		11
Q26281	9	
Q26292	9	9
Q26296		9
Q26298		9
Q26306		9
Q26328	9	9
Q26347	9	
Q26365		9
Q26367		9
Q26369		9
Q26371		9
Q26372	9	9
Q26374	11	11
Q26375	11	11
Q26376	9	9
Q26377	11	
Q26381		9
Q26391	9	
Q26394	9	9
Q26409		9
Q26410		9
Q26411		9
Q26413		9
Q26426		9
Q26429	9	
Q26436	11	
Q26439	9	11
Q26442	11	11
Q26445	11	11
Q26448		9
Q26451	9	11
Q26454	9	11
Q26457		11
Q26460	9	9
Q26472	9	11
Q26475	9	11
Q26481	9	
Q26490	9	11
Q26498		9
Q26501	9	9
Q26503	9	11
Q26508	9	9
Q26509	9	9
Q26511	9	11
Q26514	9	9
Q26515	9	11
Q26517	11	11
Q26523	11	
Q26529	9	9
Q26532	9	9
Q26535	9	9
Q26536	9	11
Q26539		11
Q26542	9	11
Q26560	9	11
Q26563		11
Q26575	9	11
Q26580	9	9
Q26589	9	9
Q26593	9	11
Q26599	9	11
Q26602	9	11
Q26610		9
Q26611		11
Q26620	9	11
Q26623		10
Q26629	9	11
Q26632	9	9
Q26637	9	
Q26639		9
Q26641		9
Q26644	9	9
Q26645		9
Q26651		9
Q26653	9	9
Q26654		11
Q26656		9
Q26665		9
Q26671	9	9
Q26675		9
Q26680	11	11
Q26686	11	9
Q26689	11	11
Q26690	11	11
Q26692	11	
Q26693	9	11
Q26695	11	
Q26698	11	
Q26699	9	10
Q26701	11	
Q26704	11	11
Q26705	9	11
Q26707	11	11
Q26708		11
Q26710	11	11
Q26711		11
Q26713	11	11
Q26714	9	11
Q26716		9
Q26720	9	11
Q26722		9
Q26723	9	11
Q26729	9	9
Q26732	11	11
Q26735	11	9
Q26743		9
Q26745	11	11
Q26748		9
Q26754	9	11
Q26757	11	11
Q26763	9	
Q26769	9	11
Q26770	9	
Q26772		11
Q26776	9	9
Q26784	9	11
Q26787	9	11
Q26788		9
Q26791		9
Q26793	9	
Q26796	9	11
Q26799	9	11
Q26802	9	11
Q26812		9
Q26815	9	
Q26818	9	9
Q26823	9	11
Q26826	11	11
Q26829		11
Q26833	9	9
Q26835	9	9
Q26839	9	
Q26842	11	
Q26844	9	
Q26845	11	11
Q26848	11	11
Q26851	11	
Q26854	11	
Q26862	11	11
Q26863	11	11
Q26867	11	
Q26870	9	11
Q26873	11	
Q26879	9	
Q26882	11	11
Q26885	11	
Q26886	9	11
Q26888	11	
Q26889	9	11
Q26891	11	11
Q26892	9	11
Q26894	11	11
Q26895		9
Q26897	11	11
Q26898		9
Q26900	11	11
Q26901	9	9
Q26903	9	9
Q26906	11	11
Q26909	11	11
Q26910	9	11
Q26912	11	11
Q26915	11	11
Q26916	9	11
Q26918	11	11
Q26920		11
Q26921	11	11
Q26924	11	11
Q26927	11	11
Q26930	11	11
Q26933	11	11
Q26935	9	11
Q26936	11	11
Q26938	11	11
Q26939	9	9
Q26942	11	
Q26945	11	11
Q26947	9	11
Q26948	9	9
Q26951	11	11
Q26954	11	11
Q26957	11	11
Q26960	11	11
Q26962	9	11
Q26963	9	9
Q26966	11	11
Q26968	9	11
Q26969	11	11
Q26972	9	11
Q26975	11	11
Q26977		11
Q26978		11
Q26981	9	9
Q26983	9	11
Q26984	11	9
Q26986	9	9
Q26989	9	9
Q26990		9
Q26992	9	11
Q26993	9	
Q26996	11	9
Q26999	9	11
Q27007	9	11
Q27015		11
Q27016	11	11
Q27018		11
Q27021		11
Q27022	11	
Q27024	11	
Q27027	11	11
Q27030	9	11
Q27034	9	11
Q27036	11	11
Q27037	9	11
Q27039	11	11
Q27042	11	11
Q27045	11	11
Q27048	11	11
Q27051	9	11
Q27054	11	11
Q27056	9	11
Q27057	11	11
Q27060	11	11
Q27063	11	11
Q27066	9	11
Q27077	9	11
Q27078	11	
Q27080		11
Q27083		11
Q27084		11
Q27087		9
Q27089		11
Q27090		9
Q27092		11
Q27096	9	9
Q27099	9	9
Q27101	9	11
Q27102		9
Q27108		9
Q27141	9	9
Q27146	9	9
Q27156		9
Q27158	9	11
Q27162		9
Q27165		9
Q27170		9
Q27171	9	9
Q27173	9	11
Q27176		9
Q27179		9
Q27183		9
Q27195		9
Q27197	9	
Q27200	9	
Q27203	11	11
Q27204		11
Q27206	11	11
Q27209	11	9
Q27212	11	
Q27213	9	11
Q27215	11	11
Q27216	11	11
Q27218	11	11
Q27221	9	9
Q27224	11	11
Q27227	9	9
Q27236		11
Q27243	9	9
Q27246	9	9
Q27249	9	9
Q27251	9	11
Q27254	11	
Q27258	11	11
Q27260		11
Q27270		11
Q27272	11	11
Q27273	9	9
Q27275	9	11
Q27278	11	11
Q27279		10
Q27281	11	11
Q27282		9
Q27285	11	11
Q27288	11	
Q27291	11	
Q27295	11	11
Q27296	9	11
Q27298	11	11
Q27299	11	11
Q27301	11	
Q27302	11	11
Q27304	11	
Q27305	11	11
Q27307	11	
Q27308	11	11
Q27310	11	11
Q27311	9	11
Q27313	11	
Q27314	9	11
Q27316	11	9
Q27317	11	11
Q27319	11	9
Q27320	11	11
Q27322	11	
Q27323	11	11
Q27325	11	11
Q27326	11	11
Q27328	11	
Q27329	11	
Q27332	11	11
Q27337	11	
Q27343	11	
Q27344	9	11
Q27346	11	11
Q27347	9	11
Q27350	9	11
Q27352		9
Q27353	11	11
Q27362	11	11
Q27364	11	11
Q27368		11
Q27370	11	
Q27371	11	11
Q27374	11	11
Q27379	11	
Q27380	11	
Q27385	11	11
Q27386	11	11
Q27389	11	11
Q27391	11	
Q27392		9
Q27394	11	11
Q27397	11	
Q27403	11	11
Q27406	9	9
Q27412	11	
Q27413	11	11
Q27418	9	
Q27422	9	11
Q27424	11	
Q27425	9	11
Q27430	11	
Q27433	11	
Q27439	11	11
Q27440	9	11
Q27443	9	11
Q27445	11	11
Q27449	9	
Q27451	11	
Q27455	9	
Q27457	9	11
Q27460	11	11
Q27461	9	9
Q27463	9	11
Q27465	11	11
Q27467	11	
Q27471	11	9
Q27475	11	11
Q27477	9	11
Q27479	9	9
Q27483	11	11
Q27487		11
Q27493	9	11
Q27495	11	
Q27503	11	11
Q27507	11	11
Q27511	11	9
Q27514	11	9
Q27517	11	9
Q27520	11	11
Q27521	9	11
Q27523	11	11
Q27527	9	11
Q27532	9	11
Q27535	11	
Q27543	9	11
Q27544	11	
Q27549	9	11
Q27550	9	9
Q27553	9	9
Q27556	11	9
Q27559	11	11
Q27562	9	9
Q27564	9	11
Q27565		9
Q27567	9	11
Q27570	9	11
Q27571	9	9
Q27580	9	9
Q27583	9	9
Q27586		9
Q27589		9
Q27592		9
Q27595		9
Q27597	9	11
Q27600	9	9
Q27612	11	11
Q27616		9
Q27621		9
Q27636	9	
Q27644	9	9
Q27649	9	11
Q27655	9	11
Q27656		9
Q27659		9
Q27673	9	11
Q27677		9
Q27680	9	9
Q27683	11	
Q27686	9	9
Q27689	11	11
Q27694	9	11
Q27704	11	9
Q27706	9	11
Q27707	9	9
Q27709	11	11
Q27712	9	11
Q27714		9
Q27718	9	11
Q27724	11	11
Q27726	11	11
Q27727	9	11
Q27729	9	9
Q27730		9
Q27732	9	9
Q27733	9	11
Q27735	9	11
Q27736	9	11
Q27738	11	9
Q27739	9	11
Q27741	11	11
Q27742	9	9
Q27744	9	
Q27745	9	11
Q27748	11	11
Q27753	11	11
Q27756	11	9
Q27759	11	9
Q27762	9	9
Q27765		9
Q27768	11	9
Q27770	9	11
Q27771	11	9
Q27774	11	9
Q27776		11
Q27777	11	
Q27779	9	11
Q27780	11	
Q27782		11
Q27783	11	
Q27785	9	11
Q27786	11	
Q27789	11	
Q27792	11	
Q27795	11	
Q27797	9	11
Q27800	9	11
Q27804	9	9
Q27806	11	11
Q27807	9	9
Q27812	11	11
Q27813		11
Q27820	11	
Q27826	11	
Q27827	11	11
Q27829	9	9
Q27830		9
Q27832	11	
Q27833	9	11
Q27835	11	
Q27836	9	11
Q27838	11	
Q27839	9	9
Q27841	11	11
Q27842	9	11
Q27844	11	
Q27850	11	
Q27854	11	11
Q27856	11	
Q27859	11	11
Q27860	9	11
Q27863	9	11
Q27865	9	9
Q27868	11	
Q27869	9	11
Q27872	9	11
Q27878	9	11
Q27881	9	11
Q27887	9	11
Q27889		11
Q27892	11	
Q27895	11	11
Q27901	11	11
Q27904	11	11
Q27906	9	11
Q27907	9	9
Q27913	11	9
Q27915	9	11
Q27916	11	
Q27919	11	11
Q27921	9	11
Q27922	11	
Q27924	11	11
Q27928	11	11
Q27930	9	
Q27931	9	9
Q27934	11	11
Q27937	11	11
Q27939	9	11
Q27940	11	
Q27946	11	
Q27949		9
Q27952	9	9
Q27964	11	11
Q27967	11	11
Q27970	11	11
Q27973	11	9
Q27976	11	11
Q27979	11	11
Q27982	11	
Q27985	11	11
Q27988	11	11
Q27991	9	9
Q27994	9	
Q27997	11	11
Q28000	11	11
Q28003	11	11
Q28007		11
Q28019	11	11
Q28025		9
Q28028	11	
Q28037		9
Q28043		9
Q28046		9
Q28049	9	9
Q28066		9
Q28074		9
Q28099		9
Q28102		9
Q28128		9
Q28136		9
Q28223	9	
Q28235	9	
Q28241	11	11
Q28251	9	
Q28264	9	
Q28276	9	
Q28281	11	11
Q28284	10	9
Q28292	9	
Q28297	11	11
Q28300	10	9
Q28304	9	
Q28305	9	11
Q28308	10	9
Q28351	11	
Q28353	11	11
Q28355	11	
Q28357		11
Q28359	11	
Q28361		11
Q28363	11	
Q28365	11	11
Q28367	11	
Q28370		11
Q28374		11
Q28375	9	9
Q28378		11
Q28383	11	11
Q28386		11
Q28390		11
Q28391	11	11
Q28394		11
Q28398	9	11
Q28402		11
Q28406		11
Q28410		11
Q28419	11	11
Q28423	11	11
Q28426		11
Q28431	11	11
Q28435	11	
Q28439	9	
Q28443	11	
Q28446	9	11
Q28447	11	11
Q28450	9	11
Q28455	11	11
Q28458	11	
Q28459	11	11
Q28467	11	11
Q28470		9
Q28471	9	11
Q28475	9	9
Q28478	9	11
Q28480	9	9
Q28484	9	9
Q28488	11	11
Q28492	11	11
Q28496	11	11
Q28500	11	11
Q28502	9	11
Q28504	11	11
Q28508	11	11
Q28512	11	11
Q28514		11
Q28516	11	11
Q28519	11	11
Q28520	9	11
Q28522	11	11
Q28523	9	11
Q28525	11	11
Q28528	11	11
Q28531	9	
Q28534		11
Q28535	9	11
Q28537	11	
Q28540	9	
Q28543	9	9
Q28546	11	
Q28549	11	11
Q28552	9	9
Q28555	11	
Q28558	11	
Q28561	11	
Q28562	9	
Q28564	9	9
Q28567	11	
Q28568	9	11
Q28570	11	
Q28576	11	
Q28579	11	
Q28585		11
Q28588	11	11
Q28591	11	
Q28593		11
Q28597	11	11
Q28599		9
Q28601	11	
Q28605	11	
Q28607	11	11
Q28617		9
Q28619	11	11
Q28621		9
Q28623	9	11
Q28625		9
Q28627	9	11
Q28629		9
Q28631	9	11
Q28633	9	9
Q28641	9	
Q28651	9	11
Q28654	9	9
Q28655	9	11
Q28659	9	11
Q28662	9	9
Q28670	9	
Q28674	9	
Q28675	9	11
Q28679		11
Q28682	9	
Q28686		9
Q28687	11	11
Q28695	9	9
Q28698	9	
Q28703		11
Q28710	9	9
Q28719		11
Q28722		9
Q28727	11	11
Q28730		9
Q28734	9	9
Q28742		9
Q28746	9	
Q28750		9
Q28754		9
Q28755	9	11
Q28758		9
Q28767	9	11
Q28771	11	11
Q28775	11	
Q28782		9
Q28783		9
Q28786	11	
Q28790	11	
Q28791	9	11
Q28804	9	10
Q28808	9	11
Q28818	11	9
Q28822	9	11
Q28824	9	
Q28826	9	9
Q28830	11	9
Q28838		9
Q28842		9
Q28844	10	11
Q28846	11	9
Q28850		9
Q28852	9	11
Q28854	11	9
Q28862	11	9
Q28864	9	11
Q28866	11	11
Q28870	11	9
Q28876	11	11
Q28878	11	
Q28880		11
Q28882	11	
Q28884	11	11
Q28886	11	
Q28888	9	11
Q28890	11	
Q28892		11
Q28894	11	
Q28896	11	11
Q28898	11	
Q28903	11	
Q28907	11	
Q28911	11	11
Q28916		11
Q28919	11	
Q28920		11
Q28923	11	
Q28927	9	9
Q28928		11
Q28931	9	9
Q28939	11	11
Q28944	9	11
Q28947	11	
Q28951	11	9
Q28955	11	9
Q28959	11	11
Q28963	9	11
Q28971	11	
Q28980	9	11
Q28983	11	11
Q28987	11	11
Q28991	11	11
Q28995	11	11
Q28999	11	11
Q29000	11	11
Q29003	11	11
Q29004	11	11
Q29007	9	9
Q29008	9	11
Q29011		11
Q29013	11	
Q29019		11
Q29023	11	11
Q29027	11	11
Q29029	9	11
Q29031	11	11
Q29033		9
Q29037	11	11
Q29042	11	
Q29046	9	
Q29050	9	9
Q29058	9	9
Q29061	9	11
Q29065		9
Q29066	11	11
Q29069	9	9
Q29074	9	9
Q29078	11	
Q29081	9	11
Q29085	9	11
Q29094	11	11
Q29097	11	11
Q29098	11	
Q29102	11	11
Q29105	11	11
Q29106	9	9
Q29108	9	9
Q29109	9	9
Q29113	9	11
Q29114	11	
Q29117		9
Q29125	9	11
Q29136	9	9
Q29137	9	11
Q29141	9	9
Q29167	9	
Q29171	9	9
Q29173	9	11
Q29175	11	
Q29177	9	11
Q29179	11	
Q29181	11	11
Q29183	11	11
Q29189	11	11
Q29191	11	11
Q29193	9	11
Q29201	9	11
Q29205	9	11
Q29209	9	11
Q29211	11	11
Q29213		11
Q29215	11	11
Q29219	11	11
Q29223	9	11
Q29227	11	9
Q29231	11	11
Q29233	9	11
Q29235	11	
Q29239	11	11
Q29241	11	
Q29243	11	
Q29245	11	11
Q29247	11	
Q29249	11	11
Q29251	9	
Q29253		9
Q29257	9	11
Q29259	11	11
Q29261	11	
Q29263	11	11
Q29265	11	11
Q29267	9	9
Q29271	9	
Q29273	11	11
Q29275	11	
Q29277	11	11
Q29279	9	9
Q29290	9	
Q29291	11	
Q29294	9	9
Q29295	9	9
Q29298	11	11
Q29302	11	11
Q29303	11	11
Q29304	9	9
Q29306	11	11
Q29307	11	11
Q29311	9	9
Q29315	11	11
Q29319	11	
Q29323	11	
Q29327	11	
Q29331	11	
Q29338	9	
Q29342	9	11
Q29346	9	11
Q29347		9
Q29351	9	9
Q29355	9	9
Q29358	9	
Q29360	9	9
Q29363	9	9
Q29370	9	
Q29371	9	
Q29374	9	
Q29384		9
Q29394	9	11
Q29396		9
Q29400		9
Q29404	9	9
Q29408		9
Q29410	9	9
Q29418	11	11
Q29422	11	11
Q29424	9	9
Q29426	11	11
Q29430	9	11
Q29436	9	9
Q29440		9
Q29442	11	11
Q29446	11	11
Q29450	9	11
Q29454	11	11
Q29456	11	9
Q29457		9
Q29458		11
Q29460	9	9
Q29462	9	11
Q29466	9	11
Q29468		9
Q29474	9	11
Q29476		9
Q29478	11	11
Q29480		9
Q29482	11	11
Q29484	9	9
Q29486	11	11
Q29488	11	
Q29492	11	11
Q29500		9
Q29502	9	11
Q29504	11	
Q29506	9	9
Q29508	11	
Q29510	9	9
Q29514	9	9
Q29516	11	
Q29517	9	9
Q29520		11
Q29526	11	11
Q29528	11	
Q29531	11	11
Q29532	11	
Q29535	9	11
Q29536	11	11
Q29544	11	
Q29547	11	11
Q29551	11	11
Q29552	11	
Q29554	9	9
Q29555	9	9
Q29556	9	9
Q29560	9	9
Q29563	11	11
Q29572	11	
Q29583	11	11
Q29584	11	
Q29591	9	11
Q29592	11	
Q29595	11	11
Q29607	9	9
Q29608	11	11
Q29611	11	11
Q29612	11	11
Q29616	9	9
Q29620	11	11
Q29624	9	9
Q29627		9
Q29628	11	11
Q29632	9	11
Q29635	9	
Q29636	11	11
Q29639	9	9
Q29644	11	
Q29647		11
Q29648	11	11
Q29656	11	
Q29664	11	
Q29667		9
Q29672	11	
Q29675	9	9
Q29680	9	9
Q29683	11	11
Q29684	11	9
Q29687		11
Q29688	9	9
Q29700	11	
Q29703		11
Q29704		11
Q29708	11	9
Q29712	11	9
Q29715		11
Q29717	11	9
Q29719		11
Q29721	11	9
Q29723	9	11
Q29725	9	9
Q29727	11	11
Q29733	11	11
Q29737	11	11
Q29744	11	11
Q29745	11	
Q29749	11	
Q29753	11	11
Q29761	11	11
Q29765	11	9
Q29766	9	
Q29770	11	
Q29776	11	11
Q29777	11	9
Q29781	9	11
Q29785	11	11
Q29789	9	
Q29792	11	11
Q29793	11	
Q29797	9	
Q29804	9	11
Q29805	9	9
Q29808	9	11
Q29809		9
Q29825	11	
Q29829	11	11
Q29837	11	11
Q29838	9	9
Q29841	11	11
Q29842	9	9
Q29845	11	11
Q29849	11	11
Q29853	11	11
Q29854	9	
Q29857	11	11
Q29861	9	9
Q29862	9	
Q29865	11	11
Q29866	9	
Q29869	11	
Q29870	9	9
Q29872	9	11
Q29874	9	9
Q29876	11	11
Q29889	11	11
Q29890	9	
Q29891	11	11
Q29900	9	11
Q29901	9	9
Q29904	9	11
Q29909	11	11
Q29913	9	
Q29917	11	11
Q29920	11	11
Q29928	11	11
Q29932	9	11
Q29933	11	9
Q29945	11	9
Q29949	11	11
Q29951	9	
Q29957	11	11
Q29960	9	11
Q29965	9	9
Q29967	9	
Q29968	11	11
Q29971	9	
Q29974		11
Q29979	9	
Q29980	9	11
Q29982		11
Q29986	11	11
Q29990	9	9
Q29998	11	11
Q30000	9	11
Q30010	9	9
Q30014	9	9
Q30018	9	9
Q30022	11	9
Q30025		11
Q30026	9	9
Q30030	9	9
Q30033	11	
Q30034	9	
Q30038	11	11
Q30041	9	11
Q30042	11	11
Q30045	11	11
Q30046	11	11
Q30050	11	9
Q30054	11	11
Q30057		11
Q30058	11	11
Q30062	11	11
Q30065	9	11
Q30066	11	11
Q30069	9	11
Q30070	11	9
Q30074	11	9
Q30078	11	9
Q30081	9	11
Q30082	11	11
Q30089		11
Q30090	9	9
Q30094	11	
Q30097	11	9
Q30098	9	11
Q30102	11	11
Q30105	11	11
Q30106	9	11
Q30113	11	
Q30114	11	
Q30117	11	
Q30118	11	11
Q30121	11	
Q30122	11	11
Q30125	11	
Q30139	11	11
Q30143	11	11
Q30145	11	11
Q30147	11	11
Q30149	11	11
Q30151	11	11
Q30155	11	11
Q30157		9
Q30159	11	11
Q30163	11	11
Q30167	11	11
Q30169	9	9
Q30171	11	11
Q30173	9	9
Q30175	11	11
Q30177		9
Q30179	11	11
Q30183	11	11
Q30185		9
Q30187	11	11
Q30198	9	
Q30203	9	11
Q30206		9
Q30207	9	11
Q30211	11	11
Q30214	9	9
Q30215	11	11
Q30219	9	11
Q30223	11	11
Q30226		9
Q30230		9
Q30231	9	11
Q30234		9
Q30235	11	11
Q30239		9
Q30243	11	11
Q30247	11	11
Q30255	9	9
Q30259	11	11
Q30262	9	9
Q30263	9	11
Q30266	9	9
Q30271	11	11
Q30274	9	9
Q30275	11	11
Q30282	11	9
Q30284	11	11
Q30286	11	9
Q30294		11
Q30296	11	11
Q30298		9
Q30302	11	
Q30304	9	9
Q30308	11	11
Q30310	11	11
Q30312	11	11
Q30318		9
Q30322	11	
Q30324	11	11
Q30326	9	9
Q30328	11	11
Q30332	9	11
Q30340	11	11
Q30343	9	9
Q30344	11	11
Q30347	11	
Q30351	11	
Q30359	11	
Q30363		9
Q30364	11	11
Q30368	9	9
Q30371	11	
Q30372	9	9
Q30375	9	9
Q30376		9
Q30380	9	11
Q30383	11	11
Q30384	9	11
Q30387	11	11
Q30391	9	9
Q30395	9	9
Q30399	9	9
Q30403	11	11
Q30404	11	11
Q30407	9	9
Q30411	11	9
Q30415	11	9
Q30419	11	9
Q30427	11	9
Q30432	9	11
Q30436	9	9
Q30440	11	11
Q30453		9
Q30456	11	11
Q30464	11	11
Q30468	11	11
Q30472	11	11
Q30488	11	11
Q30492	11	11
Q30496	11	11
Q30503	11	11
Q30507		11
Q30508	11	11
Q30523		9
Q30528	9	11
Q30531	9	9
Q30532	9	11
Q30535		9
Q30536	11	11
Q30539	11	11
Q30540	9	11
Q30551	11	
Q30555	11	
Q30559	11	11
Q30563	9	
Q30567	11	
Q30573	11	11
Q30575	11	11
Q30577	11	11
Q30583	11	11
Q30585	11	11
Q30587	11	11
Q30597	11	11
Q30599	9	9
Q30603	11	9
Q30607	11	11
Q30609	11	11
Q30611	9	11
Q30613		9
Q30615	9	9
Q30617	9	9
Q30623	9	11
Q30641	9	11
Q30644		9
Q30645	9	11
Q30648	11	11
Q30652		9
Q30653	11	11
Q30656		11
Q30660	11	11
Q30661		11
Q30664	9	9
Q30668	11	11
Q30672	11	11
Q30673	9	11
Q30676	11	
Q30677		11
Q30680	11	11
Q30684	11	
Q30685	9	11
Q30689	9	11
Q30696	11	11
Q30705	11	11
Q30708	11	11
Q30712	9	11
Q30713	11	11
Q30716	9	9
Q30720	11	11
Q30724	11	11
Q30726		11
Q30728	11	11
Q30730		11
Q30732	9	
Q30734		11
Q30736	11	9
Q30738	9	11
Q30740	11	9
Q30744	11	9
Q30748	11	11
Q30750	11	11
Q30752	11	9
Q30756	9	9
Q30760	11	
Q30768	9	11
Q30773	9	
Q30774	11	11
Q30778	9	11
Q30786	9	9
Q30789		11
Q30794	9	11
Q30798	9	11
Q30801	9	
Q30805	11	11
Q30806	9	11
Q30817	11	
Q30822	11	11
Q30830	11	11
Q30834	9	11
Q30841	9	11
Q30845	11	11
Q30858		11
Q30870	9	11
Q30873	9	9
Q30874	11	9
Q30877	9	9
Q30880	4	
Q30881	9	9
Q30882	9	
Q30886	9	11
Q30890	9	11
Q30893		9
Q30894		11
Q30901		9
Q30906	9	11
Q30910	9	9
Q30916		9
Q30920		9
Q30923	11	11
Q30924		9
Q30931		9
Q30932	9	9
Q30938	9	
Q30942	9	11
Q30943		11
Q30944	9	9
Q30947	9	11
Q30948	9	
Q30951	9	11
Q30955	9	9
Q30960	9	9
Q30964	9	
Q30970	9	9
Q30971	9	9
Q30979		11
Q30980	9	9
Q30983		11
Q30992		9
Q30995	9	9
Q30996	9	
Q31000	11	9
Q31004	11	
Q31011	9	11
Q31012	11	9
Q31019	9	11
Q31020	11	11
Q31026	10	
Q31028		11
Q31034	9	11
Q31036	9	9
Q31038	9	11
Q31040	11	
Q31042	9	9
Q31046		10
Q31047	9	11
Q31048	9	
Q31052		11
Q31055	11	11
Q31065	11	11
Q31067	11	11
Q31069		11
Q31073	11	11
Q31081	11	
Q31085	11	
Q31089	11	
Q31093	11	
Q31094	9	
Q31097		11
Q31101	11	
Q31103	9	11
Q31105		9
Q31107	9	11
Q31110	9	
Q31111	11	11
Q31113	11	11
Q31117	10	11
Q31121	11	11
Q31125	11	11
Q31129	9	11
Q31131	9	11
Q31133	11	11
Q31141	9	11
Q31143	9	11
Q31145	9	11
Q31149		11
Q31151	11	11
Q31153		11
Q31154	9	
Q31155	9	9
Q31157		11
Q31159	9	11
Q31161	9	
Q31164	9	11
Q31165		11
Q31166	9	9
Q31172		11
Q31176	11	11
Q31177		9
Q31178	9	9
Q31182	9	10
Q31188	9	
Q31191	9	
Q31195	9	
Q31203	9	
Q31204	9	11
Q31208		11
Q31212	9	11
Q31213	11	
Q31228	11	11
Q31234	11	9
Q31236	11	11
Q31240	9	11
Q31246	9	
Q31258		11
Q31262	11	
Q31266	11	
Q31267	9	
Q31270	9	11
Q31274	11	11
Q31276		11
Q31278		11
Q31282	9	9
Q31283	9	
Q31284		11
Q31286	11	
Q31287	9	
Q31288	9	11
Q31298	11	11
Q31302	11	11
Q31304	11	11
Q31306	11	11
Q31307	9	9
Q31308	9	11
Q31310	11	9
Q31314	11	11
Q31318	11	11
Q31322	11	
Q31326	9	9
Q31330	9	9
Q31338		11
Q31347	11	11
Q31355	11	9
Q31357	11	11
Q31359	11	11
Q31365		11
Q31375	11	9
Q31379	11	9
Q31385	11	11
Q31389	11	11
Q31393	9	11
Q31397	11	11
Q31403	11	
Q31405	9	11
Q31409	11	11
Q31421	11	11
Q31423	11	11
Q31433	11	11
Q31435	9	9
Q31439	11	9
Q31440	9	
Q31443	11	
Q31444	10	
Q31445	11	11
Q31448	9	9
Q31449	11	11
Q31452	9	9
Q31455	11	11
Q31459		9
Q31460	9	9
Q31464	9	
Q31466	11	11
Q31467	11	9
Q31468	9	
Q31470	11	11
Q31471	11	11
Q31472	9	9
Q31475	11	11
Q31476	9	
Q31479	9	11
Q31480	9	9
Q31483	11	11
Q31487	11	9
Q31491	9	11
Q31492	9	9
Q31495	11	11
Q31496	9	
Q31499	9	9
Q31503	11	11
Q31507	11	9
Q31511	11	11
Q31512	9	
Q31515	11	11
Q31516	9	
Q31519	11	9
Q31523	9	11
Q31527	11	11
Q31531	11	9
Q31532	9	
Q31534	9	9
Q31535	11	11
Q31536	9	9
Q31539	11	11
Q31541	9	
Q31542	11	11
Q31543	11	11
Q31547	11	11
Q31550	11	11
Q31551	11	11
Q31553		9
Q31555	11	
Q31559	9	11
Q31563	11	9
Q31565	9	
Q31567	11	11
Q31569	9	9
Q31570	9	9
Q31571	9	
Q31573	9	
Q31574	11	11
Q31575	11	
Q31577	9	
Q31579		9
Q31581	9	
Q31583	11	9
Q31585	9	
Q31591	11	11
Q31595		9
Q31597	9	9
Q31599	9	
Q31601	9	
Q31605	9	9
Q31609	9	
Q31613	9	9
Q31617	9	
Q31619	11	11
Q31621		9
Q31625	9	9
Q31631	9	11
Q31647	9	9
Q31649	9	9
Q31651	9	9
Q31655		9
Q31657	9	
Q31661	9	9
Q31669	9	9
Q31676	9	9
Q31681	9	
Q31685	9	
Q31688		9
Q31689	11	10
Q31701	9	
Q31705	9	10
Q31708	9	9
Q31716		9
Q31733	10	
Q31736	9	9
Q31737	9	
Q31740	11	11
Q31741	9	9
Q31744	11	11
Q31745	11	9
Q31753	9	9
Q31757	9	
Q31769	9	9
Q31773	9	10
Q31777	9	9
Q31780		9
Q31788	11	9
Q31792	11	
Q31797	11	
Q31800		9
Q31801	9	9
Q31804	11	11
Q31809	11	
Q31812	11	11
Q31813	9	
Q31821	11	9
Q31822	11	11
Q31826	11	11
Q31830	11	11
Q31832		9
Q31837	9	9
Q31840		11
Q31841	9	9
Q31845	9	9
Q31848		9
Q31852	9	11
Q31853	9	
Q31860	9	11
Q31861	9	
Q31864		9
Q31865	9	9
Q31867	11	11
Q31869	9	
Q31871	9	9
Q31872	11	11
Q31876	11	11
Q31879	11	11
Q31883	11	11
Q31887	11	11
Q31891	11	11
Q31896	9	9
Q31899	11	11
Q31900	11	11
Q31914	9	
Q31915	11	11
Q31916	11	
Q31919	11	11
Q31920	9	11
Q31923	9	9
Q31924	9	11
Q31930	9	
Q31931	11	11
Q31932	11	11
Q31934	9	9
Q31935		10
Q31936	11	9
Q31940	11	
Q31942	9	
Q31946	9	
Q31956	11	9
Q31963		11
Q31983	9	9
Q31987	9	
Q31991	11	11
Q31995		11
Q31999	11	11
Q32003	11	11
Q32011		11
Q32013		11
Q32015		11
Q32017	11	9
Q32019		11
Q32022	9	
Q32023		11
Q32027		11
Q32030	9	9
Q32031		11
Q32033		11
Q32037	11	9
Q32039	9	9
Q32041	11	11
Q32043	9	11
Q32045		11
Q32046	9	
Q32047	11	11
Q32049		9
Q32050	9	
Q32051	9	11
Q32053	9	9
Q32055		11
Q32057	11	
Q32059		11
Q32065	9	9
Q32069	11	9
Q32071		11
Q32073	11	9
Q32077	11	11
Q32079		11
Q32086	9	9
Q32091		11
Q32099	11	11
Q32101		11
Q32102	9	
Q32103		11
Q32105	11	9
Q32108		11
Q32112		11
Q32113	11	11
Q32116	9	11
Q32117	11	11
Q32121	11	11
Q32124		9
Q32125	11	11
Q32132	9	11
Q32137	11	9
Q32144		9
Q32146	9	
Q32149	9	9
Q32150	9	11
Q32152		9
Q32156	11	9
Q32157	11	11
Q32160	11	
Q32162		11
Q32165	11	11
Q32168	11	9
Q32169		11
Q32170	9	
Q32173	11	9
Q32177	11	11
Q32180	11	11
Q32181	11	11
Q32184	9	11
Q32185	11	11
Q32188	9	9
Q32190	9	11
Q32193	11	
Q32197	9	9
Q32201	11	
Q32204	9	9
Q32205	9	9
Q32208	9	11
Q32209	11	
Q32213	11	
Q32216	9	11
Q32217	9	11
Q32220		11
Q32225	9	9
Q32228	9	11
Q32232	9	11
Q32233	11	11
Q32234	9	9
Q32237	11	
Q32238	9	
Q32240	11	11
Q32241	11	
Q32242	9	9
Q32245	9	
Q32249	9	
Q32250	9	9
Q32253	11	11
Q32256		11
Q32257	9	9
Q32258	9	
Q32260	9	
Q32262	9	11
Q32266	9	
Q32268	11	11
Q32269		11
Q32270	9	11
Q32272	9	11
Q32273	9	
Q32274	11	
Q32277	9	11
Q32281	11	11
Q32285	9	9
Q32288	11	11
Q32296	11	11
Q32297	11	11
Q32302	9	9
Q32309		9
Q32313	11	9
Q32317		9
Q32318	9	
Q32323	9	
Q32332	9	11
Q32336	11	11
Q32340	9	11
Q32343	9	
Q32344	9	
Q32345		11
Q32352	9	9
Q32353		11
Q32356	9	11
Q32361	9	9
Q32373		9
Q32380	11	11
Q32384		11
Q32387		9
Q32388		11
Q32397		9
Q32399	11	9
Q32400		9
Q32404	11	11
Q32407	9	
Q32408	9	11
Q32409	9	9
Q32417		9
Q32420	11	11
Q32421	9	9
Q32423	11	
Q32427	9	11
Q32428	9	11
Q32437	9	9
Q32440		11
Q32443	9	9
Q32445		9
Q32447	9	
Q32452		11
Q32457	11	9
Q32460	11	11
Q32462		9
Q32466		9
Q32468		9
Q32470	9	
Q32478	9	
Q32482	11	
Q32497	11	11
Q32501	9	11
Q32505	11	11
Q32509	9	9
Q32510	11	
Q32513	11	11
Q32514	11	11
Q32518	9	9
Q32525		11
Q32534	11	11
Q32537		11
Q32538	9	11
Q32541		11
Q32545		11
Q32546	11	
Q32549	11	11
Q32550	9	9
Q32553	11	11
Q32554	9	
Q32556	9	
Q32557	11	9
Q32558	9	9
Q32561	11	11
Q32568	9	
Q32572	10	10
Q32573	9	11
Q32576	9	9
Q32578		11
Q32580	9	
Q32581	11	11
Q32582	9	9
Q32584	9	
Q32586	11	9
Q32590	11	9
Q32592	9	
Q32593	9	
Q32594		9
Q32596	9	9
Q32598	11	9
Q32600	9	
Q32602	9	9
Q32604	9	
Q32606	11	11
Q32608	9	9
Q32609	9	11
Q32610	11	9
Q32612	9	9
Q32614	11	11
Q32617		11
Q32618	11	
Q32621	11	11
Q32624	9	9
Q32626		9
Q32629	9	9
Q32630	11	9
Q32638	11	9
Q32642	9	9
Q32645	9	11
Q32648	11	11
Q32652	9	9
Q32653	11	11
Q32654	11	
Q32656	9	9
Q32657	11	11
Q32660	9	9
Q32661	11	11
Q32662	11	10
Q32664	9	
Q32665	11	11
Q32666	11	11
Q32674	11	11
Q32678	11	11
Q32681	11	11
Q32682	11	9
Q32684	9	9
Q32685	9	9
Q32686		9
Q32692		9
Q32693	9	9
Q32695	11	11
Q32699	11	11
Q32703	11	11
Q32709	9	11
Q32711	9	9
Q32713	9	11
Q32716		9
Q32719	11	9
Q32725	9	11
Q32727	9	9
Q32735	11	11
Q32736	9	
Q32739	11	
Q32740	9	9
Q32741		11
Q32743	11	11
Q32745	9	9
Q32747		11
Q32749	9	9
Q32751	11	11
Q32753	9	
Q32755	11	
Q32759	11	11
Q32763	11	11
Q32765	9	11
Q32771	9	
Q32775	11	
Q32777	9	11
Q32779	11	11
Q32780	9	9
Q32783	9	9
Q32784	9	
Q32785	9	11
Q32787	11	11
Q32788	9	
Q32791	11	11
Q32792	9	9
Q32795	11	11
Q32799	11	11
Q32803	11	9
Q32807	11	11
Q32809	11	11
Q32811	11	11
Q32812	9	
Q32814	9	11
Q32815	11	11
Q32824	9	9
Q32827		11
Q32828	9	
Q32830	11	11
Q32831		9
Q32832	9	
Q32835		11
Q32836	9	
Q32839	11	9
Q32840	9	
Q32843	11	
Q32844	9	
Q32847	11	
Q32848	9	
Q32850	11	11
Q32854	11	11
Q32855	11	11
Q32856	9	
Q32860	9	
Q32863		9
Q32864	9	9
Q32868	9	
Q32871		11
Q32872	9	
Q32883	9	9
Q32885	9	
Q32887		9
Q32889	9	
Q32891	9	9
Q32893	9	
Q32894	9	9
Q32909		9
Q32910	11	11
Q32913	9	
Q32917	9	
Q32921	9	
Q32923		11
Q32925	9	
Q32927	9	9
Q32930	9	11
Q32933	9	9
Q32935		9
Q32946		9
Q32947		9
Q32949	9	
Q32950	9	
Q32953	9	
Q32955		9
Q32957	9	
Q32958		11
Q32962		11
Q32963		9
Q32966	9	11
Q32969	9	9
Q32970	9	11
Q32971	9	9
Q32975	9	9
Q32978	9	11
Q32982	9	11
Q32989	11	11
Q32996	9	9
Q32997		9
Q32998	11	11
Q33000		9
Q33010	9	11
Q33011	9	
Q33028	11	9
Q33030	11	11
Q33032	11	11
Q33036	11	11
Q33040		11
Q33042	9	11
Q33046	11	11
Q33050	11	11
Q33060		11
Q33067	11	
Q33078		9
Q33082	9	11
Q33083	11	
Q33086	9	11
Q33100	9	
Q33102	11	11
Q33118	11	11
Q33122	9	10
Q33126	9	11
Q33142	9	11
Q33144	9	9
Q33152	11	9
Q33154	9	11
Q33162	9	9
Q33164	11	9
Q33166	9	9
Q33168	11	
Q33172	11	
Q33174		11
Q33176	11	11
Q33178	11	11
Q33182	11	11
Q33186	11	10
Q33188	11	9
Q33190	11	11
Q33198	11	11
Q33200	11	11
Q33202	11	11
Q33204	11	11
Q33206	11	11
Q33208	11	11
Q33214	9	11
Q33218	9	11
Q33222	9	11
Q33230	11	11
Q33232	11	11
Q33238	9	11
Q33242	11	11
Q33246	11	11
Q33252	9	11
Q33254	11	11
Q33256	11	11
Q33269	9	11
Q33271		11
Q33273	11	11
Q33277	11	11
Q33279		9
Q33293	9	11
Q33310	9	9
Q33314	9	9
Q33316	9	9
Q33318	9	9
Q33322	11	11
Q33326	11	11
Q33336		9
Q33338		9
Q33348		9
Q33351	9	9
Q33352		9
Q33360		9
Q33363		11
Q33376		9
Q33380		9
Q33396	9	9
Q33407		11
Q33412		9
Q33415	9	11
Q33416	11	9
Q33419	11	9
Q33420	11	
Q33435		9
Q33439	11	9
Q33440	11	11
Q33443	9	9
Q33447		9
Q33451		9
Q33456	9	9
Q33461	9	11
Q33469		11
Q33475	11	9
Q33479	11	9
Q33481	9	11
Q33483	11	
Q33485	9	11
Q33487	11	11
Q33489	11	11
Q33491	11	11
Q33493	9	11
Q33497	9	11
Q33499	11	11
Q33509	9	11
Q33511	11	9
Q33515	11	
Q33519	9	9
Q33527	11	9
Q33535	11	11
Q33537	9	11
Q33541	11	11
Q33545	11	11
Q33549	9	11
Q33553		9
Q33554	9	
Q33558	9	9
Q33574		9
Q33578		9
Q33581	9	9
Q33582		9
Q33589		9
Q33593	9	11
Q33597	9	11
Q33599	9	9
Q33603		9
Q33607	9	9
Q33611		9
Q33619		9
Q33629	9	11
Q33635		9
Q33639		9
Q33641	11	11
Q33643		9
Q33647	11	9
Q33651	11	9
Q33655	11	9
Q33659	9	9
Q33661	11	11
Q33667	11	11
Q33670		9
Q33671		11
Q33674	9	9
Q33678		11
Q33679	9	9
Q33686	11	11
Q33687	11	
Q33690	11	11
Q33694	9	11
Q33695	11	11
Q33699	11	11
Q33703	11	11
Q33707	11	11
Q33711	11	11
Q33715		11
Q33719	11	
Q33723	9	9
Q33731	11	11
Q33735	11	11
Q33742	9	11
Q33743	11	9
Q33747	9	9
Q33750	11	11
Q33751	11	11
Q33754	9	11
Q33755	11	11
Q33759	9	9
Q33762	11	11
Q33766	9	11
Q33775	9	9
Q33779	9	9
Q33782	11	11
Q33783	9	
Q33787	9	9
Q33790	9	11
Q33795		9
Q33799		11
Q33811	9	
Q33815		9
Q33819		9
Q33828	9	9
Q33834	9	11
Q33836		9
Q33844	11	9
Q33848	11	11
Q33854	9	11
Q33858	11	11
Q33862	11	11
Q33868	11	9
Q33872	11	11
Q33876	11	9
Q33888	9	9
Q33892	9	9
Q33896	11	11
Q33900	11	11
Q33904	11	11
Q33908	11	11
Q33912	11	11
Q33916	11	11
Q33920	9	9
Q33925		9
Q33929	9	9
Q33933	11	11
Q33937	11	11
Q33941	9	9
Q33945	11	11
Q33953	9	11
Q33957	11	11
Q33960	11	11
Q33961	9	11
Q33964	11	11
Q33965	9	9
Q33973	9	9
Q33977		11
Q33980	11	11
Q33981	9	11
Q33996	11	11
Q34000	11	11
Q34001	9	9
Q34004	9	11
Q34005	9	9
Q34008	11	11
Q34009		9
Q34028	11	11
Q34040	11	11
Q34049		9
Q34052	11	11
Q34057	9	
Q34066	11	11
Q34074	11	11
Q34076	11	11
Q34082	11	11
Q34084	9	11
Q34088	9	11
Q34092	11	11
Q34094	11	9
Q34098	11	
Q34106	11	
Q34110	11	
Q34112	11	
Q34114	11	9
Q34116	11	11
Q34122	11	11
Q34126	11	11
Q34134		9
Q34137	9	11
Q34141	11	11
Q34142	11	11
Q34145	11	11
Q34146	11	11
Q34149	11	11
Q34150	11	11
Q34158	11	11
Q34161		11
Q34162	11	
Q34165		11
Q34166	11	11
Q34169	11	9
Q34170	11	11
Q34173	11	9
Q34178	11	11
Q34181	11	11
Q34193	9	9
Q34197	9	9
Q34199	9	
Q34237	9	
Q34245	9	
Q34249	9	
Q34285	11	9
Q34289	11	9
Q34297	11	9
Q34301	11	11
Q34305	11	11
Q34306	9	11
Q34309	11	11
Q34310	11	11
Q34313	11	11
Q34317	11	11
Q34321	11	11
Q34325	11	11
Q34329	11	11
Q34333	11	
Q34334	11	11
Q34337	11	11
Q34341	11	11
Q34346	9	11
Q34349	9	9
Q34362		11
Q34365	9	9
Q34377	11	
Q34378	11	11
Q34381	9	9
Q34385	11	11
Q34386	11	11
Q34389	11	11
Q34390	11	
Q34403	9	9
Q34411	11	11
Q34441	9	11
Q34443	11	11
Q34453	11	11
Q34455	11	11
Q34463	9	9
Q34466		9
Q34467	9	9
Q34470	11	
Q34471	9	9
Q34474	11	9
Q34475	11	11
Q34478	11	11
Q34479	9	9
Q34482		11
Q34486	11	11
Q34490	11	11
Q34491	9	11
Q34494	11	11
Q34498	11	11
Q34499	11	11
Q34502	11	11
Q34503	9	11
Q34506	9	9
Q34507	11	11
Q34510	11	11
Q34511	11	11
Q34518	11	11
Q34523	11	11
Q34526	11	11
Q34527	11	11
Q34531	9	11
Q34535		9
Q34539	11	
Q34542	9	9
Q34551	11	11
Q34555	11	11
Q34558	11	11
Q34562	9	9
Q34568	9	11
Q34576	11	11
Q34590	9	9
Q34596	11	11
Q34600	11	11
Q34606	11	
Q34610	11	11
Q34622		10
Q34624	11	11
Q34631		11
Q34632	11	11
Q34635	11	11
Q34643	11	11
Q34647	11	
Q34649	9	9
Q34651	11	11
Q34653	11	11
Q34655	11	11
Q34657	11	11
Q34659	11	11
Q34666	11	11
Q34670	11	11
Q34671	11	11
Q34683	11	11
Q34687	11	11
Q34691	11	
Q34694		11
Q34698	11	11
Q34702	11	
Q34706	11	11
Q34707	11	11
Q34715	11	11
Q34723		9
Q34730	11	11
Q34738	11	11
Q34746	11	11
Q34747		11
Q34751	11	11
Q34762	11	9
Q34770	11	11
Q34772	9	11
Q34780		11
Q34796	11	11
Q34798	11	
Q34800	9	11
Q34802	11	
Q34804	9	11
Q34806	11	11
Q34810	9	9
Q34814	11	11
Q34817	11	11
Q34820	9	9
Q34821	11	9
Q34825		11
Q34828	9	
Q34835	11	11
Q34841	11	9
Q34845		11
Q34851	9	9
Q34853		11
Q34855	9	11
Q34857	11	11
Q34861	9	9
Q34865	9	9
Q34867	9	11
Q34869		9
Q34871		11
Q34875	9	11
Q34877		11
Q34879	9	11
Q34881	11	11
Q34883	11	11
Q34885	11	
Q34893	11	11
Q34895	9	11
Q34898	11	11
Q34902	11	11
Q34906	11	11
Q34910	9	9
Q34914	11	11
Q34918	11	11
Q34926	11	11
Q34930	11	11
Q34935	9	11
Q34947	9	11
Q34951	11	11
Q34987	9	11
Q34991	9	11
Q34995	9	11
Q34999	9	11
Q35006	9	9
Q35011		11
Q35015		11
Q35019	11	11
Q35022	11	11
Q35023		11
Q35030	11	11
Q35035		11
Q35050	11	11
Q35054	11	10
Q35055		11
Q35062	11	11
Q35070		9
Q35082	11	
Q35085		11
Q35098	11	11
Q35101	9	9
Q35102	11	11
Q35105	11	11
Q35109	11	11
Q35110		11
Q35117		11
Q35118		11
Q35122	11	11
Q35125	11	11
Q35126	11	
Q35129	9	11
Q35130	11	
Q35133	9	11
Q35142	11	
Q35146	9	
Q35153	11	11
Q35157	11	
Q35159	11	11
Q35161	11	11
Q35165	11	11
Q35167	9	9
Q35171	9	
Q35175		11
Q35177	9	11
Q35181	11	11
Q35183		11
Q35187	11	11
Q35191	11	11
Q35193	9	
Q35201	11	11
Q35205	9	11
Q35213	9	11
Q35225	9	11
Q35229	9	11
Q35235	9	11
Q35239	11	11
Q35241	9	11
Q35243		11
Q35245	9	11
Q35251	9	
Q35255	9	
Q35259	11	
Q35266		11
Q35267	11	
Q35270	11	11
Q35271	11	9
Q35274	9	11
Q35275	11	
Q35278		11
Q35279	9	9
Q35283	11	11
Q35286		9
Q35287	11	9
Q35290	9	11
Q35291	11	11
Q35294	9	11
Q35298	11	11
Q35302	9	
Q35318	9	11
Q35322	9	11
Q35326	9	11
Q35330	11	
Q35334	9	9
Q35342	9	
Q35346	11	11
Q35354	9	11
Q35366	9	11
Q35370	9	11
Q35374	9	11
Q35386	9	11
Q35389	11	11
Q35390	9	
Q35393		11
Q35394	9	11
Q35401	11	11
Q35402	11	
Q35409	11	11
Q35410	11	
Q35413	11	11
Q35414		9
Q35417	11	11
Q35418		11
Q35421	11	11
Q35425	11	11
Q35430	9	9
Q35469	11	
Q35470	9	11
Q35473	11	
Q35486	9	11
Q35490	9	9
Q35497	9	
Q35498	9	11
Q35509	11	11
Q35510	11	11
Q35513		9
Q35514	11	11
Q35521	9	9
Q35525		11
Q35526	11	11
Q35529	11	
Q35530	11	11
Q35534	11	11
Q35537	9	11
Q35538	11	11
Q35541		11
Q35542	11	
Q35545	9	11
Q35553	11	11
Q35557	11	11
Q35558	11	11
Q35561		9
Q35562	11	11
Q35565	9	11
Q35566	11	11
Q35569	11	
Q35573	11	
Q35581		9
Q35586	11	11
Q35593	11	11
Q35594	9	11
Q35601	11	11
Q35602	11	11
Q35605	11	11
Q35606	11	11
Q35609	11	11
Q35610	11	11
Q35617	9	9
Q35623	9	9
Q35629		11
Q35633		11
Q35635	11	11
Q35637	9	11
Q35643	11	11
Q35645	9	11
Q35647	11	11
Q35657	9	
Q35659	11	11
Q35661		9
Q35665		11
Q35669	11	11
Q35677	9	9
Q35681	9	
Q35685	11	11
Q35687	11	11
Q35691	11	11
Q35693		11
Q35695	11	11
Q35699	11	11
Q35701		11
Q35703	11	11
Q35705	9	11
Q35714	11	9
Q35715	11	11
Q35719	11	11
Q35727	11	11
Q35782	11	11
Q35786	9	
Q35798	9	9
Q35806	9	9
Q35818	11	11
Q35827	11	11
Q35831	11	11
Q35835	11	11
Q35839	11	11
Q35843	11	11
Q35847	11	
Q35851	11	
Q35855	11	
Q35867	11	11
Q35922	11	11
Q35934	11	11
Q35936	11	11
Q35938	11	11
Q35940	9	11
Q35942	9	
Q35944	9	11
Q35948	9	11
Q35952		11
Q35956	11	11
Q35964	11	11
Q35966		11
Q35970		11
Q35974	11	11
Q35978	11	11
Q35986	11	11
Q35988	11	
Q35996	11	
Q36000	9	11
Q36010	11	
Q36022	11	
Q36028	9	11
Q36030		11
Q36034	11	11
Q36036		11
Q36038	11	11
Q36054		9
Q36056	11	11
Q36058		9
Q36062	11	11
Q36064	9	11
Q36066	9	
Q36068	9	11
Q36070	9	
Q36072	11	11
Q36074	9	
Q36076	11	11
Q36078	9	
Q36080	11	11
Q36082	9	
Q36086	11	11
Q36090	9	11
Q36094	9	
Q36098	9	9
Q36102	9	9
Q36104	11	11
Q36106	9	11
Q36110	9	9
Q36112	11	11
Q36114	9	9
Q36118		9
Q36120	9	9
Q36130	9	11
Q36134	9	11
Q36138	11	11
Q36141	11	11
Q36142	11	
Q36145	11	11
Q36146	9	11
Q36149	11	11
Q36150		9
Q36154		9
Q36165	9	11
Q36166	11	11
Q36193	11	11
Q36197	11	11
Q36201	11	11
Q36205	11	11
Q36218	11	
Q36242	9	9
Q36246	11	11
Q36253		9
Q36257		11
Q36259	11	11
Q36261		11
Q36263		11
Q36271	11	
Q36273		11
Q36283	9	11
Q36284	11	
Q36287	11	11
Q36288	9	9
Q36291	11	11
Q36292	9	
Q36295	11	11
Q36296	11	11
Q36299	11	11
Q36304		9
Q36307	11	11
Q36312		11
Q36316		11
Q36319	11	11
Q36320	11	11
Q36323	11	11
Q36324		11
Q36327	11	11
Q36328		11
Q36331	9	9
Q36332		11
Q36336		11
Q36340		11
Q36344		11
Q36348		11
Q36352		11
Q36356		11
Q36360	9	9
Q36364		11
Q36368		11
Q36372		11
Q36376		11
Q36380	11	
Q36384		11
Q36386	9	
Q36388		11
Q36392		11
Q36396		11
Q36400	9	9
Q36408	11	11
Q36412		11
Q36416		11
Q36418		11
Q36420	11	11
Q36424		11
Q36426		11
Q36428	11	11
Q36445		11
Q36449		11
Q36450	9	
Q36454	9	
Q36458		11
Q36461		11
Q36481	9	11
Q36493	9	11
Q36494		11
Q36497	9	9
Q36498	9	11
Q36502	9	9
Q36506	9	
Q36510	9	
Q36513		11
Q36514	11	11
Q36517	9	11
Q36518	9	11
Q36529	9	11
Q36530		9
Q36534		9
Q36537	9	11
Q36541	11	
Q36542	11	11
Q36545	11	11
Q36549		11
Q36550	11	11
Q36553	9	11
Q36554	9	
Q36557	9	11
Q36565	11	
Q36577	11	11
Q36585	9	11
Q36593	9	11
Q36599	9	
Q36601		9
Q36609	11	11
Q36611		9
Q36613	9	9
Q36617	9	9
Q36619	9	9
Q36622	9	11
Q36626	11	11
Q36627	9	9
Q36631	11	11
Q36636	9	11
Q36639	9	
Q36648	9	11
Q36651	9	
Q36655	11	
Q36663		11
Q36664	9	11
Q36668		11
Q36671	11	9
Q36672		11
Q36683		11
Q36685		11
Q36693	9	11
Q36697		11
Q36703	9	
Q36707	9	
Q36709	9	11
Q36711	11	11
Q36713	9	11
Q36715	9	
Q36717	9	9
Q36719		11
Q36721		11
Q36723	11	10
Q36727	11	9
Q36731	9	11
Q36735		11
Q36739	11	11
Q36743	11	11
Q36747	11	
Q36755	9	
Q36757		11
Q36773		9
Q36781	9	11
Q36789	11	11
Q36793	11	11
Q36801	9	11
Q36809		11
Q36817	9	9
Q36821	11	11
Q36829	9	11
Q36833	10	11
Q36837	11	11
Q36841	11	11
Q36845	11	11
Q36861	11	11
Q36877	9	9
Q36881	9	11
Q36893	11	11
Q36897	11	11
Q36901		9
Q36918	11	11
Q36922	11	11
Q36926	9	
Q36938	11	11
Q36958	9	11
Q36962	9	11
Q36966	11	11
Q36970	11	11
Q36974		9
Q36986	11	11
Q37002		11
Q37006	9	9
Q37010	9	11
Q37014	9	11
Q37022		11
Q37026	9	11
Q37037	11	11
Q37038		11
Q37041		11
Q37042	9	11
Q37045	9	9
Q37049	11	11
Q37054	9	11
Q37058	11	11
Q37061	9	
Q37065	11	11
Q37069	11	11
Q37083		11
Q37085	11	11
Q37089	11	11
Q37091		11
Q37093	11	11
Q37097	11	11
Q37101	11	11
Q37103	11	11
Q37105	11	11
Q37113	11	11
Q37125	11	
Q37129	11	
Q37133	11	
Q37137	11	11
Q37139	11	11
Q37141	11	
Q37143		11
Q37145	11	11
Q37149	11	11
Q37153	11	
Q37155		11
Q37167	11	11
Q37171	9	9
Q37176		11
Q37183	11	11
Q37185	11	11
Q37191	9	
Q37202	9	11
Q37205	10	11
Q37206	9	11
Q37210	9	11
Q37214	9	11
Q37238	9	9
Q37250	11	11
Q37258	11	11
Q37262	11	11
Q37266	11	11
Q37270	11	11
Q37278	9	11
Q37282	11	
Q37286	9	9
Q37290	9	11
Q37294	9	11
Q37298	9	11
Q37302	9	9
Q37310	9	11
Q37318	11	11
Q37342	11	11
Q37370	9	11
Q37374	11	11
Q37377	9	
Q37378	11	11
Q37391	9	9
Q37393		11
Q37395	11	11
Q37397		11
Q37399	11	11
Q37401	11	11
Q37403	11	11
Q37405	11	9
Q37407		11
Q37409	9	9
Q37411		11
Q37413	9	11
Q37415	11	11
Q37417	9	
Q37421	9	11
Q37423	11	9
Q37425	9	9
Q37427	9	11
Q37428	9	9
Q37431	11	11
Q37432	9	10
Q37436	11	11
Q37440	9	
Q37443	11	11
Q37445	9	9
Q37447	11	11
Q37451	11	11
Q37455	9	11
Q37456	11	11
Q37459	11	11
Q37463	9	11
Q37467	9	11
Q37468	9	9
Q37472	9	9
Q37475	11	11
Q37476	9	
Q37479	11	11
Q37480	9	
Q37487	9	11
Q37491	9	
Q37492	9	
Q37500		9
Q37503		11
Q37504	9	
Q37508	9	9
Q37511	11	11
Q37512	9	
Q37516	9	
Q37520	9	
Q37523	9	11
Q37524	9	11
Q37531	11	
Q37541	11	11
Q37545	11	11
Q37549	11	11
Q37550	9	11
Q37553		11
Q37554	9	11
Q37557	9	9
Q37561	9	11
Q37573	9	
Q37578	9	11
Q37593	9	9
Q37601	9	
Q37602		9
Q37610	9	11
Q37614	11	
Q37617	9	9
Q37622	11	11
Q37634	9	11
Q37638	11	11
Q37645	9	
Q37653	9	9
Q37661	9	
Q37662	11	11
Q37665	11	11
Q37666	11	11
Q37669	9	11
Q37670	11	11
Q37673	11	11
Q37674	11	11
Q37677	11	11
Q37678		9
Q37681	11	9
Q37686		11
Q37689	9	9
Q37693	9	11
Q37694	11	
Q37697	9	
Q37701	9	
Q37702	11	11
Q37709	11	11
Q37718	11	11
Q37726	11	11
Q37730		11
Q37733		11
Q37734		11
Q37753	9	11
Q37754	11	11
Q37757		9
Q37762	11	11
Q37767	11	11
Q37769	11	11
Q37771	9	11
Q37775	11	11
Q37777	9	9
Q37785		11
Q37787		11
Q37793	11	
Q37795	11	
Q37797	9	11
Q37799	9	9
Q37803	9	9
Q37805	11	11
Q37807	11	11
Q37813		11
Q37817	11	11
Q37819	9	11
Q37821	11	11
Q37829	11	11
Q37831	9	11
Q37836	11	11
Q37839	9	11
Q37841	11	9
Q37843	9	11
Q37845		11
Q37849	11	11
Q37859	11	11
Q37863	9	9
Q37875	9	11
Q37879	9	11
Q37883	9	11
Q37891	9	11
Q37903	9	
Q37907	11	11
Q37932		11
Q37936	11	11
Q37944	11	11
Q37960	9	9
Q37964	9	11
Q37968	11	11
Q37972	9	11
Q37988	9	11
Q37992	11	11
Q37996	9	10
Q37997	11	11
Q38000	9	11
Q38012	11	11
Q38016	11	11
Q38036	9	11
Q38040	9	11
Q38048		9
Q38052	9	11
Q38056	11	11
Q38090	9	9
Q38102	9	9
Q38154	9	9
Q38158	9	9
Q38164	11	11
Q38168	9	11
Q38172	11	11
Q38182	9	9
Q38188	11	11
Q38206	9	9
Q38209	9	11
Q38217	11	11
Q38229	11	11
Q38230		9
Q38233	11	
Q38237	11	
Q38241	9	9
Q38269	11	11
Q38281	11	11
Q38285	11	11
Q38289	9	11
Q38293	9	9
Q38297	11	11
Q38301	9	9
Q38309	9	9
Q38317	11	11
Q38349	11	11
Q38353	11	11
Q38357	9	11
Q38361	11	11
Q38369	11	11
Q38381	11	11
Q38385	9	9
Q38389	11	11
Q38397	11	11
Q38401	11	11
Q38405	11	11
Q38409	11	11
Q38429	9	9
Q38433	11	11
Q38440	11	11
Q38449	9	11
Q38452	11	11
Q38453	11	11
Q38457		9
Q38460	11	11
Q38472	9	9
Q38476		11
Q38480	11	11
Q38484	11	11
Q38488	11	11
Q38501	11	11
Q38504	11	11
Q38512	11	11
Q38516	11	11
Q38518	11	11
Q38524	11	11
Q38528		11
Q38530	11	
Q38532	11	11
Q38534	11	11
Q38536	11	11
Q38540	11	
Q38542	9	11
Q38544		11
Q38548	11	11
Q38552	11	
Q38556	11	
Q38558	11	11
Q38560	11	
Q38562	11	11
Q38564	11	
Q38568	11	
Q38581	11	
Q38582	11	11
Q38590		9
Q38594	11	11
Q38597	11	11
Q38598	11	11
Q38601	11	11
Q38605	11	11
Q38610	11	11
Q38614	11	11
Q38618	11	11
Q38629	11	11
Q38637	11	11
Q38638	11	11
Q38642		11
Q38662	9	11
Q38666	11	11
Q38694	9	11
Q38698	11	11
Q38699	11	11
Q38702	9	11
Q38710	11	11
Q38714	9	11
Q38730	9	11
Q38742		9
Q38746	11	11
Q38750	9	11
Q38754	11	11
Q38758	9	11
Q38762	11	11
Q38774	11	11
Q38782	11	11
Q38814		9
Q38818	11	11
Q38821	11	9
Q38822	11	11
Q38825	9	9
Q38829	9	9
Q38833	9	11
Q38834	11	11
Q38837	11	9
Q38838	11	11
Q38841	9	9
Q38842	11	11
Q38845	9	9
Q38846	11	11
Q38849	11	
Q38853	11	11
Q38857	9	9
Q38861		11
Q38865		11
Q38870	9	
Q38874	11	
Q38877	9	
Q38881	9	9
Q38885	9	
Q38889	9	9
Q38890	11	11
Q38893	9	11
Q38894	11	11
Q38898	11	
Q38902	11	11
Q38909	9	9
Q38913	9	
Q38914	9	9
Q38922	11	11
Q38925	11	11
Q38926	11	11
Q38929	11	11
Q38930	9	11
Q38933	11	9
Q38934	9	9
Q38937	9	9
Q38938	9	9
Q38941	9	
Q38946	9	9
Q38950		9
Q38954	11	11
Q38965	11	9
Q38969	11	11
Q38970		11
Q38973	9	9
Q38978	9	11
Q38982	9	11
Q38989		9
Q38997	9	9
Q38998		11
Q39005	11	11
Q39009	11	11
Q39013	9	
Q39014	9	11
Q39021	11	9
Q39025		9
Q39030	9	11
Q39033	9	
Q39034	9	11
Q39037	11	11
Q39041	9	9
Q39042		9
Q39045	9	11
Q39046	11	11
Q39049	9	9
Q39053	9	9
Q39061	9	9
Q39066	9	11
Q39070	9	11
Q39073	9	
Q39078	9	11
Q39089	9	9
Q39091	9	11
Q39094	9	11
Q39098		11
Q39103		9
Q39107	9	11
Q39111	9	11
Q39114	9	11
Q39115	9	11
Q39118	9	11
Q39122	9	9
Q39126	9	
Q39131	11	11
Q39138		9
Q39142		9
Q39143	11	
Q39146		11
Q39151	9	11
Q39171	9	11
Q39175	9	9
Q39182		11
Q39187	11	11
Q39203		11
Q39206		11
Q39219	9	
Q39223	9	
Q39226	11	11
Q39230	9	
Q39238	11	11
Q39239	9	11
Q39242	11	
Q39258	11	11
Q39260	11	11
Q39262	11	11
Q39264	11	11
Q39268	9	9
Q39272	11	11
Q39274	11	11
Q39276	9	9
Q39280	9	
Q39282	9	11
Q39284		11
Q39286	9	
Q39288	9	11
Q39290	11	9
Q39292	9	9
Q39294		11
Q39296	9	9
Q39300	11	11
Q39302		11
Q39304	11	11
Q39306	9	11
Q39308	11	11
Q39312	11	11
Q39316	11	11
Q39318	9	11
Q39320	11	11
Q39322	9	11
Q39324	11	11
Q39326	9	11
Q39328	11	11
Q39332	10	11
Q39336	9	9
Q39338	9	11
Q39340	11	11
Q39344	11	11
Q39346	11	11
Q39348	11	11
Q39352	9	9
Q39360		11
Q39362	9	11
Q39364		11
Q39370		11
Q39374	11	11
Q39388	11	11
Q39390	9	11
Q39414	11	11
Q39416		10
Q39420	9	
Q39424	11	11
Q39426	9	11
Q39434	9	11
Q39436	11	9
Q39438	11	11
Q39444		11
Q39448	9	
Q39452	11	11
Q39455	11	11
Q39467	9	11
Q39475	9	
Q39487	9	11
Q39503	9	11
Q39507		9
Q39515		11
Q39523		11
Q39527	9	11
Q39531	9	11
Q39535	9	9
Q39543	9	9
Q39551	11	11
Q39555	11	11
Q39567	11	11
Q39576	11	11
Q39584	11	11
Q39592	11	11
Q39596	11	11
Q39608	9	9
Q39616	9	11
Q39620	9	9
Q39624	11	11
Q39628	9	11
Q39632	11	11
Q39636	11	11
Q39644	11	
Q39664	11	11
Q39668	9	11
Q39680	9	9
Q39692	11	11
Q39696	11	11
Q39731	9	9
Q39735	9	9
Q39739	9	11
Q39763	11	11
Q39767	11	11
Q39775	11	11
Q39779	11	11
Q39807	11	11
Q39811	11	11
Q39831	11	11
Q39835	11	11
Q39839	11	11
Q40215	11	11
Q40219	11	11
Q40223	11	11
Q40231	11	11
Q40235	11	11
Q40239	11	11
Q40259	11	11
Q40263	11	11
Q40265	11	11
Q40267	11	11
Q40269	9	11
Q40277	11	11
Q40281	11	11
Q40284	11	11
Q40285	9	9
Q40287	11	11
Q40291	9	9
Q40293	11	
Q40297	11	11
Q40316	11	11
Q40317	11	11
Q40321	11	11
Q40324	11	11
Q40328	11	11
Q40332	11	11
Q40349	11	11
Q40352	9	11
Q40360	11	11
Q40364	9	11
Q40365	11	11
Q40369	11	11
Q40372	9	9
Q40373	11	11
Q40377	11	11
Q40380	11	11
Q40381	11	11
Q40388	11	11
Q40392	11	11
Q40396	11	11
Q40397	11	11
Q40400	11	11
Q40404	11	11
Q40429	11	11
Q40433	11	11
Q40436		11
Q40437	9	11
Q40440		11
Q40441	11	11
Q40444		11
Q40448		11
Q40452	9	9
Q40453	11	11
Q40456	9	
Q40460		11
Q40464		11
Q40468		11
Q40473	11	11
Q40480	11	11
Q40484	9	9
Q40500		11
Q40504		11
Q40508		11
Q40512		11
Q40516		11
Q40520		11
Q40524		11
Q40528		11
Q40544	9	9
Q40548	9	9
Q40556	9	9
Q40560		11
Q40564	9	9
Q40568	9	9
Q40576	11	11
Q40580	11	
Q40584	9	9
Q40600		11
Q40604		11
Q40608		11
Q40612		11
Q40620		11
Q40622		9
Q40625		11
Q40626	9	11
Q40629		11
Q40630	9	9
Q40633	9	9
Q40634	9	9
Q40641		11
Q40642	9	9
Q40645		11
Q40649		11
Q40653		11
Q40657		11
Q40661		11
Q40665	11	11
Q40666	9	
Q40669		11
Q40673		11
Q40677		11
Q40681		11
Q40685		11
Q40689		11
Q40693		11
Q40694	9	9
Q40697		11
Q40698	9	9
Q40701		11
Q40702	11	9
Q40705		11
Q40706	11	9
Q40713		11
Q40714	11	11
Q40718		11
Q40721		11
Q40729		11
Q40734	11	
Q40737		11
Q40738	9	9
Q40741		11
Q40743	9	9
Q40745		11
Q40749		11
Q40753	11	11
Q40756	11	11
Q40757		11
Q40760	9	9
Q40764	9	9
Q40765		9
Q40768	9	
Q40769	9	9
Q40772	9	11
Q40773	9	11
Q40776	9	9
Q40777	9	9
Q40781	9	
Q40785	11	
Q40789	9	11
Q40793	11	11
Q40797	11	11
Q40800	11	11
Q40801	11	11
Q40805	9	
Q40809	9	11
Q40811		9
Q40813	11	11
Q40817	11	9
Q40819		9
Q40821	9	11
Q40823		9
Q40825	9	
Q40829	9	11
Q40833	9	
Q40837		11
Q40847		9
Q40849		11
Q40851		11
Q40853		9
Q40855	9	9
Q40857		11
Q40861		11
Q40863	9	9
Q40865		11
Q40869		11
Q40873		11
Q40877		11
Q40881		11
Q40883	9	
Q40885		11
Q40887	9	
Q40889		11
Q40893		11
Q40897		11
Q40901		11
Q40903	9	
Q40905		11
Q40909		11
Q40911	9	9
Q40913		11
Q40919		9
Q40921		11
Q40923	9	9
Q40927	11	9
Q40929		11
Q40939	9	9
Q40940		11
Q40944		11
Q40948		11
Q40951	9	11
Q40952		11
Q40956		11
Q40959	11	11
Q40960		11
Q40965		11
Q40967	11	11
Q40969		11
Q40971	9	
Q40973		11
Q40975	9	9
Q40977		11
Q40979	11	11
Q40981		11
Q40984	11	
Q40985		11
Q40988		11
Q40989		11
Q40992	11	11
Q40993		11
Q40996	11	11
Q40997		11
Q41000	11	11
Q41001		11
Q41004	9	9
Q41005		11
Q41008	11	11
Q41009		11
Q41013		11
Q41016	9	11
Q41017		11
Q41021		11
Q41024		11
Q41025		11
Q41028	9	11
Q41029	11	11
Q41037		11
Q41041		11
Q41049		11
Q41053		11
Q41057	9	9
Q41061		11
Q41064	9	11
Q41065		11
Q41072	11	11
Q41073		11
Q41076	9	
Q41080	9	
Q41084		11
Q41088	9	11
Q41096		11
Q41101		11
Q41104	11	11
Q41105	9	11
Q41108	11	11
Q41109		11
Q41113		11
Q41117		11
Q41121		11
Q41124	11	11
Q41125		11
Q41128		11
Q41132		11
Q41133	11	11
Q41136		11
Q41137	11	11
Q41140		11
Q41144		11
Q41148	11	11
Q41149	11	11
Q41153	11	11
Q41156		11
Q41160		11
Q41161		9
Q41164	11	11
Q41165	9	9
Q41169	11	
Q41172	9	11
Q41173	11	
Q41176		9
Q41181	11	11
Q41185		11
Q41192	11	11
Q41196	9	9
Q41200	9	11
Q41208	9	
Q41209	11	9
Q41217	11	11
Q41220	9	11
Q41221	9	11
Q41224	9	11
Q41229	9	
Q41236	11	11
Q41240	9	9
Q41241		11
Q41248	11	11
Q41253	9	11
Q41257		9
Q41260	9	11
Q41269	11	11
Q41273	11	11
Q41284		9
Q41313	9	11
Q41325	9	11
Q41329	9	11
Q41336	11	11
Q41341		11
Q41344	11	11
Q41348	11	11
Q41361		11
Q41377	9	11
Q41408	11	11
Q41412	11	11
Q41425	11	11
Q41433	11	11
Q41453	9	11
Q41457	9	
Q41465	9	11
Q41481	11	11
Q41501	11	11
Q41505	9	11
Q41521		9
Q41525	9	11
Q41537	9	11
Q41541	9	11
Q41545	9	11
Q41549	11	11
Q41557	11	11
Q41565	11	11
Q41577		11
Q41585	9	9
Q41593		9
Q41597	11	11
Q41605	11	11
Q41609	11	11
Q41613	11	11
Q41617	9	11
Q41629	9	11
Q41633	11	11
Q41680	11	11
Q41700	11	11
Q41704	11	9
Q41716	11	11
Q41724		11
Q41736	9	11
Q41752	9	11
Q41756	11	11
Q41760	11	11
Q41764	11	11
Q41768	11	11
Q41772	11	11
Q41784	9	9
Q41796	11	11
Q41808	11	11
Q41812	9	11
Q41820	11	11
Q41844	11	11
Q41848	11	11
Q41852	11	11
Q41855	9	11
Q41859		11
Q41863		9
Q41875	11	11
Q41887		9
Q41891		9
Q41895		9
Q41899		9
Q41903	11	11
Q41907	9	9
Q41915	9	11
Q41919	11	11
Q41923	11	11
Q41931	11	11
Q41935	9	9
Q41947	11	11
Q41951	11	11
Q41959		10
Q41967	11	11
Q41971		9
Q41975	9	
Q41983	9	11
Q41987		9
Q41991	9	9
Q41995	9	9
Q41999	11	11
Q42003	11	11
Q42007	9	11
Q42019	9	
Q42023	11	
Q42031	9	11
Q42039	11	11
Q42043	11	11
Q42047	9	11
Q42051	9	11
Q42071	9	9
Q42075	9	11
Q42079	11	11
Q42083	9	11
Q42099	11	11
Q42107	9	11
Q42123	11	11
Q42127	11	11
Q42131	9	
Q42135	11	11
Q42139	11	11
Q42143	11	11
Q42147	11	11
Q42151	11	11
Q42179	11	11
Q42183	11	11
Q42187	11	11
Q42191	11	11
Q42203		11
Q42207		11
Q42211	11	11
Q42215	11	11
Q42219	9	11
Q42227	11	11
Q42231	9	9
Q42235	9	11
Q42243	9	11
Q42251		11
Q42255	11	11
Q42259		11
Q42263	9	11
Q42271	9	11
Q42275	11	11
Q42279	11	11
Q42287	11	11
Q42303	9	11
Q42307		10
Q42311	11	11
Q42319	11	11
Q42432	9	
Q42436	9	
Q42440	9	9
Q42444	9	9
Q42472	9	9
Q42476	9	9
Q42484		9
Q42488		11
Q42500	11	11
Q42512	11	11
Q42516	11	11
Q42524	11	11
Q42536	11	11
Q42548	11	11
Q42556	11	11
Q42560	11	11
Q42564	11	11
Q42566	9	9
Q42568	11	11
Q42580	11	11
Q42584	11	11
Q42588	11	11
Q42590	11	11
Q42592	11	
Q42606	11	
Q42617	11	11
Q42618	11	11
Q42621	9	11
Q42622	9	9
Q42626	9	9
Q42633	11	11
Q42645	9	9
Q42646	11	11
Q42653	9	11
Q42654		11
Q42657		11
Q42661	11	
Q42670		11
Q42674		11
Q42678	11	11
Q42682	11	
Q42686	11	11
Q42690	11	11
Q42694	11	11
Q42697	11	11
Q42698	11	
Q42702	11	11
Q42706	11	11
Q42710	11	
Q42713	11	11
Q42714	11	
Q42717	9	9
Q42718	11	
Q42721	11	11
Q42722	11	11
Q42725	11	11
Q42726	9	9
Q42729	11	11
Q42733	11	11
Q42747	11	11
Q42751	11	11
Q42757	11	11
Q42767	11	11
Q42771	11	11
Q42775	11	11
Q42787	11	11
Q42799	9	9
Q42822		9
Q42826	10	11
Q42827		11
Q42830	11	
Q42838	11	11
Q42843	9	11
Q42847	11	11
Q42866	9	9
Q42887	9	9
Q42891	11	9
Q42895	9	9
Q42903	9	9
Q42914	11	11
Q42918	9	9
Q42938	9	9
Q42942	11	11
Q42943		9
Q42946	11	11
Q42947	9	
Q42950	11	11
Q42951	11	11
Q42954	11	11
Q42955	9	
Q42958	11	11
Q42962	11	11
Q42963	9	
Q42967	9	9
Q42978	9	11
Q42979	9	11
Q42983	9	9
Q42986	11	11
Q42987		11
Q42990	11	11
Q42995	9	
Q43002	11	11
Q43003	9	9
Q43006	11	11
Q43018	11	11
Q43023	9	
Q43034	11	11
Q43038	9	11
Q43039		11
Q43042	11	11
Q43043		9
Q43046	11	11
Q43047	11	11
Q43050	9	11
Q43051		11
Q43054	11	11
Q43058	11	11
Q43063	9	11
Q43067		9
Q43074	11	11
Q43078	11	11
Q43083	9	9
Q43095	11	11
Q43098	11	11
Q43099	11	11
Q43106	9	11
Q43107	9	9
Q43111	9	9
Q43114	11	11
Q43115		9
Q43118	9	9
Q43126	11	11
Q43132	11	9
Q43134	11	11
Q43136	9	11
Q43146	11	11
Q43148	11	11
Q43151	11	9
Q43155	11	9
Q43156		11
Q43160		9
Q43163	11	11
Q43164		9
Q43167	9	11
Q43176	9	9
Q43180	9	
Q43183	9	9
Q43184	9	11
Q43187	11	11
Q43188	9	9
Q43192	11	9
Q43195	11	11
Q43199	9	
Q43200	9	9
Q43204	9	11
Q43211	9	11
Q43212	11	11
Q43216	11	11
Q43220	11	11
Q43223	11	11
Q43224	11	11
Q43227	9	11
Q43228	11	11
Q43232	11	11
Q43236	9	
Q43240	9	9
Q43248	9	
Q43251	11	11
Q43260	9	11
Q43263	11	11
Q43267	11	11
Q43268	9	9
Q43271	11	11
Q43279	11	11
Q43280	9	
Q43284	9	
Q43290	9	11
Q43294	11	9
Q43296	11	11
Q43298	10	11
Q43300	11	11
Q43302	11	11
Q43306	9	11
Q43310	9	
Q43314	9	9
Q43316	9	
Q43322	9	11
Q43330	9	11
Q43334		11
Q43338	9	9
Q43339	9	9
Q43343	9	11
Q43346	11	11
Q43350		9
Q43351	9	
Q43354	9	11
Q43358	9	11
Q43363	9	11
Q43366	11	11
Q43370	11	11
Q43374	9	9
Q43375	9	11
Q43378	11	11
Q43382	9	9
Q43386	9	9
Q43387	9	9
Q43390	9	9
Q43391	9	9
Q43395	9	11
Q43398	9	11
Q43410		11
Q43414	11	11
Q43415	9	11
Q43418	11	11
Q43422	11	11
Q43426	9	9
Q43430	11	11
Q43431	9	11
Q43434	11	11
Q43435	11	11
Q43438	11	10
Q43442	11	11
Q43450	11	11
Q43451	9	11
Q43454	9	9
Q43458	11	11
Q43459	11	
Q43470	11	11
Q43471	11	11
Q43474	11	11
Q43475	11	
Q43487		11
Q43490	9	11
Q43494	11	11
Q43495	9	9
Q43499	9	9
Q43502	11	11
Q43503	11	11
Q43510	11	11
Q43514		9
Q43518	9	9
Q43519		11
Q43526		11
Q43527	11	11
Q43530	11	9
Q43531	9	11
Q43534	11	11
Q43535	11	11
Q43538	11	
Q43542		11
Q43546	9	
Q43554	11	11
Q43558	11	9
Q43559	9	11
Q43563	9	11
Q43571	9	11
Q43575	9	11
Q43579	11	11
Q43595	11	11
Q43607	11	11
Q43611	11	11
Q43615	11	11
Q43619	11	11
Q43622	11	11
Q43623	11	11
Q43659	11	11
Q43671	9	9
Q43675	9	9
Q43679	9	
Q43687	11	
Q43699	9	9
Q43703		11
Q43708	11	11
Q43712	9	11
Q43716	11	11
Q43720	11	11
Q43739	11	11
Q43740	11	11
Q43744	11	11
Q43748	11	11
Q43751	11	11
Q43752	9	9
Q43755	11	11
Q43756	9	11
Q43759	11	11
Q43763	11	11
Q43767	11	11
Q43768	9	9
Q43776		11
Q43780	11	11
Q43788	11	11
Q43804	11	11
Q43808	9	11
Q43848	9	9
Q43852	11	11
Q43864	11	11
Q43868	11	11
Q43872	11	11
Q43880	9	9
Q43915	11	11
Q44186	11	11
Q44190	11	11
Q44194	11	11
Q44214	11	11
Q44227	11	11
Q44231	9	9
Q44235	11	11
Q44243	11	11
Q44247	11	11
Q44251	11	11
Q44255	11	11
Q44279	11	11
Q44283	11	11
Q44327	9	11
Q44335	11	11
Q44339		11
Q44343	9	9
Q44346	9	11
Q44358	11	11
Q44416		11
Q44420		11
Q44424		11
Q44428		11
Q44432		11
Q44436	9	11
Q44440		11
Q44444		11
Q44448		11
Q44452	11	11
Q44456		11
Q44460	11	11
Q44464		11
Q44468		11
Q44472		11
Q44476		11
Q44480		11
Q44484		11
Q44488		11
Q44492		11
Q44496		11
Q44508		11
Q44512		11
Q44516	9	9
Q44524	9	9
Q44528	11	
Q44532	9	
Q44536		11
Q44540		11
Q44544		11
Q44548		11
Q44552		11
Q44556		11
Q44560		11
Q44564		11
Q44569		11
Q44572		11
Q44576		11
Q44580		11
Q44584		11
Q44588		11
Q44593		11
Q44597		11
Q44601		11
Q44609		11
Q44613		11
Q44617		11
Q44621		11
Q44625		11
Q44629		11
Q44633		11
Q44637		11
Q44645		11
Q44649		11
Q44653		11
Q44657		11
Q44661		11
Q44665		11
Q44669		9
Q44673	9	
Q44681		11
Q44685		11
Q44689		11
Q44693		11
Q44697	11	11
Q44701		11
Q44713	9	9
Q44717	11	11
Q44721	11	11
Q44725	11	11
Q44729	11	11
Q44741	11	11
Q44745	11	
Q44749	11	11
Q44753		11
Q44757	11	11
Q44761	9	9
Q44765	9	9
Q44773		11
Q44777	9	9
Q44781	9	11
Q44785		11
Q44789	11	11
Q44793	9	11
Q44797	9	11
Q44801	11	11
Q44805	11	9
Q44813	9	9
Q44817	9	9
Q44825	11	
Q44829	9	9
Q44833	9	9
Q44841	11	
Q44845	9	11
Q44849		11
Q44853		11
Q44857		11
Q44861		11
Q44865		11
Q44869		11
Q44873		11
Q44877		11
Q44881		11
Q44885		11
Q44889		11
Q44893		11
Q44897		11
Q44901		11
Q44905		11
Q44907	9	11
Q44909		11
Q44913		11
Q44917		11
Q44921		11
Q44925		11
Q44930		11
Q44934	9	11
Q44938		9
Q44942		11
Q44946	11	11
Q44954	11	11
Q44958	9	
Q44962		11
Q44966		11
Q44970		11
Q44974		11
Q44978		11
Q44982		11
Q44985	9	9
Q44989	11	11
Q44993	9	9
Q44997	9	11
Q45001	9	
Q45005		9
Q45009	9	
Q45013		11
Q45017	11	
Q45025		11
Q45029	9	11
Q45038	11	11
Q45042	11	11
Q45046	11	11
Q45050		11
Q45066		11
Q45070	11	11
Q45082	9	
Q45102	11	
Q45106	11	
Q45110		11
Q45113	11	
Q45121		11
Q45129	11	11
Q45133		11
Q45137		11
Q45145	11	
Q45149	11	11
Q45157		11
Q45161		11
Q45165		11
Q45169		11
Q45177		11
Q45181		11
Q45189		11
Q45193		11
Q45197	9	
Q45201	9	
Q45205		11
Q45209		11
Q45213		11
Q45221		11
Q45225		9
Q45229		11
Q45233		11
Q45237		11
Q45241		11
Q45245		11
Q45249		11
Q45252	11	
Q45257		11
Q45261		11
Q45265		11
Q45268	11	
Q45269		11
Q45280	11	11
Q45281		11
Q45284	11	11
Q45285		11
Q45289		11
Q45292	11	
Q45293		11
Q45296	9	11
Q45297	9	9
Q45301		9
Q45304	11	
Q45305	9	9
Q45308	9	9
Q45309	11	
Q45313	9	
Q45316	9	
Q45325	11	11
Q45329		11
Q45333		11
Q45337		11
Q45340	11	11
Q45341		11
Q45345		11
Q45349		11
Q45353		11
Q45365	11	11
Q45368	11	11
Q45373		11
Q45376	11	11
Q45377		11
Q45388	11	11
Q45389		11
Q45392	11	11
Q45393		11
Q45396	11	11
Q45400	11	11
Q45404	11	11
Q45416	11	11
Q45421	11	11
Q45425		11
Q45428		11
Q45431	11	11
Q45433		11
Q45435	11	11
Q45437	11	11
Q45439	11	
Q45449		11
Q45451	11	11
Q45457		11
Q45461		11
Q45495	11	11
Q45497		9
Q45499	11	11
Q45501		9
Q45505		9
Q45513	9	9
Q45517	9	11
Q45544	9	
Q45549		11
Q45553		11
Q45557	11	11
Q45561		11
Q45565		11
Q45569		11
Q45585		11
Q45588	9	9
Q45589	9	9
Q45592	9	9
Q45593		11
Q45597		11
Q45600	9	9
Q45601		11
Q45605		11
Q45609		11
Q45613		11
Q45617		11
Q45620	11	11
Q45621		11
Q45624	11	
Q45625		11
Q45628	11	11
Q45629		11
Q45632	9	9
Q45633		11
Q45636	9	9
Q45637		11
Q45641		11
Q45644		11
Q45645		11
Q45649		11
Q45652	9	9
Q45656	11	11
Q45657		11
Q45660	9	
Q45661		11
Q45665		11
Q45668	9	9
Q45669		11
Q45672		11
Q45673		11
Q45677	11	11
Q45680	11	11
Q45681		11
Q45684	11	11
Q45685		11
Q45689		11
Q45693		11
Q45696	11	
Q45701		11
Q45705		11
Q45708	11	11
Q45709		11
Q45712		11
Q45713		11
Q45716	11	11
Q45717		11
Q45721		11
Q45724	9	11
Q45725		11
Q45728		11
Q45729		11
Q45733		11
Q45736		9
Q45737		11
Q45740	11	11
Q45741		11
Q45744	11	11
Q45745		11
Q45749		11
Q45753		11
Q45758		11
Q45760	11	11
Q45762		11
Q45764	9	
Q45766		11
Q45768		11
Q45770		11
Q45772	9	9
Q45774		11
Q45778		11
Q45780	9	9
Q45782		11
Q45784	9	9
Q45786		11
Q45790		11
Q45793	9	9
Q45794		11
Q45797	9	11
Q45798		11
Q45801	11	11
Q45802		11
Q45806		11
Q45809	11	11
Q45813	11	11
Q45821		11
Q45825		9
Q45834		11
Q45838		11
Q45841	11	11
Q45842		11
Q45845	9	9
Q45846		11
Q45849	9	9
Q45853	11	11
Q45855		11
Q45859		11
Q45861		11
Q45863		11
Q45869		11
Q45879		11
Q45881		11
Q45883		11
Q45891	11	11
Q45895	11	11
Q45899	11	11
Q45901	9	
Q45903		11
Q45907		11
Q45911		11
Q45915		11
Q45917	9	9
Q45919		11
Q45921	9	9
Q45923		11
Q45925	9	9
Q45927		11
Q45929	9	9
Q45931		11
Q45933	9	
Q45937	9	
Q45939	11	9
Q45943	9	11
Q45945	9	9
Q45947		11
Q45949	9	9
Q45951		11
Q45953	9	
Q45955		11
Q45957	9	11
Q45959		11
Q45961	9	9
Q45963	11	11
Q45965	9	9
Q45977	9	11
Q45979	11	11
Q45981	9	9
Q45985	9	11
Q45987	11	11
Q45989	9	9
Q45991		11
Q45993	9	11
Q45997	9	10
Q46002	9	9
Q46003		11
Q46006	9	9
Q46007		11
Q46014	11	11
Q46015	9	11
Q46018	11	11
Q46019		11
Q46022	11	11
Q46023		11
Q46026	11	11
Q46027		11
Q46030	9	9
Q46031	11	11
Q46034	9	
Q46042	11	9
Q46047		11
Q46050	11	11
Q46051	11	
Q46054		9
Q46055		11
Q46058	11	10
Q46059	11	11
Q46062	9	9
Q46063	11	11
Q46066	11	11
Q46070	9	9
Q46074	9	10
Q46078	9	
Q46082	9	11
Q46083		11
Q46086	11	11
Q46087		11
Q46090	11	11
Q46094	11	9
Q46095		9
Q46098	11	11
Q46103	11	11
Q46108	11	11
Q46112		11
Q46116		11
Q46118	9	11
Q46120		11
Q46124		11
Q46128		11
Q46130	11	9
Q46132	9	11
Q46136	11	11
Q46138	9	
Q46140	11	11
Q46143	9	9
Q46144	11	9
Q46147	9	
Q46148	11	11
Q46151	9	9
Q46152	11	11
Q46159	9	11
Q46160	11	
Q46163	11	11
Q46164	9	
Q46167	11	11
Q46168	9	9
Q46171	9	10
Q46172	9	11
Q46175	9	
Q46176	9	11
Q46179	11	9
Q46183	11	9
Q46184	9	11
Q46188	9	11
Q46191	11	10
Q46195	9	9
Q46196	9	11
Q46199	9	11
Q46200		11
Q46203	9	11
Q46207	9	11
Q46208	11	11
Q46211		10
Q46212	11	11
Q46215		10
Q46216	9	11
Q46220	11	11
Q46224	11	11
Q46227	11	9
Q46228		11
Q46231	9	9
Q46232		11
Q46235	9	11
Q46236		11
Q46239	11	11
Q46240		11
Q46243	9	
Q46244		11
Q46247	11	11
Q46248		11
Q46251	9	11
Q46252		11
Q46255	9	
Q46256		11
Q46259	9	
Q46260		11
Q46263		9
Q46264		11
Q46268		11
Q46272	11	11
Q46275	9	11
Q46276		11
Q46279		9
Q46280		11
Q46283	9	9
Q46284		11
Q46288		11
Q46291	9	11
Q46292		11
Q46295		11
Q46296		11
Q46299	9	11
Q46300		11
Q46303	9	11
Q46304		11
Q46308		11
Q46311	11	11
Q46312		11
Q46315		9
Q46316		11
Q46319		9
Q46320		11
Q46324		11
Q46327		9
Q46328		11
Q46332		11
Q46335	9	
Q46336	11	11
Q46340		11
Q46344		11
Q46348		11
Q46351	9	
Q46352		11
Q46355		9
Q46356		11
Q46359	11	11
Q46360		11
Q46363		9
Q46364		11
Q46367	11	11
Q46368		11
Q46371	9	9
Q46372		11
Q46376		11
Q46380		11
Q46383	9	11
Q46384		11
Q46387	9	11
Q46388		11
Q46391		9
Q46392	11	11
Q46396		11
Q46400		11
Q46404		11
Q46408		11
Q46412		11
Q46415		11
Q46416		11
Q46420		11
Q46423	11	11
Q46424		11
Q46427	11	11
Q46428		11
Q46431	11	
Q46432		11
Q46435	11	
Q46436		11
Q46439	11	
Q46440		11
Q46443	11	
Q46444		11
Q46447	11	11
Q46448		11
Q46451	11	11
Q46452		11
Q46455		11
Q46459		11
Q46463	11	11
Q46465	11	11
Q46467		11
Q46469		9
Q46471		11
Q46475		11
Q46477	11	9
Q46479		11
Q46481		11
Q46483		11
Q46485		9
Q46488		11
Q46489	11	
Q46492		11
Q46493	11	11
Q46496		11
Q46497		11
Q46500		11
Q46504		11
Q46505	11	9
Q46508		11
Q46509	11	11
Q46512		11
Q46516		11
Q46520		11
Q46524		11
Q46528		11
Q46529	11	11
Q46532	9	11
Q46533		9
Q46536	11	
Q46545		11
Q46556	9	11
Q46561	9	
Q46565		11
Q46568	11	11
Q46572	11	9
Q46581		9
Q46585		11
Q46609	9	11
Q46617	9	
Q46629		11
Q46633		11
Q46636	11	11
Q46637		11
Q46641		11
Q46644	11	11
Q46645		11
Q46648	11	11
Q46649		11
Q46652	11	11
Q46653		11
Q46657		11
Q46660	11	11
Q46661		11
Q46664	11	11
Q46665		11
Q46669		11
Q46672	11	11
Q46673		11
Q46677		11
Q46681		11
Q46684	11	11
Q46685		11
Q46689		11
Q46697		11
Q46701		11
Q46704	11	
Q46705		11
Q46707	9	9
Q46709		11
Q46715	11	11
Q46718		11
Q46722		11
Q46726		11
Q46730		11
Q46734		11
Q46738		11
Q46742		11
Q46750		11
Q46758	11	11
Q46762	11	11
Q46766		11
Q46770	9	11
Q46778		11
Q46782		11
Q46786		11
Q46790		11
Q46794		11
Q46798		11
Q46802		11
Q46803	11	11
Q46806		11
Q46810		11
Q46814		11
Q46818		11
Q46822		11
Q46826		11
Q46830		11
Q46834		11
Q46838		11
Q46842		11
Q46846		11
Q46850		11
Q46854		11
Q46858		11
Q46862		11
Q46866		11
Q46870		11
Q46874		11
Q46878		11
Q46882		11
Q46886		11
Q46890		11
Q46894		11
Q46898		11
Q46902		11
Q46906		11
Q46910		11
Q46914		11
Q46918		11
Q46922		11
Q46930	11	11
Q46934	11	11
Q46942	11	11
Q46949	9	9
Q46953	11	11
Q46965	11	11
Q46969		11
Q46977		11
Q46981		11
Q46989	11	11
Q46993		11
Q46997		11
Q47001	9	9
Q47013		11
Q47017		11
Q47021		11
Q47025		11
Q47028	11	11
Q47033		11
Q47037		11
Q47041	9	11
Q47045		11
Q47049	11	11
Q47053		11
Q47057		11
Q47061		11
Q47065		11
Q47069	11	11
Q47073		11
Q47077		11
Q47082		11
Q47086		11
Q47090		11
Q47094		11
Q47098		11
Q47102		11
Q47106		11
Q47114		11
Q47118	11	11
Q47122		11
Q47126		11
Q47134		11
Q47138	11	11
Q47142		11
Q47162	9	9
Q47171		11
Q47191		11
Q47195		11
Q47199		11
Q47211		11
Q47215	9	11
Q47219	11	11
Q47223		11
Q47227	11	11
Q47231	11	11
Q47239	9	9
Q47243		11
Q47251	11	11
Q47267		11
Q47271		11
Q47275		11
Q47283	11	11
Q47287		11
Q47291		11
Q47295		11
Q47299		11
Q47303		11
Q47311		11
Q47319		11
Q47323		11
Q47339		11
Q47343		11
Q47345	9	9
Q47347		11
Q47351	11	11
Q47355		11
Q47359		11
Q47363		11
Q47367	11	11
Q47371	11	11
Q47375	11	11
Q47379		11
Q47383		11
Q47387		11
Q47391		11
Q47395		11
Q47399		11
Q47403		11
Q47407		11
Q47412		11
Q47416		11
Q47420		11
Q47424		11
Q47428		11
Q47432		11
Q47435		11
Q47439		11
Q47443		11
Q47447		11
Q47451		11
Q47459		11
Q47478		11
Q47482	11	11
Q47486		11
Q47494		11
Q47498		11
Q47502		11
Q47506		11
Q47518	9	11
Q47522	9	11
Q47526	9	11
Q47530	11	11
Q47534	9	11
Q47538	9	9
Q47542	9	11
Q47546	9	9
Q47558	11	11
Q47570	9	11
Q47574		9
Q47583	9	11
Q47587	9	11
Q47599	9	11
Q47603	11	
Q47615		9
Q47619		9
Q47627	9	11
Q47635	9	9
Q47639	9	11
Q47647	11	11
Q47651	9	11
Q47655	9	9
Q47663	11	11
Q47667	9	11
Q47675	11	
Q47691		11
Q47695	11	11
Q47699	11	11
Q47703	9	11
Q47707	11	11
Q47715	11	11
Q47719	9	11
Q47723	9	11
Q47728	11	11
Q47733	11	11
Q47737	9	11
Q47741	11	11
Q47753	9	11
Q47757	9	11
Q47761	9	11
Q47765	9	11
Q47769	9	11
Q47773	11	9
Q47805	9	9
Q47809		9
Q47817	11	11
Q47821	9	11
Q47825	11	11
Q47834	9	9
Q47838	9	11
Q47842		9
Q47846		9
Q47854		11
Q47858	11	11
Q47862		11
Q47870		9
Q47882	9	11
Q47886	9	11
Q47898	11	11
Q47902	11	11
Q47906	9	11
Q47910	9	9
Q47914	11	11
Q47918	9	11
Q47922	11	11
Q47926	9	11
Q47930	11	11
Q47935	9	11
Q47939	11	11
Q47943	11	11
Q47947	11	11
Q47955	11	11
Q47959	11	11
Q47963	11	11
Q47971	9	11
Q47975	9	11
Q47979	11	11
Q47983	11	11
Q47991	11	11
Q47995	9	11
Q47999	11	11
Q48003	11	11
Q48007	11	11
Q48011		11
Q48019	9	11
Q48027	9	11
Q48031	11	11
Q48051	9	9
Q48059	11	11
Q48068	11	11
Q48072	11	11
Q48076	11	11
Q48080	11	11
Q48104	11	11
Q48108	11	11
Q48116	9	11
Q48120	11	11
Q48128	11	
Q48132	11	11
Q48140	11	11
Q48148	9	11
Q48156	11	11
Q48160	9	11
Q48161	11	11
Q48168	11	11
Q48172	11	
Q48176	11	11
Q48180	9	11
Q48184	9	11
Q48192	9	11
Q48196		11
Q48212	11	11
Q48216	11	11
Q48220	11	11
Q48228	11	11
Q48232	11	11
Q48236	11	11
Q48252	11	11
Q48260	11	11
Q48268	11	11
Q48272		11
Q48280	11	11
Q48284	11	11
Q48288	11	11
Q48292	11	11
Q48296	11	11
Q48300	9	11
Q48304	11	11
Q48312	11	11
Q48320	11	11
Q48328	9	11
Q48336		11
Q48340	9	11
Q48344		9
Q48352	9	11
Q48376	9	9
Q48384	9	11
Q48401	11	11
Q48413	11	
Q48425	11	11
Q48426	11	9
Q48430	11	
Q48433	11	11
Q48434	11	
Q48437	9	9
Q48438	11	
Q48449	11	11
Q48454	11	11
Q48457	11	11
Q48458	11	11
Q48461	11	
Q48465	11	11
Q48467	11	11
Q48469	11	11
Q48471	11	11
Q48473	9	11
Q48475	11	11
Q48477		9
Q48480	11	11
Q48484	9	11
Q48487	9	
Q48495	11	11
Q48499	11	11
Q48503	11	11
Q48504	9	11
Q48507	9	11
Q48508	9	11
Q48511	11	11
Q48512	11	11
Q48516	11	11
Q48523	11	11
Q48528	9	11
Q48532	9	11
Q48539	11	11
Q48540	9	11
Q48543	11	11
Q48544	11	11
Q48548	11	11
Q48551	11	11
Q48552	9	11
Q48559	11	
Q48563	11	11
Q48564	9	11
Q48567	11	11
Q48568	9	11
Q48571	11	11
Q48572	9	11
Q48575	11	11
Q48579	11	11
Q48580	11	11
Q48583	11	11
Q48584	11	11
Q48587	11	11
Q48588	9	11
Q48591	11	
Q48592	9	11
Q48595	11	11
Q48596	11	11
Q48599	11	
Q48600	11	11
Q48603	11	
Q48607	11	11
Q48608	11	11
Q48611	11	
Q48615	11	11
Q48616	11	11
Q48619	11	
Q48623	11	
Q48624	11	11
Q48628	9	11
Q48632	11	11
Q48640	11	11
Q48644		11
Q48648	9	11
Q48651	11	11
Q48656	11	11
Q48663		11
Q48664	11	11
Q48684		9
Q48692	11	11
Q48696	11	11
Q48700	9	11
Q48704	9	11
Q48707	11	11
Q48708	9	11
Q48716	11	11
Q48720	11	11
Q48724	11	11
Q48728	11	11
Q48732	11	11
Q48736	11	11
Q48740	9	11
Q48744	11	11
Q48748	11	11
Q48752	11	11
Q48756	11	11
Q48760		11
Q48772		11
Q48776	11	11
Q48780		11
Q48784	11	11
Q48788		11
Q48792		11
Q48811	9	9
Q48817		11
Q48823	11	11
Q48825	9	11
Q48827	9	9
Q48831	9	
Q48833	9	11
Q48835	11	11
Q48836	9	
Q48840	9	11
Q48849	9	11
Q48853	11	11
Q48855	11	11
Q48859	11	11
Q48865	9	11
Q48869	11	11
Q48875	9	11
Q48877	11	11
Q48881	11	11
Q48883		9
Q48885	9	11
Q48891		9
Q48893	11	11
Q48919		9
Q48921	11	11
Q48923	9	9
Q48925	9	11
Q48927		11
Q48929	11	11
Q48935		9
Q48939		9
Q48941	11	11
Q48943	9	
Q48945	9	11
Q48951	9	
Q48953	9	9
Q48955	11	11
Q48957	9	11
Q48959	9	
Q48961	9	
Q48969	11	11
Q48972	9	
Q48973	11	11
Q48976	11	
Q48977	11	11
Q48980	9	11
Q48981	9	11
Q48984	11	
Q48985	9	11
Q48988	11	11
Q48989	11	11
Q48992	11	11
Q48996	11	
Q48997	9	11
Q49004	11	11
Q49008		11
Q49012	9	11
Q49016	9	11
Q49020	9	11
Q49049	9	9
Q49053		9
Q49057	9	9
Q49065	11	11
Q49069	11	11
Q49073		9
Q49109		9
Q49113	9	11
Q49117	9	11
Q49118	9	11
Q49121		11
Q49122	11	11
Q49125	9	11
Q49126	11	11
Q49129		11
Q49133	9	9
Q49137	11	11
Q49141	11	
Q49145	9	11
Q49153	11	11
Q49157		9
Q49161		11
Q49165		11
Q49169	9	9
Q49173		9
Q49204		11
Q49221	11	11
Q49229	11	11
Q49232	9	9
Q49233		9
Q49236		11
Q49244		9
Q49262	9	9
Q49266	9	11
Q49274	11	11
Q49278	11	9
Q49282	11	11
Q49286	11	11
Q49289	11	11
Q49293	11	11
Q49294	9	9
Q49297	11	11
Q49302		11
Q49305	11	
Q49306	11	11
Q49309	11	11
Q49310		11
Q49313	11	11
Q49321	11	11
Q49334		11
Q49337	11	11
Q49341	11	11
Q49345	11	11
Q49349	11	11
Q49353	11	11
Q49357	11	11
Q49365	11	11
Q49369	11	11
Q49370	11	9
Q49373	11	11
Q49374	9	9
Q49377	11	11
Q49378	9	
Q49382	9	9
Q49386	9	11
Q49389	9	11
Q49393	9	10
Q49401		11
Q49402	11	9
Q49406	9	11
Q49409	9	
Q49410	9	11
Q49414	11	11
Q49417	11	11
Q49418	9	11
Q49422	11	11
Q49426	9	9
Q49430	9	
Q49434	9	9
Q49437	11	11
Q49438	9	9
Q49441	11	11
Q49442	11	11
Q49445	11	11
Q49449	11	11
Q49450	9	9
Q49453	9	11
Q49454	9	9
Q49458	9	11
Q49462	9	11
Q49465	11	11
Q49466	9	9
Q49470		9
Q49473	11	11
Q49474		11
Q49477	11	11
Q49478		11
Q49482	9	9
Q49485	11	11
Q49489	11	11
Q49494	9	9
Q49501	11	11
Q49513	11	11
Q49515	11	11
Q49519	11	11
Q49523	11	9
Q49527	11	11
Q49530	11	
Q49531	11	11
Q49534	11	11
Q49535	11	11
Q49539	9	11
Q49543	11	9
Q49547	11	11
Q49550	11	
Q49551	9	9
Q49554	9	
Q49555	9	9
Q49558	9	11
Q49563	9	11
Q49565		11
Q49567	9	11
Q49571	11	11
Q49573	11	11
Q49575	11	11
Q49579	11	11
Q49581	11	11
Q49583	11	11
Q49585	9	11
Q49587		9
Q49589	11	11
Q49591	9	11
Q49593	11	11
Q49595	9	11
Q49597	11	11
Q49600	11	11
Q49604	9	11
Q49608	11	11
Q49612	9	9
Q49616	11	9
Q49620	9	11
Q49624	9	
Q49628	11	11
Q49632	9	11
Q49633	9	9
Q49636		11
Q49640	9	9
Q49644	9	11
Q49648	11	11
Q49652	11	9
Q49664	9	11
Q49672	11	11
Q49676	11	9
Q49680	11	11
Q49684	9	
Q49688	11	11
Q49692	11	11
Q49696	9	11
Q49700	11	11
Q49701	11	11
Q49704	9	11
Q49708	10	11
Q49712	11	11
Q49713	11	11
Q49716	9	9
Q49717	11	11
Q49720	9	11
Q49721	11	11
Q49724		9
Q49728	11	10
Q49729	11	11
Q49732	9	9
Q49733		9
Q49740	11	11
Q49744		11
Q49745	9	9
Q49748		10
Q49752	11	11
Q49756	11	11
Q49760	11	9
Q49764	11	11
Q49765	9	9
Q49768	11	11
Q49770	11	11
Q49776	11	9
Q49780	9	11
Q49782	9	9
Q49784	11	11
Q49786	11	11
Q49788	9	11
Q49792	11	11
Q49796	11	9
Q49800	11	11
Q49802	11	9
Q49804	11	11
Q49808	9	
Q49812	11	10
Q49814	11	11
Q49816	9	11
Q49818	9	11
Q49820	11	11
Q49825		9
Q49826	11	11
Q49829	11	11
Q49830	11	11
Q49833	11	11
Q49834	11	11
Q49837	11	11
Q49838	11	11
Q49841	11	11
Q49846	9	9
Q49849	9	9
Q49853	11	11
Q49854	11	11
Q49857	11	11
Q49861	9	11
Q49862	11	11
Q49865	9	9
Q49866	9	11
Q49869	11	11
Q49873	9	11
Q49874	11	11
Q49881	11	9
Q49885	9	
Q49889	9	11
Q49890	11	11
Q49893	9	11
Q49894	9	11
Q49897	9	9
Q49901	9	11
Q49902	11	11
Q49905	9	9
Q49909	11	11
Q49913	9	
Q49917	9	9
Q49918	11	11
Q49921	9	11
Q49922	11	11
Q49925		11
Q49930	11	11
Q49934	11	11
Q49937	9	11
Q49941	9	11
Q49942	11	11
Q49946	11	11
Q49950	9	11
Q49953	9	11
Q49954	11	11
Q49957	9	11
Q49958	9	11
Q49965	9	9
Q49973	9	11
Q49977	11	11
Q49981	9	11
Q49985		11
Q49989	11	11
Q49997	9	
Q49998	11	11
Q50002	11	11
Q50006	11	11
Q50009	9	11
Q50010	9	11
Q50013	11	11
Q50014	11	11
Q50017	9	9
Q50018	9	11
Q50022	11	11
Q50025	9	
Q50026	9	11
Q50029	11	11
Q50030	11	11
Q50033	9	11
Q50034	11	11
Q50038	9	
Q50041	11	11
Q50042		9
Q50046		9
Q50049	11	11
Q50050		9
Q50053	11	11
Q50054	9	11
Q50057	9	11
Q50061		11
Q50063	9	11
Q50069	9	11
Q50073	11	11
Q50075	9	11
Q50079	11	11
Q50083	9	
Q50087	11	11
Q50091	9	11
Q50095	9	9
Q50098	9	11
Q50102	11	11
Q50103	9	11
Q50106	9	11
Q50110	11	11
Q50111	11	11
Q50114	9	11
Q50118	9	11
Q50119	9	9
Q50122	11	11
Q50126	9	11
Q50127		11
Q50131	9	11
Q50135	11	11
Q50138	11	11
Q50139	11	9
Q50142	9	11
Q50146	9	11
Q50147	11	11
Q50150	9	11
Q50151	9	9
Q50154	11	11
Q50155	9	9
Q50158	9	11
Q50159	9	9
Q50162	9	11
Q50166	11	11
Q50167	9	11
Q50170	11	11
Q50171	9	11
Q50174	9	11
Q50175	9	11
Q50179	11	11
Q50182	9	11
Q50186	9	11
Q50187		11
Q50190	11	11
Q50194	11	11
Q50195		9
Q50198	11	11
Q50199	11	11
Q50202	9	
Q50203	11	11
Q50206	11	11
Q50207	9	9
Q50211	11	9
Q50218	11	11
Q50219		9
Q50223		11
Q50226	9	11
Q50230	11	11
Q50231	11	9
Q50234	11	11
Q50235	11	9
Q50238	9	11
Q50239	11	9
Q50243	11	11
Q50247	11	11
Q50254	11	11
Q50255	9	9
Q50262		9
Q50263	11	11
Q50266	11	11
Q50271	11	11
Q50274	9	11
Q50278	11	11
Q50279		9
Q50282	9	11
Q50290	11	11
Q50291	9	9
Q50294	11	11
Q50295	9	11
Q50298	11	11
Q50305	11	11
Q50306	9	11
Q50313	9	11
Q50314	9	11
Q50318	9	11
Q50322	9	9
Q50334	9	11
Q50337	11	11
Q50338	9	9
Q50341	9	11
Q50342	9	9
Q50345	9	11
Q50346	9	11
Q50349	9	11
Q50350	9	9
Q50353	11	11
Q50357	11	11
Q50358	9	11
Q50361	11	11
Q50362	9	11
Q50365	9	9
Q50366	11	11
Q50369	11	11
Q50370	11	11
Q50373	11	11
Q50374	11	11
Q50377	9	11
Q50378	11	11
Q50381	11	11
Q50382	11	11
Q50390	11	11
Q50393	9	
Q50397		9
Q50398	9	11
Q50401	9	9
Q50403	11	11
Q50407	9	11
Q50415	11	11
Q50417		9
Q50421		11
Q50423		11
Q50431	9	11
Q50435	9	11
Q50437	11	11
Q50439	11	11
Q50445		9
Q50453	11	11
Q50459	9	11
Q50461	11	11
Q50463	11	11
Q50465		11
Q50467	9	11
Q50469	11	11
Q50471	11	11
Q50479	9	11
Q50485		9
Q50489	11	11
Q50493	11	11
Q50495		9
Q50497	9	9
Q50501	9	11
Q50503		9
Q50506	11	11
Q50510	11	11
Q50514	11	11
Q50515	9	9
Q50519	9	10
Q50522	11	11
Q50523	9	9
Q50531	9	
Q50535	9	11
Q50538	9	11
Q50543	9	9
Q50546	9	9
Q50547		9
Q50550	9	9
Q50551		11
Q50554	9	
Q50558	11	
Q50559	9	11
Q50562	9	
Q50563	9	11
Q50567	9	
Q50570	10	11
Q50571	9	11
Q50574	11	11
Q50578	11	11
Q50583	10	11
Q50594	9	11
Q50602	9	11
Q50603		11
Q50606	9	11
Q50618		11
Q50634	11	11
Q50638	9	11
Q50642	11	11
Q50646	9	9
Q50650	9	11
Q50662	11	11
Q50666	11	11
Q50670	11	11
Q50674	11	11
Q50682	11	11
Q50686	9	9
Q50698	11	11
Q50710	11	11
Q50718		11
Q50733	9	11
Q50737	9	11
Q50749	9	9
Q50757		11
Q50764	11	11
Q50767	9	11
Q50771	9	11
Q50775	9	9
Q50790	11	11
Q50795	11	11
Q50800		11
Q50810	11	11
Q50815	11	11
Q50825	11	11
Q50876	9	11
Q50881	9	9
Q50886	9	11
Q50891		9
Q50916	9	11
Q50921		11
Q50936	11	11
Q50941	9	9
Q50946	11	11
Q50947	11	11
Q50957	9	11
Q50977	9	11
Q51012	11	11
Q51022	11	11
Q51051	11	11
Q51061	11	11
Q51076	11	11
Q51333	11	11
Q51478	11	11
Q51482	11	11
Q51486	11	11
Q51490	11	11
Q51494	11	11
Q51502	11	11
Q51634	11	11
Q51644	11	11
Q51673	11	11
Q51741	11	11
Q51745	9	11
Q51753	11	11
Q51761	11	11
Q51765	11	11
Q51793	11	11
Q51822	9	9
Q51844	9	11
Q51848	11	11
Q51852	11	11
Q51856	11	11
Q51864	11	11
Q51876		11
Q51884	9	11
Q51924	11	11
Q51928	11	
Q51932		11
Q51936	9	9
Q51940		11
Q51944		11
Q51948		11
Q51952		11
Q51964		11
Q51968	11	11
Q51972		11
Q51976		11
Q51980		11
Q51984		11
Q51992		11
Q51996	11	9
Q52000		11
Q52004		11
Q52008		11
Q52012		11
Q52016	11	9
Q52024	11	
Q52028	11	11
Q52032		11
Q52036		11
Q52040		11
Q52044		11
Q52048		11
Q52052		11
Q52056		11
Q52060	11	9
Q52064		11
Q52068		11
Q52072	11	11
Q52076		11
Q52080	11	11
Q52084		11
Q52096		11
Q52100		11
Q52104		11
Q52108		11
Q52112		11
Q52116		11
Q52120		11
Q52124		11
Q52128		11
Q52132		11
Q52136		11
Q52140		11
Q52144		11
Q52148		11
Q52152		11
Q52155	11	11
Q52158	9	11
Q52161	11	11
Q52164		11
Q52167		11
Q52171		11
Q52175		11
Q52179		11
Q52183		11
Q52195		11
Q52207	11	11
Q52211	11	11
Q52219	9	9
Q52227		11
Q52231		11
Q52235	11	9
Q52239	9	9
Q52243		11
Q52251		11
Q52255	11	11
Q52259		11
Q52263		11
Q52267		11
Q52271		11
Q52275		11
Q52279		11
Q52283		11
Q52287		11
Q52291		11
Q52295		11
Q52299		11
Q52303		11
Q52307		11
Q52311		11
Q52315		11
Q52319		11
Q52323		11
Q52327		11
Q52331		11
Q52335		11
Q52339		11
Q52343		11
Q52347		11
Q52351		11
Q52355		11
Q52359		11
Q52363		11
Q52367		11
Q52371		11
Q52375		11
Q52379		11
Q52383		11
Q52387		11
Q52391		11
Q52395		11
Q52399		11
Q52403		11
Q52407		11
Q52411		11
Q52415		11
Q52419		11
Q52423		11
Q52427		11
Q52431		11
Q52435		11
Q52439		11
Q52443		11
Q52447		11
Q52459		11
Q52463		11
Q52467		11
Q52471		11
Q52475		11
Q52479		11
Q52483		11
Q52487		11
Q52491		11
Q52495		11
Q52499		11
Q52503		11
Q52507		11
Q52515		11
Q52519		11
Q52527		11
Q52531		11
Q52535		11
Q52539		11
Q52547		11
Q52551		11
Q52555		11
Q52559		11
Q52563		11
Q52567		11
Q52571		11
Q52575		11
Q52579		11
Q52583		11
Q52587		11
Q52599	11	
Q52603	9	9
Q52615	9	11
Q52619	9	
Q52623	11	11
Q52627	11	9
Q52631	9	9
Q52635	9	9
Q52639	9	11
Q52643	11	11
Q52647	11	
Q52651	9	9
Q52683	9	
Q52699	9	
Q52707	9	
Q52711	9	
Q52715	9	11
Q52719	11	
Q52723	9	9
Q52727	9	9
Q52731	11	
Q52735		11
Q52739	9	9
Q52743	11	
Q52771		11
Q52775		11
Q52779		11
Q52783		11
Q52791		11
Q52795		11
Q52799		11
Q52807	9	9
Q52811	11	
Q52815	9	11
Q52823		11
Q52827	11	11
Q52831		11
Q52839		9
Q52843	9	9
Q52883	11	9
Q52913	9	9
Q52917	9	
Q52919		11
Q52933	11	11
Q52941	11	
Q52949	11	11
Q52953	11	11
Q52957		9
Q52961	11	11
Q52965	9	9
Q52969	11	
Q52973	9	9
Q52977	9	9
Q52981		11
Q52997		9
Q53005		11
Q53009		11
Q53013		11
Q53017		11
Q53021		11
Q53025		11
Q53029		11
Q53033		11
Q53037		11
Q53041		11
Q53045		11
Q53049		11
Q53053		11
Q53057		11
Q53061		11
Q53063	11	11
Q53065		11
Q53069		11
Q53073		11
Q53077		11
Q53081		11
Q53085		11
Q53087	11	
Q53089		11
Q53091	11	
Q53093		11
Q53095	11	
Q53098		11
Q53099	11	
Q53102		11
Q53106		11
Q53110		11
Q53111	11	11
Q53114		11
Q53118		11
Q53122		11
Q53123		11
Q53126		11
Q53127	11	11
Q53130		11
Q53131	11	
Q53134		11
Q53138		11
Q53142		11
Q53146		11
Q53150		11
Q53154		11
Q53158		11
Q53162		11
Q53166		11
Q53167	9	9
Q53170		11
Q53174		11
Q53175	9	9
Q53178		11
Q53179	11	9
Q53182		11
Q53183	11	11
Q53186		11
Q53187	9	9
Q53190		11
Q53191	9	9
Q53194		11
Q53198		11
Q53199	11	11
Q53202		11
Q53203	11	11
Q53206		11
Q53207	11	11
Q53210		11
Q53211	11	11
Q53214		11
Q53215	11	11
Q53218		11
Q53227	9	9
Q53230	9	9
Q53239	11	
Q53242		11
Q53246	11	
Q53250	11	11
Q53251	9	11
Q53254	11	
Q53255	9	9
Q53258	9	11
Q53279	11	11
Q53283	11	11
Q53293	11	11
Q53297	11	11
Q53301	9	11
Q53303	11	11
Q53305	9	9
Q53307	11	11
Q53309	11	11
Q53313	9	9
Q53315		11
Q53317	9	9
Q53321	9	
Q53323	11	11
Q53325	9	
Q53327	11	11
Q53329	9	
Q53333	11	
Q53337	9	
Q53341		11
Q53345	9	9
Q53349		11
Q53353		11
Q53357		11
Q53361		11
Q53365		11
Q53369		9
Q53373	9	11
Q53377	9	11
Q53381		11
Q53385		11
Q53389	9	9
Q53393	9	
Q53397		11
Q53399	9	9
Q53401	11	
Q53405	11	11
Q53409	11	11
Q53413		11
Q53415	11	11
Q53417		11
Q53419	9	11
Q53421		11
Q53425		11
Q53429	9	9
Q53431	9	9
Q53437	11	
Q53441		11
Q53445		11
Q53449	11	11
Q53451		11
Q53453	9	
Q53455	9	
Q53461	11	11
Q53463	9	9
Q53467	11	11
Q53472	11	11
Q53476	9	
Q53477	9	
Q53481	9	11
Q53485	9	11
Q53489	9	9
Q53493	11	11
Q53496	11	9
Q53500		9
Q53501		11
Q53504	11	11
Q53512	9	
Q53513		9
Q53517	9	9
Q53520	9	
Q53521	9	9
Q53524		9
Q53525	9	9
Q53528	9	
Q53529	9	
Q53533	9	9
Q53544	11	11
Q53545	9	9
Q53548	9	
Q53557		11
Q53564		9
Q53569		11
Q53572	11	
Q53573		11
Q53577		11
Q53580	9	
Q53585		11
Q53588	11	11
Q53589		11
Q53592	9	10
Q53593		11
Q53596	9	11
Q53597		11
Q53600	9	11
Q53601		11
Q53604		9
Q53608	11	11
Q53609		11
Q53613		11
Q53617		11
Q53620		11
Q53624		11
Q53632		11
Q53633		11
Q53636		11
Q53637	11	
Q53641		11
Q53644		9
Q53645		11
Q53652	9	9
Q53656	9	9
Q53657	9	9
Q53661	9	9
Q53664	9	9
Q53668		9
Q53669		11
Q53672	9	9
Q53673		11
Q53676		11
Q53677		11
Q53681		11
Q53685		11
Q53689		11
Q53693		11
Q53697		11
Q53701		11
Q53705		11
Q53708	11	11
Q53709		11
Q53712	11	11
Q53713		11
Q53716	11	
Q53717		11
Q53720		11
Q53721		11
Q53725		11
Q53728		9
Q53733		11
Q53736	11	9
Q53737		11
Q53741		11
Q53744		11
Q53745		11
Q53748	9	9
Q53749		11
Q53753		11
Q53757		11
Q53761		11
Q53765		11
Q53768		11
Q53769		11
Q53772		11
Q53781		11
Q53785	11	11
Q53788	9	
Q53789		11
Q53792		11
Q53794		11
Q53798		11
Q53800		9
Q53802		11
Q53804	9	
Q53806		11
Q53810		11
Q53812	9	9
Q53814	9	
Q53820		11
Q53824		11
Q53830	11	11
Q53834		11
Q53836	9	9
Q53838	9	9
Q53840		9
Q53842	11	11
Q53846		11
Q53850	11	11
Q53854		11
Q53870		11
Q53878		11
Q53882		11
Q53884	11	11
Q53890	9	9
Q53898		11
Q53902		11
Q53904		11
Q53906		11
Q53910	11	11
Q53918	11	11
Q53924	11	
Q53942		11
Q53944	11	9
Q53946		11
Q53950		11
Q53954		11
Q53956		11
Q53958		11
Q53960	11	
Q53962		11
Q53964	11	11
Q53966		11
Q53970		11
Q53976	9	9
Q53980	9	9
Q53982		11
Q53990		11
Q53992	11	
Q53994		11
Q53996		11
Q53998		11
Q54000	11	
Q54002		11
Q54006	11	11
Q54010	9	11
Q54014	11	11
Q54026		11
Q54034		11
Q54038		11
Q54058		11
Q54062		11
Q54066		11
Q54072	9	11
Q54074		11
Q54082		11
Q54086		11
Q54090		11
Q54094		11
Q54098		11
Q54099	9	9
Q54102	11	11
Q54103	11	11
Q54106	11	11
Q54110	11	11
Q54111	11	11
Q54114		11
Q54115	9	9
Q54118		11
Q54119	9	9
Q54122		11
Q54123	11	11
Q54126		11
Q54130		11
Q54131	9	9
Q54134		11
Q54138		11
Q54142		11
Q54146		11
Q54150		11
Q54151	11	11
Q54154		11
Q54158		11
Q54159	11	11
Q54162		11
Q54163		10
Q54166		11
Q54167	9	
Q54170		11
Q54171	9	9
Q54174		11
Q54175	9	11
Q54179	9	11
Q54182		11
Q54183	9	11
Q54186		11
Q54190	11	11
Q54194		11
Q54198		11
Q54199	11	9
Q54202		11
Q54206		11
Q54207		9
Q54210		11
Q54214		11
Q54215	11	11
Q54219	9	
Q54221		11
Q54223	9	9
Q54225		11
Q54229		11
Q54233		11
Q54235		9
Q54237		11
Q54239	11	11
Q54241		11
Q54243	11	11
Q54245		11
Q54249		11
Q54251	11	11
Q54253		11
Q54255		10
Q54257		11
Q54261		11
Q54265		11
Q54269		11
Q54273		11
Q54275	11	11
Q54277		11
Q54279	9	9
Q54281		11
Q54283	11	11
Q54285		11
Q54287	9	9
Q54289		11
Q54291	11	11
Q54293		11
Q54295	11	11
Q54297		11
Q54299	9	9
Q54301		11
Q54303	11	9
Q54305		11
Q54307	11	11
Q54309		11
Q54311	11	9
Q54313		11
Q54315	11	11
Q54317		11
Q54319	9	9
Q54321		11
Q54323	9	9
Q54326		11
Q54330	11	11
Q54331		11
Q54334	11	11
Q54335		11
Q54338	11	11
Q54339		11
Q54342	11	11
Q54343		11
Q54346	9	9
Q54347		11
Q54350	9	9
Q54351		11
Q54354	9	9
Q54355		11
Q54358	9	9
Q54359		11
Q54362	11	
Q54363		11
Q54366	9	9
Q54367		11
Q54370	11	11
Q54371		11
Q54374		11
Q54375		11
Q54379		11
Q54382	9	11
Q54383		11
Q54386	11	11
Q54387		11
Q54390	11	11
Q54391		11
Q54394	9	
Q54395		11
Q54399		11
Q54402		9
Q54403		11
Q54407		11
Q54411		11
Q54414	11	11
Q54415		11
Q54419		11
Q54422	11	9
Q54426	11	11
Q54430	11	11
Q54431		11
Q54434	9	10
Q54438	9	11
Q54442	11	11
Q54443		11
Q54446	9	9
Q54450	9	10
Q54454	11	11
Q54458	11	11
Q54459		11
Q54462	11	10
Q54463	9	9
Q54464		11
Q54467	9	10
Q54471	11	11
Q54475	11	11
Q54476		11
Q54479	11	11
Q54480		11
Q54483	9	9
Q54484	11	11
Q54487		9
Q54488	11	11
Q54491		11
Q54492	11	11
Q54495		11
Q54496		11
Q54499		11
Q54500	9	11
Q54504	11	11
Q54508	11	11
Q54512	11	11
Q54516	11	11
Q54520	11	11
Q54523		11
Q54524	9	11
Q54527		11
Q54528	11	11
Q54531		11
Q54532	11	11
Q54535		11
Q54536	9	9
Q54539		11
Q54540	11	11
Q54543		11
Q54544	11	11
Q54547		11
Q54548	11	9
Q54551	11	11
Q54552	9	11
Q54555	11	9
Q54556	11	11
Q54559	11	11
Q54560	10	10
Q54563	11	
Q54564	9	9
Q54567	9	9
Q54568	11	11
Q54571	11	11
Q54572	11	9
Q54575		11
Q54576	9	11
Q54580	9	9
Q54585	11	11
Q54587	11	11
Q54589	9	11
Q54593	11	11
Q54595		11
Q54597	11	11
Q54601	9	11
Q54603		11
Q54605	11	11
Q54607		11
Q54609	11	11
Q54611		11
Q54613	11	11
Q54615		11
Q54617	9	11
Q54619		11
Q54621		9
Q54623		9
Q54625	11	11
Q54627	11	11
Q54629	11	11
Q54633	9	11
Q54637	9	9
Q54639	11	11
Q54641	11	11
Q54649	11	9
Q54653	11	11
Q54657	9	
Q54659		11
Q54661	9	9
Q54663		11
Q54665		11
Q54667		11
Q54669	9	9
Q54671		11
Q54673	9	9
Q54675		11
Q54677	9	9
Q54679		11
Q54681	11	11
Q54685	11	11
Q54687		11
Q54689	11	11
Q54691		11
Q54693	11	
Q54695		11
Q54696	11	11
Q54699		11
Q54700	9	9
Q54703	11	11
Q54707		11
Q54711		11
Q54715	11	11
Q54719	11	11
Q54721	11	11
Q54723	11	
Q54727		11
Q54729		9
Q54731		11
Q54733	9	
Q54737	11	11
Q54739		11
Q54741	9	11
Q54743		11
Q54745	10	11
Q54747		11
Q54749	9	11
Q54753	11	11
Q54755		11
Q54757	11	11
Q54759	9	11
Q54761	9	9
Q54763		11
Q54767		11
Q54771	11	
Q54775	11	11
Q54787		11
Q54795		11
Q54799		11
Q54801	11	11
Q54805	9	11
Q54807	9	11
Q54809	11	11
Q54811		11
Q54813	9	11
Q54815		11
Q54817	9	10
Q54821	9	11
Q54823		11
Q54827		11
Q54829	9	9
Q54833	9	9
Q54837	11	11
Q54841	9	9
Q54845	9	9
Q54863		11
Q54865	9	9
Q54867	9	11
Q54869	9	11
Q54871	9	11
Q54873	11	11
Q54875	9	11
Q54877	11	11
Q54879	9	11
Q54883		11
Q54887		11
Q54889	11	11
Q54891	9	11
Q54893	11	11
Q54895	9	11
Q54897	11	11
Q54899	9	11
Q54901	11	9
Q54903	9	11
Q54905	11	11
Q54907	9	11
Q54909	9	9
Q54911	9	11
Q54913	9	9
Q54915	9	
Q54917	9	9
Q54921	9	10
Q54923	9	11
Q54925	9	10
Q54929	9	9
Q54931		11
Q54933	9	11
Q54935	11	11
Q54937	11	11
Q54939		11
Q54941	11	11
Q54943		11
Q54945	11	11
Q54947		11
Q54949	11	10
Q54951	11	11
Q54953	9	11
Q54955		11
Q54957	9	9
Q54959		11
Q54961	11	11
Q54963		11
Q54965	11	11
Q54967		11
Q54971		11
Q54973	9	9
Q54975		11
Q54977	9	9
Q54979		11
Q54980	9	11
Q54983		11
Q54984	11	11
Q54987		11
Q54988	11	9
Q54991	9	
Q54992	11	11
Q54995		11
Q54996	11	11
Q55000	11	11
Q55003	11	11
Q55004	9	9
Q55008		9
Q55011	11	11
Q55012	9	9
Q55015	11	11
Q55016	9	9
Q55020	11	11
Q55024	11	11
Q55027	9	
Q55028	11	11
Q55032	11	11
Q55035	9	
Q55040	11	11
Q55044	9	11
Q55047	11	11
Q55048	9	11
Q55052	9	9
Q55056	11	11
Q55059		11
Q55060	9	9
Q55063		11
Q55064	9	9
Q55067		11
Q55068	9	9
Q55071		11
Q55072	11	11
Q55076	9	
Q55080	11	11
Q55082		11
Q55084	11	11
Q55088	9	9
Q55090		11
Q55092	9	11
Q55094	11	9
Q55096	11	11
Q55098	11	11
Q55100	9	11
Q55102	11	11
Q55104	9	11
Q55106	9	11
Q55108		9
Q55114		11
Q55116		9
Q55122	11	11
Q55128	11	11
Q55130		11
Q55132	9	11
Q55134	11	
Q55136	9	11
Q55138	9	9
Q55140	9	9
Q55144		11
Q55146		11
Q55148	9	11
Q55150		11
Q55152	9	9
Q55154		11
Q55156	11	11
Q55160	9	
Q55162		11
Q55164	11	11
Q55172	9	9
Q55174	9	11
Q55180	11	11
Q55182	9	11
Q55184	9	11
Q55188	11	11
Q55192	11	11
Q55194	11	11
Q55196	11	11
Q55198		11
Q55203		11
Q55204	11	11
Q55207		11
Q55208	11	11
Q55211		11
Q55212	9	9
Q55215		11
Q55216	9	
Q55219		11
Q55220	11	11
Q55223		11
Q55224	9	9
Q55227		11
Q55228	9	11
Q55231		11
Q55232	9	11
Q55235	11	11
Q55236	9	11
Q55239	11	11
Q55243		11
Q55244	11	9
Q55247	9	9
Q55248	11	11
Q55251	11	11
Q55252		9
Q55255		11
Q55259		11
Q55260	9	11
Q55263		11
Q55264	11	11
Q55267		11
Q55268	11	11
Q55272	11	11
Q55274	11	11
Q55276	9	10
Q55280	11	11
Q55282		11
Q55284	9	
Q55286		11
Q55288		9
Q55290		11
Q55292	11	11
Q55294		11
Q55296	11	9
Q55298		11
Q55302	11	9
Q55304		9
Q55308		11
Q55312		9
Q55314	11	11
Q55316		9
Q55318		11
Q55320	9	9
Q55322	11	11
Q55324	11	11
Q55326		11
Q55328	11	11
Q55330		11
Q55332	11	11
Q55334		11
Q55335	9	9
Q55339		9
Q55342		11
Q55343	9	9
Q55346		11
Q55347	10	11
Q55350		11
Q55351		11
Q55354		11
Q55358		11
Q55359	11	11
Q55362		11
Q55363	9	11
Q55366	9	
Q55367	9	9
Q55370	11	11
Q55371	9	11
Q55375	9	11
Q55379		9
Q55382		11
Q55383	9	11
Q55386		11
Q55387	11	9
Q55390		11
Q55391	9	
Q55394		11
Q55395	9	11
Q55398		11
Q55399	9	11
Q55402		11
Q55403	9	9
Q55406		11
Q55410		11
Q55414		11
Q55415	9	11
Q55418		11
Q55419	9	11
Q55423	9	9
Q55427	9	9
Q55431	9	9
Q55435	9	9
Q55438		11
Q55439		11
Q55442		11
Q55443	9	11
Q55446		11
Q55450		11
Q55454		11
Q55455	9	9
Q55458		11
Q55459		11
Q55462		11
Q55463	11	
Q55466		11
Q55467	9	9
Q55470		11
Q55471	9	9
Q55474		11
Q55475	9	11
Q55478		11
Q55479	9	9
Q55482		11
Q55483	11	
Q55486		11
Q55487	9	9
Q55490		11
Q55491		9
Q55494		11
Q55495	11	9
Q55498		11
Q55499	10	11
Q55502		11
Q55503	11	11
Q55506		11
Q55507	9	11
Q55510		11
Q55514		11
Q55518		11
Q55519	9	11
Q55522		11
Q55526		11
Q55527		9
Q55530		11
Q55531	9	10
Q55534		11
Q55535	9	9
Q55538		11
Q55542		11
Q55543	9	11
Q55546		11
Q55547	9	9
Q55550		11
Q55551	9	9
Q55554		11
Q55555	11	11
Q55558		11
Q55562		11
Q55566		11
Q55567	9	9
Q55570		11
Q55571	9	9
Q55574		11
Q55575	9	10
Q55578	9	9
Q55579		9
Q55582	11	11
Q55587	9	9
Q55591		11
Q55594	11	11
Q55595	11	9
Q55599	9	
Q55604	11	
Q55608	11	11
Q55612	9	
Q55616	11	9
Q55620	10	11
Q55624		9
Q55626		11
Q55628		11
Q55632		9
Q55634	11	11
Q55636		9
Q55638		11
Q55639	11	11
Q55642		11
Q55646		11
Q55647	9	11
Q55650		11
Q55675	9	11
Q55678		11
Q55682	11	11
Q55683	11	11
Q55686		11
Q55690	11	11
Q55691	9	11
Q55695		9
Q55698		11
Q55702		11
Q55703	9	9
Q55707	9	11
Q55710		11
Q55711	9	11
Q55714		11
Q55715	11	11
Q55719	11	11
Q55722		11
Q55726		11
Q55730		11
Q55738		11
Q55742		11
Q55746		11
Q55750		11
Q55754	11	11
Q55757		11
Q55759	9	11
Q55761		11
Q55763	11	11
Q55765		11
Q55767	11	11
Q55769		11
Q55771	9	11
Q55773	9	9
Q55775	11	11
Q55777		11
Q55779	9	11
Q55781		11
Q55783		9
Q55785		11
Q55790		11
Q55794		11
Q55795	9	
Q55798		11
Q55799	9	11
Q55802		11
Q55803		11
Q55806	11	11
Q55811	9	11
Q55815		11
Q55819	9	11
Q55822		11
Q55823	11	11
Q55826		11
Q55830		11
Q55831	11	11
Q55834		11
Q55835	9	9
Q55842	9	9
Q55850	11	
Q55851	9	9
Q55854		11
Q55855	11	11
Q55859	9	11
Q55862	11	11
Q55866		11
Q55867	9	11
Q55870		11
Q55874	9	9
Q55875		11
Q55878	11	11
Q55879		11
Q55882		11
Q55883	11	11
Q55887	9	9
Q55889		11
Q55891		9
Q55895	9	11
Q55899	9	11
Q55901	11	11
Q55903	9	11
Q55905		11
Q55907	11	11
Q55919	9	11
Q55921		11
Q55923	11	11
Q55929		11
Q55933		9
Q55935		11
Q55943	9	11
Q55947		9
Q55951	11	9
Q55959	11	11
Q55963	9	9
Q55967	9	9
Q55971	9	9
Q55973		11
Q55975	9	
Q55977	9	9
Q55979	11	11
Q55981	11	11
Q55983	9	9
Q55985	11	11
Q55989		11
Q55991	9	11
Q55993		11
Q55995	9	11
Q55997		11
Q55999		11
Q56003		9
Q56007	11	11
Q56009		11
Q56011	11	11
Q56013	11	11
Q56015	9	9
Q56019	11	11
Q56021	11	11
Q56023	11	11
Q56025		11
Q56029		11
Q56031	9	11
Q56033		11
Q56035	9	11
Q56037		11
Q56039	9	10
Q56041		11
Q56043	11	9
Q56045		11
Q56047	9	9
Q56049		11
Q56051	9	11
Q56053		11
Q56055	9	11
Q56057		11
Q56059	9	9
Q56061		11
Q56063	11	11
Q56065	11	11
Q56067	9	9
Q56069		11
Q56071	9	
Q56073		11
Q56075	9	
Q56079	9	9
Q56083	9	9
Q56085		11
Q56087	9	9
Q56089		11
Q56091	9	11
Q56093		11
Q56097		11
Q56099		9
Q56101		11
Q56103		9
Q56105	11	11
Q56109		11
Q56111	9	9
Q56117		11
Q56121		11
Q56123	11	10
Q56125		11
Q56129		11
Q56133		11
Q56135	11	9
Q56137		11
Q56139		11
Q56141		11
Q56143	11	11
Q56145		11
Q56147	9	11
Q56149		11
Q56151	9	
Q56153		11
Q56155	9	11
Q56157		11
Q56159	9	11
Q56161		11
Q56163		11
Q56165		11
Q56167	11	11
Q56169		11
Q56171	9	11
Q56173		11
Q56176		11
Q56179		11
Q56182		11
Q56185		11
Q56188		11
Q56191		11
Q56194		11
Q56197		11
Q56200		11
Q56206		11
Q56209		11
Q56212		11
Q56215		11
Q56218		11
Q56224		11
Q56239		11
Q56242		11
Q56254		11
Q56257		11
Q56266	9	11
Q56269	11	11
Q56272	9	11
Q56278	9	11
Q56281	11	11
Q56284	9	11
Q56287	9	9
Q56290	11	
Q56296	9	11
Q56305	11	11
Q56308	9	11
Q56314	11	11
Q56317	11	
Q56323	9	11
Q56328	11	11
Q56331	11	11
Q56334	9	11
Q56337	11	11
Q56343	11	11
Q56352	11	11
Q56355	11	11
Q56358	9	11
Q56361	9	11
Q56367	9	11
Q56370	11	11
Q56373	9	11
Q56376	11	11
Q56379	11	11
Q56382	9	11
Q56385	9	11
Q56388	9	11
Q56391	11	11
Q56397	11	11
Q56400	9	9
Q56412	9	11
Q56415		11
Q56418	11	11
Q56421		11
Q56424		9
Q56430		11
Q56433	11	11
Q56448	11	11
Q56454	9	11
Q56463	11	11
Q56469	11	11
Q56478	9	11
Q56484	9	11
Q56490	11	11
Q56499	11	11
Q56502	9	11
Q56508	11	
Q56523	11	
Q56529		11
Q56553	11	11
Q56562	11	11
Q56568	11	11
Q56571	11	11
Q56574	11	11
Q56577	11	11
Q56580	11	11
Q56583	11	11
Q56589	11	11
Q56592	11	
Q56601	11	11
Q56604	9	11
Q56607	11	11
Q56610	9	9
Q56613	11	11
Q56616	11	11
Q56619	11	11
Q56622	11	11
Q56625	9	11
Q56628	11	11
Q56643	11	11
Q56646	11	11
Q56655	11	11
Q56658	9	11
Q56671	11	11
Q56677	11	11
Q56686	11	11
Q56689	9	11
Q56695	9	11
Q56698	11	11
Q56707	11	11
Q56710	9	11
Q56713	11	11
Q56719		11
Q56722		11
Q56728	11	11
Q56731	11	11
Q56734	9	11
Q56737	11	11
Q56739	11	11
Q56742	11	11
Q56745	11	11
Q56748	11	11
Q56751	11	11
Q56754	11	11
Q56756	11	11
Q56768	11	11
Q56771	9	11
Q56774		11
Q56777	11	11
Q56780	9	11
Q56783	9	11
Q56789		11
Q56792	9	11
Q56795	11	11
Q56798		9
Q56801	9	
Q56807	11	11
Q56810	9	11
Q56816	11	11
Q56819	11	11
Q56822	9	11
Q56825	11	11
Q56828	11	11
Q56831	11	11
Q56834	11	11
Q56837	11	11
Q56840	11	11
Q56846	11	11
Q56849	11	11
Q56858	11	11
Q56861	11	11
Q56864	11	11
Q56876	11	11
Q56879		9
Q56891	11	11
Q56897	9	11
Q56903	11	11
Q56906	9	11
Q56912	9	9
Q56918	11	
Q56921	11	11
Q56927	11	11
Q56930	9	11
Q56936	11	11
Q56939	9	11
Q56942	9	11
Q56948	11	11
Q56954	11	11
Q56957	11	11
Q56960	11	11
Q56963		11
Q56969		11
Q56972	11	11
Q56975	11	11
Q56978	11	11
Q56984		11
Q56993	11	11
Q56996	11	11
Q57002	9	11
Q57005	11	11
Q57008	11	11
Q57014	9	11
Q57019	11	11
Q57021	9	11
Q57023	11	11
Q57026	9	9
Q57038	11	11
Q57047	11	11
Q57050	11	11
Q57053	11	11
Q57062	9	11
Q57065	9	11
Q57071	11	11
Q57074	11	11
Q57077	11	11
Q57080	9	11
Q57083	11	11
Q57086	11	11
Q57089	11	11
Q57131	11	11
Q57152	9	11
Q57155	11	11
Q57164	11	11
Q57167	11	11
Q57266	9	9
Q57269	11	11
Q57272	11	11
Q57275	11	9
Q57278	11	11
Q57281	11	11
Q57284	11	11
Q57287	11	11
Q57293	11	11
Q57299	11	11
Q57302	11	11
Q57305	9	
Q57308	9	
Q57311	9	11
Q57314	11	11
Q57317	9	11
Q57320	11	11
Q57326	9	11
Q57329	9	11
Q57332	11	11
Q57335	9	11
Q57341	9	
Q57347		11
Q57353	9	11
Q57356	11	11
Q57359	11	11
Q57365	11	11
Q57368	11	11
Q57371	11	11
Q57374	11	11
Q57377	11	11
Q57383	11	11
Q57386	11	11
Q57389	11	11
Q57392	9	11
Q57395	9	
Q57398	11	
Q57407	11	11
Q57410	11	
Q57413	11	11
Q57419	11	11
Q57425	11	11
Q57428	11	11
Q57431		9
Q57434	11	11
Q57437		9
Q57440	11	11
Q57443	11	11
Q57446	9	9
Q57452	9	9
Q57480	11	11
Q57483	11	11
Q57486	11	11
Q57489	11	11
Q57492	11	11
Q57495	11	11
Q57498	9	11
Q57501	11	11
Q57504	11	11
Q57510	11	11
Q57513	11	
Q57519	9	9
Q57526		9
Q57529	9	
Q57532	11	11
Q57535	9	9
Q57538	11	11
Q57541	11	11
Q57544	9	11
Q57547	11	11
Q57550	9	9
Q57553	9	
Q57556	11	11
Q57562	11	11
Q57565	11	11
Q57568	9	9
Q57571	11	11
Q57577	11	11
Q57580	11	11
Q57583	11	11
Q57586	9	9
Q57598	9	11
Q57604	11	11
Q57607	9	11
Q57610	11	11
Q57613	11	11
Q57617	11	11
Q57620	9	11
Q57626	11	11
Q57629	11	11
Q57632	11	11
Q57635	9	9
Q57638	11	11
Q57641	11	11
Q57644	11	11
Q57647	11	11
Q57653	11	11
Q57656	9	11
Q57659	11	11
Q57662	9	11
Q57665	11	11
Q57671	11	11
Q57677	9	9
Q57680		11
Q57683	11	11
Q57698	9	11
Q57701	9	11
Q57704	11	11
Q57707	11	11
Q57710	11	11
Q57713	11	11
Q57716		11
Q57719	9	11
Q57722	11	11
Q57725		11
Q57728	11	11
Q57731	9	11
Q57734	11	
Q57740	11	11
Q57752	11	11
Q57758	9	11
Q57761		11
Q57764		11
Q57773	11	
Q57776	9	11
Q57779	9	11
Q57791	11	11
Q57794	11	11
Q57806	11	11
Q57812	9	11
Q57818	11	11
Q57827	9	11
Q57830	9	11
Q57833	11	11
Q57842	11	11
Q57845	11	
Q57848	11	11
Q57854	11	11
Q57857	11	11
Q57860	11	11
Q57863	9	11
Q57866	11	11
Q57869	11	11
Q57872	11	11
Q57887	9	11
Q57890	11	11
Q57893	9	11
Q57896	9	
Q57899	11	11
Q57905	11	11
Q57908	11	11
Q57917	11	11
Q57920		9
Q57923	9	11
Q57929	11	11
Q57938		11
Q57941		11
Q57947	11	11
Q57950		11
Q57953		11
Q57956	11	11
Q57965	9	9
Q57971	9	9
Q57974	9	11
Q57980	9	11
Q57986	9	11
Q57992	11	11
Q57995	9	11
Q57998	11	11
Q58001	11	
Q58007	9	11
Q58016	11	11
Q58022	11	11
Q58028		11
Q58031	9	11
Q58043	9	11
Q58046	11	11
Q58049	9	11
Q58076	11	11
Q58082	11	11
Q58085	9	11
Q58097	9	11
Q58100		11
Q58103	11	11
Q58106		10
Q58109	11	11
Q58115		9
Q58118	11	11
Q58121	9	9
Q58124	9	9
Q58349	11	11
Q58352	11	11
Q58355	9	
Q58361	11	11
Q58364	11	11
Q58370	11	11
Q58379	11	11
Q58385	11	11
Q58388	9	11
Q58505	11	11
Q58511	11	11
Q58514	11	11
Q58517	11	
Q58520	9	9
Q58535	11	
Q58538	11	
Q58550	11	11
Q58553		9
Q58556		9
Q58572	11	
Q58575	11	11
Q58611	11	11
Q58614	11	11
Q58617	11	11
Q58620	11	11
Q58623	11	11
Q58626	9	11
Q58629	11	11
Q58632	11	11
Q58635	11	11
Q58638	11	
Q58662	11	9
Q58674	9	9
Q58680		9
Q58683	9	9
Q58698		11
Q58710		11
Q58713		11
Q58716		11
Q58719		11
Q58722		11
Q58728	11	11
Q58731		11
Q58734		11
Q58743		11
Q58746		11
Q58749		11
Q58755	11	11
Q58758		11
Q58761	9	11
Q58770	11	11
Q58773		11
Q58776		11
Q58779	11	11
Q58782	11	
Q58788	11	
Q58791	11	
Q58797		11
Q58800		11
Q58803		11
Q58806		11
Q58809		11
Q58812		11
Q58815		11
Q58818		11
Q58821		11
Q58824		11
Q58827		11
Q58830		11
Q58833		11
Q58836		11
Q58839		11
Q58842		11
Q58845		11
Q58848		11
Q58851		11
Q58854		11
Q58857		11
Q58860		11
Q58863		11
Q58893		11
Q58896		11
Q58902		11
Q58905		11
Q58908		11
Q58911		11
Q58914		11
Q58917		11
Q58920		11
Q58923		11
Q58926		11
Q58929		11
Q58932		11
Q58935		11
Q58938		11
Q58941		11
Q58944		11
Q58946		11
Q58949		11
Q58952		11
Q58955		11
Q58958		11
Q58961		11
Q58964		11
Q58967		11
Q58970		11
Q58976		11
Q58979	11	11
Q58982		11
Q58985		11
Q58988	11	11
Q58991	11	11
Q58994		11
Q59000	9	9
Q59003		11
Q59006		11
Q59009		11
Q59015		11
Q59018		11
Q59030	9	
Q59033	9	11
Q59036	9	9
Q59039	11	11
Q59045	9	11
Q59063		11
Q59066	11	11
Q59069		11
Q59072		11
Q59075		11
Q59078		11
Q59084		11
Q59087		11
Q59090		11
Q59093		11
Q59096		11
Q59099		11
Q59102		11
Q59105		11
Q59108		11
Q59111		11
Q59114		11
Q59117		11
Q59120		11
Q59123		11
Q59126		11
Q59129		11
Q59132		11
Q59135		11
Q59138		11
Q59141		11
Q59144		11
Q59147		11
Q59150		11
Q59153		11
Q59156		11
Q59159		11
Q59162		11
Q59165		11
Q59168		11
Q59170		11
Q59173		11
Q59176		11
Q59179		11
Q59182		11
Q59185		11
Q59188		11
Q59191		11
Q59194		11
Q59197		11
Q59200		11
Q59203		11
Q59206		11
Q59209		11
Q59212		11
Q59215		11
Q59218		11
Q59221		11
Q59224		11
Q59227		11
Q59230		11
Q59233		11
Q59236		11
Q59239		11
Q59242		11
Q59245		11
Q59248		11
Q59251		11
Q59254		11
Q59257		11
Q59260		11
Q59263		11
Q59266		11
Q59269		11
Q59272		11
Q59275		11
Q59278		11
Q59281		11
Q59284		11
Q59287		11
Q59290		11
Q59293		11
Q59296		11
Q59299		11
Q59302		11
Q59305		11
Q59308	11	11
Q59311		11
Q59317		11
Q59320		11
Q59323	11	11
Q59326		11
Q59329		11
Q59335		11
Q59338		11
Q59341		11
Q59344		11
Q59347		11
Q59350		11
Q59353		11
Q59356		11
Q59359		11
Q59363		11
Q59366		11
Q59369		11
Q59372		11
Q59375		11
Q59378		11
Q59380		11
Q59384		11
Q59387		11
Q59390		11
Q59394		11
Q59397		11
Q59400		11
Q59403		11
Q59406		11
Q59409		11
Q59412		11
Q59415		11
Q59418		11
Q59421		11
Q59424		11
Q59427		11
Q59439	11	11
Q59445	9	11
Q59448	9	9
Q59451	9	9
Q59466	9	9
Q59469	9	11
Q59472	9	9
Q59475	9	9
Q59478	9	9
Q59481	9	11
Q59487	11	9
Q59490	9	9
Q59493	9	
Q59496	9	9
Q59508	11	9
Q59520	9	11
Q59523	11	
Q59532	11	
Q59538	11	11
Q59541	9	11
Q59544	11	11
Q59547	11	
Q59550	11	11
Q59553	11	11
Q59556	11	
Q59568	9	
Q59580	11	
Q59583	11	11
Q59589	9	11
Q59592	11	11
Q59595	9	
Q59607	11	9
Q59610	11	9
Q59613	11	11
Q59616	11	11
Q59619	9	9
Q59622	11	11
Q59625	9	9
Q59631	9	9
Q59634		9
Q59637	9	9
Q59640	9	9
Q59643	11	11
Q59646	9	9
Q59649	11	11
Q59652	9	9
Q59664	9	9
Q59667		11
Q59673		11
Q59676		11
Q59679	11	11
Q59682		11
Q59685		11
Q59688	11	
Q59691		11
Q59694		11
Q59697		11
Q59700	11	11
Q59703		11
Q59706		11
Q59709		11
Q59715	11	
Q59727	11	11
Q59733	9	11
Q59736	11	11
Q59739	9	
Q59740	9	
Q59754	9	9
Q59757		11
Q59760		11
Q59763		11
Q59769		11
Q59772		11
Q59775		11
Q59781	11	11
Q59784	11	
Q59787		11
Q59790		11
Q59793	11	11
Q59796		11
Q59802		11
Q59805		11
Q59808		11
Q59811		11
Q59814		11
Q59817		11
Q59820		11
Q59823		11
Q59826		11
Q59829		11
Q59832		11
Q59835		11
Q59838		11
Q59841		11
Q59844		11
Q59847		11
Q59850		11
Q59856	11	11
Q59859		11
Q59862		11
Q59865		11
Q59868		11
Q59871		11
Q59874		11
Q59877		11
Q59880		11
Q59883		11
Q59886		11
Q59889		11
Q59892		11
Q59895		11
Q59898		11
Q59901		11
Q59904		11
Q59907		11
Q59910		11
Q59913		11
Q59916		11
Q59919		11
Q59922		11
Q59925		11
Q59928		11
Q59931		11
Q59934		11
Q59937		11
Q59940		11
Q59943		11
Q59946		11
Q59949		11
Q59952		11
Q59955		11
Q59958		11
Q59961		11
Q59964		11
Q59967		11
Q59970		11
Q59973		11
Q59976		11
Q59980		11
Q59983		11
Q59986		11
Q59989		11
Q59992		11
Q59995		11
Q59998		11
Q60001		11
Q60004		11
Q60007		11
Q60013		11
Q60016		11
Q60028		11
Q60031		11
Q60034		11
Q60040		11
Q60043		11
Q60046		11
Q60049	9	
Q60052		9
Q60058	9	
Q60061	9	9
Q60063	9	9
Q60064	9	9
Q60067	9	9
Q60070	9	9
Q60073	11	
Q60076	11	11
Q60079	11	
Q60082	11	11
Q60085	9	
Q60088	11	
Q60091	9	9
Q60094	11	11
Q60100	9	9
Q60103	9	9
Q60106	11	
Q60109	11	
Q60112	11	
Q60115	11	
Q60118	11	11
Q60121	11	
Q60124	11	
Q60127	11	
Q60130	9	11
Q60133	11	11
Q60136	9	
Q60139	11	
Q60142	11	
Q60145	11	
Q60148	11	
Q60151	11	
Q60154	11	11
Q60163	11	
Q60178		9
Q60184	11	11
Q60187	11	11
Q60190	11	
Q60193	9	9
Q60196	11	
Q60208	9	
Q60211	9	
Q60214	9	
Q60217	11	
Q60220	9	
Q60223	11	
Q60229	9	
Q60232		11
Q60235		11
Q60241		11
Q60247		11
Q60250		11
Q60253		11
Q60262		11
Q60265		11
Q60271	11	11
Q60274		11
Q60277	9	9
Q60286	11	11
Q60289	11	11
Q60292	11	11
Q60293	11	11
Q60295	11	11
Q60304		11
Q60307		11
Q60310		11
Q60313		11
Q60316		11
Q60319		11
Q60322		11
Q60328		11
Q60331		11
Q60334		11
Q60337	11	
Q60340	11	11
Q60349	11	11
Q60355	11	11
Q60358	11	
Q60361	11	11
Q60364		11
Q60367		11
Q60370		11
Q60373		11
Q60382		11
Q60388		11
Q60391		11
Q60394		11
Q60397	9	9
Q60400	11	11
Q60403		11
Q60409		11
Q60412		11
Q60415		11
Q60418		11
Q60427		11
Q60433		11
Q60436	11	11
Q60439		11
Q60442		11
Q60445		11
Q60448	9	9
Q60452	9	
Q60454		11
Q60460		11
Q60463	9	9
Q60469		11
Q60472		11
Q60475		11
Q60478		11
Q60481		11
Q60484		11
Q60487		11
Q60490		11
Q60493		11
Q60496		11
Q60502		11
Q60505		11
Q60508		11
Q60511		11
Q60514		11
Q60517		11
Q60518	11	11
Q60520		11
Q60523		11
Q60526		11
Q60529		11
Q60532		11
Q60535		11
Q60538		11
Q60541		11
Q60544		11
Q60547		11
Q60548	11	11
Q60550		11
Q60553		11
Q60556		11
Q60559		11
Q60562		11
Q60581	9	11
Q60586		11
Q60589		11
Q60592		11
Q60595		11
Q60598	9	11
Q60616		11
Q60619	11	11
Q60622	11	11
Q60628		11
Q60637		11
Q60640		11
Q60643		11
Q60655		11
Q60658		11
Q60661	11	11
Q60664		11
Q60667	11	
Q60670	11	11
Q60673		11
Q60680	11	11
Q60682	11	11
Q60685		11
Q60688		11
Q60691		11
Q60694		11
Q60697		11
Q60703	11	11
Q60706	11	11
Q60712		11
Q60713	11	11
Q60715		11
Q60721		11
Q60736		11
Q60739	11	11
Q60742		11
Q60745		11
Q60746	9	11
Q60748		11
Q60751		11
Q60754		11
Q60757		11
Q60760		11
Q60772		11
Q60775		11
Q60778		11
Q60802		11
Q60808		11
Q60811	11	11
Q60814		11
Q60823		11
Q60826		11
Q60832		11
Q60835		11
Q60838		11
Q60844		11
Q60847		11
Q60850		11
Q60853	11	11
Q60856		11
Q60859	11	11
Q60862	11	11
Q60878	11	11
Q60883		11
Q60886		11
Q60889		11
Q60892		11
Q60895		11
Q60898		11
Q60901		11
Q60903		11
Q60906		11
Q60909		11
Q60912		11
Q60915		11
Q60918		11
Q60921		11
Q60924		11
Q60927		11
Q60930		11
Q60933		11
Q60936		11
Q60939		11
Q60942		11
Q60945		11
Q60948		11
Q60951		11
Q60954		11
Q60957		11
Q60960		11
Q60963		11
Q60966		11
Q60969		11
Q60972		11
Q60974	11	11
Q60975		11
Q60978		11
Q60981		11
Q60984		11
Q60987		11
Q60990		11
Q60993		11
Q60996		11
Q60999		11
Q61002		11
Q61005		11
Q61007		11
Q61008	9	9
Q61010		11
Q61013		11
Q61016		11
Q61019		11
Q61022		11
Q61025		11
Q61028		11
Q61031		11
Q61040		11
Q61043		11
Q61049		11
Q61052		11
Q61055	11	
Q61064		11
Q61067		11
Q61070		11
Q61076		11
Q61079		11
Q61082		11
Q61085		11
Q61088		11
Q61091		11
Q61094		11
Q61097		11
Q61100		11
Q61103		11
Q61106		11
Q61109		11
Q61112		11
Q61130	11	11
Q61136		11
Q61139		11
Q61140	11	11
Q61142		11
Q61145		11
Q61148		11
Q61151		11
Q61157	11	9
Q61160		9
Q61166	9	9
Q61169	9	9
Q61173	11	11
Q61175	11	11
Q61179		11
Q61182		11
Q61185		11
Q61191		11
Q61194		11
Q61197		11
Q61200		11
Q61203		11
Q61206		11
Q61209		11
Q61212		11
Q61218		11
Q61221		11
Q61224		11
Q61227		11
Q61230		11
Q61233		11
Q61235	9	11
Q61236	11	9
Q61239		11
Q61242	9	11
Q61245		11
Q61251	11	11
Q61254	11	11
Q61257		11
Q61260	11	
Q61266	9	
Q61268	11	11
Q61269	11	
Q61272	11	11
Q61290		11
Q61293	11	11
Q61296		11
Q61299		11
Q61301	11	11
Q61311		11
Q61314		11
Q61317		11
Q61320		11
Q61323		11
Q61326		11
Q61332		11
Q61334	9	9
Q61344		11
Q61356		11
Q61374		11
Q61377		11
Q61380		11
Q61383		11
Q61386		11
Q61389		11
Q61392		9
Q61395		11
Q61398		11
Q61400	9	9
Q61401		11
Q61407	11	11
Q61410		11
Q61413		11
Q61419	11	11
Q61428	11	
Q61431	11	11
Q61434	11	11
Q61437	11	11
Q61440	9	
Q61443	9	11
Q61449		11
Q61452		11
Q61455		11
Q61458		11
Q61461		11
Q61464		11
Q61467		11
Q61470		11
Q61473		11
Q61479		11
Q61482	11	11
Q61485		11
Q61488		11
Q61491		11
Q61494		11
Q61497		11
Q61515		11
Q61518	9	11
Q61524		11
Q61527		11
Q61530		11
Q61532	11	11
Q61533		11
Q61536		11
Q61563		11
Q61565	9	11
Q61566		11
Q61569		11
Q61572		11
Q61575		11
Q61578		11
Q61587		11
Q61590		11
Q61598	11	9
Q61605	11	11
Q61611		11
Q61617		11
Q61620		11
Q61623		11
Q61626	11	11
Q61635		11
Q61638		11
Q61641		11
Q61644		11
Q61647		11
Q61650		11
Q61656	9	9
Q61659		11
Q61664	9	11
Q61665		11
Q61668	11	11
Q61680		11
Q61683		11
Q61686		11
Q61692	11	11
Q61694	9	
Q61701		11
Q61704		11
Q61707		11
Q61710		11
Q61713		11
Q61716		11
Q61719		11
Q61722		11
Q61725		11
Q61728		11
Q61731		11
Q61734		11
Q61737		11
Q61740		11
Q61743		11
Q61746		11
Q61749		11
Q61752	11	11
Q61755		11
Q61758		11
Q61759	9	
Q61761		11
Q61764		11
Q61767		11
Q61770		11
Q61773		11
Q61776		11
Q61779		11
Q61782		11
Q61785		11
Q61788		11
Q61791		11
Q61792	9	
Q61794		11
Q61797		11
Q61800		9
Q61803	9	9
Q61812		11
Q61815		11
Q61821	9	11
Q61824		11
Q61827		11
Q61833		11
Q61836		11
Q61839		11
Q61842		11
Q61845		11
Q61848		11
Q61851		11
Q61854		11
Q61857		11
Q61860		11
Q61863		11
Q61866		11
Q61869		11
Q61872		11
Q61875		11
Q61878		11
Q61881	9	9
Q61896	11	11
Q61914		11
Q61917		11
Q61920	11	11
Q61924	9	9
Q61926		11
Q61929		11
Q61935		11
Q61941		11
Q61944		11
Q61947		11
Q61950		11
Q61953		11
Q61956		11
Q61959		11
Q61962		11
Q61965		11
Q61968		11
Q61971		11
Q61974		11
Q61977		11
Q61983		11
Q61986		11
Q61989		11
Q61992		11
Q61995		11
Q61998		11
Q62001		11
Q62010		11
Q62013		11
Q62022	11	
Q62023	9	
Q62025	9	9
Q62028	11	11
Q62030		11
Q62033		11
Q62036		11
Q62039		11
Q62042	9	9
Q62048	11	
Q62051	9	9
Q62054	11	11
Q62057	9	9
Q62060		11
Q62063	9	11
Q62069		11
Q62072	11	11
Q62075		11
Q62084	11	11
Q62089	9	
Q62090		11
Q62096	11	11
Q62102	11	11
Q62117		11
Q62120	9	9
Q62122	9	9
Q62128	11	
Q62131	9	9
Q62146	11	11
Q62149		11
Q62155		11
Q62156	9	9
Q62158		11
Q62161		11
Q62164		11
Q62167		11
Q62170		11
Q62173		11
Q62176		11
Q62179		11
Q62182		11
Q62185		11
Q62188		11
Q62191		11
Q62194		11
Q62197		11
Q62200	11	11
Q62203		11
Q62206		11
Q62209		11
Q62212		11
Q62215		11
Q62218		11
Q62221		11
Q62224		11
Q62227		11
Q62230		11
Q62233		11
Q62236		11
Q62239		11
Q62242		11
Q62245		11
Q62248		11
Q62251		11
Q62254		11
Q62257		11
Q62260		11
Q62263		11
Q62266		11
Q62269		11
Q62272		11
Q62275		11
Q62278		11
Q62281		11
Q62284	11	11
Q62293		11
Q62296		11
Q62305		11
Q62314	9	11
Q62317	11	11
Q62320	9	11
Q62326	9	11
Q62329	11	11
Q62332	11	
Q62338	11	11
Q62344	9	11
Q62347	11	11
Q62350	9	11
Q62351	9	
Q62353	11	11
Q62362	11	11
Q62365	9	11
Q62368	11	11
Q62380	9	11
Q62383		11
Q62389		11
Q62392		11
Q62395	9	9
Q62401	9	9
Q62404		11
Q62407	9	11
Q62416		11
Q62419		11
Q62422	9	11
Q62425	11	11
Q62428		11
Q62434	11	11
Q62437	11	11
Q62440	11	11
Q62446	11	11
Q62452	11	11
Q62455	11	11
Q62461	11	
Q62464	11	
Q62467	9	11
Q62476		11
Q62479		11
Q62487	11	11
Q62490	11	11
Q62493	11	11
Q62502	9	11
Q62505	11	11
Q62508	11	11
Q62511	11	11
Q62517	11	11
Q62527	11	11
Q62530	9	11
Q62533	11	11
Q62536	11	11
Q62539	11	11
Q62542	9	11
Q62545	11	11
Q62554		11
Q62565	11	11
Q62589	11	11
Q62592	11	
Q62598	11	11
Q62604		9
Q62607	11	11
Q62610	11	11
Q62613	11	11
Q62616	11	11
Q62619	11	11
Q62622	11	11
Q62637	11	
Q62646	9	11
Q62649	11	11
Q62652		11
Q62655		11
Q62658	9	9
Q62661	11	11
Q62670	11	11
Q62673	9	11
Q62676	11	11
Q62679	9	11
Q62682	9	11
Q62685	11	11
Q62688	11	11
Q62700	9	11
Q62703		11
Q62704	9	9
Q62706	9	11
Q62709		11
Q62712		11
Q62715	11	11
Q62718	11	11
Q62721	9	9
Q62724	9	11
Q62727	11	11
Q62730	11	11
Q62733	9	11
Q62736	9	11
Q62739	11	11
Q62742	11	11
Q62745	11	11
Q62748	11	11
Q62754	11	11
Q62757	11	11
Q62760	11	11
Q62763	11	11
Q62772	11	11
Q62775		11
Q62778	9	
Q62781	11	11
Q62784	11	11
Q62787	11	11
Q62790	11	11
Q62802		11
Q62805		10
Q62817	9	
Q62820	9	
Q62823	11	
Q62844	11	11
Q62847	11	11
Q62850	11	
Q62853	11	11
Q62955	11	11
Q62958	11	11
Q62961	11	11
Q62964	11	11
Q62967	11	11
Q62968	9	9
Q62970	11	11
Q62973	11	11
Q62976	11	11
Q62979	11	11
Q62985	11	11
Q62988	11	11
Q62991	11	11
Q62994	11	11
Q63000	11	11
Q63006	9	
Q63009	9	
Q63012	9	11
Q63015	11	11
Q63018	11	11
Q63021	11	11
Q63024	11	11
Q63030	11	11
Q63033	11	11
Q63039	9	9
Q63042		9
Q63051	11	11
Q63054	11	11
Q63057	9	9
Q63060	11	11
Q63069	9	9
Q63072	9	9
Q63078	11	11
Q63087	9	
Q63090	11	
Q63093	11	11
Q63099	11	11
Q63111	10	11
Q63114	11	11
Q63117	11	11
Q63123	11	11
Q63129	11	11
Q63132	11	11
Q63135	11	11
Q63138	11	11
Q63141	11	11
Q63144	9	9
Q63150	11	9
Q63159	11	11
Q63182	11	11
Q63185	11	11
Q63191	11	11
Q63192	11	9
Q63194	9	9
Q63197	9	9
Q63209	11	11
Q63212	9	
Q63215	9	
Q63217	9	9
Q63223	9	9
Q63224	9	11
Q63226		11
Q63229	11	9
Q63235	9	11
Q63238	11	11
Q63241	9	9
Q63244	11	11
Q63247	11	11
Q63250	9	11
Q63253		9
Q63256	11	11
Q63259	11	11
Q63262	11	11
Q63265	11	11
Q63268	11	11
Q63271	11	11
Q63280	9	
Q63283	11	11
Q63286	11	11
Q63298	11	11
Q63301	11	11
Q63307	11	11
Q63310	11	11
Q63313	11	11
Q63316	11	
Q63319	11	11
Q63322	11	11
Q63325	11	11
Q63328	11	11
Q63331	11	11
Q63340	11	11
Q63343	11	11
Q63349	11	11
Q63352	11	
Q63355	11	11
Q63364	9	11
Q63367	9	11
Q63370		11
Q63373	11	11
Q63376		11
Q63380	11	
Q63383	9	11
Q63386	11	11
Q63389	11	11
Q63392	11	11
Q63395		9
Q63398	11	11
Q63401	11	11
Q63404	11	11
Q63407	11	11
Q63417	9	9
Q63420	11	
Q63423	9	
Q63426	9	11
Q63429	9	11
Q63432	9	11
Q63444	11	11
Q63450	11	11
Q63456	11	11
Q63459	11	11
Q63462	11	11
Q63468	11	11
Q63471	11	11
Q63474	11	11
Q63480	11	11
Q63483	11	11
Q63486	11	11
Q63488	11	11
Q63491		11
Q63494	11	11
Q63497		11
Q63506		9
Q63512	9	11
Q63515	11	11
Q63521	9	11
Q63533	11	11
Q63536		11
Q63542	9	11
Q63545	11	11
Q63547	9	
Q63556	11	9
Q63557	9	11
Q63560	9	11
Q63563	9	11
Q63566	11	11
Q63569	9	11
Q63572	9	11
Q63578	11	11
Q63584	11	11
Q63587		11
Q63590	11	11
Q63593	9	
Q63596	11	11
Q63662	11	
Q63665	11	11
Q63747	11	11
Q63780	11	11
Q63846	9	11
Q63857	11	11
Q63860	11	
Q63863	11	11
Q63866	9	11
Q63875	11	11
Q63878	11	11
Q63879	11	11
Q63944	11	11
Q63947	11	11
Q63953	11	11
Q63962	11	11
Q63965	11	11
Q63968	11	11
Q63971	11	
Q63977	11	11
Q63980	11	
Q64027	11	11
Q64036	11	11
Q64046	11	
Q64052	11	
Q64055	9	
Q64064	11	11
Q64067		9
Q64073	9	
Q64076	11	9
Q64105	11	9
Q64114	9	9
Q64120		11
Q64123		11
Q64126		11
Q64129		11
Q64132		11
Q64135		11
Q64138		11
Q64150		11
Q64153		11
Q64156		11
Q64159		11
Q64162	11	11
Q64165	11	11
Q64180		11
Q64183		11
Q64186	11	
Q64192		11
Q64195		11
Q64198	11	9
Q64201	11	
Q64204	11	
Q64207	11	
Q64210	9	9
Q64213		11
Q64216		11
Q64219		11
Q64222		11
Q64225		11
Q64231		11
Q64234		11
Q64237	11	11
Q64240		11
Q64243		11
Q64246		11
Q64249		11
Q64252		11
Q64255		11
Q64258		11
Q64261		11
Q64264		11
Q64267		11
Q64270		11
Q64273		11
Q64276		11
Q64279		11
Q64285		11
Q64288		11
Q64291		11
Q64294		11
Q64297		11
Q64300		11
Q64303		11
Q64306		11
Q64309		11
Q64312		11
Q64315		11
Q64318		11
Q64321		11
Q64324		11
Q64327		11
Q64330		11
Q64333		11
Q64336		11
Q64339		11
Q64342		11
Q64345	11	11
Q64348		11
Q64351		11
Q64354		11
Q64357		11
Q64360	11	11
Q64363		11
Q64366		11
Q64369		11
Q64372		11
Q64375		11
Q64378		11
Q64381	9	9
Q64384		11
Q64390		11
Q64393		11
Q64396		11
Q64399		11
Q64402	11	11
Q64405		11
Q64408		11
Q64411		11
Q64414		11
Q64417	9	9
Q64420		11
Q64423		11
Q64427		11
Q64431		11
Q64434	11	11
Q64440		11
Q64443		11
Q64446		11
Q64449		11
Q64455	11	11
Q64458		11
Q64461		11
Q64467		11
Q64470	9	9
Q64473		11
Q64474		9
Q64476		11
Q64479	9	9
Q64483	11	11
Q64491		11
Q64497		11
Q64500		11
Q64503		11
Q64506		11
Q64509		11
Q64512	11	11
Q64515	9	
Q64516	11	11
Q64518		11
Q64521		11
Q64527		11
Q64530		11
Q64536	11	11
Q64542		11
Q64545		11
Q64548		11
Q64549	11	9
Q64551		11
Q64554		11
Q64557		11
Q64560		11
Q64563		11
Q64566		11
Q64569		11
Q64572		11
Q64575		11
Q64578		11
Q64581		11
Q64582	9	
Q64584		11
Q64587		11
Q64590		11
Q64593		11
Q64596		11
Q64599	11	11
Q64602		11
Q64605		11
Q64608		11
Q64611		11
Q64614		11
Q64615		11
Q64617		11
Q64620		11
Q64623		11
Q64626		11
Q64629		11
Q64632		11
Q64635		11
Q64638		11
Q64641		11
Q64644		11
Q64647		11
Q64648	11	
Q64650		11
Q64653		11
Q64656		11
Q64659		11
Q64662		11
Q64665		11
Q64668		11
Q64671		11
Q64674		11
Q64677	11	11
Q64681	9	
Q64683	11	11
Q64692		11
Q64698	11	11
Q64710		11
Q64713		11
Q64716		11
Q64719		11
Q64722		11
Q64725		11
Q64728		11
Q64731		11
Q64734		11
Q64737		11
Q64740		11
Q64743		11
Q64746		11
Q64749		11
Q64752		11
Q64755		11
Q64758		11
Q64761		11
Q64764		11
Q64767		11
Q64770		11
Q64773		11
Q64776		11
Q64779		11
Q64782		11
Q64785		11
Q64788		11
Q64791		11
Q64794		11
Q64797		11
Q64800		11
Q64803		11
Q64806		11
Q64809		11
Q64812		11
Q64815		11
Q64818		11
Q64821		11
Q64824		11
Q64827		11
Q64830		11
Q64833		11
Q64836		9
Q64842	9	9
Q64854		11
Q64857	9	11
Q64860	9	9
Q64875	9	9
Q64881	9	9
Q64884	9	9
Q64887	9	9
Q64889	9	9
Q64892	9	
Q64901		9
Q64907	9	9
Q64910	9	9
Q64919		9
Q64923	11	
Q64926		11
Q64929	11	
Q64935	11	11
Q64944	11	
Q64947	11	
Q64956	11	
Q64959	9	
Q64962	11	11
Q64971	9	9
Q64974	9	9
Q64977	9	9
Q64995	9	9
Q65001	9	
Q65002	11	11
Q65004	11	
Q65007		9
Q65008	9	9
Q65010	9	9
Q65013	11	9
Q65016	11	9
Q65038	11	
Q65047	11	
Q65050	11	
Q65056	11	11
Q65062	9	11
Q65068	9	9
Q65074	9	
Q65077	9	9
Q65080	11	
Q65083	9	9
Q65089	9	9
Q65092	9	9
Q65095		11
Q65101	9	11
Q65104	11	
Q65116	11	
Q65119	9	9
Q65128		11
Q65131	11	
Q65140		11
Q65146	11	11
Q65149	11	11
Q65152	9	11
Q65161	9	11
Q65164	11	11
Q65167	9	9
Q65170	9	11
Q65173	9	9
Q65175	9	11
Q65178	9	11
Q65181		9
Q65184		9
Q65187		11
Q65190		11
Q65192	9	
Q65202	11	
Q65208		11
Q65220	9	
Q65223	11	11
Q65225	11	11
Q65226	9	
Q65235	9	9
Q65250	9	
Q65256	9	9
Q65258	11	11
Q65259	9	
Q65265	11	
Q65274	11	11
Q65277	11	11
Q65280	9	11
Q65283	9	
Q65286	11	
Q65291	9	9
Q65301	9	11
Q65307	11	11
Q65310	9	9
Q65313	9	9
Q65316	11	9
Q65319	9	9
Q65322	9	
Q65325	9	
Q65340		11
Q65349		11
Q65352		11
Q65358		11
Q65361		11
Q65364		11
Q65367		11
Q65370		11
Q65373		11
Q65376	11	11
Q65385		11
Q65388		11
Q65391		11
Q65394		11
Q65397		11
Q65400		11
Q65403	9	
Q65406	9	11
Q65412	9	11
Q65421	9	9
Q65423	11	
Q65424	11	
Q65433		11
Q65436		11
Q65448		11
Q65451		11
Q65456	9	
Q65460		11
Q65463		11
Q65466		11
Q65469		11
Q65472		11
Q65475	11	11
Q65481		11
Q65484		11
Q65489	11	11
Q65490		11
Q65496		11
Q65499		11
Q65502		11
Q65505	11	11
Q65508		11
Q65511	11	11
Q65514		11
Q65517		11
Q65519	9	
Q65520		11
Q65523		11
Q65526		11
Q65529		11
Q65532		11
Q65535		11
Q65538		11
Q65541		11
Q65544		11
Q65547		11
Q65550		11
Q65552	9	
Q65553		11
Q65556		11
Q65559		11
Q65562		11
Q65565		11
Q65568		11
Q65571		11
Q65574		11
Q65577		11
Q65580		11
Q65583		11
Q65589		11
Q65592		11
Q65595		11
Q65598		11
Q65601		11
Q65604		11
Q65607		11
Q65610		11
Q65613		11
Q65616		11
Q65619		11
Q65622		11
Q65625		11
Q65628		11
Q65631		11
Q65634		11
Q65637		11
Q65640		11
Q65643		11
Q65646		11
Q65649		11
Q65652		11
Q65655		11
Q65658		11
Q65661		11
Q65664		11
Q65667		11
Q65670		11
Q65673		11
Q65676		11
Q65679		11
Q65682		11
Q65685		11
Q65688	11	11
Q65691		11
Q65694		11
Q65697		11
Q65700		11
Q65701		11
Q65704		11
Q65705	11	11
Q65707		11
Q65710		11
Q65713		11
Q65716		11
Q65719		11
Q65722		11
Q65725		11
Q65728		11
Q65731		11
Q65740		11
Q65749		11
Q65752		11
Q65755		11
Q65758		11
Q65761		11
Q65764		11
Q65767		11
Q65770		11
Q65773		11
Q65776		11
Q65779		11
Q65782		11
Q65785		11
Q65791	9	11
Q65795		11
Q65801		11
Q65804		11
Q65807		11
Q65810		11
Q65813		11
Q65816		11
Q65819		11
Q65826	9	
Q65829	9	9
Q65835	9	9
Q65838	9	9
Q65841	11	
Q65844	9	11
Q65847	9	9
Q65850	9	9
Q65853	11	9
Q65856	9	11
Q65859	9	11
Q65862	9	11
Q65868	11	9
Q65871	9	
Q65873	11	
Q65874	9	9
Q65880	9	
Q65886	9	
Q65892	11	9
Q65895	11	9
Q65901	9	
Q65904	11	
Q65910		11
Q65913		11
Q65916	9	
Q65919	9	
Q65922	9	
Q65928	11	
Q65934	9	
Q65940	9	9
Q65943	9	9
Q65946	11	9
Q65949	11	11
Q65952		11
Q65961	9	9
Q65964	11	
Q65967		11
Q65979	9	9
Q65985	11	9
Q65988		11
Q65991	9	
Q65994	11	11
Q66000	11	
Q66003	9	
Q66011		11
Q66012		11
Q66018		11
Q66021		11
Q66024		11
Q66027		11
Q66030		11
Q66033		11
Q66036		11
Q66039	11	11
Q66042		11
Q66045		11
Q66048	11	
Q66051		11
Q66054	11	11
Q66069	11	11
Q66075	11	11
Q66078	11	11
Q66081		11
Q66090		11
Q66093		11
Q66096		11
Q66099		11
Q66102		11
Q66105	11	11
Q66108	9	9
Q66123		11
Q66126		11
Q66132		11
Q66138		11
Q66141	11	
Q66150		11
Q66153		11
Q66156		11
Q66159		11
Q66162		11
Q66165		11
Q66168		11
Q66171		11
Q66180	11	11
Q66186		11
Q66189		11
Q66198		11
Q66201		11
Q66204		11
Q66207		11
Q66210		11
Q66213		11
Q66222		11
Q66228		11
Q66231		11
Q66237		11
Q66240		11
Q66243		11
Q66246		11
Q66249		11
Q66252		11
Q66255		11
Q66258		11
Q66264		11
Q66267		11
Q66270		11
Q66273		11
Q66276		11
Q66279		11
Q66282		11
Q66285		11
Q66288		11
Q66291		11
Q66294		11
Q66297		11
Q66300		11
Q66303		11
Q66306		11
Q66309		11
Q66312		11
Q66315		11
Q66318		11
Q66321		11
Q66324		11
Q66327		11
Q66330		11
Q66333		11
Q66336		11
Q66339		11
Q66342		11
Q66345		11
Q66348		11
Q66352		11
Q66355		11
Q66358		11
Q66361		11
Q66364		11
Q66367		11
Q66369		11
Q66372		11
Q66375		11
Q66378		11
Q66381		11
Q66384		11
Q66387		11
Q66390		11
Q66393	11	11
Q66399	11	11
Q66405		11
Q66408		11
Q66420		9
Q66425	9	11
Q66426	9	9
Q66432		11
Q66435	11	11
Q66441	11	11
Q66444		11
Q66447		11
Q66450		11
Q66453		11
Q66456		11
Q66459		11
Q66462		11
Q66465		11
Q66468		11
Q66471		11
Q66474		11
Q66477		11
Q66483		11
Q66486		11
Q66488	11	11
Q66489		11
Q66492		11
Q66495	11	11
Q66497	9	11
Q66498	9	9
Q66507		11
Q66510		11
Q66513	11	11
Q66516		11
Q66519		11
Q66522		11
Q66525		11
Q66528		11
Q66531		11
Q66534		11
Q66537		11
Q66540		11
Q66543		11
Q66546		11
Q66549		11
Q66552	11	11
Q66567		11
Q66570		11
Q66573		11
Q66576		11
Q66579		11
Q66582	11	
Q66585	11	11
Q66587	11	
Q66588		11
Q66591		11
Q66603	11	11
Q66606		11
Q66609		11
Q66612	11	11
Q66615		11
Q66618		11
Q66621		11
Q66624		11
Q66627		11
Q66630		11
Q66633		11
Q66645		11
Q66648		11
Q66651		11
Q66653	11	
Q66666	11	11
Q66669		11
Q66672		11
Q66675		11
Q66684	11	11
Q66687		11
Q66690		11
Q66693	11	11
Q66699		11
Q66705		11
Q66708		11
Q66711		11
Q66714		11
Q66717		11
Q66720		11
Q66723		11
Q66726		11
Q66729		11
Q66732		11
Q66741	9	
Q66744		11
Q66750		11
Q66751	11	9
Q66753		11
Q66759		11
Q66765		11
Q66768		11
Q66771		11
Q66774		11
Q66777		11
Q66780		11
Q66783		11
Q66784	9	9
Q66786		11
Q66789		11
Q66792		11
Q66795		11
Q66798		11
Q66801		11
Q66804		11
Q66807		11
Q66813	11	11
Q66817	9	11
Q66819	11	11
Q66831	11	11
Q66837	9	9
Q66840	9	9
Q66843		11
Q66846		11
Q66849		11
Q66850	9	
Q66852		11
Q66855		11
Q66858		11
Q66861		11
Q66864		11
Q66867		11
Q66870		11
Q66873		11
Q66876		11
Q66879		11
Q66882		11
Q66888		11
Q66891		11
Q66894		11
Q66897		11
Q66900		11
Q66903		11
Q66906		11
Q66909		11
Q66912		11
Q66918	11	11
Q66921		11
Q66924	11	11
Q66927	11	11
Q66930	11	11
Q66933	9	
Q66936		11
Q66942		11
Q66946	9	9
Q66948	11	11
Q66951	9	9
Q66960		11
Q66963	9	11
Q66966		11
Q66972		11
Q66975		11
Q66978	9	11
Q66981		11
Q66984	9	11
Q66987	9	11
Q66990	11	11
Q66993	9	11
Q66996	9	11
Q66999		11
Q67002	9	11
Q67005	9	11
Q67008	9	11
Q67011	9	11
Q67014		11
Q67017	9	11
Q67023		11
Q67024	9	9
Q67026	9	11
Q67028	9	11
Q67032		11
Q67036	9	11
Q67039		11
Q67042	11	
Q67048		11
Q67051		11
Q67054		11
Q67055	11	
Q67057		11
Q67060		11
Q67069		11
Q67072	11	11
Q67075		11
Q67081	9	
Q67086		11
Q67089		11
Q67092		11
Q67095		11
Q67098		11
Q67101		11
Q67104		11
Q67107		11
Q67110		11
Q67113		11
Q67119		11
Q67122		11
Q67125		11
Q67143		11
Q67146		11
Q67149		11
Q67152		11
Q67155		11
Q67158		11
Q67161		11
Q67170	11	11
Q67173	9	11
Q67182		11
Q67185	11	11
Q67188	9	11
Q67191		11
Q67194		11
Q67197		11
Q67200		11
Q67203	11	9
Q67212	11	11
Q67215		11
Q67218	11	11
Q67221		11
Q67224		11
Q67227		11
Q67230	11	11
Q67239	11	11
Q67245		11
Q67248	9	9
Q67251		11
Q67254		11
Q67257	9	9
Q67260		11
Q67263		11
Q67266		11
Q67269		11
Q67272		11
Q67275	9	9
Q67278		11
Q67281		11
Q67284		11
Q67287	11	11
Q67293		11
Q67296		11
Q67299		11
Q67305	11	11
Q67308	9	9
Q67314		11
Q67326		11
Q67332		11
Q67347		11
Q67350		11
Q67353		11
Q67356		11
Q67359		11
Q67362		11
Q67365		11
Q67371	11	11
Q67374		11
Q67377		11
Q67380		11
Q67383		11
Q67386		11
Q67389		11
Q67392		11
Q67395		11
Q67398		11
Q67401		11
Q67404		11
Q67407		11
Q67410		11
Q67413		11
Q67416		11
Q67419		11
Q67422		11
Q67425		11
Q67428		11
Q67431		11
Q67434		11
Q67437		11
Q67443	11	11
Q67449	11	
Q67455		11
Q67458		11
Q67461		11
Q67464		11
Q67467	9	11
Q67470	11	11
Q67474	11	11
Q67478		11
Q67481		11
Q67484		11
Q67487		11
Q67490		11
Q67493		11
Q67496	11	11
Q67502		11
Q67505	11	11
Q67508	9	9
Q67514		11
Q67520	11	11
Q67523		11
Q67526		11
Q67529		11
Q67532		11
Q67535		11
Q67538		11
Q67541	11	11
Q67544		11
Q67547		11
Q67550		11
Q67553	11	11
Q67556		11
Q67559		11
Q67562		11
Q67565		11
Q67568		11
Q67571		11
Q67573	11	11
Q67574		11
Q67577		11
Q67580		11
Q67583		11
Q67586		11
Q67589		11
Q67592		11
Q67598		11
Q67601		11
Q67603	9	
Q67604		11
Q67607		11
Q67610		11
Q67613		11
Q67616		11
Q67619	9	9
Q67622	9	9
Q67631		11
Q67634	9	9
Q67640	9	9
Q67645	9	11
Q67646	11	11
Q67649	11	11
Q67652		11
Q67658		11
Q67661	11	11
Q67673	11	11
Q67676	11	11
Q67679	11	11
Q67682		11
Q67685		11
Q67688		11
Q67691		11
Q67694		11
Q67697		11
Q67700	11	9
Q67703	11	
Q67706	9	9
Q67709	9	9
Q67712	9	9
Q67718	9	9
Q67721	9	11
Q67724		11
Q67727		11
Q67730		11
Q67739		11
Q67745		11
Q67748		11
Q67757	11	
Q67766		11
Q67781	11	
Q67784		11
Q67787		11
Q67790		11
Q67793		11
Q67799		11
Q67802		11
Q67811	11	11
Q67814		11
Q67817		11
Q67820		11
Q67838	11	11
Q67841		11
Q67844		11
Q67847		11
Q67850	11	9
Q67853		11
Q67859	9	9
Q67868		11
Q67871	9	9
Q67874	11	
Q67877		11
Q67880		11
Q67883		11
Q67886		11
Q67889		11
Q67892		11
Q67898	11	11
Q67907		11
Q67910		11
Q67916		11
Q67925		11
Q67928		11
Q67931	9	9
Q67934		11
Q67937		11
Q67940		11
Q67943		11
Q67946		11
Q67949		11
Q67952		11
Q67955		11
Q67958		11
Q67961		11
Q67964		11
Q67967		11
Q67970		11
Q67973		11
Q67976		11
Q67979		11
Q67982		11
Q67985		11
Q67988		11
Q67991		11
Q67994		11
Q67997		11
Q68000		11
Q68002		11
Q68005		11
Q68008		11
Q68011		11
Q68014		11
Q68017		11
Q68020		11
Q68023		11
Q68026	11	11
Q68029	11	11
Q68035		11
Q68038		11
Q68047		11
Q68056	11	11
Q68059	11	11
Q68062	11	11
Q68068	9	11
Q68071	9	9
Q68074	9	9
Q68077	9	9
Q68080	9	11
Q68086	11	11
Q68089	9	11
Q68092	9	11
Q68101	9	11
Q68110	9	11
Q68122	11	11
Q68125	9	9
Q68128	11	11
Q68137		11
Q68146	11	11
Q68149	9	9
Q68152	11	11
Q68155	9	11
Q68161	9	9
Q68164	11	11
Q68167	11	11
Q68170	11	11
Q68173	11	11
Q68176	11	11
Q68179	9	11
Q68182	9	11
Q68188	9	11
Q68190	9	9
Q68197	11	11
Q68200	9	11
Q68203	11	11
Q68206	9	11
Q68212	9	11
Q68215	11	11
Q68218	11	11
Q68223	11	9
Q68227	11	11
Q68230	11	11
Q68245	11	
Q68251	11	
Q68254	9	11
Q68256	9	
Q68257	9	11
Q68263	9	11
Q68266	11	11
Q68269	11	11
Q68272	11	11
Q68275	11	11
Q68278	11	11
Q68281	11	11
Q68283	11	11
Q68284	9	9
Q68286	11	11
Q68289	9	11
Q68295	9	11
Q68298	9	11
Q68301	9	
Q68307	11	11
Q68313	11	11
Q68316	9	11
Q68319	11	11
Q68322	11	11
Q68325	11	
Q68328	9	11
Q68337	11	11
Q68340	11	11
Q68343	11	11
Q68346	11	11
Q68349	11	11
Q68352	11	11
Q68355	9	9
Q68358	11	11
Q68361	11	11
Q68367	11	11
Q68370		9
Q68373		11
Q68376	11	11
Q68394	11	11
Q68409	11	11
Q68412	11	11
Q68415	11	11
Q68419	11	11
Q68422	11	11
Q68425	11	11
Q68437		9
Q68455	9	
Q68539	11	11
Q68547	11	11
Q68550		9
Q68553	11	11
Q68556	11	11
Q68559	11	11
Q68562	11	11
Q68565	11	11
Q68568	11	11
Q68571	9	9
Q68574	9	9
Q68577	11	11
Q68586	11	11
Q68595	11	11
Q68598	11	11
Q68601	11	11
Q68604	11	11
Q68607	11	
Q68610	11	11
Q68613	11	11
Q68622	11	11
Q68625	11	11
Q68628	11	11
Q68631	9	11
Q68634	11	11
Q68637	11	11
Q68640	11	11
Q68643	11	11
Q68645		11
Q68648		9
Q68650	9	9
Q68651	11	11
Q68654	11	11
Q68657	11	11
Q68660	11	11
Q68678	11	11
Q68687	9	11
Q68690	9	9
Q68696	11	11
Q68699	11	11
Q68705	11	11
Q68708	11	11
Q68720	9	
Q68726	11	
Q68732	11	11
Q68735	11	11
Q68741	9	9
Q68744	9	
Q68747	11	11
Q68756	11	11
Q68759	11	11
Q68762	9	11
Q68765	11	11
Q68768	9	11
Q68771	11	11
Q68774	11	11
Q68780	11	11
Q68783	11	11
Q68786	9	11
Q68789	11	11
Q68792	11	11
Q68798	11	9
Q68801	11	11
Q68812	11	
Q68813	11	11
Q68816	9	11
Q68819	11	11
Q68825	11	11
Q68828	11	11
Q68834	9	11
Q68840	11	11
Q68843	11	11
Q68849	11	
Q68855	11	11
Q68858	9	11
Q68861	9	11
Q68864	11	11
Q68867	11	9
Q68870	11	11
Q68873	11	
Q68876	11	11
Q68879	11	11
Q68882	11	11
Q68894	11	
Q68903	11	
Q68909	11	11
Q69005		11
Q69008	11	11
Q69011	11	11
Q69014	11	11
Q69020	11	11
Q69029	11	11
Q69031	11	11
Q69034	11	11
Q69037	11	11
Q69040	9	9
Q69043	11	
Q69052	11	11
Q69067	11	11
Q69073	11	
Q69076	11	11
Q69079	11	11
Q69082	11	
Q69084	11	
Q69090	11	11
Q69093	11	11
Q69096	11	11
Q69099	11	
Q69102	9	11
Q69105	11	11
Q69135	9	
Q69138	11	11
Q69141	9	9
Q69147	11	11
Q69150	11	11
Q69153	11	11
Q69156	11	11
Q69159	9	9
Q69168	11	11
Q69171	9	
Q69177	11	11
Q69180	11	11
Q69183	11	11
Q69197	9	
Q69234	9	9
Q69240		9
Q69243		9
Q69246	9	
Q69263	11	11
Q69267		11
Q69282		11
Q69288		9
Q69291		11
Q69294		11
Q69296	9	
Q69297		11
Q69300		11
Q69303		11
Q69306		11
Q69309	11	11
Q69312		11
Q69318		11
Q69324	9	9
Q69327	11	11
Q69329		11
Q69369	11	11
Q69372		11
Q69375		11
Q69378		11
Q69381		11
Q69384		11
Q69387		11
Q69399	11	11
Q69402		11
Q69405		11
Q69408		11
Q69411		11
Q69420		11
Q69423		11
Q69426		11
Q69429		11
Q69432		11
Q69435		11
Q69438	11	11
Q69441		11
Q69444		11
Q69447		11
Q69450		11
Q69453		11
Q69456		11
Q69459		11
Q69462		11
Q69465		11
Q69468		11
Q69471		11
Q69474		11
Q69477		11
Q69480		11
Q69483		11
Q69486		11
Q69489		11
Q69492		11
Q69495		11
Q69498		11
Q69501		11
Q69504		11
Q69507		11
Q69510		11
Q69513		11
Q69516		11
Q69519		11
Q69522		11
Q69525		11
Q69528		11
Q69531		11
Q69534		11
Q69537	11	11
Q69540		11
Q69543		11
Q69546		11
Q69549		11
Q69552		11
Q69558	11	11
Q69561	11	11
Q69564		11
Q69567		11
Q69570		11
Q69573	11	11
Q69576		11
Q69579		11
Q69582		11
Q69600		11
Q69603	11	11
Q69606		11
Q69609		11
Q69612		11
Q69615		11
Q69618		11
Q69621		11
Q69624		11
Q69627		11
Q69630		11
Q69633		11
Q69636		11
Q69639		11
Q69642		11
Q69645		11
Q69648	9	
Q69651		11
Q69657		11
Q69666	11	11
Q69669		11
Q69672		11
Q69675		11
Q69678		11
Q69681		11
Q69687	11	11
Q69693		11
Q69696		11
Q69699		11
Q69711	9	9
Q69714		11
Q69717	11	11
Q69720		11
Q69723		11
Q69726		11
Q69729		11
Q69732		11
Q69738		11
Q69739	9	9
Q69741		11
Q69744		11
Q69750		11
Q69753		11
Q69756		11
Q69759		11
Q69762		11
Q69765		11
Q69768		11
Q69771		11
Q69774		11
Q69777		11
Q69780		11
Q69783		11
Q69786		11
Q69789		11
Q69792		11
Q69795		11
Q69798		11
Q69801		11
Q69804		11
Q69807		11
Q69810		11
Q69813		11
Q69816		11
Q69819		11
Q69822		11
Q69825		11
Q69828		11
Q69831		11
Q69834		11
Q69837		11
Q69840		11
Q69843		11
Q69846		11
Q69849		11
Q69852		11
Q69879		11
Q69888		11
Q69891		11
Q69894		11
Q69897		11
Q69900		11
Q69903		11
Q69906		11
Q69909		11
Q69912		11
Q69915		11
Q69918		11
Q69921		11
Q69924		11
Q69927		11
Q69930		11
Q69939		11
Q69940	9	9
Q69948		11
Q69955		11
Q69958		11
Q69961	9	11
Q69964	9	11
Q69976		9
Q69979	9	9
Q69982	9	
Q69985	9	9
Q69988	9	9
Q69991	9	9
Q69994	9	9
Q70000	9	9
Q70003	9	9
Q70006	9	
Q70009	9	9
Q70012	9	11
Q70015	9	11
Q70021	9	
Q70030	9	
Q70033	9	9
Q70036	11	
Q70038	11	11
Q70042	9	9
Q70045	9	9
Q70051	9	9
Q70057		11
Q70081	11	
Q70084	9	11
Q70093	9	9
Q70095		9
Q70105	11	
Q70111	11	
Q70120	9	
Q70122	9	
Q70125	9	
Q70126	9	9
Q70128	9	9
Q70129	9	9
Q70131	9	9
Q70132	9	
Q70134	9	9
Q70137	9	9
Q70138		9
Q70140	9	9
Q70143	9	9
Q70144	9	11
Q70146	9	9
Q70149	9	9
Q70150	9	9
Q70153	9	9
Q70168	11	
Q70171	11	
Q70174	11	11
Q70189	11	11
Q70192	11	
Q70195	9	9
Q70198	11	
Q70205	9	
Q70207	11	
Q70208	11	11
Q70210	9	11
Q70214	9	9
Q70217	9	9
Q70220	9	9
Q70223	9	9
Q70225	9	11
Q70227	9	9
Q70230	9	9
Q70231	9	9
Q70237	9	9
Q70246	11	11
Q70255		11
Q70261	9	9
Q70264		11
Q70267		11
Q70270	11	
Q70276		11
Q70279		11
Q70288	9	
Q70292	11	11
Q70294	9	9
Q70297	9	
Q70300	9	
Q70303	9	9
Q70309		9
Q70321		11
Q70324		11
Q70327		11
Q70330	11	11
Q70336		9
Q70339		11
Q70340	9	
Q70342	9	
Q70343	9	
Q70345	9	9
Q70348	9	9
Q70349	9	
Q70351		11
Q70357	9	9
Q70360	9	
Q70363	9	9
Q70364	9	
Q70368	9	
Q70369	11	11
Q70374	9	9
Q70375	9	
Q70378	9	
Q70387		11
Q70393		11
Q70402		11
Q70405		11
Q70408		11
Q70410	11	11
Q70411		11
Q70414		11
Q70417		11
Q70420		11
Q70423		11
Q70426		11
Q70438	11	11
Q70439		9
Q70442		9
Q70444	11	11
Q70445	9	9
Q70447		11
Q70451	9	9
Q70453		11
Q70454	9	9
Q70456		11
Q70457	9	9
Q70459		11
Q70460		9
Q70462		11
Q70463		9
Q70465	11	11
Q70468	9	9
Q70474		11
Q70477		11
Q70480		11
Q70495		11
Q70498		11
Q70501		11
Q70502	9	11
Q70504		11
Q70507		11
Q70516		11
Q70517		9
Q70519		11
Q70522		11
Q70525		11
Q70528		11
Q70531		11
Q70532		9
Q70534		11
Q70537	11	11
Q70541		9
Q70543		11
Q70549		11
Q70552		11
Q70558		11
Q70562		9
Q70565		9
Q70573		11
Q70576		11
Q70579		11
Q70582		11
Q70585		11
Q70588		11
Q70591		11
Q70594		11
Q70597		11
Q70600		11
Q70603		11
Q70606		11
Q70609		11
Q70612		11
Q70615		11
Q70618		11
Q70621		11
Q70624		11
Q70627		11
Q70630		11
Q70633		11
Q70636		11
Q70639		11
Q70642		11
Q70645		11
Q70651		11
Q70657		11
Q70663		11
Q70666	11	11
Q70669		11
Q70672		11
Q70675		11
Q70678		11
Q70681		11
Q70684		11
Q70690		11
Q70696		11
Q70705	11	9
Q70711	9	9
Q70714	9	9
Q70717	9	9
Q70729	11	
Q70732	9	
Q70735	11	
Q70738	9	
Q70748		9
Q70750	9	
Q70753	9	
Q70756	9	
Q70759	11	
Q70762	9	
Q70768		11
Q70771	9	
Q70783	9	
Q70784		11
Q70789	9	11
Q70792	9	
Q70817	9	
Q70825	9	9
Q70828	9	9
Q70831	9	9
Q70834	9	9
Q70837	9	9
Q70840	9	9
Q70843	9	9
Q70846	9	9
Q70849	11	11
Q70852	9	9
Q70855	9	9
Q70858	9	9
Q70861	11	11
Q70864	11	11
Q70867	11	11
Q70870	9	9
Q70873	11	11
Q70876	9	9
Q70879	9	9
Q70882	9	9
Q70885	11	
Q70888		11
Q70891		11
Q70894	9	9
Q70897		11
Q70900		11
Q70906	11	11
Q70909		11
Q70912		11
Q70913	11	11
Q70918	11	11
Q70921	11	
Q70922	9	9
Q70924	9	9
Q70933	9	9
Q70938	11	9
Q70944		11
Q70950		11
Q70953		11
Q70956		11
Q70959		11
Q70962		11
Q70965		11
Q70968		11
Q70970	9	9
Q70988	9	
Q70998		11
Q71010	11	11
Q71013		11
Q71016		11
Q71019		11
Q71022		11
Q71031		11
Q71037	11	11
Q71040		11
Q71055		11
Q71058	11	11
Q71066		11
Q71069	11	11
Q71072	11	11
Q71075	11	11
Q71078	11	11
Q71084		11
Q71087		11
Q71090		11
Q71099		11
Q71108		11
Q71111		11
Q71114		11
Q71117		11
Q71120		11
Q71126		11
Q71129		11
Q71132		11
Q71135		11
Q71137	9	9
Q71138		11
Q71141		11
Q71144		11
Q71147		11
Q71150		11
Q71156		11
Q71159		11
Q71161		9
Q71162		11
Q71165		11
Q71168		11
Q71171		11
Q71173	9	9
Q71174		11
Q71177		11
Q71180		11
Q71183		11
Q71186		11
Q71189		11
Q71192		11
Q71195		11
Q71198		11
Q71201		11
Q71204		11
Q71207		11
Q71210		11
Q71213		11
Q71216		11
Q71219		11
Q71222		11
Q71225		11
Q71228		11
Q71231		11
Q71234		11
Q71237		11
Q71240		11
Q71243		11
Q71246		11
Q71249		11
Q71252		11
Q71255		11
Q71258		11
Q71264	11	11
Q71267		11
Q71270	11	11
Q71276		11
Q71279	9	
Q71282		11
Q71285		11
Q71288		11
Q71291	9	9
Q71294	11	
Q71303		9
Q71312	11	11
Q71315	11	11
Q71318		11
Q71327	9	11
Q71330		11
Q71333		11
Q71336		11
Q71348		11
Q71351		11
Q71354		11
Q71357		11
Q71360		11
Q71363		11
Q71369		11
Q71372		11
Q71375	9	11
Q71381	9	9
Q71384		11
Q71387		11
Q71390	9	9
Q71393	9	9
Q71396		9
Q71399	11	11
Q71402		11
Q71405		11
Q71408		11
Q71411		11
Q71414		11
Q71417	11	11
Q71423		11
Q71426		11
Q71445	9	9
Q71447	11	11
Q71450		11
Q71453		11
Q71459	11	11
Q71462		11
Q71465		11
Q71468		11
Q71471		11
Q71474		11
Q71477		11
Q71480		11
Q71486	11	11
Q71495		11
Q71498		11
Q71501		11
Q71504		11
Q71507		11
Q71510	11	11
Q71513	11	11
Q71519	11	11
Q71528		11
Q71531		11
Q71534		11
Q71537	11	11
Q71543		11
Q71546		11
Q71549		11
Q71552		11
Q71558	11	11
Q71561		11
Q71564		11
Q71567	11	11
Q71573		11
Q71576		11
Q71579		11
Q71582		11
Q71585		11
Q71588		11
Q71591		11
Q71594		11
Q71597		11
Q71600		11
Q71603		11
Q71606		11
Q71609		11
Q71612		11
Q71615		11
Q71618		11
Q71621		11
Q71624		11
Q71627		11
Q71630		11
Q71633		11
Q71636		11
Q71639		11
Q71642		11
Q71645		11
Q71648		11
Q71651		11
Q71653		11
Q71656	11	11
Q71659	11	11
Q71681		11
Q71684		11
Q71687		11
Q71690	11	11
Q71693	11	11
Q71702	11	11
Q71705	11	11
Q71708		11
Q71711		11
Q71714		11
Q71716		11
Q71718		11
Q71719		11
Q71722		11
Q71725		11
Q71728		9
Q71731		11
Q71734		11
Q71737		11
Q71740		11
Q71743		11
Q71746		11
Q71749		11
Q71752		11
Q71755		11
Q71758	11	11
Q71761		11
Q71764		11
Q71766	9	
Q71767		11
Q71768	9	11
Q71770		11
Q71771	9	
Q71773		11
Q71776	11	11
Q71779		11
Q71782		11
Q71785		11
Q71786	9	9
Q71788		11
Q71791		11
Q71798	9	11
Q71803	11	11
Q71806		11
Q71807	9	9
Q71809	11	11
Q71815		11
Q71818	11	11
Q71821	11	11
Q71827	11	
Q71830	11	11
Q71833	9	11
Q71836	11	11
Q71839	11	11
Q71842	9	11
Q71845	9	11
Q71848	9	11
Q71851		11
Q71854	9	11
Q71857	9	11
Q71860	9	11
Q71863	11	11
Q71866		11
Q71869	9	11
Q71872	9	11
Q71875	9	11
Q71878		11
Q71887		11
Q71896		11
Q71902		11
Q71905		11
Q71908		11
Q71911		11
Q71920	11	11
Q71923		11
Q71926		11
Q71929		11
Q71932		11
Q71938	9	11
Q71941		11
Q71947	11	11
Q71950		11
Q71953		11
Q71959		11
Q71965		11
Q71968		11
Q71971		11
Q71977		11
Q71980	9	11
Q71983		11
Q71986		11
Q71989		11
Q71992		11
Q71995	9	9
Q72001		11
Q72011	9	11
Q72013	11	11
Q72015		11
Q72021		11
Q72023		11
Q72027		11
Q72030		11
Q72033		11
Q72041	9	11
Q72042		11
Q72057		11
Q72060		11
Q72063		11
Q72066		11
Q72069		9
Q72072	11	11
Q72075	11	9
Q72084	11	11
Q72087	11	11
Q72090	11	11
Q72093	11	9
Q72096	11	11
Q72099		11
Q72108		11
Q72111		11
Q72117	11	11
Q72120		11
Q72123		11
Q72126		11
Q72129		11
Q72132		11
Q72135		11
Q72138		11
Q72140	9	
Q72141		11
Q72144		11
Q72147		11
Q72150		11
Q72153		11
Q72156	9	11
Q72159		11
Q72162		11
Q72165		11
Q72177		11
Q72189		11
Q72192		11
Q72195		11
Q72204		11
Q72207		11
Q72210		11
Q72213		11
Q72216	11	11
Q72219		11
Q72222		11
Q72227	9	
Q72228	11	11
Q72231		11
Q72234		11
Q72236	11	11
Q72237		11
Q72239		11
Q72240		11
Q72242	9	9
Q72243		11
Q72246		11
Q72249		11
Q72252		11
Q72255		11
Q72258		11
Q72260	9	9
Q72261	11	11
Q72263	9	
Q72266	11	11
Q72269	9	11
Q72272	9	
Q72276		11
Q72278	9	
Q72281	11	9
Q72282		11
Q72285		11
Q72287	9	
Q72288		11
Q72291		11
Q72294		11
Q72296	9	9
Q72297		11
Q72299	9	9
Q72300		11
Q72308	9	
Q72309	11	11
Q72315	11	11
Q72318		11
Q72332	11	9
Q72333	9	11
Q72335	11	11
Q72336	9	11
Q72339		11
Q72345		11
Q72347		11
Q72348	11	11
Q72353	11	11
Q72354	11	9
Q72357		11
Q72359	9	11
Q72360		11
Q72363		11
Q72372	9	9
Q72375		11
Q72377	9	
Q72378		11
Q72381		11
Q72396	11	11
Q72404	11	9
Q72408		11
Q72411		11
Q72413	9	11
Q72414		11
Q72417		11
Q72420		11
Q72422	9	9
Q72423		11
Q72425	9	9
Q72426		11
Q72429		11
Q72432		11
Q72434	11	9
Q72435		11
Q72436	9	9
Q72438		11
Q72439	9	
Q72441		11
Q72444	11	11
Q72445	9	9
Q72448	9	9
Q72450	11	11
Q72451	9	9
Q72457	9	11
Q72463	9	
Q72465		11
Q72466	9	11
Q72468	11	11
Q72471		11
Q72474		11
Q72475	9	9
Q72477		11
Q72478	9	9
Q72480		11
Q72483		11
Q72484	9	9
Q72486		11
Q72489		11
Q72492	11	9
Q72493	9	11
Q72495		11
Q72496	9	10
Q72498		11
Q72499	9	
Q72501		11
Q72504		11
Q72505	9	9
Q72507		11
Q72510		11
Q72513		11
Q72516		11
Q72517	9	9
Q72521		11
Q72524		11
Q72527		11
Q72529	9	11
Q72530		11
Q72538	11	11
Q72539		11
Q72546	11	
Q72567	11	11
Q72570	9	9
Q72575		11
Q72578		11
Q72581		11
Q72584		11
Q72587		11
Q72590		11
Q72591		9
Q72593	11	11
Q72597	9	11
Q72599		11
Q72602		11
Q72605		11
Q72608		11
Q72611		11
Q72614	9	9
Q72617	9	9
Q72620	11	11
Q72621	9	11
Q72623		11
Q72624	9	9
Q72626		9
Q72630	9	9
Q72632		11
Q72633	9	9
Q72635	11	11
Q72638		11
Q72641		11
Q72644		11
Q72647		11
Q72648	9	9
Q72653		11
Q72656		11
Q72659		11
Q72660	9	9
Q72662		11
Q72665		11
Q72666		9
Q72668		11
Q72671		11
Q72674		11
Q72675		9
Q72677		11
Q72680		11
Q72683		11
Q72684	9	9
Q72686	11	
Q72689	11	
Q72692	11	
Q72695	11	
Q72699	9	9
Q72701	11	
Q72707	11	
Q72708	9	9
Q72711	9	9
Q72720	9	9
Q72722		11
Q72723	9	11
Q72725		11
Q72728		11
Q72729	9	9
Q72732	9	9
Q72734		11
Q72737		11
Q72740	11	
Q72743		11
Q72744	9	
Q72746		11
Q72747	9	9
Q72749		11
Q72752		11
Q72755		9
Q72758		11
Q72762	9	11
Q72764		11
Q72767	9	9
Q72770	11	11
Q72773		11
Q72779		11
Q72782		11
Q72785		11
Q72788		11
Q72791		11
Q72792	9	9
Q72793		11
Q72796		11
Q72798	9	9
Q72802	11	11
Q72805		11
Q72807	9	9
Q72808		11
Q72811		11
Q72814	11	11
Q72817		11
Q72826	11	11
Q72829		11
Q72831	9	
Q72834	9	9
Q72838	11	11
Q72841		11
Q72844	11	11
Q72847	9	9
Q72853	9	9
Q72855	9	9
Q72856	11	11
Q72858	9	9
Q72859		11
Q72871		11
Q72873	9	11
Q72876	9	
Q72877	11	11
Q72880		11
Q72883		11
Q72886	11	11
Q72889	11	11
Q72891	9	11
Q72892		11
Q72894	9	9
Q72898		9
Q72900	9	9
Q72901	11	11
Q72903	9	11
Q72909	9	9
Q72910		11
Q72913	9	11
Q72915	9	9
Q72916		11
Q72919		11
Q72922		11
Q72924	9	11
Q72925		11
Q72927	9	
Q72928		11
Q72931		11
Q72934		11
Q72937		11
Q72940		11
Q72943		11
Q72946		11
Q72948	9	
Q72949		11
Q72951	9	9
Q72952		11
Q72955		11
Q72957	9	9
Q72958		11
Q72961		11
Q72964		11
Q72967		11
Q72970		11
Q72973		11
Q72976		11
Q72979		11
Q72981	9	9
Q72982		11
Q72984	9	9
Q72985		11
Q72988		11
Q72991		11
Q72994		11
Q72997		11
Q73000		11
Q73002	9	9
Q73003		11
Q73005	9	9
Q73006		11
Q73009		11
Q73012		11
Q73015		11
Q73018		11
Q73021		11
Q73023	9	9
Q73024		11
Q73026	9	9
Q73027		11
Q73029	8	9
Q73030		11
Q73033		11
Q73036		11
Q73039		11
Q73041	9	9
Q73042		11
Q73044	9	9
Q73045		11
Q73047	9	9
Q73050	9	9
Q73053	9	11
Q73056	9	9
Q73059	9	9
Q73060		11
Q73066		11
Q73069		11
Q73071	9	
Q73074	9	
Q73075		11
Q73077	9	9
Q73078		11
Q73081		11
Q73086	11	11
Q73089	11	11
Q73092	9	
Q73095		9
Q73096	11	11
Q73099	11	11
Q73102	11	11
Q73105	9	11
Q73108	9	11
Q73114		11
Q73116	9	9
Q73117		9
Q73119	9	9
Q73120	11	11
Q73123	9	11
Q73126	11	11
Q73128	9	9
Q73129	11	11
Q73131	9	
Q73138	11	11
Q73141	9	11
Q73144	9	11
Q73146		9
Q73147	9	11
Q73150	9	11
Q73153	9	11
Q73156	11	11
Q73159	11	11
Q73162	9	11
Q73165	11	11
Q73167	9	9
Q73174	9	9
Q73177	9	9
Q73185	9	
Q73188	9	
Q73189	11	11
Q73192	9	11
Q73194	9	9
Q73195	11	
Q73197	9	9
Q73198	11	11
Q73201	9	9
Q73204	11	
Q73206	9	9
Q73207	11	11
Q73209	9	9
Q73210	9	9
Q73212	9	9
Q73213	9	9
Q73215	9	9
Q73216	9	9
Q73218	9	9
Q73219	11	11
Q73222	11	11
Q73224		9
Q73225	11	11
Q73228	11	11
Q73231	11	11
Q73237	11	11
Q73239	9	
Q73240	11	11
Q73243	11	11
Q73246	11	11
Q73258	11	11
Q73266		9
Q73267	11	11
Q73270	11	9
Q73276	9	9
Q73279	9	9
Q73282	9	11
Q73288	9	
Q73291		9
Q73293	9	9
Q73296	9	9
Q73299	9	9
Q73311	9	9
Q73315	11	11
Q73318	11	11
Q73321	11	11
Q73324	11	11
Q73327	11	11
Q73329	9	9
Q73330	11	11
Q73333	9	9
Q73336	11	11
Q73339	9	11
Q73342	11	11
Q73344	9	9
Q73345	9	11
Q73348	11	
Q73350	9	
Q73353	9	9
Q73356	9	9
Q73359	9	9
Q73362	9	9
Q73365	9	9
Q73368	9	9
Q73371		9
Q73374	9	9
Q73377	9	
Q73380	9	9
Q73384	11	11
Q73387	11	11
Q73389	9	
Q73390	9	11
Q73393	11	11
Q73396	9	9
Q73399	9	9
Q73402	11	11
Q73405	11	11
Q73408	11	11
Q73413	9	9
Q73414	9	
Q73417	11	11
Q73420	11	11
Q73423	11	11
Q73426	11	11
Q73429	11	11
Q73432	11	11
Q73443	9	9
Q73444	11	11
Q73446	9	9
Q73450	11	11
Q73453	11	11
Q73458	9	
Q73459	11	11
Q73465	11	11
Q73468	9	11
Q73471	9	11
Q73474	11	11
Q73477	11	11
Q73480	11	11
Q73483	11	11
Q73486	11	11
Q73488	9	9
Q73489	11	11
Q73491	9	9
Q73492	9	9
Q73494	9	9
Q73495	11	11
Q73497	9	9
Q73498	11	11
Q73500	9	9
Q73501	11	11
Q73503	9	9
Q73506	9	9
Q73507	11	
Q73509	9	9
Q73510	11	11
Q73512	9	9
Q73513	11	
Q73515	9	
Q73522	11	11
Q73540	9	11
Q73543	11	11
Q73546	11	
Q73551	9	9
Q73552	11	11
Q73555	11	11
Q73558	9	11
Q73561	11	11
Q73564	11	11
Q73567	9	11
Q73569	9	9
Q73573	11	11
Q73575		9
Q73576	11	11
Q73579	11	11
Q73582	11	11
Q73585	11	11
Q73591	11	11
Q73597	11	11
Q73603	9	11
Q73606	11	11
Q73608	9	9
Q73609	11	11
Q73611	9	9
Q73612	11	11
Q73614	9	9
Q73615	11	11
Q73617	9	9
Q73618	9	9
Q73620	9	9
Q73621	11	
Q73623	9	9
Q73624	9	11
Q73627	11	11
Q73629	9	9
Q73630	11	11
Q73632	9	9
Q73633	11	11
Q73636	11	11
Q73639	11	11
Q73641	9	9
Q73642	11	11
Q73645	11	11
Q73648	11	11
Q73651	11	11
Q73654	9	
Q73657	11	11
Q73660	11	11
Q73663	11	9
Q73692	9	9
Q73722	9	9
Q73725	9	9
Q73726	11	11
Q73728	9	
Q73731	9	9
Q73732	11	11
Q73735	11	11
Q73737	9	9
Q73738	11	11
Q73740	9	9
Q73741	10	11
Q73743	9	9
Q73746	9	9
Q73747	11	
Q73752	9	9
Q73753	11	11
Q73760	11	11
Q73763	9	11
Q73766	11	11
Q73769	11	11
Q73774	11	11
Q73778	11	11
Q73782	9	7
Q73787	11	11
Q73790	11	
Q73793	11	11
Q73796	11	11
Q73799	11	11
Q73802	11	11
Q73805	11	11
Q73808	11	9
Q73811	9	9
Q73814	11	11
Q73823	9	11
Q73824	9	9
Q73826	11	11
Q73829	11	
Q73830	9	9
Q73832	10	
Q73835	11	11
Q73836	9	9
Q73839	9	9
Q73844	11	11
Q73847	11	11
Q73850	11	11
Q73851	9	
Q73853	11	11
Q73854	9	9
Q73856	11	11
Q73857	9	9
Q73859	11	11
Q73860	9	9
Q73862	9	11
Q73865	11	11
Q73866		9
Q73868	9	9
Q73871	9	
Q73887	9	9
Q73893	9	9
Q73934	9	9
Q73940	9	9
Q73943	9	9
Q73946	9	9
Q73955	9	
Q73970	9	9
Q73999		11
Q74002		11
Q74005	9	11
Q74006	9	
Q74008	9	11
Q74013	9	9
Q74022	9	
Q74023	9	9
Q74026	9	
Q74029	9	9
Q74032	9	9
Q74035	9	9
Q74038	9	9
Q74041	9	
Q74047	11	11
Q74050		11
Q74056		11
Q74059		11
Q74065		11
Q74067	9	9
Q74068		11
Q74070	9	9
Q74071		11
Q74074		11
Q74083		11
Q74086		11
Q74095		11
Q74098		11
Q74101		11
Q74104		11
Q74107		11
Q74110		11
Q74113		11
Q74116	11	
Q74122		11
Q74125		11
Q74126	9	
Q74128		11
Q74129	9	9
Q74131		11
Q74132	9	
Q74134		11
Q74137		11
Q74140		11
Q74143		11
Q74146		11
Q74149		11
Q74152		11
Q74155		11
Q74167		11
Q74170		11
Q74173		11
Q74179	11	11
Q74192	9	9
Q74195	9	9
Q74197		11
Q74200		11
Q74203		11
Q74206		11
Q74209		11
Q74212		11
Q74215		11
Q74218		11
Q74221		11
Q74224	11	11
Q74227		11
Q74228	9	9
Q74230		11
Q74231	9	
Q74233		11
Q74236		11
Q74239		11
Q74242		11
Q74243	9	9
Q74245		11
Q74246	9	9
Q74248		11
Q74251		11
Q74254		11
Q74255	9	9
Q74257	11	11
Q74263		11
Q74266		11
Q74269		11
Q74272		11
Q74275		11
Q74278		11
Q74281	11	11
Q74282		9
Q74285	11	11
Q74294		11
Q74296	9	9
Q74297		11
Q74299	9	
Q74300		11
Q74303		11
Q74305	9	9
Q74306		11
Q74308	9	9
Q74309		11
Q74312		11
Q74315	11	11
Q74318		11
Q74321		11
Q74324		11
Q74327		11
Q74330		11
Q74333	11	11
Q74336		11
Q74339	9	9
Q74342		11
Q74344	9	9
Q74345		11
Q74351		11
Q74356	9	9
Q74365	9	9
Q74368	9	9
Q74375	11	11
Q74378	11	11
Q74381		11
Q74384		11
Q74387		11
Q74389	9	9
Q74390		11
Q74393	9	11
Q74398	9	9
Q74399	9	
Q74405		11
Q74407		9
Q74408		11
Q74410	9	9
Q74411		11
Q74413	9	9
Q74414		11
Q74417		11
Q74420		11
Q74423		11
Q74426		11
Q74432		11
Q74434	9	9
Q74438		11
Q74443		9
Q74447		11
Q74450		11
Q74455	9	9
Q74458	9	9
Q74459		11
Q74462		11
Q74465		11
Q74479	9	9
Q74480		11
Q74483		11
Q74485	9	9
Q74486		11
Q74489		11
Q74492		11
Q74497	9	9
Q74498		11
Q74510		11
Q74513		11
Q74516		11
Q74519		11
Q74521	9	9
Q74522		9
Q74531	9	11
Q74534		11
Q74537		9
Q74540		9
Q74542	9	9
Q74549	11	11
Q74552	9	11
Q74555	9	11
Q74561	11	
Q74564	11	
Q74570	9	9
Q74579	9	9
Q74582		9
Q74588	9	9
Q74594	9	9
Q74596		9
Q74600	9	9
Q74606	9	9
Q74610	9	9
Q74613	9	9
Q74619	9	9
Q74620	9	9
Q74631	11	
Q74637	9	9
Q74649		11
Q74652	11	11
Q74655		11
Q74662	9	9
Q74664		9
Q74667	9	11
Q74671		9
Q74676		11
Q74679	9	9
Q74683	9	9
Q74685	9	
Q74688	11	
Q74694	9	9
Q74700	11	11
Q74703		11
Q74709	11	9
Q74711	9	9
Q74715	9	9
Q74729		9
Q74730	11	
Q74736	9	9
Q74739		9
Q74742	9	9
Q74748	9	9
Q74754		11
Q74757		11
Q74760	9	9
Q74772	9	11
Q74775	11	
Q74778	11	
Q74781	9	9
Q74784	9	9
Q74799	9	11
Q74802		11
Q74805		11
Q74808		11
Q74811		11
Q74814		11
Q74823		11
Q74832	11	
Q74835		11
Q74838		11
Q74847		11
Q74850		11
Q74853		11
Q74859		11
Q74862		11
Q74865		11
Q74868		11
Q74871		11
Q74880		11
Q74883		11
Q74886		11
Q74889	11	11
Q74895	9	11
Q74907	9	
Q74910		11
Q74913		11
Q74916	9	9
Q74919	9	9
Q74922	9	9
Q74925	9	
Q74928		11
Q74936		11
Q74945		11
Q74948		11
Q74951		11
Q74954		11
Q74957	11	
Q74960		11
Q74963	11	
Q74972	9	
Q74975		11
Q74978	9	9
Q74984		11
Q74990		9
Q74993	9	9
Q74996	9	9
Q74999	9	9
Q75002		11
Q75008		11
Q75011		11
Q75014	11	11
Q75017	11	11
Q75020		11
Q75023		11
Q75026	11	11
Q75029	11	11
Q75041	11	11
Q75044	11	11
Q75047		11
Q75056		11
Q75059		11
Q75062		11
Q75065		11
Q75068		11
Q75074		11
Q75077	11	11
Q75083		11
Q75086		11
Q75092		11
Q75095		11
Q75098		11
Q75101	11	11
Q75107		11
Q75110		11
Q75113		11
Q75116		11
Q75119		11
Q75122		11
Q75128		11
Q75131		11
Q75134		11
Q75137		11
Q75140		11
Q75143		11
Q75152	11	11
Q75155		11
Q75161	11	
Q75164		11
Q75167		11
Q75170		11
Q75173		11
Q75176		11
Q75179	11	11
Q75185		11
Q75191		11
Q75194		11
Q75197		11
Q75200		11
Q75203		11
Q75206		11
Q75209		11
Q75212		11
Q75215		11
Q75221		11
Q75224		11
Q75230	11	11
Q75239		11
Q75242		11
Q75245		11
Q75248	11	11
Q75251		11
Q75257		11
Q75272	9	
Q75275	9	
Q75278	9	
Q75287		11
Q75290		11
Q75299		11
Q75302	11	11
Q75305	11	11
Q75311	11	
Q75317	9	
Q75338	11	11
Q75341	9	9
Q75344	9	9
Q75347	11	11
Q75350	9	11
Q75353	11	11
Q75356	9	9
Q75359	9	9
Q75362	11	11
Q75365	9	
Q75371	9	
Q75377		9
Q75392	9	9
Q75395	9	
Q75404	9	9
Q75413	9	9
Q75422	9	9
Q75428	11	11
Q75432	9	11
Q75437	9	9
Q75440	11	11
Q75446	9	
Q75449	11	
Q75452	11	
Q75455	9	9
Q75461		11
Q75467	11	11
Q75479	11	11
Q75485	9	
Q75488	11	9
Q75491	9	9
Q75494	11	
Q75497	9	9
Q75500	9	9
Q75503	9	9
Q75506	9	9
Q75507	9	9
Q75518	9	11
Q75524		9
Q75527	11	11
Q75530	9	9
Q75533	11	11
Q75536	11	
Q75539	11	9
Q75540	9	9
Q75542	9	9
Q75545	9	9
Q75548		9
Q75551	11	11
Q75563	11	
Q75569	11	11
Q75572	9	9
Q75573	9	9
Q75575	11	
Q75578	9	9
Q75579	9	9
Q75584		9
Q75587	11	9
Q75593	11	11
Q75596	9	9
Q75602	9	11
Q75605	9	9
Q75613	9	9
Q75626	9	9
Q75632	9	
Q75635	9	
Q75638	11	9
Q75650		11
Q75656	11	11
Q75659		11
Q75662		11
Q75665	11	11
Q75668	9	9
Q75671		9
Q75673	9	
Q75677	11	
Q75680	9	11
Q75686		11
Q75689		11
Q75692		11
Q75694		9
Q75695		11
Q75698	9	9
Q75701	11	
Q75713		11
Q75716		11
Q75719		11
Q75722		11
Q75725		11
Q75728		11
Q75731	11	11
Q75734		11
Q75737	11	11
Q75740		11
Q75746		11
Q75749		11
Q75752	11	11
Q75759	9	9
Q75762	11	11
Q75765	11	11
Q75768	11	11
Q75774		11
Q75777		11
Q75780		11
Q75783		11
Q75786	11	
Q75787	9	9
Q75789		11
Q75798	11	11
Q75801		11
Q75807	11	11
Q75810		11
Q75813	11	11
Q75816	11	11
Q75819		11
Q75822		11
Q75837		11
Q75853	11	11
Q75876		11
Q75882		11
Q75885		11
Q75888		11
Q75897		11
Q75906		11
Q75909		11
Q75912		11
Q75915		11
Q75918		11
Q75921		11
Q75924		11
Q75927		11
Q75930		11
Q75936		11
Q75945		11
Q75948		11
Q75951		11
Q75954		11
Q75957		11
Q75960		11
Q75963		11
Q75969		11
Q75972		11
Q75975		11
Q75978		11
Q75981		11
Q75984		11
Q75987		11
Q75990		11
Q75993		11
Q75994	11	11
Q75996		11
Q75997	9	9
Q75999		11
Q76002		11
Q76011		11
Q76017	11	11
Q76023		11
Q76026		11
Q76029		11
Q76032	11	
Q76047		11
Q76050		11
Q76053		11
Q76056		11
Q76059		11
Q76062		11
Q76065	11	11
Q76068		11
Q76071		11
Q76074		11
Q76080		11
Q76083		11
Q76086		11
Q76089		11
Q76092		11
Q76095		11
Q76098		11
Q76101		11
Q76104		11
Q76107		11
Q76108	9	
Q76110		11
Q76113		11
Q76116		11
Q76119		11
Q76122		11
Q76125		11
Q76128		11
Q76131		11
Q76134		11
Q76137		11
Q76140		11
Q76143		11
Q76146		11
Q76149		11
Q76152		11
Q76155		11
Q76158		11
Q76164		11
Q76179	11	11
Q76185	11	11
Q76186	11	11
Q76188	11	11
Q76189	9	11
Q76191		11
Q76194		11
Q76197	11	11
Q76203		11
Q76206		11
Q76209		11
Q76212		11
Q76215	11	11
Q76221	11	11
Q76224	11	11
Q76230		11
Q76233		11
Q76236		11
Q76239		11
Q76245	11	11
Q76248	11	11
Q76266		11
Q76269		11
Q76272		11
Q76277	11	
Q76280	9	8
Q76284		11
Q76287		11
Q76290		11
Q76293		11
Q76296	11	11
Q76299		11
Q76302	11	11
Q76305		11
Q76308		11
Q76311		11
Q76314		11
Q76317		11
Q76323	11	11
Q76329		11
Q76332		11
Q76335		11
Q76338	11	11
Q76341		11
Q76344		11
Q76347		11
Q76350		11
Q76353		11
Q76356		11
Q76359		11
Q76362		11
Q76365		11
Q76368		11
Q76371		11
Q76374		11
Q76377		11
Q76380		11
Q76383		11
Q76386		11
Q76416	11	11
Q76422		11
Q76428		11
Q76431		11
Q76434	11	11
Q76437	11	11
Q76440		11
Q76443		9
Q76446		11
Q76449		11
Q76452		11
Q76455		11
Q76461		11
Q76464		11
Q76470		11
Q76473		11
Q76476		11
Q76479		11
Q76488		11
Q76503		11
Q76506		11
Q76508	11	9
Q76509		11
Q76511	11	
Q76512		11
Q76514	11	11
Q76515		11
Q76521		11
Q76524		11
Q76527	9	9
Q76530		11
Q76533	11	11
Q76536	11	11
Q76539	11	11
Q76542		11
Q76545	11	9
Q76548	11	11
Q76551	9	11
Q76554	9	11
Q76560	9	11
Q76563	11	11
Q76566	11	11
Q76569	9	11
Q76572		11
Q76578		11
Q76581	9	11
Q76593	11	11
Q76601		11
Q76607	9	
Q76610		11
Q76613		11
Q76616		11
Q76623		11
Q76626		11
Q76630		11
Q76631	9	9
Q76633		11
Q76636		11
Q76639		11
Q76640	8	
Q76642		11
Q76643	9	
Q76645		11
Q76648		11
Q76652		11
Q76655		11
Q76658		11
Q76661		11
Q76664		11
Q76667		11
Q76670		11
Q76673		11
Q76676		11
Q76688	11	11
Q76700		11
Q76703	11	11
Q76706	11	11
Q76709	11	11
Q76721		11
Q76724		11
Q76736	11	11
Q76741	11	11
Q76745		11
Q76748		11
Q76751		11
Q76754		11
Q76757		11
Q76760		11
Q76763		11
Q76766		11
Q76769	11	11
Q76772	11	11
Q76775		11
Q76790		11
Q76793		11
Q76799		11
Q76802		11
Q76805		11
Q76808		11
Q76811		11
Q76814		11
Q76817		11
Q76826		11
Q76832	11	11
Q76835	11	11
Q76838	9	11
Q76841	11	11
Q76844		11
Q76847	9	
Q76850	9	
Q76853	9	
Q76856	9	9
Q76862	11	11
Q76865	9	11
Q76868	9	
Q76871	9	
Q76874	11	11
Q76877	9	
Q76880		11
Q76883		11
Q76886		11
Q76889		11
Q76892		11
Q76919		11
Q76928		11
Q76931		11
Q76934		11
Q76937		11
Q76940		11
Q76943		11
Q76946		11
Q76949		11
Q76952	11	11
Q76955		11
Q76976		11
Q76979		11
Q76982		11
Q76985		11
Q76988		11
Q76990	11	11
Q76991		11
Q76997	11	11
Q77003		11
Q77015		11
Q77018		11
Q77021		11
Q77024		11
Q77027		11
Q77030		11
Q77032	11	11
Q77033		11
Q77036	9	9
Q77038	11	9
Q77042		11
Q77051	11	11
Q77063		11
Q77066		11
Q77072	9	11
Q77084		11
Q77087	9	9
Q77102		11
Q77105	9	
Q77108		11
Q77111		11
Q77113	9	9
Q77114		11
Q77117		11
Q77120		11
Q77123		11
Q77126		11
Q77129		11
Q77132		11
Q77135	11	11
Q77138		11
Q77141	11	9
Q77144	9	11
Q77147		11
Q77153		11
Q77156		11
Q77159		11
Q77162	9	9
Q77168		9
Q77177		11
Q77180		11
Q77183		11
Q77186		11
Q77189		11
Q77192		11
Q77195		11
Q77198		11
Q77201		11
Q77204		11
Q77207		11
Q77210		11
Q77213		11
Q77216		11
Q77219		11
Q77222		11
Q77225		11
Q77228		11
Q77231		11
Q77234		11
Q77237		11
Q77240		11
Q77243		11
Q77246		11
Q77264		11
Q77267		11
Q77269		9
Q77270		11
Q77273	11	11
Q77276		11
Q77279		11
Q77282		11
Q77285		11
Q77288		11
Q77291		11
Q77294	11	11
Q77297		11
Q77303		11
Q77306		11
Q77330		11
Q77336		11
Q77341	9	
Q77342	9	9
Q77344	9	11
Q77345		11
Q77348		11
Q77351		11
Q77354		11
Q77357		11
Q77363		11
Q77366		11
Q77369		11
Q77372		11
Q77375		11
Q77378		11
Q77381		11
Q77384		11
Q77396		11
Q77402		11
Q77405		11
Q77411	11	11
Q77413	9	
Q77414		11
Q77417		11
Q77420		11
Q77423		11
Q77426		11
Q77429		11
Q77432		11
Q77435		11
Q77438		11
Q77453		11
Q77456		11
Q77459		11
Q77462		11
Q77465		11
Q77468		11
Q77471		11
Q77474		11
Q77483		11
Q77486		11
Q77489		11
Q77492		11
Q77495		11
Q77498		11
Q77501		11
Q77504		11
Q77507		11
Q77510		11
Q77513		11
Q77516		11
Q77519		11
Q77522		11
Q77525		11
Q77531	11	
Q77537		11
Q77546	9	9
Q77552		11
Q77555		11
Q77558		11
Q77561	11	11
Q77564	11	11
Q77567		11
Q77569	9	11
Q77570		11
Q77572	11	
Q77573		11
Q77575	9	
Q77576		11
Q77578	9	9
Q77579		11
Q77582		11
Q77591		11
Q77594		11
Q77597		11
Q77600		11
Q77603		11
Q77611	11	11
Q77612		11
Q77614	11	11
Q77615		11
Q77618		11
Q77624		11
Q77627		11
Q77632		11
Q77634		11
Q77637		11
Q77640		11
Q77641	9	11
Q77644	9	9
Q77646	11	11
Q77647	9	
Q77676	11	11
Q77679	11	11
Q77686	9	
Q77692	11	11
Q77693		11
Q77696		11
Q77702		11
Q77705		11
Q77720		11
Q77723		11
Q77729		11
Q77747	11	11
Q77785	9	11
Q77786		11
Q77788	9	9
Q77789		11
Q77791	9	11
Q77792		11
Q77795	11	11
Q77798	11	11
Q77804		11
Q77808		11
Q77811		11
Q77814		11
Q77817		11
Q77820		11
Q77823		11
Q77826		11
Q77827	11	11
Q77829		11
Q77832		11
Q77833	11	11
Q77835		11
Q77838		11
Q77841		11
Q77844		11
Q77847		11
Q77848	9	9
Q77850		11
Q77851	9	11
Q77853		11
Q77854	11	
Q77856		11
Q77859		11
Q77862		11
Q77865		11
Q77868		11
Q77871		11
Q77874		11
Q77877		11
Q77880		11
Q77883		11
Q77886		11
Q77889		11
Q77892		11
Q77895		11
Q77898		11
Q77899	11	9
Q77901		11
Q77904		11
Q77907		11
Q77910		11
Q77913		11
Q77916		11
Q77919		11
Q77922		11
Q77925		11
Q77928		11
Q77932		11
Q77935		11
Q77938		11
Q77941		11
Q77944		11
Q77947		11
Q77950		11
Q77958	9	9
Q77965		11
Q77971		11
Q77974		11
Q77977		11
Q77986	9	11
Q77989	11	11
Q77992		9
Q77995	11	11
Q77998	9	11
Q78000	11	9
Q78003	9	9
Q78006	11	11
Q78007	11	11
Q78010	11	11
Q78013	9	11
Q78016	11	11
Q78019	11	11
Q78024	11	11
Q78025	11	11
Q78027	9	11
Q78028	9	9
Q78031	9	
Q78034	9	11
Q78037	9	11
Q78040	9	
Q78043	11	11
Q78046	11	11
Q78049	9	11
Q78052	9	11
Q78055	11	11
Q78061	11	11
Q78063	9	9
Q78064	10	
Q78066	9	9
Q78067	11	
Q78069		9
Q78070	10	
Q78073	11	11
Q78076	11	
Q78082	11	11
Q78085	11	11
Q78088	11	11
Q78091	9	9
Q78097	9	9
Q78100	9	9
Q78106		11
Q78109	11	11
Q78114	11	11
Q78121		11
Q78124		11
Q78130	11	11
Q78133	11	11
Q78139	11	11
Q78142	11	11
Q78145	11	11
Q78151	11	11
Q78153	9	11
Q78156	9	11
Q78171	9	9
Q78174	9	9
Q78181	11	11
Q78186		11
Q78187	9	
Q78189	9	9
Q78190	11	11
Q78193	9	9
Q78195	9	11
Q78211	11	11
Q78214	11	11
Q78217	11	11
Q78223	11	11
Q78226	10	11
Q78229	11	11
Q78232	11	11
Q78241	11	11
Q78243	9	9
Q78244	11	11
Q78247	11	11
Q78256	11	11
Q78259	11	11
Q78262	11	11
Q78270	9	9
Q78271	11	11
Q78274	11	11
Q78280	11	11
Q78283	11	11
Q78286	11	11
Q78292	9	11
Q78303		9
Q78304	11	11
Q78307	11	11
Q78316	11	11
Q78319	11	11
Q78322	11	11
Q78328	11	11
Q78330	9	9
Q78334	11	11
Q78340	9	
Q78342	9	9
Q78343	11	11
Q78345	9	11
Q78346	11	11
Q78348	9	9
Q78349	11	11
Q78352	11	11
Q78355		11
Q78358	11	11
Q78360	9	9
Q78361	11	11
Q78363	9	
Q78364	9	
Q78367	11	11
Q78370	11	11
Q78373	11	11
Q78376	11	11
Q78379	11	9
Q78385	9	
Q78388	9	9
Q78391	11	11
Q78393		9
Q78394	11	11
Q78397	11	11
Q78400	11	11
Q78423	9	9
Q78448	11	
Q78451	11	11
Q78454	11	
Q78460	11	
Q78463	11	11
Q78465	9	
Q78466	11	
Q78469	11	11
Q78472	11	11
Q78475	11	
Q78478	9	11
Q78480	9	11
Q78481	11	
Q78484	11	11
Q78486	9	9
Q78487	11	11
Q78490	11	11
Q78493	11	11
Q78495	9	11
Q78496	9	9
Q78511	11	11
Q78514	11	
Q78517	11	11
Q78520	11	11
Q78523	11	11
Q78525	9	9
Q78526	11	11
Q78529	9	9
Q78532	11	11
Q78535	11	11
Q78541	11	11
Q78544	11	11
Q78547	11	11
Q78550	11	11
Q78553	11	11
Q78556	11	
Q78559	9	
Q78562	11	
Q78565	9	
Q78574	11	11
Q78576	9	
Q78577	11	11
Q78580	11	11
Q78586	11	11
Q78589		9
Q78591	9	11
Q78592	11	11
Q78594	9	11
Q78595	9	9
Q78598	9	9
Q78601	11	11
Q78609	9	9
Q78630	9	9
Q78704	9	9
Q78713	9	9
Q78719	9	10
Q78747		9
Q78753		11
Q78756	11	11
Q78759	9	9
Q78768	9	9
Q78770	9	9
Q78771	9	9
Q78774	9	9
Q78776	9	9
Q78777	9	11
Q78780	9	9
Q78783		9
Q78786		9
Q78789		11
Q78792	9	9
Q78795		9
Q78801		11
Q78810		11
Q78813		11
Q78816		11
Q78820		11
Q78826	9	
Q78835		11
Q78836	9	9
Q78841	11	
Q78844		11
Q78847		11
Q78850		11
Q78853	11	11
Q78856	11	
Q78859		11
Q78862		11
Q78865	11	
Q78871		11
Q78874		11
Q78877		11
Q78880		11
Q78883		11
Q78886		11
Q78889	11	11
Q78911	9	9
Q78916		11
Q78919		11
Q78922		11
Q78925		11
Q78928		11
Q78931		11
Q78934		11
Q78937		11
Q78940		11
Q78943		11
Q78946		11
Q78949		11
Q78952		11
Q78953	9	9
Q78955		11
Q78956	9	
Q78958		11
Q78961		11
Q78964		11
Q78967		11
Q78970		11
Q78973		11
Q78974	9	9
Q78976		11
Q78979		11
Q78982		11
Q78985		11
Q78988		11
Q78991		11
Q78994		11
Q78997		11
Q79000		11
Q79003		11
Q79006		11
Q79009		11
Q79012		11
Q79015		11
Q79018		11
Q79021		11
Q79024		11
Q79027		11
Q79030		11
Q79033		11
Q79036	11	11
Q79046	11	11
Q79049		11
Q79052		11
Q79055	11	11
Q79063	9	9
Q79073		11
Q79076		11
Q79079		11
Q79103		11
Q79106		11
Q79109		11
Q79112		11
Q79115		11
Q79118		11
Q79124	11	11
Q79127		11
Q79130		11
Q79136	11	11
Q79139		11
Q79145		11
Q79148		11
Q79151		11
Q79160		11
Q79163		11
Q79166		11
Q79169	11	11
Q79172		11
Q79187		11
Q79190	11	11
Q79193	11	11
Q79196	9	9
Q79199	11	11
Q79202	11	11
Q79204		11
Q79213		11
Q79219		11
Q79234	9	9
Q79240	9	
Q79249	9	9
Q79252		9
Q79258		9
Q79261	9	9
Q79264	11	11
Q79285	11	
Q79297	9	9
Q79300	9	9
Q79306		9
Q79309	9	9
Q79315	9	
Q79321	9	9
Q79324		9
Q79327		9
Q79333	9	
Q79336	9	9
Q79342		11
Q79369		9
Q79375		9
Q79378	9	9
Q79384	11	
Q79387	11	
Q79390	11	
Q79393	11	11
Q79396		11
Q79399		11
Q79405	9	9
Q79411	11	11
Q79417		9
Q79420	9	
Q79423	11	
Q79428	9	
Q79431	9	
Q79434	11	11
Q79437		9
Q79440		11
Q79443		9
Q79451	9	
Q79454	11	
Q79460	11	
Q79466	11	
Q79472	11	
Q79484		9
Q79493		11
Q79496		11
Q79499		11
Q79502		11
Q79505		11
Q79508		11
Q79511		11
Q79517	9	9
Q79520		11
Q79523		11
Q79526		11
Q79529		11
Q79535		11
Q79538	9	9
Q79541	11	11
Q79544	11	11
Q79547	11	11
Q79550	11	
Q79556		11
Q79562		11
Q79568		11
Q79574		11
Q79577		11
Q79580		11
Q79583		11
Q79586		11
Q79589		11
Q79592		11
Q79595		11
Q79598		11
Q79601		11
Q79604		11
Q79607		11
Q79610		11
Q79616	11	11
Q79619		11
Q79622		11
Q79628		11
Q79631		11
Q79634		11
Q79643	9	9
Q79646	11	11
Q79649	11	11
Q79652	9	9
Q79655	9	9
Q79658	11	11
Q79661	9	9
Q79664	11	11
Q79667	9	9
Q79670	9	9
Q79673	9	9
Q79676	9	9
Q79679	9	9
Q79682	9	11
Q79685	9	9
Q79688	9	9
Q79701	9	9
Q79704	9	
Q79707	9	9
Q79713		11
Q79716		11
Q79725		11
Q79726		11
Q79732		11
Q79735		11
Q79738		11
Q79741	11	11
Q79744		11
Q79750		11
Q79753	9	9
Q79756		11
Q79759		11
Q79765		11
Q79768		11
Q79771		11
Q79774		11
Q79777	11	11
Q79801		11
Q79807		11
Q79810		11
Q79813		11
Q79819		11
Q79822		11
Q79825	11	11
Q79831		11
Q79834		11
Q79837		11
Q79840		11
Q79846		11
Q79849		11
Q79852		11
Q79861		11
Q79864		11
Q79867		11
Q79879		11
Q79882		11
Q79894	11	11
Q79897		11
Q79915		11
Q79918		11
Q79921		11
Q79927		11
Q79930		11
Q79933		11
Q79936		11
Q79939	11	11
Q79945		11
Q79948	11	11
Q79951	11	
Q79954		11
Q79957		11
Q79960		11
Q79963		11
Q79966	11	11
Q79969		11
Q79975	9	11
Q79981		11
Q79990		11
Q79993		11
Q79996		11
Q80008		11
Q80014	11	11
Q80017	11	11
Q80023	11	11
Q80026		11
Q80032		11
Q80038	11	11
Q80041	9	11
Q80044	9	9
Q80047	9	9
Q80050	11	9
Q80056	9	9
Q80065	9	11
Q80068	11	11
Q80074	9	9
Q80077	9	
Q80080	11	11
Q80086	9	
Q80089	11	
Q80092	9	
Q80095	9	
Q80098	9	
Q80107	9	9
Q80110	9	9
Q80113	11	
Q80119	9	11
Q80128	11	
Q80131	11	11
Q80137	9	9
Q80152	9	
Q80176	11	11
Q80179	9	9
Q80182	11	
Q80191		11
Q80194	11	11
Q80197		11
Q80206	11	11
Q80209		11
Q80212		11
Q80215		11
Q80218		11
Q80221		11
Q80224	11	9
Q80227	9	9
Q80230		11
Q80233		11
Q80236		11
Q80239		11
Q80242	11	11
Q80245		11
Q80248		11
Q80251		11
Q80254		11
Q80257		11
Q80260		11
Q80269		11
Q80272		11
Q80275	11	11
Q80278		11
Q80281	11	11
Q80284	9	9
Q80287		11
Q80290		11
Q80293		11
Q80296	11	11
Q80305		11
Q80308		11
Q80317	11	11
Q80320	11	11
Q80323		11
Q80326		11
Q80329	9	9
Q80341		11
Q80347		11
Q80350		11
Q80368		11
Q80374		11
Q80383		11
Q80386		11
Q80392	9	9
Q80398	9	9
Q80401		11
Q80407		11
Q80410		11
Q80413		11
Q80416		11
Q80419		11
Q80422		11
Q80425		11
Q80428		11
Q80434		11
Q80437		11
Q80443		11
Q80446		11
Q80449		11
Q80452		11
Q80455		11
Q80458		11
Q80461		11
Q80473		11
Q80476		11
Q80479		11
Q80482	11	11
Q80485		11
Q80488		11
Q80497		11
Q80500	9	9
Q80503	11	
Q80512		11
Q80515		11
Q80518		11
Q80520		11
Q80523		11
Q80527		11
Q80530		11
Q80533		11
Q80536		11
Q80539		11
Q80542		11
Q80544	11	11
Q80547		11
Q80550		11
Q80556		11
Q80558		11
Q80560		11
Q80563		11
Q80568		11
Q80571		11
Q80574		11
Q80577		11
Q80580		11
Q80583		11
Q80586		11
Q80589		11
Q80592		11
Q80595		11
Q80598		11
Q80601		11
Q80604		11
Q80607		11
Q80619		11
Q80622	11	11
Q80625	11	11
Q80628		11
Q80634		11
Q80637		11
Q80655		11
Q80664		9
Q80670	11	11
Q80673	11	11
Q80679		11
Q80688	11	11
Q80692	11	11
Q80697		11
Q80701		11
Q80705		11
Q80710		11
Q80713	11	9
Q80719		11
Q80723		11
Q80728	11	9
Q80737		11
Q80743		11
Q80749		11
Q80752		11
Q80755	11	11
Q80767		11
Q80774		11
Q80777	11	11
Q80779	11	11
Q80789		11
Q80792	11	11
Q80794	11	11
Q80796		11
Q80800		11
Q80808	11	11
Q80816		11
Q80821		11
Q80825		11
Q80830		11
Q80834		11
Q80839		11
Q80844		11
Q80848		11
Q80857		11
Q80862		11
Q80871		11
Q80876	11	11
Q80880	11	11
Q80885		11
Q80894		11
Q80899		11
Q80903		11
Q80908		11
Q80912	11	11
Q80932		11
Q80936		11
Q80950	11	11
Q80964		11
Q80969	11	11
Q80987		11
Q80992		11
Q80997		11
Q81001		11
Q81006	11	11
Q81015	11	11
Q81025	11	11
Q81028		11
Q81031		11
Q81034		11
Q81037		11
Q81040		11
Q81052	11	11
Q81055		11
Q81058		9
Q81067		11
Q81070		11
Q81073		11
Q81079		11
Q81082		11
Q81085	11	9
Q81088		11
Q81091		11
Q81094		11
Q81097		11
Q81100		11
Q81103		11
Q81106		11
Q81109		11
Q81112		11
Q81115	11	11
Q81118		11
Q81121		11
Q81124		11
Q81130		11
Q81133	11	11
Q81136		11
Q81139		11
Q81142	11	9
Q81145	11	11
Q81148		11
Q81154	9	
Q81157	9	9
Q81160	11	
Q81163	9	9
Q81166	11	
Q81169	11	11
Q81172	11	11
Q81175		11
Q81184	9	9
Q81187		11
Q81189	9	11
Q81195	11	9
Q81207	11	11
Q81220		11
Q81224		11
Q81227		11
Q81230	11	11
Q81236		11
Q81242	11	11
Q81245		11
Q81248	11	11
Q81251	11	9
Q81254	11	11
Q81263	11	11
Q81266	11	11
Q81269		11
Q81272		11
Q81275		11
Q81278		11
Q81281		11
Q81284		11
Q81290		11
Q81293		11
Q81296		11
Q81299		11
Q81302		11
Q81305		11
Q81314		11
Q81317		11
Q81320		11
Q81323		11
Q81326		11
Q81329		11
Q81335		11
Q81338		11
Q81356		11
Q81359		11
Q81362		11
Q81404		11
Q81407		11
Q81413		11
Q81422		11
Q81425		11
Q81436		11
Q81439		11
Q81445	11	11
Q81448		11
Q81451		11
Q81454	11	11
Q81457		11
Q81460	11	11
Q81463		11
Q81466		11
Q81469		11
Q81472		9
Q81970	11	
Q85263	9	9
Q85528	9	
Q85532		9
Q85698		9
Q85808		9
Q85855		9
Q85985		9
Q86191		9
Q86241	7	
Q86269	7	9
Q86559		11
Q86577		11
Q86599		11
Q86623	11	11
Q86629	11	11
Q86635	11	11
Q86641	11	11
Q86659	11	11
Q86665	11	
Q86667	11	11
Q86671	11	
Q86675	11	
Q86679	11	11
Q86681		11
Q86683	11	
Q86689	11	11
Q86695	11	
Q86699	11	
Q86703		11
Q86705	11	
Q86707	11	
Q86717	11	
Q86719	11	
Q86725	11	
Q86727	11	
Q86732	11	
Q86734	11	
Q86736	11	
Q86740	11	
Q86742	11	
Q86744		11
Q86746	11	
Q86750	11	
Q86752		11
Q86756	11	
Q86760	11	
Q86762	11	
Q86764	11	
Q86766	11	
Q87902		11
Q87908		11
Q87926	11	
Q87944		11
Q87950	11	11
Q87954		11
Q87976		11
Q87984		11
Q87988	11	
Q87996	11	11
Q88016	11	
Q88018		11
Q88026	11	
Q88036		11
Q88040		11
Q88042	11	11
Q88052	11	
Q88054		11
Q88062		11
Q88072	11	
Q88084		11
Q88098		11
Q88144		11
Q88150	11	
Q88154	11	
Q88158		11
Q88190	11	
Q88194		11
Q88224		11
Q88228	11	
Q88230		11
Q88242		11
Q88262		11
Q88264		11
Q88308		11
Q88316	11	
Q88334	11	
Q88342	11	
Q88344		11
Q88360	11	11
Q88372		11
Q88408		11
Q88450	11	11
Q88452	11	11
Q88458		11
Q88462	11	
Q88476	11	
Q88482		11
Q88488		11
Q88500	11	11
Q88502		11
Q88510	11	11
Q88536	11	11
Q88538		11
Q88564	11	
Q88578	11	
Q88596	11	
Q88602	11	11
Q88604	11	11
Q88610		11
Q88612	11	11
Q88618	11	
Q88624		11
Q88628	11	
Q88636		11
Q88648		11
Q88660	11	11
Q88662	11	
Q88666	11	11
Q88692	11	11
Q88694	11	
Q88696	11	11
Q88705	11	11
Q88725	11	
Q88737	11	11
Q88739	11	11
Q88749	11	11
Q88751	11	
Q88753	11	
Q88785		11
Q88791		11
Q88799		11
Q88823	11	11
Q88825	11	
Q88827		11
Q88833	11	11
Q88835		11
Q88859	11	11
Q88880	11	11
Q88882	11	11
Q88906		11
Q88910		11
Q88916	11	
Q88918	11	11
Q88924	11	
Q88948	11	
Q88950	11	
Q88960	11	
Q88974	11	
Q88984		11
Q89008	11	11
Q89016	11	
Q89029	11	11
Q89035	11	
Q89039	11	11
Q89041	11	11
Q89045	11	
Q89047		11
Q89049	11	
Q89059	11	
Q89063	11	11
Q89069	11	11
Q89071	11	
Q89073	11	
Q89087	11	
Q89101	11	11
Q89123	11	11
Q89133	11	11
Q89151	11	
Q89157	11	
Q89165		11
Q89171		11
Q89173	11	
Q89181	11	11
Q89193	11	
Q89195	11	
Q89197		11
Q89199	11	11
Q89201	11	
Q89203		11
Q89207	11	
Q89213	11	
Q89219		11
Q89221	11	11
Q89235	11	
Q89239	11	
Q89243	11	11
Q89259	11	11
Q89273		11
Q89277		11
Q89295		11
Q89303	11	11
Q89311		11
Q89315	11	11
Q89319		11
Q89327	11	
Q89335	11	
Q89337	11	11
Q89339	11	11
Q89341	11	11
Q89343	11	11
Q89349		11
Q89353		11
Q89355	11	11
Q89357		11
Q89363	11	11
Q89367	11	11
Q89381	11	11
Q89423	11	11
Q89443	11	
Q89453	11	
Q89459	11	
Q89461	11	
Q89463	11	
Q89465	11	11
Q89467		11
Q89475	11	11
Q89483	11	11
Q89491	11	
Q89493	11	
Q89500		11
Q89510		11
Q89512	11	
Q89514		11
Q89516		11
Q89522		11
Q89526	11	11
Q89530	11	
Q89532		11
Q89542	11	11
Q89556	11	
Q89574		11
Q89584	11	11
Q89645	11	
Q89653	11	
Q89655	11	11
Q89657		11
Q89683	11	11
Q89689	11	
Q89691	11	11
Q89709	11	11
Q89715		11
Q89721		11
Q89749		11
Q89773	11	
Q89776	9	9
Q89809		11
Q89827		11
Q89833	11	11
Q89860	9	
Q89897	11	
Q89905		11
Q89925	11	
Q89929	11	
Q89931	11	11
Q89967		11
Q89969	11	11
Q89971	11	11
Q89973	11	11
Q89987		11
Q89993	11	
Q90017	11	
Q90027	11	11
Q90031	11	
Q90033	11	
Q90037	11	11
Q90073	11	
Q90085	11	11
Q90145	11	11
Q90165	11	
Q90177		11
Q90179		11
Q90195	11	11
Q90205	11	
Q90209		11
Q90211	11	11
Q90213	11	
Q90215	11	
Q90217	11	
Q90221		11
Q90229	11	11
Q90231		11
Q90233	11	11
Q90682		11
Q90688	9	
Q90700		11
Q90712	11	11
Q90713	11	11
Q90721	11	11
Q90723	11	11
Q90731	11	11
Q90737		11
Q90743	11	
Q90747	11	
Q90753	11	
Q90761	11	
Q90763	11	
Q90769	11	11
Q90771		11
Q90811		11
Q90831		11
Q90841	11	11
Q90843		11
Q90857		11
Q90861		11
Q90867		11
Q90871	11	
Q90879	11	
Q90890		11
Q90904	11	11
Q90910	11	
Q90922		11
Q90928	11	
Q90946		11
Q90954		11
Q90988		11
Q91012		11
Q91026	11	11
Q91034		11
Q91066		11
Q91096	11	11
Q91158	11	
Q91204	11	11
Q91216		11
Q91238	11	
Q91244		11
Q91260	11	
Q91314	11	11
Q91324	11	
Q91342	11	
Q91346	11	
Q91370	11	
Q91372	11	
Q91386	11	
Q91390	11	11
Q91398	11	
Q91404	11	
Q91406	11	11
Q91420		11
Q91426	11	11
Q91438	11	
Q91444	11	
Q91454		11
Q91470		11
Q91486	11	
Q91506	11	11
Q91530	11	
Q91536	11	11
Q91544	11	
Q91548	11	
Q91550	11	
Q91552	11	11
Q91566		11
Q91572	11	11
Q91574	11	11
Q91584		11
Q91592	11	11
Q91594	11	11
Q91596		11
Q91606		11
Q91614		11
Q91636	11	
Q91638	11	
Q91642	11	11
Q91668	11	11
Q91710		11
Q91731		11
Q91733	11	11
Q91745		11
Q91747		11
Q91761		11
Q91763		11
Q91773	11	11
Q91781		11
Q91783	11	
Q91789	11	11
Q91791	11	
Q91793	11	11
Q91803	11	
Q91805		11
Q91841	11	11
Q91857	11	11
Q91859	11	11
Q91863		11
Q91883	11	11
Q91905		11
Q91912	11	
Q91920	11	11
Q91962	11	11
Q91964	11	
Q91966	11	
Q91972	11	
Q91976	11	
Q91984		11
Q91988		11
Q92004	11	
Q92020	11	11
Q92032	11	
Q92042	11	
Q92044	11	11
Q92046	11	11
Q92054		11
Q92098	11	
Q92100	11	
Q92116		11
Q92130		11
Q92132		11
Q92182		11
Q92192	11	11
Q92228	11	11
Q92234	11	11
Q92250		11
Q92262		11
Q92264		11
Q92274	11	
Q92276		11
Q92278		11
Q92280	11	
Q92282	11	11
Q92290	11	
Q92292	11	
Q92294	11	
Q92300	11	11
Q92304	11	
Q92308	11	
Q92310	11	11
Q92312	11	
Q92314	11	11
Q92316	11	
Q92328		11
Q92360	11	
Q92364	11	11
Q92366	11	11
Q92384	11	
Q92386	11	
Q92400		11
Q92404		11
Q92406	11	
Q92408	11	
Q92410	11	
Q92412	11	11
Q92414	11	
Q92478	11	
Q92484	11	
Q92489		11
Q92501		11
Q92503	11	
Q92509		11
Q92583	11	
Q92611	11	
Q92647	11	
Q92659	11	
Q92661		11
Q92663	11	
Q92673		11
Q92677	11	
Q92681	11	11
Q92708	11	
Q92718	11	11
Q92734	11	
Q92736		11
Q92738	11	
Q92740		11
Q92756	11	11
Q92760	11	
Q92772		11
Q92778	11	
Q92780	11	
Q92789	11	11
Q92793	11	
Q92795	11	
Q92797	11	
Q92813	11	
Q92825	11	
Q92851	11	
Q92859		11
Q92864	11	11
Q92878	11	
Q92880	11	
Q92908	11	
Q92936	11	
Q92940	11	
Q92946	11	
Q92948	11	
Q92950	11	
Q92954	11	
Q92958	11	11
Q92962	11	
Q92964	11	
Q92966	11	
Q92972	11	11
Q92974	11	
Q92988	11	
Q92994	11	11
Q93000		11
Q93012		11
Q93024	11	11
Q93044	11	
Q93054		11
Q93076	11	
Q93080		11
Q93086		11
Q93104		11
Q93108	11	11
Q93112		11
Q93152		11
Q93158		11
Q93160	11	
Q93164	11	
Q93172		11
Q93181	11	
Q93203	11	11
Q93211	11	
Q93243	11	
Q93259		11
Q93267		11
Q93277	11	
Q93317		11
Q93323	11	
Q93333	11	11
Q93339	11	11
Q93343	11	
Q93345	11	
Q93347	11	
Q93349	11	
Q93357	11	
Q93359		11
Q93361	11	
Q93363	11	11
Q93365		11
Q93371	11	
Q93375	11	11
Q93377	11	
Q93379	11	
Q93381		11
Q93383		11
Q93385		11
Q93391	11	
Q93393	11	
Q93395	11	11
Q93399	11	
Q93401	11	
Q93403	11	
Q93405	11	11
Q93417	11	
Q93419	11	
Q93421	11	11
Q93429	11	11
Q93431	11	
Q93433	11	
Q93437	11	11
Q93441	11	11
Q93445	11	11
Q93447	11	
Q93449		11
Q93451	11	
Q93453		11
Q93455	11	
Q93457	11	
Q93461		11
Q93467	11	
Q93471	11	
Q93491	11	
Q93506		11
Q93520	11	11
Q93522	11	11
Q93524	11	11
Q93542	11	
Q93544	11	
Q93552	11	
Q93556	11	11
Q93560	11	11
Q93570	11	
Q93572	11	
Q93576	11	
Q93586	11	
Q93592	11	
Q93624		11
Q93628		11
Q93642	11	11
Q93648	11	11
Q93658	11	
Q93668	11	
Q93672	11	
Q93674	11	11
Q93678	11	
Q93686	11	
Q93688	11	
Q93690	11	
Q93692	11	11
Q93694	11	
Q93704	11	
Q93706	11	
Q93710	11	
Q93714	11	
Q93734		11
Q93738		11
Q93740		11
Q93746	11	
Q93754	11	
Q93788		11
Q93836		11
Q93852		11
Q93884		11
Q93891		11
Q93907	11	11
Q93915	11	11
Q93935		11
Q93951	11	11
Q93957	11	11
Q93978	11	11
Q93980		11
Q93982		11
Q93994	11	
Q93996	11	
Q94025		11
Q94026	11	
Q94032	11	11
Q94034	11	11
Q94036		11
Q94038		11
Q94048	11	11
Q94050		11
Q94052		11
Q94054		11
Q94056	11	11
Q94080	11	11
Q94102	11	11
Q94106	11	11
Q94108	11	
Q94161	11	
Q94163	11	11
Q94169		11
Q94197	11	
Q94209	11	
Q94211	11	
Q94215		11
Q94223	11	11
Q94227	11	
Q94229	11	
Q94269	11	
Q94271		11
Q94273		11
Q94275	11	11
Q94277	11	11
Q94287	11	
Q94295	11	11
Q94303	11	11
Q94305	11	11
Q94325	11	11
Q94353	11	11
Q94361	11	
Q94405	11	
Q94413	11	
Q94415	11	
Q94445	11	
Q94475	11	11
Q94485	11	11
Q94487	11	11
Q94559		11
Q94838	11	11
Q94840		11
Q94842		11
Q94850		11
Q94854		11
Q94862		11
Q94926	11	11
Q94956	11	11
Q94980		11
Q95005	11	
Q95013	11	
Q95017	11	
Q95081		11
Q95111	11	11
Q95113		11
Q95141		11
Q95189	11	
Q95223	11	11
Q95303	11	11
Q95343		11
Q95345		11
Q95347		11
Q95375	11	11
Q95404		11
Q95422	11	11
Q95424		11
Q95706	11	11
Q96082	11	
Q96157		11
Q96198	11	11
Q96200		11
Q96202	11	
Q96206		11
Q96214	11	11
Q96216	11	11
Q96218	11	
Q96224	11	11
Q96226	11	11
Q96264		9
Q96274	11	
Q96352		11
Q96356		11
Q96364		11
Q96366		11
Q96370		11
Q96381		11
Q96472	11	
Q96888	9	9
Q96938	11	
Q96948		11
Q96962	11	11
Q97027		11
Q97029		11
Q97125	11	
Q97143	11	11
Q97324	11	
Q97426		11
Q97540	11	11
Q97546	11	
Q97550	11	11
Q97556	11	
Q97560		11
Q97562		11
Q97564	11	
Q97568	11	11
Q97570	11	11
Q97572	11	11
Q97574		11
Q97578	11	11
Q97582	11	11
Q97586	11	11
Q97620	11	11
Q97626		11
Q97656	11	11
Q97819		11
Q97821		11
Q97825		11
Q97837	11	
Q97841		11
Q97861		11
Q98239	9	
Q99314	11	11
Q99334	11	11
Q99627	9	11
Q99725	9	
Q99799	9	11
Q99815	9	9
Q99819	9	11
Q99839	9	11
Q99899	11	11
Q99903	11	9
Q99907	9	9
Q100007		9
Q100308	9	9
Q100342	9	
Q100427	11	9
Q100435		9
Q100441	9	11
Q100443	11	11
Q100483	9	9
Q100758	11	11
Q100760	9	9
Q100808		9
Q100832		9
Q100912	9	9
Q100914	9	11
Q100948	9	11
Q100976	9	9
Q101361	9	11
Q101513	11	11
Q101621	9	9
Q101623	9	9
Q101639	9	9
Q101643	9	
Q101657	9	
Q101659	9	9
Q101663	9	
Q101677	9	9
Q101679	9	11
Q101718		10
Q101722		11
Q101732	9	9
Q101748	9	9
Q101750	9	9
Q101756	9	9
Q101764	9	9
Q101766	9	
Q101804	9	9
Q101806	9	9
Q101808	9	9
Q101814		9
Q101818		9
Q101824	9	11
Q101826	9	
Q101856	9	
Q101860	9	
Q101886	9	9
Q101890	9	9
Q101904	9	9
Q101910	9	9
Q101934	9	9
Q101936	9	9
Q101938	9	9
Q101940		9
Q101944	9	10
Q101968	9	9
Q101974	9	9
Q101976	9	
Q102004	9	9
Q102020	9	
Q102045	10	
Q102057	9	9
Q102059	9	9
Q102067	9	
Q102083		11
Q102093	9	
Q102095	9	9
Q102117	9	
Q102139	9	9
Q102181	9	
Q102187	9	
Q102189	9	
Q102213		9
Q102217		9
Q102235	9	
Q102285	9	
Q102297	9	9
Q102345	9	10
Q102347	9	9
Q102363	9	
Q102365	9	
Q102377	11	11
Q102387	9	
Q102397	9	9
Q102417		9
Q102433		9
Q102451	9	9
Q102461	9	
Q102475	9	11
Q102493	9	9
Q102495		9
Q102503		9
Q102523		9
Q102537	9	9
Q102541	9	9
Q102551	9	9
Q102555	9	
Q102567	9	9
Q102595	9	11
Q102601	9	9
Q102603	11	11
Q102607		9
Q102625	9	9
Q102639	9	11
Q102649	9	11
Q102675	9	9
Q102679	9	
Q102689		9
Q102772	9	11
Q102909	9	11
Q102913	11	11
Q104007	9	11
Q104011	11	11
Q104013	10	11
Q104087	11	11
Q104129	11	11
Q104135	11	11
Q104137	11	11
Q104825	11	11
Q104885	9	10
Q105101	9	9
Q106083	9	
Q106415	9	11
Q106421	9	11
Q106469		10
Q106527	9	9
Q106557	10	10
Q106569	9	9
Q106577	9	9
Q106587	9	9
Q106589	9	9
Q106591	9	9
Q106597	9	9
Q106601	11	11
Q106603	11	11
Q106605		10
Q106607	9	11
Q106609	10	11
Q106611	9	11
Q106613	9	11
Q106615		9
Q106649	9	9
Q106661		10
Q106686	9	
Q106704		9
Q106710	9	11
Q106712	9	9
Q106714	9	9
Q106716		9
Q106730	9	9
Q106750	9	11
Q106756	9	11
Q106762	9	11
Q106778		9
Q106782	11	11
Q106788	9	11
Q106790	9	11
Q106890	9	
Q106912		11
Q106916		11
Q106950	9	11
Q106960		9
Q106980	9	
Q106994	9	
Q107020		9
Q107024		11
Q107026	11	11
Q107050	9	11
Q107056	9	
Q107060	9	9
Q107064	9	9
Q107076		9
Q107078		10
Q107082	9	9
Q107084	9	11
Q107090	11	11
Q107094	9	11
Q107120	9	
Q107138	9	11
Q107148	9	9
Q107174	9	
Q107180	9	
Q107192	9	11
Q107214	9	11
Q107230	9	
Q107232	9	
Q107234		9
Q107240	9	9
Q107260		11
Q107280	9	
Q107286	9	9
Q107290	9	10
Q107292	9	11
Q107294	9	9
Q107299		9
Q107301		9
Q107323	9	9
Q107361	11	11
Q107363	9	9
Q107365	9	11
Q107369	11	9
Q107371	9	9
Q107373	9	9
Q107377	11	9
Q107379	9	11
Q109886	9	9
Q110386	9	9
Q110540	9	11
Q110774	9	11
Q110976	11	11
Q111177	7	9
Q111811	9	9
Q111976	9	9
Q112014	9	11
Q112106	9	9
Q112422	9	11
Q113085	9	11
Q113107	11	9
Q113280	9	9
Q113288		9
Q113294	9	
Q113296	9	
Q113303	9	9
Q113315		9
Q113317	9	
Q113329		9
Q113337	9	9
Q113343	9	9
Q113347	10	11
Q113349	9	9
Q113351	9	
Q113353		11
Q113355	9	
Q113357	9	
Q113359	9	9
Q113361	9	9
Q113363	9	9
Q113365		9
Q113369		9
Q113373	9	
Q113389	9	11
Q113391	9	11
Q113415	9	9
Q113417	9	9
Q113421	9	9
Q113425	9	9
Q113431	9	
Q113439	9	9
Q113441	9	9
Q113453		11
Q113455		9
Q113459	9	9
Q113461	9	
Q113499	9	
Q113501	9	
Q113509	9	9
Q113511	9	
Q113515		10
Q113521	9	
Q113525	9	
Q113531	9	9
Q113533	9	9
Q113539	9	
Q113551	9	
Q113563	9	
Q113571	9	
Q113583	9	9
Q113585	9	
Q113587	9	9
Q113591	9	
Q113593	9	9
Q113595	9	
Q113609	9	
Q113611	9	
Q113613	10	
Q113615	10	9
Q113621	9	
Q113623	9	
Q113625	9	
Q113635	9	10
Q113641	9	
Q113647	9	
Q113655	9	
Q113657	9	
Q113659	9	9
Q113661	9	9
Q113665		9
Q113669	9	
Q113671	9	9
Q113673	9	
Q113675		9
Q113679	9	
Q113681	9	
Q113695	9	
Q113697	9	
Q113707		11
Q113711	9	
Q113713	9	9
Q113715	9	
Q113717	9	9
Q113719	9	
Q113735	9	
Q113737	9	
Q113739	9	
Q113761	9	
Q113763	9	
Q113765	9	10
Q113769	9	10
Q113771	9	
Q113773	9	
Q113777	9	
Q113779	9	
Q113783	9	9
Q113789	9	
Q113791	9	
Q113793	9	
Q113795	9	
Q113797	9	
Q113799	9	
Q113805	9	
Q113809		9
Q113817	9	
Q113819	9	
Q113841	9	9
Q113849	9	
Q113857	9	
Q113861	9	
Q113863	9	10
Q113865	9	
Q113873		9
Q113897		9
Q113907	9	
Q113915	9	
Q113917	9	9
Q113925	9	
Q113929	9	
Q113931	9	
Q113935	9	
Q113937	9	9
Q113943	9	
Q113945	9	
Q113947	9	
Q113951		9
Q113953	9	
Q113963	9	
Q113965	9	
Q113967	9	9
Q113979	9	11
Q113991	9	9
Q114003	9	
Q114005	9	
Q114007	9	
Q114011	9	
Q114017	9	9
Q114019	9	
Q114023	9	9
Q114025	9	
Q114027	9	
Q114038	9	
Q114040	9	
Q114042	9	
Q114044	11	11
Q114048	9	
Q114051		9
Q114053	9	
Q114057	9	
Q114067	9	
Q114069	9	9
Q114071	9	
Q114077	10	
Q114079	9	
Q114081	9	
Q114083	9	
Q114092		9
Q114102	9	9
Q114104	9	9
Q114106		9
Q114112		9
Q114118	9	
Q114128	9	
Q114130		9
Q114132		9
Q114136	9	9
Q114142	9	9
Q114144	9	
Q114154	9	
Q114156		9
Q114170	10	9
Q114176	9	9
Q114178		9
Q114180		9
Q114182		10
Q114186		9
Q114208	9	9
Q114211	9	11
Q114218	9	9
Q114224	9	
Q114236		9
Q114240	9	9
Q114270	9	9
Q114276		10
Q114278		11
Q114284		9
Q114292	9	9
Q114298		9
Q114302	9	
Q114306	9	
Q114308	9	
Q114312	9	9
Q114318	9	9
Q114320	9	9
Q114322	9	
Q114324		9
Q114326	9	11
Q114328	9	11
Q114330	9	11
Q114332	9	11
Q114338	9	
Q114352	9	
Q114391	7	
Q114969	7	9
Q115039	11	11
Q115472	9	9
Q116238	9	11
Q118061	9	9
Q118067	9	
Q118071	9	
Q118073		10
Q118091	9	
Q118093	9	
Q118095	9	
Q118097	9	
Q118099	9	
Q118107	9	9
Q118109		9
Q118115		10
Q118133	9	9
Q118135	9	
Q118137	9	
Q118141	9	
Q118143	9	
Q118147	9	
Q118153	9	
Q118159	9	
Q118163	9	
Q118171	9	
Q118177	9	
Q118179	9	
Q118183		9
Q118187		9
Q118205	9	
Q118207	9	
Q118213		9
Q118221	9	
Q118225	9	
Q118227	9	
Q118229	9	
Q118239	9	9
Q118251	9	9
Q118253	9	11
Q118255	11	11
Q118257	11	11
Q118262	10	11
Q118268		9
Q118278	9	9
Q118286	9	
Q118298	9	
Q118300	9	
Q118304	9	
Q118312	9	
Q118321	9	
Q118323	9	
Q118325	9	
Q118327	9	
Q118337	9	
Q118341	9	
Q118343	9	9
Q118345	9	
Q118347	9	9
Q118355	9	9
Q118359		9
Q118363	9	11
Q118381		9
Q118385	9	9
Q118391	9	
Q118401		11
Q118403	9	11
Q118405	11	10
Q118407	9	9
Q118411	9	
Q118413	9	
Q118419		11
Q118423		9
Q118427	9	11
Q118429	11	11
Q118433	9	11
Q118437	9	9
Q118439		9
Q118443	9	11
Q118445	9	10
Q118447	9	
Q118449	9	
Q118459	9	9
Q118469	9	11
Q118475	9	
Q118477	9	
Q118483	9	
Q118485	11	11
Q118495	9	
Q118497	10	
Q118503	9	
Q118513	9	
Q118523	9	10
Q118525		9
Q118529	9	
Q118531	9	
Q118545	9	9
Q118547	9	
Q118559	9	11
Q118561	9	
Q118571		9
Q118573		9
Q118597	9	
Q118603	9	11
Q118607		9
Q118611		9
Q118615		11
Q118621	9	
Q118625		9
Q118627		9
Q118629		10
Q118637	9	11
Q118639	9	9
Q118641	9	9
Q118649	9	
Q118651	9	
Q118655		11
Q118665	9	
Q118667	9	
Q118669	9	
Q118679	11	11
Q118685	9	9
Q118687	9	
Q118693		9
Q118695		9
Q118699	9	
Q118715	9	
Q118733	9	9
Q118741	9	9
Q118743	11	11
Q118745	9	
Q118749	9	
Q118751	9	9
Q118759	9	9
Q118775	9	9
Q118777	9	9
Q118785	9	
Q118787	9	9
Q118789	9	
Q118793	9	
Q118795	9	
Q118797	9	
Q118799	9	11
Q118803	9	
Q118805	9	
Q118807	9	
Q118809		9
Q118811	9	11
Q118813	9	9
Q118823		11
Q118825		11
Q118829		9
Q118835	9	9
Q118841	9	
Q118859	9	11
Q118861	9	9
Q118863		9
Q118865	9	11
Q118867	9	11
Q118869		9
Q118891	9	
Q118899	9	
Q118901	9	
Q118903		9
Q118917	9	
Q118919	9	
Q118941	9	9
Q118958	9	9
Q118960		9
Q118964		9
Q118968	9	9
Q118970		9
Q118978	9	9
Q118982	9	
Q118984	9	
Q118988		9
Q118990	9	
Q118992	9	
Q118998		9
Q119012		10
Q119028	9	9
Q119034		11
Q120233		11
Q120237	9	11
Q120239	9	11
Q120241	9	9
Q120245		9
Q120249	9	9
Q120253		9
Q120255		11
Q120257		11
Q120259	9	9
Q120261		11
Q120265	9	11
Q120267	9	10
Q120269	9	
Q120273	11	11
Q120275	11	9
Q120279	9	9
Q120281	11	11
Q120283	11	11
Q120289	9	11
Q120291	9	11
Q120293		9
Q120295	9	
Q120297	9	9
Q120301	11	
Q120304	9	9
Q120306	9	11
Q120310	9	11
Q120314	9	
Q120318	9	9
Q120320	9	
Q120324	9	11
Q120328		11
Q120330	9	9
Q120332	9	11
Q120334		11
Q120338	9	9
Q120340	9	9
Q120342		11
Q120344	9	11
Q120350	9	11
Q120352	9	11
Q120356		11
Q120358	9	11
Q120360	9	11
Q120366	9	
Q120368	9	
Q120372	9	11
Q120376	9	11
Q120378	9	9
Q120388	11	11
Q120400	9	11
Q120408	11	9
Q120410	9	
Q120418	9	9
Q120422	11	11
Q120424	9	
Q120426	9	11
Q120428	11	
Q120430	9	9
Q120436	9	
Q120438		9
Q120440	9	11
Q120444		11
Q120446	9	11
Q120450	9	
Q120454	11	11
Q120458	9	9
Q120462	9	9
Q120472		11
Q120474	9	9
Q120476	9	9
Q120478	9	
Q120484	9	11
Q120498	9	
Q120500	9	
Q120502		9
Q120512		11
Q120514	11	11
Q120516	11	11
Q120518	11	11
Q120522	9	9
Q120524	11	9
Q120526	9	11
Q120528	9	11
Q120530	9	9
Q120536	9	9
Q120542	11	9
Q120544	9	9
Q120552	9	
Q120556	9	9
Q120566	9	9
Q120568	9	9
Q120578	9	11
Q120580	9	9
Q120582	11	
Q120584	9	11
Q120586	9	9
Q120590	9	
Q120592	11	9
Q120594	11	11
Q120600	9	
Q120602		11
Q120604	11	11
Q120606	11	9
Q120608	9	11
Q120610	9	
Q120611	9	9
Q120614	9	
Q120616		11
Q120618	9	9
Q120620	9	
Q120622	9	
Q120624		9
Q120626	11	11
Q120628	11	11
Q120630	9	11
Q120632	11	11
Q120638	9	11
Q120640		11
Q120644		11
Q120646		11
Q120648	11	
Q120652		9
Q120654		9
Q120656		9
Q120658	11	
Q120662	9	9
Q120664	9	9
Q120668	11	11
Q120670	9	9
Q120672	11	
Q120674	9	11
Q120676	9	9
Q120678	9	9
Q120680	9	11
Q120682	9	9
Q120684	11	11
Q120690	9	9
Q120694	11	11
Q120702	9	
Q120704	9	11
Q120708	9	
Q120710	9	11
Q120712	9	
Q120716	9	
Q120718		9
Q120724	11	11
Q120726	11	9
Q120728	11	9
Q120730	9	11
Q120732	9	
Q120734	11	9
Q120736	11	11
Q120738		11
Q120740	9	11
Q120742	11	11
Q120744	9	9
Q120746	9	9
Q120752		9
Q120756		9
Q120758		9
Q120762	11	11
Q120764	11	11
Q120766		9
Q120770	9	11
Q120772	9	
Q120776	9	9
Q120778	11	11
Q120782	11	11
Q120784	9	11
Q120786	11	9
Q120788		9
Q120790	9	
Q120794	9	9
Q120798	9	9
Q120800	9	11
Q120802		9
Q120804		11
Q120808	11	11
Q120812	11	11
Q120814		11
Q120816	9	9
Q120822	9	11
Q120824	9	11
Q120828	11	11
Q120836	9	9
Q120838	9	9
Q120840	9	9
Q120842	9	9
Q120846	9	
Q120850		9
Q120852	9	11
Q120856		11
Q120860	9	9
Q120862	9	11
Q120864	9	11
Q120866	9	11
Q120868		9
Q120870	9	11
Q120872	11	11
Q120874	9	11
Q120876	9	
Q120882	11	9
Q120886		11
Q120892	11	11
Q120894		11
Q120900	9	
Q120904	9	
Q120906	11	9
Q120908	9	9
Q120910		9
Q120912	9	9
Q120918	9	
Q120920		11
Q120922	9	9
Q120924	11	
Q120928	9	9
Q120930	9	
Q120934	9	
Q120936	11	9
Q120940		9
Q120942	9	9
Q120946	11	11
Q120948	9	9
Q120950	9	11
Q120952	11	11
Q120954	9	11
Q120956	9	
Q120958	9	
Q120960	9	11
Q120962	9	11
Q120964	9	11
Q120966		11
Q120970	9	9
Q120972	11	11
Q120974	9	11
Q120976	9	9
Q120978		9
Q120984	9	11
Q120988	9	9
Q120990	9	9
Q120996		9
Q120998	9	
Q121004	9	11
Q121006	9	11
Q121008		11
Q121011		11
Q121015	11	11
Q121017	11	11
Q121019	9	11
Q121021	11	11
Q121023	11	11
Q121025	9	9
Q121027	9	11
Q121029	9	
Q121033	9	9
Q121035	9	11
Q121037	9	11
Q121039	9	11
Q121047	9	9
Q121049	9	11
Q121051	9	11
Q121053	9	9
Q121055	11	11
Q121057	9	
Q121061	11	11
Q121063	9	
Q121065	9	9
Q121067	9	
Q121071	9	9
Q121075		9
Q121079	11	11
Q121081	11	9
Q121083	11	11
Q121087		9
Q121095	9	9
Q121097	11	
Q121099	9	9
Q121103	11	11
Q121105	11	9
Q121107	9	11
Q121111	11	11
Q121115		11
Q121117	9	9
Q121121	9	9
Q121125	9	11
Q121127		9
Q121129	11	11
Q121137	9	11
Q121139	11	11
Q121143	9	9
Q121145	11	
Q121149	9	11
Q121151	9	
Q121153	9	
Q121161		9
Q121163	9	
Q121165	9	
Q121167	9	
Q121169	9	9
Q121179	9	9
Q121187	9	11
Q121189	9	11
Q121191	11	11
Q121195	9	11
Q121201	9	9
Q121203	9	9
Q121209	9	9
Q121211		9
Q121213	9	9
Q121223		9
Q121239	9	9
Q121249	9	11
Q121251	9	11
Q121255	9	11
Q121259	9	11
Q121261	9	11
Q121263	9	11
Q121265	9	11
Q121275	11	11
Q121277	9	11
Q121279		9
Q121285	9	11
Q121288	11	11
Q121290	11	11
Q121296	9	11
Q121298	9	11
Q121300		9
Q121302	9	
Q121304	9	
Q121308	9	9
Q121310	11	11
Q121316	9	11
Q121318	9	11
Q121320	9	11
Q121322	9	11
Q121326	9	11
Q121328	9	11
Q121330	9	11
Q121332	9	9
Q121334	9	
Q121336		9
Q121338		9
Q121340	11	11
Q121342	9	11
Q121348	11	11
Q121352	11	11
Q121354	9	11
Q121358	9	9
Q121360	9	11
Q121368	11	11
Q121370		11
Q121372		9
Q121374	9	11
Q121376	9	11
Q121380	9	9
Q121382	9	11
Q121384	9	11
Q121386	9	11
Q121388	9	11
Q121390		11
Q121392		11
Q121396	11	11
Q121400	9	11
Q121402	9	11
Q121404	11	11
Q121408	11	11
Q121410	9	11
Q121414	11	11
Q121416	11	11
Q121418	9	11
Q121420	9	11
Q121422	9	9
Q121426	9	11
Q121428	9	9
Q121430	9	11
Q121432		9
Q121434	11	11
Q121440	9	9
Q121442	9	9
Q121444	9	
Q121446	9	9
Q121448	11	11
Q121450	11	11
Q121452	11	11
Q121454	9	11
Q121456	11	11
Q121466	11	11
Q121468		11
Q121470	11	11
Q121472	11	9
Q121476	9	11
Q121478	11	11
Q121482	9	
Q121486	9	
Q121489	9	
Q121491	9	
Q121495	11	11
Q121497		11
Q121499	11	11
Q121503	11	11
Q121505	9	9
Q121523	9	11
Q121525	11	11
Q121529	11	11
Q121531		11
Q121533	11	11
Q121535	11	11
Q121537	9	9
Q121539	9	11
Q121541	9	9
Q121545	9	9
Q121547	9	11
Q121551	9	11
Q121552	9	
Q121554	9	9
Q121556	9	11
Q121558	9	9
Q121562	9	
Q121566	11	10
Q121570	10	10
Q121572	9	9
Q121574	11	
Q121576		11
Q121580	11	9
Q121582	9	9
Q121584	11	11
Q121588	9	9
Q121590		9
Q121594	9	9
Q121596	9	9
Q121598	9	9
Q121600	11	11
Q121602	9	9
Q121604	11	11
Q121606	11	11
Q121610	9	9
Q121612	9	11
Q121614	11	11
Q121618	9	11
Q121620	11	11
Q121622	11	11
Q121624	9	9
Q121626	9	
Q121628	9	9
Q121630		9
Q121632		9
Q121636	9	11
Q121640	11	11
Q121642	11	11
Q121644	11	11
Q121646	9	11
Q121650		11
Q121656		11
Q121658	11	9
Q121666	9	
Q121668	9	
Q121670	9	
Q121672	11	11
Q121674	9	11
Q121680	9	9
Q121684	9	11
Q121686	9	11
Q121688	11	11
Q121690	11	11
Q121694	9	11
Q121696	11	11
Q121698	11	11
Q121704	9	11
Q121706		11
Q121710		10
Q121712		11
Q121714	9	
Q121716	11	11
Q121720	9	11
Q121722	9	11
Q121724	9	11
Q121726		11
Q121732	11	
Q121734		11
Q121736		11
Q121738	11	11
Q121740	11	11
Q121742	9	11
Q121746	11	11
Q121750		10
Q121752	9	11
Q121768	9	9
Q121774	9	9
Q121778	9	9
Q121780	9	
Q121782	11	11
Q121786	9	11
Q121790	11	9
Q121792		9
Q121796	9	
Q121800	9	11
Q121806	9	11
Q121808		9
Q121811	9	9
Q121815	9	9
Q121821	9	11
Q121823	9	9
Q121825	9	11
Q121827		9
Q121831		11
Q121837	9	9
Q121845		9
Q121851	11	11
Q121853		9
Q121855	9	9
Q121859	9	9
Q121861	9	
Q121863	9	9
Q121865	11	11
Q121867	11	11
Q121869	11	9
Q121875	9	11
Q121877	9	11
Q121879	9	
Q121881		11
Q121887	9	11
Q121889	9	
Q121891	9	11
Q121893	11	11
Q121895	11	11
Q121897	9	11
Q121899	11	11
Q121901	9	11
Q121910	11	11
Q121911	9	9
Q121913	9	11
Q121917	9	11
Q121923		9
Q121927	11	11
Q121931	9	9
Q121935	9	11
Q121937		11
Q121939	9	9
Q121941	9	9
Q121945	9	9
Q121953		9
Q121957	9	9
Q121959	9	11
Q121963	9	11
Q121965	9	11
Q121967	9	11
Q121973		11
Q121981	11	11
Q121983	11	9
Q121987	9	11
Q121989	9	11
Q121991	11	9
Q121993	11	9
Q121999	9	11
Q122001	9	9
Q122005		9
Q122007	9	11
Q122009	11	11
Q122011	11	11
Q122013	9	9
Q122017	9	
Q122021	11	11
Q122023	11	11
Q122025		11
Q122027	11	11
Q122029	9	9
Q122031	11	11
Q122033	9	11
Q122035	11	
Q122037		9
Q122039	9	
Q122041	9	9
Q122043	9	11
Q122045	11	11
Q122049	9	11
Q122051	11	11
Q122053	11	11
Q122055		9
Q122057	9	11
Q122059	11	
Q122061		9
Q122063		9
Q122065		9
Q122067		9
Q122071	9	11
Q122073	9	11
Q122075	9	9
Q122077	9	11
Q122079	9	11
Q122083	9	11
Q122087	11	11
Q122091	11	11
Q122093	9	11
Q122095	9	11
Q122099	9	11
Q122101	9	11
Q122105	11	11
Q122107	9	11
Q122109	9	9
Q122119	9	9
Q122121	9	
Q122123	9	11
Q122125	11	11
Q122127	9	11
Q122129	9	11
Q122131	11	11
Q122133		11
Q122135	9	11
Q122139	9	
Q122141	9	9
Q122143	9	11
Q122145	9	11
Q122147	9	9
Q122149	9	9
Q122151		11
Q122153	9	11
Q122155		11
Q122157	9	11
Q122159	11	11
Q122161	9	11
Q122163	9	11
Q122167	9	
Q122169	11	11
Q122171	9	11
Q122173	9	11
Q122177	11	11
Q122179	11	11
Q122181		11
Q122187	11	11
Q122189	11	11
Q122191	9	
Q122201	9	9
Q122203	11	11
Q122205	9	11
Q122207	9	11
Q122209		11
Q122219	11	11
Q122223	11	
Q122227	9	11
Q122231	9	
Q122237	9	11
Q122239	9	
Q122241	11	11
Q122243	9	
Q122245	9	11
Q122247	11	11
Q122257	11	11
Q122259	9	11
Q122261		11
Q122263		9
Q122265		11
Q122267	9	11
Q122271	9	9
Q122275	9	11
Q122281	11	9
Q122283	9	
Q122287	9	11
Q122289	9	11
Q122293	9	11
Q122295	9	11
Q122305		11
Q122311	11	11
Q122319	9	11
Q122323	9	9
Q122331	9	9
Q122333	11	11
Q122335	9	11
Q122337	11	11
Q122339	9	9
Q122341	9	11
Q122343	11	11
Q122345	9	
Q122349		11
Q122351	9	9
Q122353	9	11
Q122355	9	
Q122357	9	
Q122359	9	11
Q122361	11	11
Q122365	9	11
Q122371	9	
Q122373		9
Q122375		9
Q122383	9	11
Q122387	11	11
Q122392	9	9
Q122398	11	11
Q122400	11	11
Q122402	9	11
Q122406	9	11
Q122416	11	11
Q122417	11	11
Q122421	9	10
Q122423	11	11
Q122425		9
Q122433	9	
Q122435	9	
Q122437	9	11
Q122439	11	11
Q122453	9	9
Q122455	9	9
Q122459		11
Q122461	11	11
Q122467	9	11
Q122469	9	
Q122471	9	11
Q122475	9	11
Q122477	9	11
Q122482	9	11
Q122486		9
Q122488	9	11
Q122492	9	
Q122496		9
Q122501		11
Q122503	9	11
Q122505	9	11
Q122507	9	11
Q122509	9	
Q122511	9	
Q122513	9	9
Q122523	9	
Q122527	9	
Q122529	9	10
Q122543	9	
Q122547	9	9
Q122549	9	9
Q122553	9	9
Q122555	9	
Q122557	9	9
Q122559	9	
Q122561	11	11
Q122563	11	11
Q122565	9	11
Q122567	9	9
Q122569	9	
Q122573	9	9
Q122575	9	9
Q122577	9	
Q122579	11	11
Q122581	9	11
Q122583	11	11
Q122585	9	9
Q122587	9	11
Q122589		11
Q122591	9	9
Q122593		9
Q122601	9	11
Q122607	9	9
Q122609	9	11
Q122611	9	11
Q122613	9	11
Q122615	9	11
Q122619	9	11
Q122623		9
Q122625	9	11
Q122627	9	11
Q122629	9	11
Q122631	9	9
Q122633		9
Q122635	9	
Q122639	9	11
Q122641		11
Q122645	9	9
Q122647	9	9
Q122649	9	11
Q122651	9	9
Q122653	9	
Q122657	11	11
Q122659	9	11
Q122661		9
Q122663		9
Q122667	9	11
Q122669		10
Q122671		10
Q122677	9	9
Q122679	9	9
Q122681	9	11
Q122689	9	
Q122693	11	11
Q122709	9	
Q122713	9	11
Q122715		11
Q122717		11
Q122719		11
Q122724	9	9
Q122730	9	9
Q122732	9	
Q122736	11	11
Q122744	11	9
Q122746	9	11
Q122748	9	11
Q122750	9	11
Q122752	9	9
Q122756	9	
Q122764	9	
Q122766	9	9
Q122772		9
Q122774	11	9
Q122776	9	
Q122778	9	11
Q122782		9
Q122784	9	9
Q122786		9
Q122788	9	9
Q122794	9	9
Q122800		11
Q122806	9	9
Q122808	9	9
Q122810	9	9
Q122812	11	11
Q122814	9	
Q122822	9	9
Q122824	9	
Q122831	11	11
Q122833	11	11
Q122837	9	9
Q122839	11	
Q122841	9	
Q122843	9	9
Q122845	9	9
Q122849	11	11
Q122851	11	9
Q122853	11	
Q122859	11	9
Q122865	9	9
Q122873	11	11
Q122875	11	11
Q122877	9	11
Q122883	11	11
Q122891	11	11
Q122897	9	11
Q122901	9	11
Q122905	9	11
Q122907	9	
Q122909	11	11
Q122915	11	11
Q122917	9	11
Q122919	11	11
Q122925	11	11
Q122933	10	11
Q122935	9	
Q122937	9	9
Q122939	11	11
Q122953	11	11
Q122957	9	9
Q122959		9
Q122961		9
Q122978	9	11
Q122980	11	11
Q122982	11	11
Q122984	11	11
Q122988	9	9
Q122992	11	11
Q122998		11
Q123000	9	
Q123002		11
Q123008	11	11
Q123010	11	9
Q123012	11	9
Q123014		9
Q123016	9	9
Q123018	9	11
Q123020	9	9
Q123024	9	11
Q123031	11	11
Q123033	9	11
Q123035	9	9
Q123037	9	9
Q123039	9	9
Q123041	9	11
Q123043	9	
Q123045	9	9
Q123049	9	
Q123053	9	
Q123063		11
Q123065		11
Q123069	9	9
Q123071	9	9
Q123073	9	9
Q123075	9	9
Q123077	11	
Q123079	9	9
Q123085	9	
Q123087		11
Q123089		9
Q123095	9	9
Q123097	11	11
Q123103	9	11
Q123107		9
Q123109	11	11
Q123111	9	9
Q123113		11
Q123115	9	
Q123121	9	11
Q123127	9	
Q123131	9	
Q123133		9
Q123135	9	9
Q123143		11
Q123151		9
Q123153		11
Q123155	9	9
Q123159	9	
Q123161	9	9
Q123163		11
Q123167	9	9
Q123169	9	9
Q123171	11	9
Q123173	9	9
Q123179	9	9
Q123181	9	
Q123185	9	
Q123187	9	
Q123189	9	
Q123191	9	11
Q123195		9
Q123203		9
Q123209		9
Q123213		11
Q123217	9	
Q123219	9	11
Q123221		9
Q123223		11
Q123225	9	9
Q123233	11	11
Q123247	11	11
Q123253	9	9
Q123257	11	11
Q123259	11	11
Q123267		11
Q123269	9	9
Q123271		9
Q123277	9	9
Q123279	9	10
Q123283		9
Q123285	9	9
Q123287	9	9
Q123291	9	9
Q123295		11
Q123299	9	11
Q123301	9	11
Q123305	11	9
Q123307		9
Q123309	9	9
Q123319	9	9
Q123323	9	
Q123327	9	9
Q123333		11
Q123335	11	11
Q123337	9	9
Q123339	9	11
Q123341	9	11
Q123343	9	
Q123349		9
Q123359	11	11
Q123361		11
Q123367	9	9
Q123369	9	11
Q123371	9	11
Q123373	9	11
Q123375	9	9
Q123377	9	11
Q123381	11	
Q123391	11	9
Q123393	9	11
Q123395	9	9
Q123397	11	11
Q123399		11
Q123405	11	11
Q123407	9	9
Q123411		9
Q123413	9	9
Q123415		9
Q123419	9	9
Q123421	9	
Q123423	11	11
Q123425		9
Q123427	11	11
Q123431	9	9
Q123433		9
Q123435		9
Q123437	9	9
Q123438	9	9
Q123439	9	9
Q123440	9	9
Q123441		9
Q123444	9	9
Q123446		11
Q123448	9	9
Q123450		9
Q123452	9	
Q123454	9	11
Q123456	9	9
Q123460	9	
Q123465	9	11
Q123467	9	9
Q123471	11	11
Q123473	9	11
Q123475	9	11
Q123477		11
Q123479	11	11
Q123481	9	11
Q123483	11	11
Q123485	9	10
Q123487	11	11
Q123489	9	11
Q123495	9	11
Q123501	9	11
Q123503	9	
Q123505	9	9
Q123507	11	9
Q123509	9	
Q123511	9	9
Q123513	9	11
Q123515	9	10
Q123520	9	9
Q123522	9	9
Q123524	9	
Q123526	9	
Q123528	9	9
Q123530	9	9
Q123538	11	9
Q123540		11
Q123542	9	9
Q123546		11
Q123548		9
Q123550	9	11
Q123558	9	11
Q123562	9	11
Q123564	9	11
Q123566	9	9
Q123570	9	9
Q123574	9	9
Q123576		9
Q123578	11	11
Q123580	11	
Q123582		11
Q123588	9	
Q123601	9	
Q123603	9	9
Q123605	11	11
Q123609	11	11
Q123615	9	9
Q123618	11	11
Q123620	9	
Q123624	9	
Q123634	9	
Q123638	9	11
Q123640	9	9
Q123642	9	9
Q123650		9
Q123654	9	11
Q123685	11	11
Q123687	9	9
Q123691		9
Q123699	11	11
Q123709	9	9
Q123711	11	
Q123713	11	9
Q123717	11	11
Q123719	11	
Q123721	11	
Q123723		11
Q123725	11	9
Q123742	9	11
Q123744	11	11
Q123746		9
Q123748	9	11
Q123752	11	11
Q123760	9	9
Q123762	9	9
Q123764	11	11
Q123767	11	11
Q123773	11	11
Q123774	11	11
Q123776	9	9
Q123778	9	11
Q123780	9	11
Q123787	9	9
Q123789	9	9
Q123790	11	11
Q123791		9
Q123792		9
Q123799	9	
Q123805	11	
Q123806	11	11
Q123808	11	11
Q123810	9	
Q123812	9	11
Q123814	9	9
Q123816	11	11
Q123818	9	9
Q123827	9	
Q123835	9	
Q123851	9	9
Q123854	9	9
Q123860	9	9
Q123862	9	9
Q123864	9	
Q123866		9
Q123868	9	9
Q123870		9
Q123872		9
Q123874	11	11
Q123876	9	11
Q123878		11
Q123880		11
Q123882	11	9
Q123884	9	11
Q123888	11	11
Q123890		11
Q123892		11
Q123894	9	9
Q123896		11
Q123898	11	11
Q123902	11	11
Q123904	11	11
Q123906	9	
Q123908	9	9
Q123926	9	9
Q123944	11	11
Q123946	9	11
Q123948	11	11
Q123950	9	9
Q123952	9	11
Q123954	11	11
Q123958	9	9
Q123970		9
Q123974	9	11
Q123978		9
Q123980	11	
Q123984		11
Q124000		9
Q124002		9
Q124012		9
Q124014	9	
Q124018		11
Q124020	9	11
Q124030		9
Q124032	11	11
Q124038		11
Q124040	11	11
Q124046	9	11
Q124054		11
Q124058		9
Q124060		9
Q124062		11
Q124066	9	
Q124068	11	11
Q124070	9	11
Q124074		9
Q124080	11	11
Q124082	9	11
Q124090	11	11
Q124096	11	9
Q124102	9	11
Q124106		11
Q124111		9
Q124115	9	11
Q124117	11	11
Q124119	9	11
Q124121	11	11
Q124125	11	11
Q124127	9	11
Q124129	9	
Q124133	11	11
Q124135	11	11
Q124137	9	11
Q124139	9	9
Q124141	9	11
Q124145	11	9
Q124149	9	9
Q124151	9	11
Q124153	11	
Q124157	9	
Q124159	9	9
Q124165	11	
Q124167	11	11
Q124169	11	11
Q124171	9	11
Q124173		9
Q124175		9
Q124179	9	
Q124183	9	
Q124185		9
Q124193		9
Q124195	11	11
Q124203	9	9
Q124207		11
Q124215	11	
Q124217	9	11
Q124221	9	11
Q124223	9	9
Q124227	9	11
Q124229		11
Q124231	9	
Q124233	11	
Q124235	11	11
Q124239	11	11
Q124241	9	
Q124245	9	
Q124247	9	11
Q124251	11	9
Q124253	11	9
Q124255		9
Q124259		11
Q124261	11	11
Q124267	9	11
Q124271	9	9
Q124273	9	9
Q124275	9	11
Q124277	9	9
Q124279	9	9
Q124281	9	9
Q124291		9
Q124293	11	11
Q124295		11
Q124297	9	9
Q124299		9
Q124301	9	
Q124307	9	11
Q124309	9	
Q124311	9	11
Q124313	9	9
Q124317	9	
Q124325	11	11
Q124326		9
Q124329	9	11
Q124333	9	9
Q124335	9	11
Q124339	11	11
Q124341	11	
Q124343		9
Q124345	9	
Q124347	11	11
Q124353		9
Q124363	9	9
Q124365	9	11
Q124373	9	11
Q124381	9	11
Q124383	9	11
Q124389		11
Q124393	9	9
Q124395	11	11
Q124397	11	
Q124403	11	11
Q124407	11	11
Q124409	9	11
Q124411	9	
Q124413		11
Q124417		9
Q124419		9
Q124421	9	11
Q124423	9	
Q124425		11
Q124429		9
Q124431	9	
Q124433	9	11
Q124435	9	
Q124437	9	11
Q124439	11	11
Q124441		9
Q124443	9	11
Q124451	9	11
Q124453	9	11
Q124455		11
Q124459	9	11
Q124461	11	11
Q124463	9	
Q124467	9	
Q124475	9	9
Q124477	9	11
Q124483	11	11
Q124487	9	9
Q124489	9	
Q124491	9	9
Q124493		9
Q124499	9	9
Q124501	9	9
Q124509	9	11
Q124511	9	
Q124513	11	11
Q124515	11	11
Q124521	9	
Q124523		9
Q124525	9	
Q124527	11	11
Q124529	9	9
Q124531		11
Q124539	9	9
Q124541	11	11
Q124543	11	11
Q124545	9	9
Q124549	9	
Q124551	9	9
Q124559	9	11
Q124561	9	11
Q124563	9	11
Q124565	9	11
Q124569	11	9
Q124575	9	11
Q124577	9	9
Q124583	9	
Q124587	9	9
Q124593		11
Q124595	9	9
Q124605	9	11
Q124611	11	11
Q124615	11	11
Q124617	11	11
Q124627		9
Q124629	9	9
Q124633	11	11
Q124635	9	9
Q124637	11	11
Q124639	11	11
Q124649	9	
Q124670	9	11
Q124673	9	9
Q124681		9
Q124683		9
Q124685	9	11
Q124687		9
Q124693	11	11
Q124697	9	9
Q124701	9	
Q124705	11	9
Q124707	11	11
Q124709	9	11
Q124711	11	11
Q124715	11	11
Q124717	9	11
Q124719	9	
Q124721	11	9
Q124723	11	11
Q124733	9	11
Q124737	11	11
Q124741	9	9
Q124743		9
Q124747	9	9
Q124749		11
Q124753	11	11
Q124755	11	11
Q124761	9	11
Q124765	11	11
Q124767	11	11
Q124769	11	11
Q124771	9	11
Q124779	9	
Q124781	11	11
Q124789	9	
Q124795	11	11
Q124801	9	9
Q124803	9	11
Q124805		9
Q124807		11
Q124813	11	11
Q124815		11
Q124819	9	11
Q124821	11	11
Q124825	9	11
Q124826		9
Q124837	9	11
Q124841	9	11
Q124843	11	11
Q124845	9	11
Q124851	11	11
Q124864	9	11
Q124868	9	
Q124872	9	
Q124874	9	
Q124884	11	11
Q124886	11	11
Q124888		11
Q124896	11	11
Q124908	9	9
Q124910		11
Q124912	9	11
Q124914	9	11
Q124922		11
Q124924	9	
Q124930	11	11
Q124934	9	
Q124936	11	11
Q124938	11	11
Q124942	11	11
Q124944	11	
Q124946	11	9
Q124948	11	9
Q124952		11
Q124964	9	11
Q124966	11	11
Q124968	11	11
Q124970	9	
Q124974	9	11
Q124980	11	11
Q124988	9	
Q124990	9	
Q124992	9	9
Q124994	9	
Q124996	11	11
Q124998	11	11
Q125004		9
Q125006		9
Q125018	9	
Q125020	11	
Q125022		11
Q125024	9	
Q125028	9	
Q125034	9	
Q125036	11	11
Q125038	9	
Q125042	9	9
Q125050	9	11
Q125052	9	9
Q125054	9	9
Q125056	9	9
Q125058	9	11
Q125060	9	
Q125080	9	9
Q125084	11	11
Q125086	9	9
Q125088		10
Q125090		9
Q125098	9	
Q125106	11	
Q125108		9
Q125110		10
Q125112		9
Q125118	9	11
Q125122	9	11
Q125124	11	9
Q125126	9	9
Q125128	9	11
Q125130	9	11
Q125132	9	9
Q125134	9	11
Q125136	9	
Q125138	9	9
Q125140	9	
Q125144	9	
Q125146	9	9
Q125148	9	9
Q125150	9	
Q125152	11	11
Q125156	11	9
Q125158	11	11
Q125162	11	9
Q125166	11	11
Q125172	9	9
Q125174	9	11
Q125176		9
Q125178	9	
Q125180	9	
Q125182	9	
Q125184	9	11
Q125186	9	11
Q125188	9	
Q125190	9	
Q125192	9	9
Q125196	9	11
Q125202	9	11
Q125208	9	9
Q125210	11	11
Q125212	9	
Q125214	9	11
Q125216	9	9
Q125220	11	11
Q125222		11
Q125244	9	11
Q125246	11	11
Q125248	11	10
Q125250	9	9
Q125252	9	9
Q125254	9	
Q125256	11	9
Q125258	11	
Q125260	9	9
Q125262	11	11
Q125264		11
Q125266	9	9
Q125274	11	11
Q125276	9	11
Q125278	11	11
Q125280	11	11
Q125286	11	11
Q125288	9	
Q125296	9	9
Q125298	9	
Q125300	9	9
Q125306	9	9
Q125308	9	9
Q125310		9
Q125314		9
Q125328	9	
Q125330		9
Q125342	9	9
Q125344		11
Q125348	11	11
Q125352	9	9
Q125360	9	
Q125362		11
Q125364	11	11
Q125368	11	11
Q125370	9	11
Q125372	11	11
Q125378	11	11
Q125386		9
Q125388	9	
Q125390	9	9
Q125392	11	11
Q125396		9
Q125398	9	9
Q125400		9
Q125404	11	11
Q125418	11	
Q125420	9	9
Q125422	9	9
Q125424	9	9
Q125426	9	9
Q125432	9	11
Q125440		9
Q125443	9	9
Q125445	11	11
Q125449	9	11
Q125462	9	9
Q125464	9	9
Q125468	9	9
Q125472	11	11
Q125476		11
Q125478		11
Q125480		9
Q125482		9
Q125498	9	9
Q125500	9	11
Q125520	9	11
Q125524	9	9
Q125526	9	11
Q125528	9	11
Q125534	9	11
Q125538	9	11
Q125540	9	11
Q125544	9	
Q125546	9	11
Q125550	11	11
Q125556	11	11
Q125558	9	11
Q125560	11	11
Q125562	9	11
Q125564	11	11
Q125566	9	9
Q125568	9	9
Q125570	9	11
Q125572	9	
Q125574	9	9
Q125576	11	9
Q125578	9	
Q125580	9	
Q125588		9
Q125590	9	9
Q125596		9
Q125598	11	11
Q125600	11	11
Q125602	9	11
Q125604		9
Q125606	9	9
Q125608		9
Q125610	9	11
Q125614	11	11
Q125616	9	9
Q125620	9	
Q125622	9	9
Q125626	9	9
Q125636	9	11
Q125640	9	11
Q125642	9	
Q125644	9	11
Q125645		9
Q125651	9	
Q125653	11	11
Q125655		9
Q125657	11	11
Q125661		11
Q125663	9	9
Q125667	11	11
Q125669	9	11
Q125671	9	
Q125675		11
Q125683	9	11
Q125685	9	9
Q125687	9	
Q125689	9	9
Q125691	9	9
Q125693	9	11
Q125699	11	9
Q125703	9	9
Q125707	11	11
Q125709	11	11
Q125711	11	11
Q125715		11
Q125719	11	11
Q125721		9
Q125723	9	9
Q125729	9	11
Q125731	9	11
Q125735	9	11
Q125743	11	11
Q125747	9	11
Q125749		9
Q125753		9
Q125755	9	9
Q125757		9
Q125759	11	11
Q125761		9
Q125767	9	9
Q125773	9	9
Q125775	9	9
Q125779		11
Q125781		9
Q125785	9	9
Q125789	9	9
Q125793	9	9
Q125795		11
Q125799	9	
Q125803	9	9
Q125805	9	11
Q125807		9
Q125809	9	9
Q125811		9
Q125815	9	9
Q125817	9	9
Q125819	9	
Q125821	9	
Q125823	9	9
Q125825	9	11
Q125835	11	
Q125837	9	9
Q125839		9
Q125841		9
Q125843		11
Q125849	9	9
Q125853	9	11
Q125855	9	11
Q125857	9	11
Q125859	11	9
Q125861	9	9
Q125863	9	11
Q125867	9	11
Q125869	9	11
Q125873	9	9
Q125879		11
Q125881		11
Q125883	11	11
Q125885	9	9
Q125889		11
Q125897		9
Q125901	9	
Q125903		11
Q125905	9	11
Q125909	9	9
Q125913		9
Q125919		9
Q125925	9	11
Q125927	9	11
Q125929	9	
Q125931	9	
Q125939	9	
Q125943	11	
Q125945		11
Q125951	9	11
Q125953		9
Q125957		9
Q125961	9	9
Q125965	11	11
Q125985	11	11
Q125987	9	9
Q125997	9	9
Q125999	9	9
Q126001	11	11
Q126003	11	11
Q126005	9	9
Q126011	9	9
Q126017	9	9
Q126019	9	
Q126025	9	9
Q126027	9	
Q126029	9	
Q126031	9	9
Q126035		9
Q126041	11	9
Q126043	9	9
Q126045	9	
Q126049	9	11
Q126051		11
Q126057	9	
Q126059	9	
Q126065	9	
Q126071	9	9
Q126073	9	
Q126079	9	11
Q126083	11	11
Q126087		11
Q126089		9
Q126091	11	11
Q126105	9	9
Q126107	9	9
Q126109	9	9
Q126111	9	9
Q126115	9	9
Q126123	9	
Q126131	9	
Q126143	9	
Q126149	9	11
Q126155	9	9
Q126163	9	9
Q126167	11	
Q126169	9	9
Q126171	11	9
Q126173	11	11
Q126175		11
Q126181	11	11
Q126183		9
Q126191	9	9
Q126193	11	11
Q126197	9	9
Q126199	9	9
Q126201		9
Q126203	11	11
Q126207	11	11
Q126209	9	10
Q126211	11	9
Q126215	9	9
Q126223	9	
Q126227	9	
Q126233	9	9
Q126239	9	9
Q126243	9	9
Q126257	9	9
Q126259		11
Q126261	9	9
Q126269	9	9
Q126275	11	9
Q126277	9	
Q126287	11	11
Q126289		9
Q126301	9	
Q126309	9	
Q126313	9	9
Q126315	9	11
Q126319	9	10
Q126321	9	11
Q126323	9	
Q126325	9	
Q126327		9
Q126329		11
Q126331	9	9
Q126333	9	
Q126335	9	9
Q126337	9	9
Q126339		9
Q126345	9	9
Q126351	11	9
Q126357	9	9
Q126359		9
Q126361		9
Q126365	9	11
Q126367	9	11
Q126369	9	11
Q126371	9	9
Q126373	9	11
Q126377	9	9
Q126381	9	
Q126385	9	
Q126387	11	11
Q126389	11	11
Q126391	9	9
Q126401	9	
Q126407	9	
Q126411		11
Q126423	9	
Q126425	11	11
Q126427	9	11
Q126429	9	
Q126441	9	11
Q126443	11	11
Q126447		11
Q126449	9	11
Q126455	9	9
Q126459	9	9
Q126461	11	11
Q126463	9	11
Q126465		11
Q126467	9	11
Q126469	9	
Q126471	9	11
Q126491	9	11
Q126495	9	
Q126499	11	10
Q126501	9	11
Q126503	9	
Q126505	9	9
Q126507	9	11
Q126511	9	
Q126517	9	9
Q126521	9	9
Q126523	9	9
Q126527		9
Q126531		11
Q126535	9	
Q126537		9
Q126541	9	
Q126546		11
Q126548	11	9
Q126550	11	11
Q126556		9
Q126558	9	
Q126564		9
Q126566	11	11
Q126568	9	
Q126570		11
Q126572		9
Q126578	9	11
Q126580	11	11
Q126582	11	11
Q126588	11	11
Q126590	11	11
Q126592	9	
Q126594	9	9
Q126596	9	9
Q126598	9	11
Q126600	9	
Q126602	9	11
Q126604	9	9
Q126606	9	11
Q126608	9	11
Q126610	9	11
Q126612	9	11
Q126614	9	9
Q126616	9	11
Q126618		11
Q126620	9	
Q126622	11	11
Q126624	11	11
Q126626	11	11
Q126628	9	11
Q126630	11	11
Q126632	9	11
Q126634	9	11
Q126636	9	9
Q126638	9	9
Q126640	9	9
Q126644	9	11
Q126646	9	11
Q126648	9	11
Q126652	9	9
Q126656	9	9
Q126658	9	
Q126660	9	9
Q126664	11	11
Q126666		9
Q126670	9	9
Q126672	11	11
Q126676	9	11
Q126678		9
Q126680	9	9
Q126682	9	11
Q126684		9
Q126686	9	11
Q126688	9	9
Q126690	9	11
Q126692	11	11
Q126694		11
Q126696		11
Q126698	9	11
Q126704	9	9
Q126708		11
Q126710	9	9
Q126712	9	9
Q126716	9	11
Q126718	9	11
Q126720	9	11
Q126724	9	9
Q126728	11	
Q126730	9	
Q126736	11	11
Q126738	11	11
Q126740	9	9
Q126744	9	11
Q126748	9	9
Q126751	9	9
Q126759	9	11
Q126761	11	9
Q126765	9	10
Q126767	9	9
Q126771		11
Q126777	9	9
Q126779	9	9
Q126783	11	11
Q126787	9	11
Q126789	11	11
Q126791	9	11
Q126793	9	9
Q126795	9	9
Q126797	9	11
Q126799		9
Q126805	9	
Q126807	11	11
Q126809	9	
Q126813	9	11
Q126815	9	
Q126823	9	11
Q126827		9
Q126829	11	11
Q126831	11	11
Q126833	11	
Q126835	11	9
Q126839	11	9
Q126841	9	11
Q126843	11	9
Q126847	9	
Q126849	11	11
Q126851	11	11
Q126853	11	11
Q126859	9	9
Q126861	9	11
Q126863	9	11
Q126865	9	
Q126869	9	
Q126871		11
Q126881	9	
Q126883	11	11
Q126885	11	
Q126888	10	11
Q126890	9	9
Q126892		11
Q126894	9	9
Q126896	9	11
Q126904	9	
Q126910	9	9
Q126912	9	
Q126920	11	11
Q126928	11	11
Q126946		11
Q126950	9	9
Q126954	9	11
Q126956	9	9
Q126958	9	
Q126960		11
Q126962		9
Q126966	9	11
Q126968	9	11
Q126970	9	11
Q126972		9
Q126976		11
Q126978	9	11
Q126980	11	11
Q126988	9	
Q126990	9	9
Q126994	9	
Q126998	9	11
Q127002	9	11
Q127018	9	9
Q127020	9	11
Q127026	9	11
Q127030	9	9
Q127032	11	11
Q127034	9	9
Q127036		11
Q127038	9	
Q127042		9
Q127046	11	11
Q127048	9	
Q127050	9	9
Q127052		11
Q127054	9	9
Q127056		9
Q127058	9	11
Q127060	9	11
Q127062	9	
Q127068	9	9
Q127070	9	9
Q127072	9	9
Q127074	9	11
Q127076		9
Q127082	9	11
Q127084		11
Q127086	9	11
Q127088	9	
Q127091	9	11
Q127097	9	9
Q127106	11	11
Q127108	11	11
Q127110	11	11
Q127112	11	11
Q127114	9	9
Q127116	11	11
Q127118	11	9
Q127122	9	
Q127124	9	
Q127126	9	9
Q127128		9
Q127130		9
Q127136	9	9
Q127138	9	9
Q127140	11	11
Q127146	9	9
Q127150	11	9
Q127160	9	
Q127164	9	11
Q127166		11
Q127170	11	11
Q127172	9	11
Q127174	9	11
Q127178		9
Q127180	9	9
Q127184	9	9
Q127186	9	
Q127188	9	11
Q127192	9	9
Q127194	11	9
Q127196		9
Q127198	9	
Q127200	11	11
Q127202	9	11
Q127208	11	11
Q127212	9	
Q127214	11	11
Q127216	9	11
Q127218		11
Q127220	9	9
Q127222	11	11
Q127224	11	11
Q127226	9	9
Q127230	9	11
Q127232		9
Q127234		9
Q127236	9	10
Q127238		9
Q127242		9
Q127244		9
Q127246	9	
Q127250	9	9
Q127252	9	
Q127254	9	9
Q127256	11	11
Q127258	9	9
Q127260	9	
Q127264	11	11
Q127266	11	11
Q127268	9	11
Q127270	11	11
Q127272	9	11
Q127274	9	9
Q127276	9	9
Q127278	9	9
Q127280	9	9
Q127284		11
Q127286		11
Q127288		11
Q127290	9	11
Q127292	9	11
Q127294	11	11
Q127298	9	11
Q127300	9	11
Q127302	11	11
Q127306		11
Q127308		10
Q127320	9	
Q127322	9	
Q127324	9	9
Q127326		11
Q127328	9	
Q127330	11	11
Q127332	9	11
Q127336	9	11
Q127348	11	11
Q127350	11	11
Q127352	11	11
Q127354	9	11
Q127356	9	11
Q127358	9	11
Q127361	11	11
Q127363		11
Q127365	11	11
Q127367	11	11
Q127369	11	11
Q127371	11	11
Q127373	11	11
Q127375	11	11
Q127377	9	11
Q127379	9	9
Q127381	9	9
Q127383	9	11
Q127385	9	11
Q127387	9	9
Q127391	9	11
Q127393	9	11
Q127395	11	11
Q127399	9	11
Q127401	9	
Q127403	9	11
Q127405	11	9
Q127407	9	
Q127409	11	
Q127413	9	11
Q127415	9	11
Q127417	10	11
Q127419	9	11
Q127429	9	9
Q127431	11	11
Q127433	9	11
Q127441		11
Q127451	9	9
Q127453		9
Q127455	9	9
Q127457		11
Q127459	9	
Q127463	9	
Q127471	9	9
Q127473	11	11
Q127475	9	9
Q127477	9	9
Q127481	9	11
Q127483	9	
Q127485	9	11
Q127489	9	11
Q127493	11	11
Q127495	11	11
Q127497	11	11
Q127499	9	11
Q127501	9	
Q127503	9	11
Q127507	9	
Q127509	9	
Q127513	11	11
Q127515	11	11
Q127519	9	11
Q127521	9	11
Q127529	11	9
Q127531	9	11
Q127533	11	11
Q127535	9	11
Q127537	9	
Q127539	9	11
Q127541	9	11
Q127545		11
Q127547	9	11
Q127549	9	9
Q127551	9	9
Q127553	9	11
Q127554	9	
Q127556	9	11
Q127560	11	11
Q127562	9	11
Q127564	9	11
Q127566	9	11
Q127568	9	11
Q127570	11	11
Q127578	9	11
Q127580	11	11
Q127582	9	11
Q127584	9	11
Q127586	9	11
Q127588	11	11
Q127592	9	
Q127594		9
Q127600	9	11
Q127602	9	11
Q127604	9	
Q127606	9	11
Q127610	11	11
Q127612	9	
Q127614	9	11
Q127616	9	9
Q127618	9	11
Q127620	9	11
Q127622	11	11
Q127628	9	
Q127630	11	11
Q127632	9	
Q127634	9	
Q127636	9	9
Q127638	11	11
Q127640	9	11
Q127642	9	11
Q127644		11
Q127646	9	
Q127648	9	
Q127650		11
Q127652	9	
Q127654	9	11
Q127658		9
Q127660	9	9
Q127662	11	11
Q127664	9	
Q127666	9	9
Q127668	9	9
Q127670	9	
Q127674	11	9
Q127676	11	9
Q127678	9	9
Q127680	9	
Q127686	9	11
Q127690	9	9
Q127692	9	
Q127694		11
Q127696	9	
Q127698		9
Q127706		9
Q127710	9	11
Q127712	11	11
Q127716	9	9
Q127720	9	9
Q127726	9	9
Q127728	9	
Q127730	9	
Q127732		9
Q127734		11
Q127736	11	11
Q127738	9	9
Q127744	11	11
Q127746	11	11
Q127748	11	11
Q127750	11	11
Q127754	11	11
Q127758		9
Q127760	9	9
Q127762	9	
Q127766	9	9
Q127768	9	
Q127774		9
Q127782		9
Q127796		11
Q127798	9	9
Q127802		9
Q127804	9	10
Q127806	9	9
Q127814		9
Q127820	9	9
Q127822	9	9
Q127826		9
Q127828	9	9
Q127830		9
Q127832	9	9
Q127834	9	
Q127836	9	11
Q127838	9	11
Q127842	9	
Q127846	9	
Q127848	9	
Q127856	9	11
Q127862	9	11
Q127870	9	11
Q127878	9	11
Q127882	11	11
Q127884	9	
Q127886	11	11
Q127888	9	9
Q127892	9	11
Q127900		11
Q127902	9	11
Q127904	9	11
Q127906	11	11
Q127908	9	9
Q127910		11
Q127912		9
Q127914	9	11
Q127916	9	9
Q127918	9	9
Q127920	10	9
Q127922	9	11
Q127924	9	
Q127926	11	11
Q127930	11	11
Q127936	9	9
Q127938	11	11
Q127940	9	9
Q127944	11	
Q127952		11
Q127954	9	9
Q127956	9	9
Q127958	11	11
Q127960	9	11
Q127972	9	9
Q127976	9	11
Q127980		9
Q127982	9	
Q127984	9	9
Q127986	9	
Q127990	9	11
Q127998	9	
Q128000	9	9
Q128002	11	9
Q128004	9	9
Q128006		9
Q128008	9	11
Q128010	9	
Q128012	9	
Q128014		9
Q128016	9	9
Q128018	11	11
Q128020	9	11
Q128022	11	11
Q128024	11	11
Q128026	9	9
Q128032	9	
Q128033	9	9
Q128037	9	11
Q128041	9	9
Q128043	9	11
Q128047	9	11
Q128053	11	11
Q128055	11	11
Q128057	9	11
Q128059	9	11
Q128061	9	9
Q128063	9	9
Q128065	11	11
Q128067	9	11
Q128071	9	9
Q128073	11	11
Q128077	9	11
Q128079	9	11
Q128083	11	9
Q128087	11	11
Q128097	9	
Q128099	9	9
Q128103	11	11
Q128105	9	11
Q128107	9	11
Q128111	9	9
Q128113	9	9
Q128117	11	11
Q128119	9	
Q128129	9	
Q128131	9	11
Q128133	9	
Q128135	11	9
Q128137		9
Q128139	9	11
Q128141	11	11
Q128143	11	11
Q128149	9	9
Q128151	9	
Q128153	11	11
Q128155	9	11
Q128159	11	11
Q128161	9	11
Q128163	11	
Q128165	11	
Q128167	9	
Q128169	11	
Q128171	11	11
Q128179		11
Q128181		9
Q128185	9	11
Q128187	11	11
Q128189	11	
Q128191	11	11
Q128193	11	11
Q128195	9	11
Q128203	11	11
Q128207		11
Q128209	11	11
Q128211	9	11
Q128213	11	11
Q128215		11
Q128219	9	11
Q128221	9	
Q128223	9	11
Q128225		9
Q128227	9	
Q128229		11
Q128231		11
Q128233	9	11
Q128239	9	11
Q128241	11	11
Q128243	9	11
Q128245	9	9
Q128247	11	11
Q128249	9	11
Q128251	11	11
Q128253	9	9
Q128257	9	9
Q128259	9	11
Q128261	11	11
Q128263	9	
Q128271	9	11
Q128273	9	11
Q128277	9	9
Q128281	11	9
Q128285	11	9
Q128287	11	9
Q128289	11	11
Q128291	11	
Q128293	9	9
Q128297	9	
Q128299	9	11
Q128305	11	11
Q128309	9	
Q128311	9	11
Q128313	11	9
Q128315	9	9
Q128317	9	11
Q128319	9	9
Q128321	9	
Q128325	11	11
Q128331	11	11
Q128337	11	
Q128341	9	
Q128343	9	
Q128345	9	
Q128349	9	
Q128353	9	11
Q128355	9	11
Q128359	9	11
Q128361	9	11
Q128363	9	9
Q128367	11	11
Q128371	11	11
Q128373	9	11
Q128375	11	11
Q128377	11	11
Q128379		9
Q128381	9	9
Q128383	9	
Q128385	9	9
Q128387		11
Q128389	9	9
Q128391	9	11
Q128393		10
Q128399	11	9
Q128401	9	11
Q128405		11
Q128407	9	11
Q128409	9	11
Q128413	9	11
Q128423	9	9
Q128425	9	11
Q128427	9	11
Q128431		9
Q128435	9	
Q128441	9	
Q128443	9	11
Q128447	9	11
Q128449	9	9
Q128451	9	9
Q128453	9	
Q128455	9	
Q128457	9	11
Q128461	11	11
Q128463	9	9
Q128465	9	11
Q128467	9	11
Q128469	9	
Q128471	9	
Q128477	11	11
Q128481	9	
Q128485	9	
Q128487	11	9
Q128495	11	11
Q128499	9	11
Q128503	9	11
Q128505	9	
Q128511	11	11
Q128513	9	11
Q128515	9	9
Q128517	9	9
Q128519	11	11
Q128521	9	11
Q128525	11	11
Q128527	9	9
Q128529	9	
Q128531	9	11
Q128533	9	9
Q128537	11	11
Q128539	11	11
Q128541	11	11
Q128543	9	9
Q128545	11	11
Q128547	9	9
Q128551	11	11
Q128553	9	11
Q128555	9	9
Q128557		9
Q128561	9	9
Q128563	11	11
Q128565	9	11
Q128567	9	9
Q128571	11	11
Q128573	11	11
Q128577	11	11
Q128581	11	11
Q128583	9	11
Q128585	11	11
Q128589	9	9
Q128591	9	
Q128593	9	11
Q128595	11	11
Q128597	9	11
Q128599		9
Q128603	11	11
Q128605		9
Q128609	11	11
Q128611		11
Q128613	9	11
Q128615	9	11
Q128619	11	11
Q128621	9	
Q128623	11	11
Q128627	11	11
Q128629	11	11
Q128635	9	10
Q128639	9	10
Q128641	9	11
Q128643	9	
Q128647	11	11
Q128651	11	11
Q128653	11	11
Q128655	9	11
Q128659	9	11
Q128663	11	11
Q128665	11	11
Q128669	9	
Q128681	9	11
Q128683		9
Q128685		9
Q128687		9
Q128689	9	
Q128691	9	
Q128693		11
Q128695	9	9
Q128697	9	9
Q128699	9	
Q128703	9	9
Q128705	9	9
Q128709	9	11
Q128711	9	
Q128713	9	
Q128715	9	11
Q128717	9	9
Q128719	9	11
Q128721		11
Q128723	9	9
Q128727	9	11
Q128729	9	11
Q128733		9
Q128739	9	11
Q128743	9	11
Q128747	9	11
Q128751		11
Q128755	9	11
Q128757	9	11
Q128759	9	9
Q128763	9	
Q128765		9
Q128769	9	11
Q128775	9	11
Q128781	9	9
Q128789		11
Q128791	9	
Q128798		9
Q128800	9	
Q128804	9	11
Q128808	9	
Q128810		9
Q128814	11	9
Q128816	9	9
Q128818	9	9
Q128820	9	9
Q128829	11	11
Q128831	11	11
Q128833	9	11
Q128835	11	11
Q128837	9	11
Q128839	9	
Q128841	9	9
Q128846	11	11
Q128848		11
Q128850	11	11
Q128852	9	11
Q128854	9	11
Q128856	9	9
Q128858	9	9
Q128860	9	9
Q128862	9	11
Q128864	11	11
Q128866	9	9
Q128868	9	11
Q128870	9	9
Q128872		11
Q128874		9
Q128876	9	9
Q128878		9
Q128880		9
Q128882		11
Q128884	9	9
Q128886	9	11
Q128888	9	9
Q128892	9	9
Q128894	9	11
Q128896	11	11
Q128897	9	11
Q128899	9	11
Q128901	9	11
Q128903	9	9
Q128905	9	11
Q128907	9	11
Q128909		11
Q128913	9	11
Q128915	11	11
Q128917	9	9
Q128919	9	9
Q128921	9	11
Q128923	9	11
Q128925	9	11
Q128931	9	9
Q128933	9	11
Q128937	11	
Q128941	9	9
Q128945	11	11
Q128951	11	
Q128955	11	11
Q128957	9	11
Q128959	9	9
Q128963	9	11
Q128965	9	11
Q128967	11	11
Q128969	9	9
Q128971	9	9
Q128973	9	
Q128979	11	
Q128981	9	11
Q128983	9	
Q128987	9	11
Q128989	9	
Q128991	9	
Q128995	9	11
Q128997	11	11
Q129001	9	9
Q129003	9	9
Q129005	11	11
Q129007	11	11
Q129009	11	11
Q129011	11	11
Q129017	9	
Q129019	11	9
Q129021		9
Q129025		9
Q129027		9
Q129029		9
Q129033	9	
Q129037	9	
Q129039	11	11
Q129045	9	
Q129047	9	11
Q129049	9	11
Q129051	9	11
Q129057	9	
Q129063		11
Q129065		9
Q129071	9	11
Q129077	11	11
Q129079	11	11
Q129083	9	11
Q129085	11	11
Q129091		9
Q129093	9	9
Q129099	9	9
Q129103	9	11
Q129105		9
Q129107	9	10
Q129109		11
Q129111	9	11
Q129113	9	
Q129117	9	11
Q129119	9	9
Q129121	9	
Q129125	9	9
Q129127	9	
Q129131	9	11
Q129133	9	
Q129135		11
Q129137	11	11
Q129139	9	11
Q129141	9	9
Q129143	11	11
Q129145	11	9
Q129147		11
Q129149		9
Q129151		9
Q129153	9	11
Q129155		9
Q129157	9	11
Q129159		9
Q129163		11
Q129165	9	9
Q129179	9	
Q129181	9	9
Q129185	9	11
Q129187	9	9
Q129191	11	
Q129201	11	11
Q129203	9	
Q129209	9	9
Q129217	11	11
Q129221	9	11
Q129223	9	11
Q129227	11	9
Q129233	11	11
Q129235		11
Q129237	11	11
Q129247	9	11
Q129249	9	9
Q129255	9	9
Q129263		9
Q129267		9
Q129269	9	9
Q129271	9	11
Q129275	11	11
Q129277	9	9
Q129279		9
Q129283	9	10
Q129285	9	11
Q129287	11	11
Q129289		9
Q129293	9	9
Q129303	9	9
Q129307		9
Q129309	9	9
Q129419	9	
Q129421	9	9
Q129427	9	9
Q129439	9	9
Q129614	9	
Q129690	9	9
Q129694	9	9
Q129698	9	9
Q129803	9	9
Q129841	9	9
Q129933	9	9
Q129961	9	9
Q131378	9	9
Q131418	9	9
Q132727	9	9
Q133348		9
Q134013	9	9
Q134019	9	9
Q134022	9	9
Q134043		9
Q134507	9	9
Q134510	9	9
Q134512	9	9
Q134522		9
Q134740	9	9
Q134747	9	9
Q134752	9	9
Q134755	9	9
Q134759		9
Q134761	9	9
Q134845		9
Q134850	9	
Q134876		9
Q134877	9	9
Q134883	9	9
Q134888	9	
Q134889	9	
Q134890	9	
Q134891	9	
Q134892	9	
Q134897	9	9
Q134919	9	9
Q134921	9	9
Q134935	9	
Q134936	9	
Q134938	9	
Q134939	9	9
Q134945	9	9
Q134971	9	9
Q135000	9	9
Q135001	9	
Q135002	9	9
Q135012	9	9
Q135014	9	9
Q135019	9	9
Q135024	9	9
Q135025		9
Q135028	9	9
Q135029	9	9
Q135038		9
Q135039		9
Q135042	9	
Q135047	9	9
Q135048		9
Q135054	9	9
Q135062	9	
Q135065	9	9
Q135068	9	9
Q135079	9	9
Q135084	9	9
Q135087	9	9
Q135089	9	9
Q135090		9
Q135093	9	9
Q135094	9	
Q135104	9	9
Q135109	9	
Q135110	9	9
Q135111	9	9
Q135112	9	9
Q135113	9	9
Q135115	9	9
Q135117	9	9
Q135118		9
Q135129	9	
Q135133	9	9
Q135134	9	9
Q135135	9	
Q135136	9	9
Q135138	9	9
Q135141	9	9
Q135142	9	9
Q135144	9	9
Q135151		9
Q135158	9	9
Q135160	9	9
Q135161	9	
Q135164	9	
Q135165		9
Q135166	9	9
Q135168	9	9
Q135172	9	9
Q135173	9	9
Q135175	9	9
Q135176	9	9
Q135177	9	9
Q135182	9	9
Q135184	9	9
Q135187	9	9
Q135194		11
Q135197	9	9
Q135199	9	9
Q135206		9
Q135209	9	9
Q135210	9	9
Q135211	9	9
Q135212	9	9
Q135213	9	9
Q135214	9	9
Q135215	9	9
Q135216	9	9
Q135217	9	9
Q135218	9	9
Q135219		9
Q135220	9	9
Q135221	9	9
Q135222	9	9
Q135223	9	9
Q135224	9	9
Q135225	9	9
Q135226	9	
Q135227	9	9
Q135230	9	
Q135231	9	9
Q135232	9	9
Q135237		11
Q135244	9	9
Q135245	9	9
Q135246	9	9
Q135250	9	9
Q135251	9	9
Q135252	9	9
Q135253	9	9
Q135256	9	9
Q135257	9	9
Q135258	9	
Q135259	9	9
Q135260	9	
Q135261	9	9
Q135263	9	9
Q135267	9	
Q135269	9	9
Q135270	9	9
Q135272	9	9
Q135273	9	9
Q135274	9	9
Q135275	9	9
Q135276	9	
Q135278	9	9
Q135279	9	9
Q135280	9	9
Q135281	9	9
Q135282	9	9
Q135283	9	9
Q135284	9	
Q135285	9	9
Q135286	9	9
Q135287	9	9
Q135294	9	9
Q135295	9	9
Q135296	9	9
Q135297	9	9
Q135298	9	9
Q135299	9	9
Q135300	9	9
Q135301	9	9
Q135305		9
Q135307	9	11
Q135308	11	9
Q135314	11	11
Q135315	9	11
Q135317	9	9
Q135318	9	9
Q135322	9	
Q135323	9	9
Q135324	9	9
Q135325	9	9
Q135326	9	9
Q135327	9	
Q135330	9	9
Q135333	9	9
Q135334	9	9
Q135337	9	9
Q135338	9	9
Q135339	9	9
Q135341	9	9
Q135342	9	9
Q135343	9	9
Q135344	9	9
Q135346	9	9
Q135347	9	9
Q135348	9	
Q135349	9	9
Q135350	9	9
Q135352	9	9
Q135353	9	9
Q135354	9	9
Q135356	9	9
Q135357	9	9
Q135358	9	9
Q135359	9	9
Q135360	9	9
Q135361	9	9
Q135362	9	9
Q135363	9	9
Q135364	9	9
Q135365		9
Q135366	9	9
Q135368	9	9
Q135369		9
Q135375	9	
Q135377	9	9
Q135378	9	9
Q135382	9	9
Q135383	9	9
Q135384	9	9
Q135385	9	9
Q135386	9	9
Q135387	9	9
Q135388	9	9
Q135389	9	9
Q135390	9	9
Q135391	9	
Q135393	9	
Q135394	9	9
Q135395	9	9
Q135397		9
Q135398	9	
Q135399	9	9
Q135400	9	9
Q135401		9
Q135403	9	9
Q135406	9	9
Q135407	9	9
Q135408	9	9
Q135411	9	9
Q135415	11	11
Q135416		9
Q135420	11	11
Q135421	11	9
Q135422	11	
Q135423	11	11
Q135424	11	
Q135425	9	
Q135426	9	
Q135427	11	9
Q135429	9	9
Q135430	9	9
Q135431	9	9
Q135432		9
Q135433	9	9
Q135434	9	9
Q135437	9	9
Q135438	9	
Q135440	9	9
Q135441	9	9
Q135442	9	9
Q135445	9	9
Q135446	9	9
Q135447	9	
Q135450	9	9
Q135451	9	9
Q135452	9	9
Q135453	9	9
Q135455	9	
Q135456	9	9
Q135459	9	9
Q135460	9	9
Q135462	9	9
Q135463	9	9
Q135465	9	9
Q135466	9	9
Q135467	9	9
Q135468	9	9
Q135471		9
Q135475	9	9
Q135476	9	
Q135477	9	9
Q135478	9	9
Q135479	9	9
Q135480	9	
Q135484	9	9
Q135486	9	9
Q135488	9	9
Q135489	9	
Q135490	9	9
Q135491	9	9
Q135494	9	9
Q135496	9	9
Q135497	9	9
Q135498	9	9
Q135499	9	
Q135500	9	9
Q135502	9	9
Q135503		9
Q135507	9	9
Q135509	9	9
Q135510	9	9
Q135512	9	9
Q135515	9	9
Q135518	9	9
Q135519	9	9
Q135520		9
Q135521	9	9
Q135524	9	9
Q135525	9	9
Q135526	9	9
Q135528	9	9
Q135530	9	9
Q135531	9	9
Q135532	9	9
Q135533	9	9
Q135536	9	9
Q135537	9	9
Q135538	9	9
Q135539	9	9
Q135544	9	11
Q135545	9	
Q135550	11	11
Q135551		11
Q135552	11	11
Q135553	9	
Q135554	11	
Q135556	11	11
Q135557	11	11
Q135560	9	
Q135564	11	11
Q135565	11	11
Q135566	11	9
Q135567	9	
Q135572	9	
Q135573		9
Q135578		9
Q135580	9	9
Q135581	9	9
Q135582	9	9
Q135583	9	
Q135585	9	
Q135586	9	9
Q135587	9	
Q135588		9
Q135590	9	9
Q135591	9	9
Q135592	9	9
Q135596	9	9
Q135597	9	9
Q135598		9
Q135600	9	
Q135604		9
Q135610	9	9
Q135611	9	9
Q135612		9
Q135614	9	9
Q135615		9
Q135620		9
Q135621	9	9
Q135623	9	9
Q135624	9	
Q135626	9	9
Q135627	9	
Q135628	9	
Q135629	9	9
Q135630	9	
Q135631	9	
Q135636	9	
Q135638	9	9
Q135640	9	9
Q135644	9	9
Q135645	9	
Q135647	9	
Q135648	9	9
Q135649	9	9
Q135650	9	9
Q135651	9	9
Q135652	9	9
Q135657	9	9
Q135659	9	
Q135660	9	9
Q135664	9	9
Q135665	9	9
Q135666	9	9
Q135667	9	9
Q135668	9	9
Q135669	9	9
Q135670		9
Q135671	9	9
Q135672	9	9
Q135673		9
Q135681		9
Q135684	9	11
Q135685	11	9
Q135691		11
Q135692	11	11
Q135695	11	9
Q135696	9	9
Q135697		11
Q135699		11
Q135700	9	
Q135701	11	11
Q135702	11	11
Q135707	9	
Q135712	9	
Q135714		9
Q135717	9	
Q135718	9	
Q135719	9	9
Q135722	9	
Q135724	9	9
Q135725		9
Q135726	9	9
Q135727		9
Q135732	9	9
Q135733	9	9
Q135734	9	9
Q135735	9	9
Q135740	9	9
Q135741	9	9
Q135742	9	
Q135744	9	9
Q135746	9	9
Q135747	9	9
Q135751	9	9
Q135753	9	9
Q135757	9	9
Q135758	9	9
Q135759	9	9
Q135761	9	9
Q135763	9	9
Q135764	9	9
Q135765	9	
Q135766	9	9
Q135768	9	9
Q135770	9	9
Q135771	9	9
Q135776	9	9
Q135779		9
Q135780	9	
Q135783	9	9
Q135784		9
Q135785	9	9
Q135786	9	9
Q135787	9	9
Q135790	9	9
Q135791	9	9
Q135793	9	9
Q135796	9	9
Q135799		9
Q135801	11	11
Q135804	11	11
Q135810		11
Q135811	9	
Q135812	11	11
Q135814	11	11
Q135816		11
Q135819		9
Q135820	9	9
Q135821	9	
Q135823	9	9
Q135825	9	
Q135826	9	
Q135827	9	
Q135828	11	11
Q135829	9	
Q135830	9	
Q135831	9	9
Q135832	9	11
Q135838	11	11
Q135839	11	9
Q135840	11	
Q135842	11	11
Q135849	9	9
Q135852	9	
Q135853	9	9
Q135855	9	9
Q135856	9	9
Q135859	9	
Q135889	9	9
Q135890	9	
Q135893		9
Q135894		9
Q135895	9	11
Q135898	9	
Q135899	9	9
Q135900	9	9
Q135901		9
Q135902	9	
Q135904	9	9
Q135905		9
Q135906	9	
Q135908	9	9
Q135909	9	9
Q135913	9	9
Q135915	9	9
Q135917	9	
Q135918	9	11
Q135920	9	11
Q135922	9	11
Q135924	9	9
Q135926	9	9
Q135930	9	9
Q135931	9	9
Q135932	9	9
Q135933	9	9
Q135934	9	9
Q135935	9	
Q135936	9	9
Q135939	9	9
Q135940	9	9
Q135943	9	9
Q135945	9	9
Q135946	9	9
Q135948	9	9
Q135949	9	9
Q135950	9	9
Q135953		9
Q135954		9
Q135956	9	9
Q135957	9	9
Q135958	9	
Q135959	9	9
Q135960	9	9
Q135961	9	9
Q135965	9	9
Q135966	9	9
Q135967	9	9
Q135984	11	11
Q135985	11	11
Q135986		9
Q135987	11	11
Q135988	11	11
Q135989	11	11
Q135990	11	11
Q136008		9
Q136013		11
Q136014	11	11
Q136016	9	11
Q136018	9	11
Q136021	9	11
Q136024	9	11
Q136026	9	
Q136027	9	9
Q136028	9	
Q136029		9
Q136032	9	11
Q136034	9	
Q136036	9	
Q136037	9	
Q136038		11
Q136040	11	
Q136042	9	
Q136044	9	
Q136047	11	
Q136048	11	9
Q136049	11	11
Q136050	9	11
Q136053	9	
Q136054	9	9
Q136055	11	
Q136056	11	11
Q136057	9	9
Q136058	11	11
Q136059	9	11
Q136060	9	11
Q136066	9	9
Q136067	9	11
Q136068	9	
Q136070	9	
Q136073	11	11
Q136075	9	
Q136082	9	9
Q136083		9
Q136087	9	9
Q136089	11	11
Q136090		9
Q136091	9	9
Q136092	9	9
Q136093	9	
Q136097	9	
Q136100	9	
Q136102	9	
Q136113	9	
Q136114	9	
Q136116	11	
Q136119		9
Q136124	9	11
Q136129	9	9
Q136130	9	9
Q136131	9	9
Q136132	9	9
Q136133		9
Q136135	9	9
Q136136	9	9
Q136137	9	9
Q136142	9	9
Q136145	9	9
Q136146	9	9
Q136148	9	9
Q136149	9	11
Q136150	9	9
Q136151	9	9
Q136154	9	
Q136155	9	
Q136160	9	9
Q136161		9
Q136162	11	11
Q136163	9	11
Q136165	9	11
Q136166	9	11
Q136167	9	11
Q136168	9	11
Q136173	9	9
Q136176	9	9
Q136177	9	9
Q136178	9	9
Q136179	9	9
Q136180	9	9
Q136181	9	9
Q136183	9	9
Q136185	9	9
Q136187	9	9
Q136188	9	9
Q136191	9	9
Q136193	9	9
Q136194	9	9
Q136195	9	9
Q136196	9	9
Q136200	9	9
Q136201	9	9
Q136205	9	9
Q136206	9	
Q136207	9	9
Q136208		9
Q136218	9	
Q136234	11	11
Q136236	9	9
Q136237	9	11
Q136238	9	9
Q136240		11
Q136241		11
Q136247	11	11
Q136249	9	11
Q136251	11	11
Q136253	9	
Q136254	9	
Q136256		11
Q136257	11	11
Q136258	11	11
Q136261	9	11
Q136264	11	
Q136265	9	9
Q136266	9	11
Q136267	11	11
Q136270	11	11
Q136273	11	11
Q136274	9	9
Q136275	11	11
Q136276	11	11
Q136279	9	9
Q136280	9	
Q136282	11	11
Q136283	9	11
Q136284	9	11
Q136285	9	11
Q136286	11	11
Q136287	11	11
Q136289	11	11
Q136290	11	11
Q136291	9	
Q136292	11	
Q136293		11
Q136301		11
Q136304	9	9
Q136313	11	11
Q136314	11	
Q136315	11	11
Q136325	9	9
Q136328	9	
Q136338		9
Q136339	11	
Q136340	11	
Q136341		9
Q136346		9
Q136348	11	11
Q136349		9
Q136350	9	11
Q136351	9	9
Q136352		9
Q136353	9	9
Q136354	9	
Q136356	11	9
Q136357	9	9
Q136358	9	9
Q136372		9
Q136373	9	11
Q136376		9
Q136380	11	
Q136382	11	
Q136383	11	
Q136386	9	
Q136388		11
Q136389		11
Q136390	9	
Q136402	9	9
Q136405	9	9
Q136406	9	9
Q136408		9
Q136409	9	9
Q136412	9	
Q136413	9	9
Q136414	9	9
Q136418	9	9
Q136420		9
Q136422	9	9
Q136423	9	
Q136426	9	
Q136430	11	11
Q136432	11	11
Q136433	11	11
Q136434	11	11
Q136437	9	11
Q136440	9	9
Q136441	9	9
Q136442	9	9
Q136443	9	11
Q136447	9	9
Q136451	9	9
Q136452		9
Q136453	9	
Q136462	9	9
Q136463	9	9
Q136464	9	
Q136470	9	9
Q136472	9	
Q136485	11	
Q136487	9	
Q136491	11	11
Q136493		9
Q136495	11	11
Q136497		9
Q136498	11	11
Q136499		9
Q136501	9	9
Q136506		11
Q136508		11
Q136510	9	11
Q136512	11	
Q136516	11	
Q136517	11	
Q136521		11
Q136524	11	
Q136526	9	
Q136532	11	9
Q136533	11	11
Q136534	9	11
Q136535	9	11
Q136536	9	11
Q136541	11	9
Q136542	9	11
Q136543	9	11
Q136544	9	
Q136545	11	11
Q136546	9	11
Q136547	11	11
Q136548	11	11
Q136549	11	11
Q136552	9	
Q136553	9	
Q136554	9	11
Q136556	11	9
Q136566	11	
Q136567	11	11
Q136568	11	11
Q136578	9	9
Q136584	11	11
Q136585	11	11
Q136591	9	
Q136597		9
Q136598	9	
Q136599	9	9
Q136601	9	
Q136603	9	
Q136606	9	
Q136608	9	
Q136609	9	
Q136624	11	9
Q136626	9	
Q136627		9
Q136629		9
Q136634	9	9
Q136635	9	
Q136636	9	9
Q136637	11	
Q136638	9	9
Q136653	9	
Q136654	9	9
Q136655	9	9
Q136656	9	
Q136659	9	
Q136660	9	9
Q136661	9	
Q136665	11	11
Q136666	11	11
Q136670	11	11
Q136671		9
Q136675	9	9
Q136676	11	
Q136678	9	
Q136679	11	
Q136680	9	9
Q136682	11	
Q136683	11	
Q136686		11
Q136687	9	
Q136688	11	9
Q136690	9	
Q136703	9	11
Q136707	11	11
Q136708	11	11
Q136709	9	9
Q136710	9	9
Q136711	9	9
Q136714	9	
Q136716	9	9
Q136717	9	9
Q136718	9	9
Q136719	9	9
Q136720	9	9
Q136721	9	9
Q136722	9	9
Q136723	9	9
Q136724	9	9
Q136725	9	11
Q136726	9	9
Q136727	9	11
Q136728		9
Q136731	9	9
Q136732	9	11
Q136733		11
Q136734	9	9
Q136735	11	
Q136738	11	11
Q136743	9	9
Q136744	9	9
Q136747	11	9
Q136748	11	
Q136749	11	
Q136753	9	11
Q136754	11	11
Q136755		11
Q136757	9	9
Q136762		9
Q136763	9	9
Q136765	9	9
Q136766		9
Q136768	9	9
Q136778	9	9
Q136780	11	9
Q136796	9	
Q136797	9	11
Q136801		11
Q136804	11	11
Q136805	9	9
Q136807		9
Q136808	11	11
Q136809	11	
Q136810	11	11
Q136814	11	11
Q136816	11	9
Q136818	11	11
Q136819	11	11
Q136820	9	9
Q136821	11	11
Q136823	9	11
Q136824	11	11
Q136825	11	11
Q136827	9	11
Q136828	9	11
Q136829	11	11
Q136831	9	
Q136834	11	11
Q136835	11	11
Q136837	9	9
Q136838	11	11
Q136839	11	
Q136840	9	11
Q136841	9	
Q136842	11	11
Q136844	11	11
Q136850	9	9
Q136857		11
Q136859	9	11
Q136860	11	9
Q136861	11	11
Q136862	9	11
Q136863	11	11
Q136864	9	11
Q136869	9	11
Q136871	9	11
Q136873	9	11
Q136874	9	9
Q136875	11	
Q136876	11	
Q136877	11	11
Q136878	11	11
Q136879	9	9
Q136880	9	9
Q136881		11
Q136882		9
Q136883	9	
Q136892	11	11
Q136893		9
Q136894	11	11
Q136906	9	9
Q136912		9
Q136922	9	11
Q136923		9
Q136927	9	
Q136928	11	11
Q136931	9	11
Q136941	9	
Q136943	9	
Q136946	9	
Q136947	9	
Q136948	9	9
Q136951	9	
Q136957	9	
Q136958	9	
Q136964	9	9
Q136984	9	9
Q136985	9	9
Q136986		11
Q136987		11
Q136990	9	11
Q136992	9	
Q136995		9
Q137002		9
Q137005		9
Q137006	11	11
Q137008	9	
Q137009	9	9
Q137010	9	9
Q137011	9	
Q137012	9	9
Q137019	11	11
Q137021	9	9
Q137024	9	9
Q137025		9
Q137026	9	9
Q137027	9	11
Q137041	9	
Q137042	9	
Q137043	9	
Q137044	11	
Q137046	9	11
Q137048	9	9
Q137049		9
Q137050	11	9
Q137051	11	
Q137053	9	11
Q137060	9	9
Q137062	9	9
Q137065	9	
Q137066	9	11
Q137069		11
Q137071		11
Q137073		9
Q137075	11	
Q137076	11	9
Q137077	11	9
Q137078	9	9
Q137079	9	9
Q137080	9	
Q137081	9	9
Q137099		9
Q137100		11
Q137103	9	
Q137106	11	11
Q137107	11	11
Q137109	9	9
Q137110	9	9
Q137111	9	9
Q137114	9	9
Q137116	9	9
Q137117	9	9
Q137118	9	9
Q137119	9	9
Q137121	9	9
Q137122	9	9
Q137123	9	9
Q137124	9	9
Q137125	9	9
Q137126	9	9
Q137127	9	9
Q137128	9	9
Q137130	9	11
Q137131	9	9
Q137132	11	11
Q137134	9	9
Q137135	11	9
Q137136	9	11
Q137137	9	11
Q137139	11	
Q137140	9	9
Q137141	9	9
Q137142		9
Q137147	11	11
Q137148	9	9
Q137149	9	9
Q137150	9	9
Q137151	9	
Q137152	11	9
Q137154	11	9
Q137155	11	11
Q137156	11	9
Q137157	11	11
Q137158	9	11
Q137159	9	11
Q137165	9	
Q137167	9	
Q137168	9	9
Q137169	9	11
Q137170	9	9
Q137173	11	9
Q137175	9	9
Q137176		9
Q137179		9
Q137181	9	
Q137187	9	9
Q137188	9	9
Q137192		11
Q137194	11	11
Q137195	11	11
Q137196		11
Q137197		11
Q137198	9	
Q137203		9
Q137206		11
Q137208		11
Q137210	11	11
Q137213		9
Q137215	9	9
Q137216	11	11
Q137222	11	11
Q137224	9	
Q137226	9	9
Q137227	11	11
Q137228		11
Q137229	9	11
Q137230	11	11
Q137232	11	
Q137233	9	9
Q137234	11	11
Q137238	9	
Q137239	9	
Q137240	9	
Q137242	9	
Q137243		9
Q137246		11
Q137249	9	11
Q137250	11	11
Q137253	9	11
Q137254		11
Q137258	9	
Q137267	11	11
Q137271	9	
Q137273	9	
Q137275	11	9
Q137278	9	11
Q137279	11	11
Q137283		9
Q137284		11
Q137290		9
Q137292	9	
Q137296	11	11
Q137297	9	11
Q137301	9	
Q137307	9	11
Q137315	11	11
Q137319		9
Q137323	11	11
Q137327	9	
Q137330		9
Q137335	9	11
Q137353	9	
Q137356	9	
Q137361	9	9
Q137363	9	
Q137370	9	9
Q137382	9	
Q137385	9	
Q137395	9	
Q137396	9	9
Q137400	11	11
Q137404	9	
Q137412	9	
Q137433	11	11
Q137435	9	11
Q137436	11	11
Q137437	9	
Q137440	9	
Q137441	9	
Q137450	9	9
Q137453	9	
Q137466	9	11
Q137467	9	
Q137473	11	9
Q137475	11	11
Q137508	9	9
Q137509	9	9
Q137511	9	9
Q137512	9	11
Q137513	9	11
Q137522		11
Q137525		11
Q137526		11
Q137527	11	11
Q137528		9
Q137529	9	9
Q137530	9	11
Q137531	9	
Q137532	9	
Q137534	9	9
Q137536	9	
Q137537		11
Q137538	11	9
Q137540	9	11
Q137541	11	11
Q137542		9
Q137543	9	9
Q137544	9	9
Q137555	11	11
Q137557	11	11
Q137562	11	
Q137564	9	9
Q137565	9	9
Q137569		9
Q137570		11
Q137572		11
Q137573		11
Q137575	9	9
Q137576	9	
Q137577	9	11
Q137578	11	11
Q137592	11	9
Q137604		11
Q137617	9	9
Q137620	9	11
Q137622	11	11
Q137623	11	11
Q137624	9	9
Q137625	9	9
Q137626	9	9
Q137627	9	9
Q137629	9	9
Q137630	9	9
Q137631	9	9
Q137632	9	9
Q137633	9	9
Q137634	9	9
Q137636	9	9
Q137637	9	9
Q137638	9	9
Q137639	9	9
Q137640	9	
Q137641	9	9
Q137642	9	9
Q137643	9	11
Q137644	9	9
Q137645	11	9
Q137646	9	11
Q137652	9	9
Q137653	9	11
Q137654	9	9
Q137655	9	11
Q137658	9	
Q137659		11
Q137660	9	11
Q137666	9	9
Q137667	9	9
Q137671	9	9
Q137672	9	11
Q137673	9	11
Q137676	9	9
Q137677	9	9
Q137678	9	9
Q137679	11	11
Q137680	11	
Q137682	9	9
Q137685	9	
Q137688		9
Q137689		9
Q137690	9	9
Q137691	11	11
Q137692	9	9
Q137693	9	
Q137694	9	
Q137695	9	11
Q137696	11	11
Q137697	9	
Q137698	9	
Q137699	9	11
Q137700		9
Q137701		11
Q137703	11	11
Q137708	9	9
Q137710	9	9
Q137714	11	11
Q137719	9	9
Q137721	9	11
Q137722		11
Q137723	9	9
Q137724	9	11
Q137725	9	11
Q137726	9	
Q137730	11	9
Q137731	9	11
Q137732		11
Q137733	9	9
Q137734	9	
Q137738		9
Q137750	9	9
Q137751	9	9
Q137754	11	11
Q137757	11	11
Q137758	11	11
Q137763	11	11
Q137767		9
Q137769		11
Q137770		11
Q137771	9	11
Q137772		9
Q137773	11	
Q137779	9	9
Q137780	11	11
Q137785	9	
Q137787	9	
Q137794	9	11
Q137796	9	
Q137797	9	
Q137798	11	9
Q137801	9	
Q137803	9	
Q137804		9
Q137819		9
Q137820	9	11
Q137821	9	11
Q137827	9	
Q137829		11
Q137831	11	11
Q137835	9	11
Q137836	9	9
Q137837		9
Q137838		9
Q137839		9
Q137848	11	11
Q137854	11	
Q137862		9
Q137863	9	11
Q137870	9	11
Q137876	9	9
Q137879	9	
Q137894	9	11
Q137900	9	9
Q137903	9	11
Q137904	9	9
Q137905	9	9
Q137906	9	9
Q137913	9	
Q137916	11	11
Q137917	9	9
Q137918	9	9
Q137919		11
Q137931		10
Q137948	9	9
Q137962	9	
Q137964	9	
Q137969	9	9
Q137982	9	
Q137995	9	
Q138004	9	9
Q138013	9	
Q138025	9	9
Q138026	11	11
Q138033	9	
Q138043	9	
Q138053	9	
Q138054	9	9
Q138070	9	
Q138096	9	
Q138098	9	
Q138099	9	
Q138102	9	
Q138111	9	
Q138112	9	
Q138119	9	
Q138121	9	
Q138133	9	9
Q138142	9	
Q138143	9	9
Q138144	9	9
Q138150	9	
Q138202		9
Q138203	9	9
Q138204	9	9
Q138205	11	11
Q138208	9	11
Q138209	9	11
Q138210	11	
Q138211	11	11
Q138212	9	11
Q138213	11	11
Q138218	11	9
Q138219	11	11
Q138220	11	11
Q138223	11	11
Q138224	9	11
Q138225	9	11
Q138226	9	11
Q138230	9	9
Q138231	9	
Q138232	9	
Q138237	11	11
Q138240	11	9
Q138241	9	9
Q138244	9	
Q138245	9	9
Q138247	9	
Q138261	9	
Q138262	11	11
Q138264	9	11
Q138265	9	11
Q138266	9	11
Q138267	9	11
Q138268	9	9
Q138270	9	9
Q138271	9	9
Q138272	9	9
Q138273	9	
Q138274	11	11
Q138275		9
Q138276	9	9
Q138280		11
Q138281		11
Q138282		11
Q138283	9	11
Q138284		11
Q138287	9	11
Q138289	11	9
Q138290	9	9
Q138291	9	11
Q138294	11	11
Q138307	9	9
Q138314		9
Q138315		9
Q138326	11	
Q138327	9	
Q138328	11	11
Q138329	9	11
Q138331	11	11
Q138333		9
Q138335	9	
Q138336	9	9
Q138337	9	9
Q138339	9	
Q138340	9	9
Q138342	9	9
Q138343	9	9
Q138347		9
Q138351	9	9
Q138352	9	9
Q138353	9	9
Q138355	9	9
Q138356	9	9
Q138357	9	9
Q138359	11	9
Q138360	11	11
Q138361	9	
Q138362	9	11
Q138363	9	
Q138364	11	11
Q138368	9	9
Q138369	9	
Q138370	11	9
Q138372	11	11
Q138373		9
Q138376		9
Q138378	9	11
Q138384	9	9
Q138385	9	
Q138386	9	9
Q138388	9	9
Q138389	9	
Q138390	9	9
Q138391	9	
Q138392	9	9
Q138394	11	11
Q138395		11
Q138399	9	9
Q138400	9	11
Q138401	11	9
Q138402	9	9
Q138403	11	
Q138404	9	9
Q138405	9	9
Q138407	11	11
Q138408		9
Q138414	9	9
Q138418	11	11
Q138419	11	11
Q138423	11	11
Q138424	11	11
Q138426	11	11
Q138431	9	
Q138432	9	9
Q138433	11	11
Q138434	9	11
Q138435	9	9
Q138436	11	
Q138437	9	
Q138440	11	11
Q138442	11	11
Q138443	9	11
Q138444		11
Q138447	11	11
Q138448	11	11
Q138449	9	11
Q138450		11
Q138451	9	11
Q138452	9	
Q138453	11	11
Q138456	11	11
Q138457	11	11
Q138458	11	9
Q138459	11	11
Q138460	11	9
Q138461	11	11
Q138462	9	9
Q138466	11	11
Q138467	11	11
Q138468	9	9
Q138469	11	9
Q138470	11	9
Q138471	11	11
Q138472	11	9
Q138473	9	
Q138474	11	11
Q138475	9	11
Q138476	11	11
Q138479	9	9
Q138480	9	9
Q138481	9	9
Q138482	9	9
Q138483		9
Q138484	9	
Q138485	9	9
Q138489	9	
Q138492	9	9
Q138493	9	9
Q138494	9	9
Q138497	9	9
Q138500	9	9
Q138501	9	9
Q138502	9	9
Q138504	11	
Q138505	9	11
Q138506		11
Q138508	11	11
Q138509	11	
Q138511	11	11
Q138516	11	11
Q138519	9	9
Q138521	9	11
Q138522	11	11
Q138526		9
Q138527	9	11
Q138528		11
Q138529		9
Q138530	9	11
Q138531		9
Q138532	9	11
Q138538	9	9
Q138539	9	9
Q138540	9	9
Q138544		11
Q138545	9	11
Q138546	9	11
Q138550	9	11
Q138552	9	
Q138559		11
Q138562		11
Q138563	9	11
Q138564		11
Q138565		9
Q138566	9	11
Q138567		9
Q138573	11	11
Q138576	11	11
Q138578	9	9
Q138579	11	9
Q138580	11	11
Q138581	11	11
Q138582	11	9
Q138584	11	9
Q138586		9
Q138593	9	11
Q138594	9	9
Q138595	9	
Q138596	9	
Q138598	11	11
Q138599	11	11
Q138600	9	11
Q138601	11	11
Q138602	9	
Q138608	11	11
Q138609	9	11
Q138611		9
Q138613	9	
Q138615	9	
Q138622	9	
Q138623	9	
Q138628	9	9
Q138630	11	11
Q138631		11
Q138637	9	
Q138639	9	9
Q138640		9
Q138641	9	11
Q138642	9	9
Q138643		9
Q138648		11
Q138662	11	11
Q138671	11	9
Q138674	9	11
Q138677	11	11
Q138678	11	11
Q138696	11	11
Q138697	11	11
Q138703	9	
Q138705	9	
Q138706	11	11
Q138723		11
Q138724		11
Q138726	9	11
Q138728	9	11
Q138739	9	9
Q138742	11	9
Q138745	9	11
Q138746		11
Q138747	11	11
Q138759	11	9
Q138761	9	11
Q138762	11	11
Q138763	11	11
Q138764	9	
Q138765	9	
Q138766	9	9
Q138775	9	
Q138780	9	11
Q138781	11	11
Q138782	9	9
Q138783	9	11
Q138784	9	11
Q138785	11	11
Q138786	9	11
Q138787	9	10
Q138788	9	
Q138789	9	
Q138791	11	11
Q138792	9	9
Q138794	9	
Q138795	9	9
Q138796	11	11
Q138813	11	11
Q138814	9	10
Q138815	9	9
Q138844	9	10
Q138857	9	11
Q138868	9	
Q138874	9	
Q138875	9	9
Q138900		9
Q138915	9	9
Q138921		11
Q138931	9	
Q138941	9	9
Q138943	9	
Q138944	9	9
Q138951	9	
Q138955	9	9
Q138962	9	
Q138964		9
Q138968	9	
Q138969	9	9
Q138982	9	
Q138989	9	9
Q138990	9	9
Q138992		9
Q138994	9	9
Q138999	9	
Q139001	9	
Q139008	9	11
Q139013	9	
Q139015	9	
Q139018	9	9
Q139025	9	
Q139028	9	
Q139029	9	9
Q139039	9	
Q139078	9	
Q139092	9	
Q139093	9	
Q139099	9	
Q139100	9	
Q139101	9	
Q139121	9	
Q139125	9	
Q139138	9	
Q139142	9	
Q139144	11	11
Q139153	9	
Q139162	9	
Q139164	9	
Q139165	9	
Q139166	9	9
Q139167	9	9
Q139171	11	9
Q139174	11	11
Q139177	9	9
Q139179		11
Q139181	9	9
Q139182		9
Q139187	9	9
Q139275	9	9
Q139276	9	9
Q139278	9	9
Q139279	9	9
Q139280	9	9
Q139281	9	9
Q139282	9	11
Q139284	9	9
Q139285	9	9
Q139286	9	9
Q139287		9
Q139288	9	11
Q139289	11	9
Q139290	11	11
Q139291	11	11
Q139292	11	11
Q139293	9	
Q139294	11	11
Q139295	11	11
Q139296	9	11
Q139297	9	9
Q139298	9	11
Q139299	9	9
Q139301	11	11
Q139302	9	9
Q139303	11	11
Q139304	9	9
Q139306		9
Q139307		9
Q139308		9
Q139324	9	11
Q139325	11	9
Q139326	9	11
Q139328		9
Q139330	9	11
Q139332	11	11
Q139334	9	
Q139345	9	9
Q139346	11	11
Q139348	9	11
Q139352	9	9
Q139353		11
Q139354	11	9
Q139356	11	11
Q139357	9	
Q139362	9	
Q139379	9	9
Q139380	9	
Q139383	9	11
Q139384	9	
Q139386	9	9
Q139387	11	11
Q139388	11	11
Q139389	11	11
Q139390	11	11
Q139391	11	11
Q139392	11	11
Q139396	9	9
Q139397	11	11
Q139398	9	9
Q139399	9	11
Q139400	9	
Q139403		9
Q139404	9	
Q139405	9	
Q139406	9	9
Q139407	9	9
Q139408	9	11
Q139409	9	9
Q139410	11	9
Q139414		9
Q139415	9	11
Q139416		9
Q139417	11	11
Q139418		11
Q139419		9
Q139421	11	11
Q139422	11	11
Q139423	9	11
Q139424		9
Q139425	9	
Q139426		11
Q139427	9	9
Q139430	9	9
Q139431	9	9
Q139446		11
Q139448		11
Q139449		11
Q139453	9	9
Q139455	9	9
Q139456	11	11
Q139457	9	11
Q139458	11	11
Q139459	9	11
Q139464		9
Q139467		11
Q139468	11	11
Q139469	9	11
Q139471		9
Q139472		11
Q139475	11	11
Q139476		9
Q139479		9
Q139482		11
Q139489	9	
Q139492	9	9
Q139494	11	11
Q139495	11	11
Q139496	11	11
Q139497	11	11
Q139499	9	9
Q139504	9	9
Q139505	9	9
Q139508	9	9
Q139509	9	9
Q139510		9
Q139511	11	11
Q139514		11
Q139515	9	
Q139516	9	9
Q139519		11
Q139521	9	11
Q139522	9	9
Q139523	9	11
Q139525		9
Q139526		9
Q139529	9	
Q139536	9	9
Q139539	9	9
Q139540	9	9
Q139541	9	11
Q139542	9	
Q139543	9	
Q139544	9	
Q139546	9	9
Q139547	9	
Q139548	9	
Q139550	9	9
Q139551	9	11
Q139552	9	11
Q139553	9	9
Q139554	11	11
Q139555	9	
Q139556	9	9
Q139559	9	9
Q139561	9	9
Q139563	9	9
Q139565	11	11
Q139566	11	11
Q139567	11	11
Q139568		9
Q139569	9	
Q139570	9	9
Q139574	9	
Q139575	9	9
Q139576	9	11
Q139579	9	
Q139581	9	9
Q139585	11	9
Q139586	9	
Q139594	9	
Q139596	9	
Q139597	11	9
Q139601	11	
Q139603	11	11
Q139604	11	11
Q139608	9	
Q139612	9	9
Q139613		11
Q139614	9	
Q139619		9
Q139620		9
Q139623	11	11
Q139624	9	9
Q139626	11	
Q139628	9	9
Q139629	9	
Q139630	9	
Q139631	9	11
Q139632	11	11
Q139635	9	
Q139636	9	
Q139637	11	11
Q139638	11	
Q139639	11	
Q139640	9	11
Q139641	9	9
Q139642	9	9
Q139643		9
Q139645	11	11
Q139649	9	9
Q139651	11	11
Q139652	9	
Q139655	11	9
Q139656	9	
Q139657		11
Q139658	9	
Q139659	11	9
Q139663	11	11
Q139664	11	11
Q139665	11	11
Q139666	9	11
Q139667	11	11
Q139668	9	11
Q139669	11	9
Q139670		11
Q139672	11	9
Q139673	11	11
Q139674	9	9
Q139675		9
Q139676		11
Q139679	11	11
Q139680	9	11
Q139682	11	
Q139684		11
Q139685	11	11
Q139686	11	11
Q139688	9	11
Q139689	11	11
Q139691	11	
Q139692	11	11
Q139693		9
Q139695	9	
Q139696	9	9
Q139697	9	11
Q139698	9	9
Q139699	9	9
Q139700	9	9
Q139702	9	
Q139704	9	
Q139705	11	
Q139708	9	
Q139711	9	11
Q139712	11	11
Q139714		9
Q139715	9	
Q139717		9
Q139719	9	
Q139720	9	11
Q139723	9	
Q139728	9	9
Q139729		9
Q139730	9	11
Q139731	9	9
Q139732	9	9
Q139734	9	11
Q139735	9	9
Q139738	9	9
Q139739	11	
Q139740	9	9
Q139741	11	
Q139742	9	9
Q139743		9
Q139744	11	
Q139745	11	11
Q139746	11	
Q139748	9	
Q139750		11
Q139752	9	9
Q139753	11	
Q139754	11	
Q139755	9	9
Q139756	11	
Q139757	9	11
Q139762	9	9
Q139767	11	
Q139770	9	9
Q139771	9	9
Q139773	9	9
Q139776	11	11
Q139777	9	11
Q139778		11
Q139779	11	11
Q139780		11
Q139781		11
Q139782	9	9
Q139788	9	9
Q139789	9	11
Q139792		9
Q139793	9	
Q139794		9
Q139796	9	9
Q139797	9	9
Q139802	9	9
Q139806	11	11
Q139807	9	11
Q139808		11
Q139809		9
Q139810	9	9
Q139811	11	11
Q139815	9	9
Q139816		9
Q139817	9	11
Q139822		11
Q139830	9	
Q139832	9	9
Q139835		9
Q139837	11	11
Q139839	9	11
Q139842	11	11
Q139844	9	
Q139845	9	
Q139846	9	
Q139852	11	
Q139853	11	11
Q139854	9	
Q139858	9	
Q139859	11	11
Q139860	11	11
Q139861	9	9
Q139863	11	11
Q139864	9	9
Q139878	11	9
Q139885	9	
Q139887	9	11
Q139888	9	11
Q139889		9
Q139892		9
Q139900		9
Q139906	9	
Q139912	9	
Q139913	11	11
Q139914	9	
Q139916	9	9
Q139929	9	11
Q139930	11	11
Q139931	11	11
Q139944	9	9
Q139949	9	
Q139976	11	11
Q139977	11	9
Q140000	9	11
Q140007	9	9
Q140027		9
Q140028	9	9
Q140029	11	11
Q140033	9	11
Q140034		9
Q140035	9	9
Q140061	9	11
Q140062	11	11
Q140063	9	
Q140065	9	
Q140068		9
Q140081	9	9
Q140085	11	11
Q140086	11	11
Q140089	11	9
Q140091	9	9
Q140112	9	
Q140113	11	11
Q140114	11	11
Q140115	11	11
Q140116	11	
Q140117	9	9
Q140118	9	
Q140121	9	
Q140125	9	11
Q140126	11	11
Q140127	9	11
Q140130	9	9
Q140132	11	11
Q140134		11
Q140135	11	
Q140136	9	
Q140137	9	
Q140151	9	
Q140159	11	9
Q140160	9	
Q140164		9
Q140165	9	9
Q140166	9	9
Q140167	9	11
Q140168	9	9
Q140169	9	
Q140170	11	11
Q140171	11	11
Q140172	11	11
Q140174	11	11
Q140175	9	11
Q140176	11	11
Q140177	11	11
Q140178	9	9
Q140179	9	11
Q140180	11	11
Q140182	9	9
Q140183	9	9
Q140184	9	
Q140185	9	
Q140187		9
Q140193	9	9
Q140194	9	9
Q140195	9	
Q140196	9	9
Q140197	9	9
Q140198	11	11
Q140200	9	
Q140201	9	
Q140202	9	11
Q140203	9	11
Q140204	9	9
Q140207	9	9
Q140209	11	11
Q140210	9	11
Q140224	9	
Q140238	9	11
Q140239	11	11
Q140240	11	11
Q140241	11	11
Q140242	11	11
Q140243	11	11
Q140244	11	11
Q140245	11	11
Q140246	9	
Q140247	9	11
Q140249	9	9
Q140250	9	11
Q140251	9	9
Q140252	11	11
Q140253	9	11
Q140257	9	10
Q140258	9	11
Q140301	9	
Q140327	9	
Q140337	9	
Q140357	9	10
Q140388	9	
Q140395	9	9
Q140413	9	
Q140414	9	
Q140432	9	
Q140433	11	10
Q140448	9	
Q140449	9	9
Q140465	9	
Q140469	9	9
Q140470	9	9
Q140472	9	
Q140475	9	9
Q140476	9	
Q140483	9	9
Q140484	9	
Q140486	9	
Q140489	9	9
Q140503	9	
Q140504	9	9
Q140510		9
Q140512	9	9
Q140513	11	9
Q140519	9	
Q140526	9	
Q140527	9	9
Q140528	9	9
Q140548	9	9
Q140556	9	9
Q140558	9	9
Q140560	9	9
Q140562	11	11
Q140563	9	9
Q140568	9	
Q140570	9	
Q140575	9	9
Q140576	9	11
Q140584	9	
Q140588		9
Q140589	9	9
Q140608	9	
Q140611	9	9
Q140635	9	9
Q140665	9	
Q140678	9	9
Q140679	9	
Q140698	9	9
Q140724	9	
Q140726	9	
Q140733	9	
Q140761	9	
Q140768	9	
Q140776		11
Q140779	9	9
Q140785	9	
Q140790	9	
Q140795	9	9
Q140803	9	
Q140806		9
Q140822	9	
Q140830	9	9
Q140831	9	9
Q140837	9	
Q140838	9	
Q140840	11	11
Q140842	11	11
Q140843	11	11
Q140845	11	11
Q140850	9	
Q140851	9	9
Q140852	11	9
Q140853	9	9
Q140854	9	11
Q140861		9
Q140863		11
Q140864		9
Q140873	9	9
Q140877	9	9
Q140878	9	9
Q140880	9	9
Q140887	9	9
Q140889	9	
Q140890	9	
Q140891	9	
Q140892		9
Q140893	11	11
Q140894	9	
Q140896	9	
Q140897		9
Q140898	9	
Q140899	9	11
Q140973		9
Q141003	9	11
Q141007	9	9
Q141009	11	11
Q141010	9	9
Q141012	9	11
Q141014		9
Q141015	9	9
Q141017	9	
Q141018	9	9
Q141019		9
Q141020	9	
Q141021	9	11
Q141022	9	9
Q141023	11	11
Q141024	9	11
Q141026	9	
Q141027	9	11
Q141028	11	11
Q141029	9	11
Q141035		11
Q141038	9	9
Q141039	9	11
Q141040		9
Q141041		9
Q141044	9	9
Q141048	9	9
Q141050	9	11
Q141055	9	9
Q141056	11	11
Q141057	9	11
Q141058		11
Q141067	9	11
Q141068	11	9
Q141069		11
Q141070		9
Q141071	11	11
Q141073	9	9
Q141076	9	
Q141077	9	9
Q141078	11	11
Q141080	11	9
Q141081	11	11
Q141082	9	
Q141087	11	10
Q141089	11	11
Q141101		9
Q141102	9	
Q141103		11
Q141104	9	
Q141110	9	11
Q141112	9	9
Q141114	11	11
Q141115		9
Q141117	11	11
Q141118	11	11
Q141119	9	
Q141120	9	
Q141121	9	9
Q141122	11	11
Q141123	9	9
Q141124	9	
Q141125	9	9
Q141127	9	9
Q141128	9	9
Q141130		9
Q141137	9	11
Q141138	9	
Q141139		9
Q141140	9	9
Q141141	9	9
Q141142		9
Q141143	9	9
Q141144	9	9
Q141145	9	
Q141147	9	
Q141148	11	
Q141155		11
Q141182	11	11
Q141183	9	11
Q141184		11
Q141186		11
Q141188	11	11
Q141189		11
Q141191		9
Q141192	9	11
Q141193		9
Q141194	9	
Q141195		11
Q141197		11
Q141198		9
Q141199	9	
Q141200	11	11
Q141201		9
Q141202	11	11
Q141203	9	9
Q141204	9	
Q141205	9	
Q141206	9	11
Q141207	9	11
Q141208	9	11
Q141209	9	11
Q141210	9	9
Q141211	11	11
Q141212	9	11
Q141213	11	11
Q141214	11	11
Q141215		9
Q141216	9	9
Q141218	9	11
Q141219	11	11
Q141221	11	11
Q141222	11	11
Q141223	11	11
Q141224	11	11
Q141227	9	9
Q141228	9	11
Q141229	9	9
Q141232	11	11
Q141233	11	11
Q141235	9	
Q141236	9	11
Q141237	9	
Q141238	9	
Q141239	9	11
Q141241	11	11
Q141243	9	9
Q141244	9	11
Q141245	9	11
Q141246	9	11
Q141247	11	9
Q141248	9	11
Q141250	11	11
Q141255	11	11
Q141256		9
Q141258		9
Q141262	9	11
Q141263		11
Q141264		9
Q141265	9	11
Q141266	11	9
Q141267	11	9
Q141268	11	11
Q141271		9
Q141272		9
Q141273		9
Q141274	11	11
Q141275		11
Q141276		9
Q141278	11	
Q141279	9	9
Q141284	9	9
Q141285	11	11
Q141287	9	11
Q141304		11
Q141306	9	9
Q141307		11
Q141308	9	11
Q141309	11	11
Q141311	9	11
Q141312	11	11
Q141318	9	
Q141319	9	9
Q141320	11	11
Q141325		11
Q141326	9	
Q141328	11	11
Q141330	11	11
Q141334		9
Q141335	9	9
Q141337		11
Q141338		11
Q141339	9	11
Q141340		9
Q141341		9
Q141343		11
Q141346	9	9
Q141347	9	11
Q141350	9	11
Q141354	9	9
Q141358	9	
Q141359	9	9
Q141360	9	11
Q141362		11
Q141363	11	9
Q141364		9
Q141365	9	11
Q141366		9
Q141367	9	9
Q141369		9
Q141370	11	11
Q141373	9	
Q141375	9	
Q141376	9	9
Q141377	9	9
Q141380	9	
Q141382	9	9
Q141383	9	
Q141384	9	
Q141385		9
Q141387	9	9
Q141388	9	
Q141389	9	
Q141392	9	
Q141393	9	9
Q141394	9	9
Q141395	9	9
Q141396	9	9
Q141397	9	9
Q141401	9	9
Q141402	9	9
Q141403	9	11
Q141404	9	
Q141407	11	9
Q141408	9	9
Q141409	9	9
Q141411		9
Q141412	9	11
Q141413	9	
Q141414	9	9
Q141415	9	11
Q141417	9	9
Q141419	9	9
Q141420	9	
Q141423	9	
Q141424	9	11
Q141425	11	
Q141426		11
Q141429		9
Q141431	11	11
Q141432	11	11
Q141434	11	11
Q141435	9	
Q141436	9	11
Q141437	9	
Q141442	9	
Q141445	9	9
Q141449	11	11
Q141450	9	9
Q141452	9	11
Q141453	11	
Q141454	9	9
Q141455	9	9
Q141456	9	
Q141457	11	11
Q141469		9
Q141470	9	9
Q141472		9
Q141473	9	
Q141474	9	9
Q141476	9	9
Q141477	9	9
Q141478	9	9
Q141480	9	9
Q141481	9	
Q141485	9	11
Q141489	9	9
Q141490	11	11
Q141491	9	11
Q141492	9	9
Q141493		9
Q141494	9	9
Q141497	9	9
Q141498	9	11
Q141499	9	9
Q141500	9	
Q141501	9	
Q141502	9	11
Q141505	9	
Q141509	9	11
Q141511	9	11
Q141514	9	11
Q141515	11	11
Q141520	9	9
Q141523	9	
Q141524	9	
Q141525	11	9
Q141526	9	
Q141527	11	11
Q141528	9	11
Q141529	9	9
Q141531	9	9
Q141533	11	11
Q141534	11	11
Q141535	11	11
Q141536	11	11
Q141537	11	11
Q141538		11
Q141539		9
Q141540	9	
Q141541		11
Q141542	11	11
Q141544	11	11
Q141545		11
Q141546		9
Q141548	9	11
Q141550	9	
Q141551	11	11
Q141552	11	11
Q141553	9	11
Q141554	9	
Q141555	11	11
Q141556	11	11
Q141557	9	11
Q141560	9	9
Q141561		11
Q141562	9	11
Q141571	9	11
Q141574	9	
Q141576	9	11
Q141577	9	9
Q141580	11	11
Q141581	9	
Q141582	9	9
Q141585		9
Q141591		11
Q141593	9	9
Q141594	11	11
Q141595	9	9
Q141597	9	
Q141598	9	
Q141599	9	
Q141602	9	9
Q141603	9	11
Q141605	9	9
Q141607	9	9
Q141609	11	11
Q141610	9	9
Q141611	9	9
Q141612	9	11
Q141613	9	9
Q141614	9	9
Q141618	9	9
Q141620	9	
Q141621	9	11
Q141625	9	9
Q141628	9	
Q141629	9	
Q141630	9	9
Q141633	9	
Q141634	9	
Q141636	9	9
Q141638	9	
Q141639		9
Q141640	9	9
Q141641	9	
Q141644	9	11
Q141645	9	9
Q141646		9
Q141647	9	9
Q141651	11	11
Q141652	11	11
Q141655	9	11
Q141656	9	
Q141657	9	9
Q141658	9	9
Q141661	9	9
Q141666	9	11
Q141667	9	11
Q141668	9	9
Q141669	9	9
Q141670	9	9
Q141673	9	9
Q141675	9	
Q141676	11	11
Q141677	9	11
Q141678	9	
Q141680	9	
Q141681	9	
Q141682	9	9
Q141683	9	9
Q141685	9	
Q141686	11	9
Q141687	11	11
Q141691	9	9
Q141692	11	9
Q141693	9	11
Q141694	9	
Q141695	11	11
Q141696	9	
Q141697	9	
Q141699	11	11
Q141700	11	11
Q141703	9	9
Q141704	9	9
Q141705	9	11
Q141706	9	9
Q141707	9	11
Q141708	9	9
Q141709	9	9
Q141710	11	11
Q141714	9	11
Q141715	11	11
Q141724		9
Q141725	9	11
Q141726	9	9
Q141727		9
Q141731		9
Q141732		9
Q141736		11
Q141737	11	11
Q141738	9	9
Q141739	9	9
Q141742		11
Q141743		9
Q141745		9
Q141746		9
Q141747	11	9
Q141749	9	11
Q141755	9	11
Q141765	11	11
Q141767	11	
Q141768	9	11
Q141770	11	
Q141771	11	
Q141773		9
Q141774	9	11
Q141775	9	
Q141776	11	11
Q141779	11	9
Q141780	9	
Q141781	9	9
Q141783	9	
Q141784	11	11
Q141787	11	9
Q141789	9	11
Q141791	11	11
Q141793	11	11
Q141798	11	11
Q141799	9	
Q141800	9	
Q141803		9
Q141806	11	
Q141807	9	11
Q141822		9
Q141824	9	
Q141825		9
Q141828	9	9
Q141829		11
Q141831		11
Q141832	11	11
Q141834		11
Q141835		9
Q141837		9
Q141840	9	9
Q141845	9	
Q141846	9	
Q141848	9	9
Q141849	9	9
Q141851	9	9
Q141853	9	
Q141854	9	
Q141858	9	
Q141859		9
Q141869	9	
Q141872	9	
Q141873	9	
Q141879	11	11
Q141882	9	
Q141888	9	
Q141891	9	
Q141895	9	9
Q141897	9	
Q141901	9	
Q141906	11	11
Q141911	11	11
Q141912		11
Q141913		9
Q141914		11
Q141922	9	
Q141928	9	
Q141929	9	9
Q141975	11	11
Q141976	9	
Q141988	9	11
Q141989	9	9
Q142008	9	
Q142017	11	11
Q142022	9	11
Q142039	9	
Q142040	9	
Q142042	9	11
Q142050	11	11
Q142051		10
Q142053	9	11
Q142054	9	
Q142056		9
Q142057	9	
Q142059	11	11
Q142071	9	
Q142099	11	11
Q142103	9	9
Q142104	9	9
Q142113	9	
Q142126	9	
Q142127	11	11
Q142130	9	11
Q142133	9	
Q142139	9	
Q142141	9	
Q142143	11	11
Q142145	9	11
Q142146	9	11
Q142147	9	9
Q142148	9	9
Q142149	9	11
Q142150	11	10
Q142152	11	11
Q142153	9	10
Q142154	9	
Q142155	9	
Q142157	11	11
Q142158	11	11
Q142159	11	11
Q142160	9	9
Q142162	9	9
Q142163	9	
Q142164	9	
Q142165	9	9
Q142166		9
Q142167	9	9
Q142168	9	
Q142170	11	11
Q142171	9	11
Q142172	9	11
Q142173	9	9
Q142174	9	
Q142175	9	9
Q142177	11	
Q142179	9	
Q142205	11	9
Q142206	9	9
Q142208	9	
Q142210	11	11
Q142211	9	9
Q142212	9	11
Q142213		11
Q142214	9	9
Q142215	9	11
Q142217	11	9
Q142219	9	
Q142221	11	11
Q142222	11	11
Q142223	11	11
Q142224	9	11
Q142225	11	11
Q142226		9
Q142227	9	9
Q142228	9	9
Q142229	11	11
Q142230		9
Q142231	9	9
Q142234	11	
Q142235	9	9
Q142236	9	
Q142237	9	
Q142249	9	9
Q142250	11	11
Q142251	11	9
Q142252	11	11
Q142253	11	11
Q142254	9	
Q142255	9	9
Q142256		9
Q142257	11	
Q142258	11	11
Q142259	9	9
Q142260	9	11
Q142261		9
Q142262		9
Q142265	9	10
Q142267	11	11
Q142268	9	9
Q142269	9	9
Q142270	9	11
Q142271	9	11
Q142272	9	11
Q142274	11	11
Q142278	9	
Q142279	9	9
Q142281	9	9
Q142282	9	11
Q142286	9	11
Q142288		9
Q142289	9	9
Q142297	9	9
Q142302	9	9
Q142303	9	11
Q142304	9	9
Q142305	9	9
Q142306	9	11
Q142307	9	9
Q142308	9	11
Q142309	9	9
Q142312	9	9
Q142313	9	9
Q142314		9
Q142315	11	11
Q142316	9	11
Q142320	9	
Q142322	11	11
Q142324		9
Q142325	9	9
Q142326	11	11
Q142327		11
Q142330	9	11
Q142331	9	11
Q142332	9	
Q142333		9
Q142334	9	
Q142336	9	11
Q142338	9	
Q142339	11	11
Q142341	11	11
Q142343	9	11
Q142345	9	9
Q142347	9	
Q142361	9	9
Q142379	9	
Q142381	9	
Q142394	11	11
Q142396	9	11
Q142398	11	11
Q142399	9	11
Q142402	9	9
Q142403	11	11
Q142405	11	11
Q142406	9	9
Q142407	11	11
Q142408	11	11
Q142409	11	11
Q142410	11	11
Q142411	11	11
Q142412	11	11
Q142413		9
Q142414	9	11
Q142415	9	
Q142417	9	11
Q142418	9	10
Q142421	9	11
Q142422	11	11
Q142424	9	11
Q142425	9	11
Q142426	9	11
Q142427	11	11
Q142428		10
Q142430	11	11
Q142431	9	11
Q142432	9	9
Q142433	11	11
Q142434	11	11
Q142435		9
Q142436	9	9
Q142437	11	11
Q142438	9	11
Q142439	9	9
Q142440	9	11
Q142441	9	
Q142442	9	11
Q142443	9	11
Q142444		11
Q142445	9	11
Q142446	9	9
Q142447	11	11
Q142448	9	11
Q142450		9
Q142451		9
Q142452	9	
Q142453		9
Q142454	9	11
Q142456		11
Q142457	9	11
Q142458	9	11
Q142460	9	11
Q142527	11	9
Q142528	9	9
Q142536	9	
Q142596	11	11
Q142602	9	
Q142639	9	9
Q142646	9	
Q142648	9	
Q142670	9	
Q142671	9	9
Q142672	9	
Q142696	9	11
Q142697	9	9
Q142698	11	9
Q142699	9	
Q142727	11	11
Q142744	9	9
Q142748	9	9
Q142752	9	9
Q142753	9	
Q142755	9	
Q142772	9	9
Q142783	9	
Q142785	9	
Q142786	9	
Q142787	9	9
Q142788		9
Q142795		9
Q142799	9	
Q142800	9	11
Q142804	9	
Q142806	11	11
Q142807	9	10
Q142809	9	11
Q142810	9	9
Q142820	9	9
Q142830	9	
Q142831	9	
Q142833	9	9
Q142834	9	9
Q142847	9	
Q142862	9	9
Q142872	9	
Q142878	9	
Q142880	9	
Q142890	9	
Q142891	9	9
Q142892	9	
Q142898	9	9
Q142902	9	9
Q142905	9	
Q142906	9	9
Q142930	9	9
Q142933	11	11
Q142934	9	
Q142949	9	10
Q142955	9	
Q142983	9	
Q142984	9	9
Q143018	9	
Q143036	9	
Q143051	9	
Q143055	9	9
Q143062	9	9
Q143105	9	
Q143156	9	9
Q143165	9	
Q143176	9	
Q143183	9	
Q143245	9	
Q143246	9	9
Q143247	9	11
Q143249		9
Q143250	9	
Q143251	9	
Q143252	9	11
Q143254	9	
Q143255	11	11
Q143257	9	9
Q143258	11	
Q143259	9	9
Q143260	11	11
Q143261	9	11
Q143262	9	11
Q143263	9	11
Q143264	11	11
Q143265	9	
Q143266	9	9
Q143270	9	11
Q143271		11
Q143272	11	9
Q143273	9	11
Q143274	11	11
Q143278	9	11
Q143279	9	9
Q143280	11	11
Q143281	9	9
Q143282		9
Q143284	11	11
Q143285		9
Q143290	11	9
Q143307	9	11
Q143308	9	11
Q143310	11	11
Q143316	11	11
Q143317	9	11
Q143322	9	9
Q143323	9	
Q143324	9	9
Q143326	9	9
Q143329	9	9
Q143334	9	11
Q143335		9
Q143337	9	
Q143342	9	9
Q143343		11
Q143344		9
Q143345	11	
Q143346	9	9
Q143351		11
Q143367	11	9
Q143373	9	
Q143374		9
Q143375	9	
Q143376		11
Q143377		11
Q143378	9	11
Q143383	9	11
Q143384	9	11
Q143385	9	11
Q143389	11	11
Q143395	11	11
Q143401	9	11
Q143409	9	
Q143410	9	
Q143412	9	11
Q143413	9	9
Q143415		11
Q143416		11
Q143417	11	11
Q143418	11	11
Q143419	11	11
Q143420	9	9
Q143421	9	11
Q143422	9	
Q143423	9	9
Q143424	9	9
Q143427	9	9
Q143428	11	11
Q143429	11	11
Q143430	9	9
Q143431	11	9
Q143432	9	
Q143433	9	9
Q143435	9	9
Q143437	9	
Q143440	11	11
Q143441	11	
Q143442	11	
Q143443	9	
Q143444	9	9
Q143446	9	11
Q143448	9	11
Q143464	11	11
Q143467	9	11
Q143468	9	11
Q143469	9	11
Q143472		9
Q143473	9	9
Q143475	9	11
Q143476	9	11
Q143478		11
Q143493	9	11
Q143499	9	11
Q143523		9
Q143528	9	9
Q143529	9	9
Q143530	9	9
Q143531	9	9
Q143532	9	11
Q143534	9	9
Q143535	9	
Q143536	9	9
Q143537		11
Q143538		9
Q143540	9	9
Q143542	9	11
Q143543	9	11
Q143544	9	11
Q143545	9	11
Q143547	11	11
Q143548	9	9
Q143549		9
Q143550	11	9
Q143551	9	11
Q143552	9	11
Q143555	11	11
Q143556	9	
Q143557	11	11
Q143558	11	11
Q143559		9
Q143560	11	11
Q143562	9	11
Q143563	9	11
Q143564	9	9
Q143567	9	11
Q143570	9	9
Q143571	9	11
Q143572	9	
Q143573	9	9
Q143575	11	11
Q143576	9	11
Q143577	9	11
Q143578	9	
Q143583	9	11
Q143584		11
Q143585	9	9
Q143586	9	
Q143587	9	9
Q143588		9
Q143590	9	11
Q143596	9	9
Q143597		9
Q143598		11
Q143599	9	9
Q143600	9	9
Q143603	9	
Q143604	9	
Q143605	11	11
Q143606	9	11
Q143607	11	11
Q143608	9	11
Q143609	9	11
Q143610	9	11
Q143612	9	11
Q143613	9	11
Q143617	11	11
Q143618	9	
Q143619		9
Q143621	9	9
Q143625	9	
Q143626	9	11
Q143627		9
Q143630	9	
Q143631	9	
Q143632	11	11
Q143633	11	11
Q143636		9
Q143637	9	11
Q143638	9	
Q143639	9	11
Q143640	11	11
Q143654	11	11
Q143656	11	11
Q143657	9	9
Q143658	9	
Q143659	9	11
Q143660	9	9
Q143661	9	
Q143663	9	9
Q143664	9	11
Q143666	9	
Q143670	9	9
Q143671	9	11
Q143672	9	
Q143674	9	11
Q143676		9
Q143678	9	9
Q143679	9	
Q143680	9	
Q143681	9	
Q143685	9	
Q143686	9	11
Q143687	9	11
Q143688	9	11
Q143689	9	11
Q143690		9
Q143691	9	9
Q143692		11
Q143693	9	11
Q143695	11	9
Q143699	11	11
Q143703	9	
Q143704		11
Q143705	11	11
Q143706	9	
Q143707	9	
Q143708	9	9
Q143709	9	9
Q143710	9	9
Q143712	9	
Q143713	9	9
Q143714	9	11
Q143717		9
Q143718	11	11
Q143721		11
Q143725	11	9
Q143726	9	
Q143727	9	9
Q143729		9
Q143731		9
Q143733	9	9
Q143734	9	11
Q143735		11
Q143736	11	11
Q143737	11	11
Q143738	9	9
Q143740	9	9
Q143741	9	
Q143742		9
Q143743	9	11
Q143746	9	9
Q143747	9	
Q143749	9	
Q143752	9	11
Q143753	9	9
Q143756		9
Q143757		11
Q143759		9
Q143760	9	9
Q143761	9	11
Q143763		11
Q143764	9	11
Q143765	9	9
Q143767	9	11
Q143770		11
Q143771	9	
Q143772		9
Q143774	9	
Q143775		9
Q143776	9	
Q143777		9
Q143790	9	9
Q143792	9	11
Q143793	9	11
Q143795	9	11
Q143797	9	
Q143798		11
Q143800	9	
Q143802		9
Q143803	9	11
Q143804	9	9
Q143805	9	
Q143807	9	10
Q143812	11	11
Q143813	11	11
Q143815	11	11
Q143816	11	11
Q143817		11
Q143818	9	11
Q143819	9	9
Q143821	9	
Q143825		9
Q143826	9	11
Q143827	9	9
Q143828	11	
Q143829		11
Q143830	11	11
Q143831	9	
Q143832	9	9
Q143833	9	11
Q143843		11
Q143844	11	9
Q143845	11	11
Q143848	9	9
Q143851		11
Q143852	9	
Q143853		11
Q143855		11
Q143857	9	9
Q143858	11	11
Q143859	11	11
Q143860	11	11
Q143863	11	11
Q143864	9	11
Q143865		9
Q143866		9
Q143867	9	9
Q143868		9
Q143869	9	11
Q143870		9
Q143872	11	11
Q143873	9	9
Q143874	9	
Q143875	9	11
Q143876	9	9
Q143877	11	11
Q143878	9	11
Q143879	9	9
Q143880	9	9
Q143881	9	9
Q143882		11
Q143883	11	11
Q143886	11	11
Q143888	11	11
Q143891	9	
Q143892	9	9
Q143893	9	
Q143895	9	9
Q143896	9	9
Q143898	9	9
Q143899	11	11
Q143900	9	
Q143901	9	9
Q143902	9	9
Q143903		9
Q143905	9	9
Q143906	11	11
Q143910		11
Q143911	11	11
Q143912		9
Q143913		9
Q143914		9
Q143915		9
Q143916		9
Q143917	11	11
Q143918		11
Q143919		11
Q143920		11
Q143922		9
Q143927		9
Q143928		9
Q143929		9
Q143930		9
Q143931		9
Q143932		9
Q143933		9
Q143934	11	11
Q143935	11	11
Q143936		11
Q143937		11
Q143938	9	
Q143940	11	
Q143941	9	9
Q143959	9	9
Q143960	11	11
Q143963	11	11
Q143964	9	11
Q143965	9	11
Q143966	9	11
Q143967	11	11
Q143968	9	9
Q143969	9	9
Q143970	11	11
Q143971	11	11
Q143972	9	11
Q143973	9	9
Q143978		11
Q143981	9	
Q143983	11	11
Q143984	9	11
Q143986		9
Q143992	9	11
Q143993	9	
Q143996	9	
Q143997	9	
Q143998	9	11
Q143999	9	10
Q144000	9	11
Q144001	9	11
Q144002	9	9
Q144003		9
Q144004		9
Q144005	9	11
Q144007	11	
Q144009	9	11
Q144011	9	
Q144016	9	9
Q144017	9	9
Q144019	9	
Q144021	9	11
Q144022	11	9
Q144025	11	9
Q144026	9	11
Q144027	9	
Q144028		9
Q144029	9	11
Q144030	9	
Q144031	9	
Q144032	9	9
Q144035	9	9
Q144036	9	
Q144038	9	11
Q144039	9	9
Q144040	9	9
Q144041	11	11
Q144043	11	11
Q144044	9	
Q144046	9	9
Q144047		9
Q144049	9	9
Q144050	9	9
Q144051	9	
Q144053	9	9
Q144054	9	9
Q144056	9	9
Q144057	9	9
Q144058	9	
Q144059		9
Q144062	9	
Q144067	9	9
Q144070	9	9
Q144071	9	11
Q144074	9	11
Q144077	9	9
Q144078	9	11
Q144081	9	9
Q144082	9	9
Q144083	9	
Q144085	9	11
Q144088	9	11
Q144092	9	
Q144095	9	9
Q144096	9	11
Q144097	11	
Q144101	9	9
Q144104	11	11
Q144105	9	
Q144106	9	9
Q144107	9	
Q144108	9	
Q144109	9	9
Q144110	9	9
Q144111		11
Q144112	11	11
Q144118		9
Q144120	9	
Q144125	9	
Q144127	9	11
Q144130	9	9
Q144131	9	
Q144132	9	9
Q144134	11	9
Q144135	9	9
Q144137	9	
Q144143	9	9
Q144147	11	9
Q144150		9
Q144151	9	11
Q144152	9	11
Q144153	11	11
Q144154	9	11
Q144155	9	11
Q144156		9
Q144158	11	11
Q144159	9	
Q144160	9	
Q144163	9	
Q144164	9	9
Q144166		11
Q144167	9	11
Q144169	11	
Q144171	9	9
Q144173	9	9
Q144177	9	9
Q144179	9	
Q144182	9	11
Q144183	9	11
Q144184		9
Q144185	11	11
Q144186	9	9
Q144187	9	11
Q144188	11	11
Q144189	11	
Q144190		11
Q144192	11	11
Q144195	11	11
Q144196	9	11
Q144197	11	11
Q144198	9	9
Q144200	11	11
Q144201	9	11
Q144203		11
Q144204	11	11
Q144205	11	11
Q144207	9	9
Q144211	9	
Q144213	9	11
Q144217	11	9
Q144218	9	9
Q144222		9
Q144223	11	11
Q144226	9	
Q144228	9	9
Q144232	11	11
Q144233	9	11
Q144235	9	11
Q144236	11	11
Q144237	9	
Q144238	11	11
Q144239	11	11
Q144240	9	9
Q144243	9	11
Q144248	9	
Q144249	9	
Q144252	9	
Q144255	11	
Q144256	11	11
Q144259	9	9
Q144261	9	9
Q144262	9	
Q144264	9	9
Q144265	9	9
Q144267	9	9
Q144272	9	9
Q144273	9	9
Q144275	9	
Q144276	9	9
Q144277	9	9
Q144278	9	
Q144279	9	9
Q144281	9	9
Q144282		9
Q144283	9	
Q144286	9	
Q144287		9
Q144288	9	
Q144289	11	11
Q144291	9	9
Q144293	9	9
Q144294	9	9
Q144297	9	9
Q144298	9	
Q144300	9	
Q144302	9	11
Q144303	9	
Q144304	9	
Q144305	9	
Q144308	9	9
Q144309	9	
Q144310	9	
Q144316	9	9
Q144317	9	
Q144318	9	9
Q144322	9	
Q144323	9	
Q144325	11	
Q144326	11	11
Q144330	9	9
Q144335	9	9
Q144336	9	9
Q144347	9	11
Q144348		9
Q144351		11
Q144352	9	9
Q144353		9
Q144354		9
Q144355		11
Q144356		9
Q144361		9
Q144362		11
Q144364		11
Q144369	11	
Q144371	11	
Q144373		9
Q144374	9	11
Q144380	9	11
Q144381	9	11
Q144386	9	
Q144388	11	9
Q144395	9	
Q144396	11	11
Q144401	9	11
Q144403	9	
Q144404	9	
Q144406	11	11
Q144407	11	11
Q144408	11	
Q144409	11	
Q144411	9	11
Q144412	9	
Q144417	9	
Q144418	9	
Q144421	9	9
Q144423	9	
Q144424	9	
Q144428	11	11
Q144430	9	
Q144433	9	11
Q144434	11	9
Q144438	9	9
Q144443		9
Q144444	11	11
Q144445	9	
Q144467	9	
Q144469		9
Q144479	9	
Q144480	9	9
Q144483	9	
Q144484		9
Q144487	9	
Q144488	9	9
Q144490	9	9
Q144491	9	11
Q144492	9	9
Q144494	9	9
Q144499		9
Q144502		9
Q144505		9
Q144507		9
Q144509	9	9
Q144511	9	9
Q144526	9	
Q144527	9	9
Q144537		11
Q144553	9	
Q144554	9	
Q144569	9	
Q144590	9	
Q144598	9	9
Q144602		9
Q144609	9	
Q144616	9	9
Q144618	9	
Q144691	9	
Q144693	11	11
Q144694	11	9
Q144695	9	11
Q144696	9	11
Q144698	9	
Q144724	9	
Q144725	9	
Q144738	11	11
Q144743		11
Q144744		11
Q144745		11
Q144746		11
Q144747		11
Q144775		9
Q144777	9	
Q144779	9	9
Q144780	9	9
Q144781	11	11
Q144782		11
Q144783	9	11
Q144784	11	11
Q144788	9	11
Q144791		9
Q144792		9
Q144793		9
Q144805	9	9
Q144806	9	
Q144820		9
Q144830	11	9
Q144831	11	11
Q144833	9	9
Q144834		9
Q144835	9	9
Q144839	9	
Q144843	9	
Q144854	9	9
Q144855	9	
Q144856	9	11
Q144865	9	
Q144870	11	11
Q144871	9	11
Q144873	9	10
Q144875	9	10
Q144876		11
Q144877	9	9
Q144878	9	
Q144882	9	
Q144883	9	
Q144884		11
Q144885		9
Q144886	9	11
Q144887	9	10
Q144889	9	
Q144891	9	9
Q144892		11
Q144893	9	9
Q144895	9	
Q144896	11	11
Q144897		9
Q144898	10	11
Q144899	11	11
Q144901		9
Q144902	9	
Q144905	11	9
Q144908	11	11
Q144909	11	11
Q144910		11
Q144911	11	9
Q144912	9	
Q144913	9	9
Q144914	11	11
Q144915	9	11
Q144916	9	9
Q144918	9	11
Q144919	9	
Q144921	9	11
Q144922		11
Q144923	11	11
Q144924	9	9
Q144925	9	11
Q144926	11	11
Q144927	9	9
Q144928	10	9
Q144929	9	11
Q144930	9	11
Q144931	9	11
Q144932	11	11
Q144933	9	9
Q144934	9	11
Q144935	9	11
Q144938	9	
Q144940	9	11
Q144941	9	
Q144943	11	11
Q144944	9	
Q144945	9	
Q144946	9	11
Q144948	9	9
Q144949	9	
Q144952	9	9
Q144954	11	
Q144955	9	
Q144956	9	11
Q144958	9	9
Q144959	9	9
Q144960	11	9
Q144962	9	9
Q144985	9	
Q144989	11	9
Q144990	9	
Q144991	11	
Q144992	11	11
Q144993	9	
Q144994	9	11
Q144998	11	9
Q145000	9	11
Q145002		11
Q145003		11
Q145004	11	11
Q145005	9	11
Q145006	9	9
Q145008	11	11
Q145014	9	
Q145015	9	9
Q145016	9	9
Q145019	9	11
Q145020		9
Q145028	11	11
Q145030	9	9
Q145031	11	9
Q145032		9
Q145033	9	9
Q145034	11	11
Q145035	11	11
Q145036	9	
Q145037	9	9
Q145046	9	11
Q145047	9	9
Q145048	9	9
Q145050	9	
Q145051	9	11
Q145052	11	9
Q145053	9	9
Q145055	9	11
Q145056	9	9
Q145057	11	11
Q145058	9	11
Q145059	11	11
Q145060	9	9
Q145062	9	9
Q145063	10	11
Q145064	11	9
Q145065	9	
Q145067	11	11
Q145068	11	11
Q145069	11	11
Q145070	11	11
Q145071	11	11
Q145072	11	11
Q145077	9	11
Q145078	9	11
Q145079	9	9
Q145082	11	11
Q145085	9	11
Q145086	9	11
Q145087	9	11
Q145095	11	11
Q145097	11	11
Q145098	11	11
Q145099	9	9
Q145100	9	9
Q145101	9	
Q145102	11	11
Q145103	9	9
Q145106	9	9
Q145113		9
Q145114	9	9
Q145115	9	11
Q145116	11	11
Q145117	9	11
Q145118	9	
Q145119	9	
Q145120	9	11
Q145121	9	
Q145122	11	11
Q145125	11	11
Q145127	11	11
Q145130	9	9
Q145131	9	
Q145132	11	11
Q145133	11	11
Q145134	11	11
Q145135	9	11
Q145136	11	11
Q145137	9	11
Q145138	11	10
Q145140	9	9
Q145141		9
Q145142	9	
Q145144	9	11
Q145145	9	9
Q145147	9	9
Q145148	9	9
Q145149		9
Q145150	9	11
Q145151	11	11
Q145152		11
Q145153		11
Q145154	9	11
Q145155	11	11
Q145156	9	
Q145157	9	9
Q145158	11	11
Q145159	9	
Q145160	9	9
Q145161		11
Q145162	9	11
Q145163	9	9
Q145164	9	
Q145165	9	11
Q145167		9
Q145168	9	
Q145169		9
Q145170	9	9
Q145173	9	11
Q145176	9	
Q145177	9	9
Q145178	9	11
Q145180	9	
Q145183	11	11
Q145184	9	
Q145185	9	11
Q145190		9
Q145192	9	
Q145193	9	11
Q145194	9	
Q145195	9	
Q145198		10
Q145202		9
Q145205		9
Q145206		11
Q145207		9
Q145208	9	9
Q145209	9	
Q145213	9	9
Q145216		9
Q145217		10
Q145218	9	9
Q145219	9	9
Q145220	9	9
Q145221		9
Q145222	11	11
Q145223	9	9
Q145225	11	11
Q145226	11	11
Q145229	9	
Q145230	11	9
Q145231	11	11
Q145232	9	9
Q145233		11
Q145237	9	11
Q145238		9
Q145239	9	
Q145242	9	11
Q145244	9	11
Q145245	11	11
Q145246	9	
Q145247		9
Q145248	9	9
Q145249	11	9
Q145250	9	9
Q145251	9	
Q145252	9	9
Q145253	11	11
Q145254	9	
Q145255		9
Q145256	9	
Q145257	9	11
Q145259	9	11
Q145260	9	
Q145262		9
Q145263		11
Q145264		11
Q145266		11
Q145267	9	9
Q145268	9	9
Q145269	11	11
Q145270	9	9
Q145271		9
Q145272	9	9
Q145273	9	9
Q145274	9	9
Q145275		11
Q145276	9	11
Q145278	9	11
Q145280	9	9
Q145284	9	9
Q145285	9	
Q145286	9	11
Q145293	11	9
Q145294	9	
Q145295	11	11
Q145296	9	9
Q145297	11	11
Q145298	11	
Q145299	11	
Q145301	11	11
Q145302	9	9
Q145306		11
Q145330	9	
Q145331	11	11
Q145332	9	9
Q145334	9	9
Q145360	9	9
Q145365	9	
Q145370		9
Q145392	9	9
Q145394	9	
Q145396	9	9
Q145397	9	11
Q145398	11	11
Q145399	9	
Q145400	9	11
Q145401	9	
Q145402	9	11
Q145403	11	11
Q145404	9	
Q145407	9	11
Q145409		11
Q145410	9	11
Q145411	9	
Q145412	9	9
Q145413	9	11
Q145414	11	11
Q145415	11	11
Q145418		9
Q145420		11
Q145421	9	11
Q145422	9	
Q145423	11	11
Q145424	9	11
Q145427		11
Q145428		11
Q145429	9	11
Q145430	11	11
Q145432		11
Q145434	9	9
Q145435	11	11
Q145436	11	11
Q145437	9	9
Q145438	9	11
Q145439		9
Q145440	9	9
Q145441		9
Q145444	11	9
Q145445		9
Q145446	9	9
Q145448	9	10
Q145449	9	9
Q145451		11
Q145452	9	9
Q145453	9	11
Q145455	11	11
Q145456	9	9
Q145458	9	9
Q145459	9	
Q145460	9	
Q145461	11	
Q145462	9	11
Q145463	9	9
Q145464	9	9
Q145465	11	11
Q145466	11	11
Q145467	9	9
Q145468	9	11
Q145469	9	11
Q145470	9	
Q145472	9	9
Q145473	11	9
Q145485	9	11
Q145486		11
Q145487	9	11
Q145488	9	9
Q145489	9	
Q145490	9	11
Q145491	9	9
Q145492	11	11
Q145493	11	11
Q145494	11	9
Q145495	9	
Q145498	9	11
Q145499		9
Q145501	9	
Q145504	11	11
Q145505	9	11
Q145506	9	
Q145507	9	11
Q145511		11
Q145512		11
Q145513	9	11
Q145516	9	11
Q145518	9	11
Q145522	9	
Q145582	9	
Q145596	11	11
Q145598	9	11
Q145606	9	
Q145607		11
Q145627	9	9
Q145640	9	9
Q145723	9	
Q145728	9	
Q145744	9	9
Q145745	9	
Q145747		11
Q145748	11	
Q145749	9	11
Q145752	9	9
Q145755	9	
Q145757	9	
Q145758	9	
Q145798	9	11
Q145799	9	9
Q145800	9	9
Q145801	9	9
Q145802	11	9
Q145803	9	
Q145804	9	
Q145805	9	11
Q145807	9	
Q145846	9	11
Q145847	9	
Q145854	9	9
Q145855	9	9
Q145856	9	9
Q145857	9	9
Q145863	9	
Q145868	9	
Q145880	9	9
Q145881	9	9
Q145888	9	9
Q145889	9	
Q145890	9	9
Q145891	9	9
Q145892	9	
Q145900	9	
Q145901	9	10
Q145917		11
Q145938	9	9
Q145939	9	
Q145940	9	9
Q145943	9	9
Q145944	9	9
Q145946	9	9
Q145947		11
Q145950	9	
Q145959		9
Q145967	9	11
Q145968	9	9
Q145971		11
Q145976	9	
Q145978	9	11
Q145979	9	10
Q145981	9	11
Q145982	9	11
Q145983	9	9
Q145984	11	11
Q145985		11
Q145987	9	
Q145994	9	9
Q145995		9
Q146001	9	11
Q146007	9	9
Q146009	9	9
Q146010	9	11
Q146012	9	
Q146027	9	11
Q146053	11	
Q146069	9	
Q146086	9	
Q146114	9	9
Q146116		9
Q146117	11	9
Q146124	9	
Q146153	9	
Q146186	9	
Q146188	9	11
Q146214		11
Q146243	9	9
Q146260	9	
Q146290	9	9
Q146337	9	
Q146366	9	
Q146400	9	
Q146409	9	
Q146419	9	
Q146420	9	
Q146441	9	9
Q146505	11	11
Q146506	9	
Q146507		9
Q146508	9	9
Q146511		11
Q146512	9	11
Q146513	9	11
Q146515	11	11
Q146518		11
Q146519	9	9
Q146521	9	11
Q146523	11	9
Q146524	9	
Q146525	9	9
Q146526		11
Q146527	9	9
Q146529	9	11
Q146531	9	9
Q146532	9	11
Q146533	11	11
Q146534		11
Q146535	9	9
Q146536		9
Q146537	9	
Q146538	9	9
Q146539	11	11
Q146540	9	9
Q146541	9	9
Q146542	9	9
Q146543		9
Q146546	11	11
Q146550	11	11
Q146551		9
Q146552	11	11
Q146553	11	11
Q146554	11	11
Q146555	9	
Q146556	9	
Q146557	9	
Q146559	9	11
Q146560	9	11
Q146561	9	11
Q146562	9	
Q146564	9	9
Q146566		11
Q146567	9	11
Q146568	11	11
Q146569	11	11
Q146571	11	11
Q146572	11	11
Q146573	11	11
Q146574		9
Q146575		11
Q146576	9	11
Q146577	11	11
Q146578	9	11
Q146579	9	11
Q146584		9
Q146585	11	11
Q146586	9	9
Q146587	11	11
Q146597	11	11
Q146598	9	11
Q146603	9	9
Q146608	9	9
Q146611		11
Q146613	9	11
Q146614	9	9
Q146615	11	11
Q146616	11	11
Q146619		10
Q146622		9
Q146623	9	9
Q146625		9
Q146626		9
Q146627	9	9
Q146631	9	
Q146634	9	11
Q146635	9	
Q146637	9	
Q146639	11	11
Q146640	9	11
Q146641	9	9
Q146642		9
Q146643		9
Q146648	9	9
Q146649	9	9
Q146650	9	9
Q146656	9	11
Q146657	9	
Q146659		10
Q146662	9	9
Q146669		10
Q146670	9	
Q146674		9
Q146678	11	9
Q146682	9	
Q146689	9	11
Q146694	9	9
Q146695		11
Q146696	9	9
Q146700		11
Q146701		11
Q146702	9	11
Q146703	9	9
Q146704	9	9
Q146705		9
Q146707	11	11
Q146708	9	9
Q146711	9	11
Q146712	9	10
Q146713	11	11
Q146714	9	11
Q146715	9	11
Q146721		11
Q146726	9	9
Q146728	9	
Q146731	9	
Q146740	9	
Q146741	9	11
Q146744	9	
Q146745	11	11
Q146750		9
Q146752	9	
Q146756	9	11
Q146758	11	9
Q146770		9
Q146771	11	11
Q146772	9	9
Q146773		11
Q146775	9	9
Q146776	9	
Q146777		9
Q146780	9	9
Q146781	11	11
Q146782	11	11
Q146783	11	11
Q146784	9	11
Q146791		11
Q146792		11
Q146793	9	9
Q146794	9	11
Q146795	11	11
Q146797	9	
Q146798		9
Q146802		11
Q146803	11	9
Q146804	9	9
Q146805	9	
Q146806	9	9
Q146809		9
Q146810	9	9
Q146811		9
Q146812		9
Q146813		11
Q146814		9
Q146815	9	9
Q146816	11	11
Q146820		11
Q146821	9	9
Q146822	9	
Q146824	9	9
Q146826		11
Q146827	9	11
Q146831	9	9
Q146832	9	
Q146833	9	10
Q146835	9	11
Q146836	9	11
Q146837	9	9
Q146839	9	11
Q146840	9	9
Q146841		9
Q146842		10
Q146843		9
Q146845	11	
Q146846		11
Q146850		11
Q146852	9	9
Q146853	9	11
Q146855	9	11
Q146856	11	9
Q146857	11	11
Q146858	9	11
Q146859	9	9
Q146860	9	9
Q146872	9	9
Q146889	9	9
Q146890	9	9
Q146891	9	
Q146892	9	11
Q146893	9	9
Q146894		9
Q146898	9	9
Q146899	9	9
Q146900	9	11
Q146901	9	
Q146903	9	9
Q146904	11	9
Q146905	9	11
Q146906	9	
Q146907		9
Q146915		11
Q146918	11	11
Q146919	9	11
Q146922	9	9
Q146923	9	
Q146924	9	
Q146925		9
Q146927	9	9
Q146928	9	9
Q146932	9	11
Q146933	9	11
Q146934	9	9
Q146936		11
Q146939	9	9
Q146941	9	
Q146942	9	11
Q146943	9	9
Q146944	9	9
Q146945	9	9
Q146960	9	11
Q146963	9	9
Q146965	9	9
Q146966	11	
Q146967	9	
Q146968	9	9
Q146969	9	11
Q146971	9	9
Q146976	9	11
Q146979		9
Q146980	9	9
Q146981	9	9
Q146985	9	9
Q146987	9	11
Q146988	9	11
Q146989		11
Q146991	9	9
Q146993		9
Q146995		9
Q146996		11
Q146998		11
Q146999	9	9
Q147001	9	
Q147002	11	11
Q147005		9
Q147006	9	9
Q147010	9	11
Q147011	11	11
Q147013	11	11
Q147014	11	11
Q147015	9	9
Q147017	11	11
Q147018	9	9
Q147021	9	
Q147022		11
Q147023	9	9
Q147024	9	
Q147025	9	
Q147026	9	9
Q147027	9	11
Q147033	9	
Q147034		9
Q147035	9	
Q147036	9	
Q147037		9
Q147039	9	
Q147040	9	9
Q147041	9	
Q147043	11	11
Q147045	9	11
Q147047	11	11
Q147049	9	9
Q147050	11	11
Q147051	9	11
Q147052	11	11
Q147055	9	
Q147058		11
Q147059		11
Q147060	9	11
Q147061	9	9
Q147062	11	11
Q147063	9	11
Q147064	11	11
Q147072	9	11
Q147075	9	
Q147076	9	
Q147078	11	11
Q147079	9	
Q147080	9	9
Q147081	11	11
Q147082	9	11
Q147083	9	
Q147086	11	11
Q147087	11	
Q147094	9	9
Q147095		9
Q147096	9	
Q147098	9	11
Q147100	11	11
Q147101	11	9
Q147102	9	11
Q147103	9	11
Q147104	9	
Q147106	9	
Q147107	9	9
Q147108	9	
Q147109	9	11
Q147110	9	11
Q147112	9	9
Q147113	11	11
Q147114	11	11
Q147115	9	11
Q147117	11	11
Q147124	11	11
Q147125	9	11
Q147126	9	9
Q147127	9	11
Q147129	9	
Q147130	11	11
Q147131	9	11
Q147132		9
Q147133		11
Q147134	11	11
Q147135	9	11
Q147136	11	11
Q147137	9	11
Q147138	9	9
Q147141	9	11
Q147146	11	9
Q147148	9	11
Q147150	11	11
Q147155	11	11
Q147156	9	9
Q147157	11	11
Q147158		11
Q147159	9	11
Q147161	9	9
Q147162	9	
Q147163	9	
Q147164	9	11
Q147165	9	9
Q147166	11	11
Q147167	9	
Q147168	11	11
Q147169	9	11
Q147170		11
Q147174	9	9
Q147175	9	11
Q147177	11	
Q147178	9	
Q147179		11
Q147180		11
Q147181	9	9
Q147184		9
Q147187	11	11
Q147189	9	
Q147190	9	9
Q147191	9	11
Q147192	11	9
Q147194	9	11
Q147196		11
Q147198		11
Q147202		11
Q147203		9
Q147205		11
Q147208	9	11
Q147209	9	11
Q147210		11
Q147214	9	
Q147215	9	11
Q147217	9	9
Q147225		9
Q147227	11	11
Q147228		11
Q147229		11
Q147230		11
Q147232		11
Q147233		9
Q147235		9
Q147237	11	
Q147238		9
Q147239		9
Q147240	11	11
Q147241	11	9
Q147242	9	
Q147243	9	9
Q147244	11	11
Q147247	9	9
Q147248		9
Q147250	9	11
Q147252		9
Q147253	11	11
Q147254	9	11
Q147258	9	11
Q147260	11	11
Q147262	9	11
Q147263	9	11
Q147264	11	11
Q147267	9	
Q147268		9
Q147269	9	
Q147270	9	
Q147272	9	
Q147276		9
Q147277	11	
Q147278	11	11
Q147280		9
Q147281	9	11
Q147282	9	9
Q147284	9	9
Q147285	9	9
Q147287		9
Q147288	9	
Q147289	9	9
Q147291	9	
Q147292	9	9
Q147293	9	9
Q147294	9	9
Q147302	9	
Q147305		9
Q147306	9	11
Q147308	11	11
Q147309	9	9
Q147310	9	
Q147312	9	
Q147313		11
Q147314	11	11
Q147315	11	11
Q147316	11	11
Q147317	11	11
Q147318	9	11
Q147319	11	11
Q147320	11	11
Q147322	11	11
Q147329		9
Q147340	9	9
Q147341	9	
Q147342		10
Q147345		10
Q147348	11	11
Q147349	9	9
Q147351	9	9
Q147352	11	11
Q147353	9	
Q147357	9	9
Q147358		11
Q147359		11
Q147364	11	11
Q147365	11	11
Q147366		10
Q147369	11	9
Q147370	9	9
Q147371	9	11
Q147372	9	9
Q147374		9
Q147375		9
Q147376	9	
Q147377		9
Q147378	11	11
Q147379		9
Q147382		9
Q147384	9	9
Q147385	9	
Q147386	9	11
Q147387		9
Q147388	9	11
Q147390	9	9
Q147391	9	9
Q147392	9	11
Q147394	9	
Q147396	9	9
Q147400	9	11
Q147401	9	11
Q147402		9
Q147403	9	11
Q147406		9
Q147407		9
Q147410		9
Q147411		9
Q147415	9	
Q147416	9	9
Q147417	9	11
Q147418	9	9
Q147421	9	9
Q147424	9	9
Q147426	11	11
Q147429	9	9
Q147434	9	11
Q147435	9	
Q147436		11
Q147437		9
Q147441	9	9
Q147442		11
Q147447	9	11
Q147448		11
Q147449	9	11
Q147450	11	11
Q147451	11	11
Q147453	11	11
Q147454	9	11
Q147455	11	11
Q147456	11	11
Q147457	11	11
Q147458	9	9
Q147459		11
Q147461		11
Q147463	9	11
Q147532	11	11
Q147536	9	9
Q147538	9	9
Q147540	9	9
Q147542		11
Q147548	9	11
Q147550	9	
Q147552	11	
Q147554	11	11
Q147556	9	9
Q147558	9	
Q147560	9	
Q147569	9	
Q147571	9	
Q147573	9	9
Q147575	9	9
Q147577	11	
Q147579	9	11
Q147581	11	11
Q147583	9	11
Q147585	9	
Q147587	9	9
Q147589	9	
Q147597	9	
Q147599	11	11
Q147601	9	
Q147603	9	
Q147605	9	9
Q147607		9
Q147612		11
Q147616	11	9
Q147618	9	
Q147620	9	11
Q147622	9	9
Q147624	9	
Q147638	9	9
Q147640	11	9
Q147642	9	11
Q147646	9	
Q147654		9
Q147662		11
Q147664	9	11
Q147666		9
Q147668		11
Q147672		9
Q147676		11
Q147678		9
Q147682	9	9
Q147689		11
Q147691	9	11
Q147693	9	11
Q147697	11	11
Q147699	9	11
Q147701	9	
Q147703	9	9
Q147705	9	11
Q147707	9	
Q147713	9	11
Q147719	9	9
Q147721		11
Q147725	9	9
Q147727		9
Q147729	11	
Q147731	11	11
Q147737	11	11
Q147739	9	9
Q147741	11	11
Q147743	9	
Q147745	11	9
Q147747		11
Q147749	11	9
Q147751		9
Q147757		9
Q147759		9
Q147761		9
Q147763		11
Q147765		9
Q147767		9
Q147771		9
Q147774	11	9
Q147776		9
Q147778		9
Q147784		9
Q147786		9
Q147788		11
Q147792	9	
Q147794	9	9
Q147796		11
Q147798	9	10
Q147800		9
Q147802		9
Q147804		9
Q147806		9
Q147808		11
Q147810		11
Q147814		9
Q147816		11
Q147820	11	
Q147824	9	11
Q147826	9	
Q147832	9	
Q147854	9	9
Q147859	9	9
Q147861	9	9
Q147863	9	9
Q147867	11	11
Q147869	9	9
Q147875	11	11
Q147881	11	11
Q147885	9	11
Q147887	9	11
Q147891		11
Q147893	11	9
Q147895	9	11
Q147897		9
Q147906	9	11
Q147908	9	11
Q147912	9	11
Q147916		11
Q147922	11	9
Q147924	9	11
Q147926	9	9
Q147928		9
Q147932	9	9
Q147936		9
Q147942		9
Q147944		9
Q147960	9	
Q147964	9	9
Q147970	9	11
Q147974		11
Q147976	9	11
Q147978	9	9
Q147982	9	11
Q147984	9	11
Q147986	9	11
Q147988	9	11
Q147990	9	
Q147992		9
Q147994	9	
Q148005	9	
Q148007	9	11
Q148008	9	11
Q148010	9	9
Q148011	9	11
Q148012	9	
Q148013	11	9
Q148016		11
Q148022	9	9
Q148023	11	11
Q148024	11	9
Q148025		9
Q148026	11	9
Q148030	9	9
Q148031	9	9
Q148032	9	9
Q148033	9	9
Q148034	11	11
Q148035	9	9
Q148036	9	9
Q148037	9	9
Q148038	9	11
Q148039	9	11
Q148040	11	11
Q148041	9	11
Q148042	9	9
Q148043	9	9
Q148044	9	9
Q148045	9	
Q148046	9	9
Q148047	9	9
Q148048	9	9
Q148049	9	9
Q148050	9	9
Q148053	9	9
Q148054	9	9
Q148055	9	9
Q148056		9
Q148059	9	9
Q148060	9	9
Q148063	9	9
Q148066	9	9
Q148067	9	
Q148070		9
Q148071	9	9
Q148075	9	9
Q148076	9	9
Q148077	9	9
Q148080	9	
Q148081	9	
Q148083	9	9
Q148084	9	9
Q148085	9	
Q148088	9	9
Q148089	9	
Q148090	9	9
Q148091	11	11
Q148092	11	11
Q148093	9	9
Q148096	9	
Q148098	11	11
Q148100	11	11
Q148102	11	11
Q148104	9	9
Q148107	9	9
Q148108	9	
Q148110	9	9
Q148111	9	9
Q148112	9	
Q148117	9	9
Q148118	9	9
Q148119	9	9
Q148121	9	11
Q148122	9	9
Q148123	9	9
Q148124	9	
Q148127	9	
Q148128	9	11
Q148129	9	
Q148132	11	11
Q148137	9	
Q148138	9	9
Q148139	9	11
Q148140	9	
Q148142	9	
Q148143	9	11
Q148144	9	
Q148145	9	9
Q148147	9	
Q148148	11	11
Q148149	11	11
Q148151	11	11
Q148152	9	
Q148154		9
Q148159	11	9
Q148161	9	9
Q148162	11	
Q148163	9	
Q148165	11	11
Q148166	11	11
Q148169	11	9
Q148173	11	9
Q148174	9	11
Q148175	9	
Q148176	9	
Q148177	9	
Q148179		9
Q148180	9	11
Q148181	9	9
Q148182	9	9
Q148184	11	11
Q148185	11	
Q148186	9	9
Q148188	9	
Q148189	9	
Q148192	11	11
Q148194	9	9
Q148196	11	11
Q148197	9	
Q148199	9	
Q148202	9	9
Q148203	9	11
Q148204	9	
Q148207	9	
Q148208	9	
Q148209	9	9
Q148210	9	9
Q148211	9	9
Q148212	9	
Q148213	9	9
Q148214	9	
Q148215	9	9
Q148220	9	
Q148222	9	9
Q148224	9	9
Q148226	9	9
Q148229	9	11
Q148233	9	
Q148234	9	
Q148235	9	11
Q148238		11
Q148239	11	11
Q148243	11	11
Q148245	9	9
Q148258		11
Q148263		11
Q148265	11	9
Q148266	11	11
Q148267		11
Q148269	11	11
Q148270	9	11
Q148271		9
Q148272		11
Q148273		11
Q148277	11	11
Q148278	9	11
Q148279		11
Q148281	11	11
Q148282		11
Q148284	11	11
Q148288		11
Q148289	11	11
Q148291		9
Q148292	9	9
Q148293		11
Q148299	9	11
Q148300	11	
Q148301	9	9
Q148303	9	
Q148304	9	9
Q148306	9	
Q148308	9	
Q148313	9	
Q148315	11	11
Q148316	9	11
Q148318	11	11
Q148322	9	11
Q148324	11	11
Q148325	9	11
Q148326	9	
Q148327	11	9
Q148328	11	11
Q148329	11	11
Q148330	9	9
Q148331	11	11
Q148333	9	
Q148334	9	
Q148336	11	11
Q148341	11	11
Q148342	9	
Q148343	9	
Q148344	9	
Q148345	9	
Q148347	11	9
Q148351	9	9
Q148353	9	
Q148354	9	
Q148355	9	
Q148356	9	11
Q148359	9	
Q148361	9	
Q148376	9	11
Q148377	9	
Q148380	9	
Q148381		11
Q148382		11
Q148388	11	11
Q148389	9	
Q148390	9	11
Q148404	9	
Q148406	11	11
Q148408		11
Q148409	9	11
Q148413		11
Q148418	11	11
Q148420	9	9
Q148421	9	11
Q148422	9	11
Q148423	9	
Q148425	9	11
Q148426		11
Q148427	9	9
Q148429	9	9
Q148430		9
Q148437		9
Q148438		11
Q148443		9
Q148446	9	
Q148451	9	
Q148453		9
Q148455	9	11
Q148456	9	
Q148458	9	11
Q148459		9
Q148466		9
Q148477	9	9
Q148479	9	9
Q148488	9	9
Q148489	9	
Q148498	9	9
Q148499	9	
Q148500	9	11
Q148501	9	11
Q148502		11
Q148503	9	11
Q148512		9
Q148513		11
Q148515	9	9
Q148538	9	
Q148649	9	
Q148650	9	
Q148696	9	9
Q148697	9	9
Q148699	9	
Q148701	9	9
Q148702	9	9
Q148704	11	11
Q148706	9	11
Q148707	9	
Q148708	9	9
Q148713	9	
Q148737	9	
Q148738	9	
Q148755	11	11
Q148759	11	9
Q148760		11
Q148783	9	9
Q148798		9
Q148799	9	9
Q148800	9	11
Q148802	9	
Q148803		11
Q148806	9	9
Q148808	9	
Q148810		9
Q148811		9
Q148813	9	11
Q148814	9	
Q148815	9	11
Q148817	11	
Q148821	11	11
Q148822		9
Q148834	9	
Q148851	9	9
Q148852	9	9
Q148853		11
Q148855	9	11
Q148856		9
Q148866	9	
Q148874	9	9
Q148886		9
Q148890	9	11
Q148891	9	
Q148893		9
Q148896	11	11
Q148897		11
Q148898		11
Q148899	9	11
Q148900	9	9
Q148901	9	11
Q148902		11
Q148905	9	
Q148910	11	11
Q148911	9	11
Q148912	9	
Q148913	9	9
Q148914	9	9
Q148915	11	9
Q148916	9	11
Q148923	11	11
Q148924		9
Q148925		9
Q148926	9	9
Q148927	9	
Q148929		11
Q148930		11
Q148932	9	11
Q148934	9	9
Q148935	11	11
Q148939	11	
Q148940	11	9
Q148941	11	11
Q148942	11	10
Q148943	11	11
Q148944	11	11
Q148945	9	11
Q148946	11	11
Q148947	9	11
Q148948	9	
Q148949	11	11
Q148950	11	11
Q148956		11
Q148958	11	11
Q148960	11	11
Q148961	11	11
Q148962	11	11
Q148963	11	11
Q148964	11	9
Q148965	9	11
Q148966	11	11
Q148967	9	11
Q148968	9	
Q148969	9	9
Q148970	11	11
Q148973	9	
Q148975	9	
Q148976	9	11
Q148978		9
Q148979	11	11
Q148980		11
Q148982	9	11
Q148983	9	9
Q148984	9	9
Q148986	9	
Q148987	9	9
Q148989	11	11
Q148990	11	11
Q148991	9	11
Q148992	9	
Q148993	11	9
Q148994	9	11
Q148996	9	9
Q148997	9	
Q148998		9
Q148999		9
Q149001	9	
Q149002	9	
Q149003		9
Q149005	9	
Q149006	9	11
Q149007	9	
Q149008		11
Q149013	9	9
Q149014		9
Q149016	11	11
Q149017	11	
Q149019	11	11
Q149021	11	11
Q149022	9	11
Q149023	11	9
Q149024	11	
Q149026	11	11
Q149031		11
Q149032		11
Q149033	9	9
Q149035	9	
Q149036	9	
Q149037	9	
Q149038	9	9
Q149043	9	9
Q149044	9	11
Q149045	9	9
Q149046		9
Q149047	9	
Q149048	9	
Q149049	9	
Q149050	11	11
Q149052	11	11
Q149053	9	
Q149055	11	11
Q149056	11	11
Q149057	9	11
Q149058	9	11
Q149059	9	11
Q149060	11	11
Q149061	9	11
Q149062		11
Q149086	9	9
Q149092	9	9
Q149093		9
Q149094	9	9
Q149095	11	9
Q149096	9	
Q149100	9	9
Q149101	9	9
Q149102	9	9
Q149103	9	9
Q149104	11	9
Q149107	9	9
Q149108	9	9
Q149109	9	9
Q149110	9	11
Q149113	11	11
Q149114	11	11
Q149115	11	9
Q149116	9	9
Q149118	11	11
Q149119		9
Q149120	11	11
Q149121	9	11
Q149122	9	
Q149123	9	9
Q149125	9	
Q149126		9
Q149127	9	9
Q149128	11	11
Q149129	9	11
Q149130	9	9
Q149132	9	11
Q149133	9	11
Q149135	9	11
Q149136	9	11
Q149137	11	11
Q149138	9	11
Q149139	9	11
Q149140		11
Q149142	11	11
Q149143	9	9
Q149145		10
Q149147		9
Q149148	9	
Q149149		11
Q149150		9
Q149151	9	9
Q149155	9	11
Q149156	9	9
Q149157	9	11
Q149159		9
Q149160	11	11
Q149161	11	
Q149162	9	
Q149163	9	9
Q149164		11
Q149165	11	11
Q149166		11
Q149169	9	9
Q149170	11	11
Q149172	9	11
Q149173	9	9
Q149174	9	9
Q149175	9	
Q149176	11	
Q149177	11	9
Q149178	9	11
Q149179	9	
Q149180	9	
Q149181	9	11
Q149183	11	11
Q149184	9	11
Q149185	11	11
Q149187	11	11
Q149188	9	9
Q149189	11	11
Q149190	9	
Q149191	9	9
Q149192	11	11
Q149194	11	11
Q149195	9	11
Q149197	9	9
Q149199	9	9
Q149201	9	9
Q149202		11
Q149203	9	9
Q149204	9	9
Q149205	9	
Q149206	9	
Q149210	11	11
Q149211	11	11
Q149212	11	11
Q149213	11	11
Q149214	11	9
Q149215	11	9
Q149216	11	11
Q149217	11	11
Q149218	11	11
Q149219	11	9
Q149221	11	11
Q149222		9
Q149223	9	11
Q149224	9	11
Q149225	11	11
Q149226	11	9
Q149228		9
Q149229		11
Q149230	11	11
Q149231	11	11
Q149232	11	10
Q149233	11	11
Q149234	11	11
Q149235	11	11
Q149236	11	11
Q149237	9	11
Q149238	9	11
Q149239	9	9
Q149240		9
Q149241	11	11
Q149242	9	11
Q149243		9
Q149244	9	9
Q149245	11	11
Q149248	9	
Q149249	9	9
Q149250	11	11
Q149251	9	11
Q149253	9	11
Q149254	9	
Q149259	9	11
Q149260	9	9
Q149261	9	11
Q149262	11	11
Q149263	9	11
Q149264	9	11
Q149266	9	
Q149267	9	
Q149268	9	11
Q149270	11	11
Q149271	9	
Q149280	9	9
Q149281	9	9
Q149282	9	
Q149283	11	10
Q149286	9	9
Q149290		11
Q149295	9	11
Q149296	9	9
Q149297	11	11
Q149298	9	11
Q149299	11	11
Q149300	9	11
Q149301	9	11
Q149302	9	9
Q149303	9	
Q149304	9	11
Q149307	9	
Q149310	9	9
Q149311	11	11
Q149312	11	
Q149313		11
Q149314	9	11
Q149315	11	11
Q149316	9	9
Q149317	9	9
Q149318	9	
Q149319	9	
Q149320	9	9
Q149321	9	
Q149322	11	9
Q149323	9	11
Q149324	9	11
Q149325		9
Q149326	9	9
Q149328	9	
Q149329	9	9
Q149330	11	
Q149331	11	9
Q149332	11	11
Q149333	11	11
Q149334	9	11
Q149335	9	11
Q149337	9	11
Q149338	9	9
Q149339	11	11
Q149340	11	11
Q149341	9	9
Q149342	9	11
Q149343	9	11
Q149344	11	11
Q149345	9	9
Q149348	9	11
Q149349		9
Q149350	9	11
Q149353	11	11
Q149355	9	11
Q149357	9	11
Q149359	11	11
Q149360	11	11
Q149361	11	11
Q149362	9	10
Q149363		11
Q149364	9	
Q149365	9	
Q149368	11	9
Q149369	9	11
Q149371	9	9
Q149373	9	
Q149374	9	
Q149376	9	11
Q149377	9	11
Q149383	9	11
Q149384	9	11
Q149387	11	11
Q149388	11	11
Q149389	11	11
Q149390	11	11
Q149391	9	11
Q149392	9	11
Q149394		9
Q149395	9	9
Q149397	9	9
Q149398	11	11
Q149399		11
Q149400	9	11
Q149401	11	11
Q149402	11	11
Q149403		9
Q149404	9	
Q149405	11	11
Q149406		11
Q149407	9	
Q149408	9	9
Q149409		9
Q149410	9	
Q149411	9	
Q149412	9	
Q149414	9	
Q149415		11
Q149416	9	
Q149418	11	11
Q149419	9	11
Q149420	9	11
Q149421	9	11
Q149424	9	
Q149427	9	11
Q149428	9	
Q149429	9	11
Q149430	9	9
Q149431		11
Q149432	9	11
Q149433		11
Q149434	9	
Q149435	9	
Q149436		9
Q149440		9
Q149441	9	
Q149442	9	11
Q149443	9	
Q149444	9	11
Q149445	9	11
Q149446	9	
Q149447	9	9
Q149448	9	10
Q149449	9	11
Q149458	9	
Q149460	11	
Q149461	9	9
Q149462	9	
Q149463		11
Q149464	9	9
Q149465	11	11
Q149466	9	
Q149468	11	11
Q149471	11	
Q149473	9	11
Q149474	9	
Q149478	11	11
Q149479	9	11
Q149480		9
Q149486	9	11
Q149487	9	9
Q149488		9
Q149490	9	9
Q149491	9	9
Q149493	9	9
Q149494	9	
Q149495	9	
Q149496	9	
Q149497	11	11
Q149498	9	11
Q149499		11
Q149500		10
Q149502	11	9
Q149504	11	11
Q149506	9	11
Q149507	9	9
Q149508	9	
Q149509	9	9
Q149510	9	
Q149511		9
Q149512	9	
Q149515	9	9
Q149516	9	
Q149519	11	10
Q149520	11	10
Q149521	11	11
Q149522	11	11
Q149523	9	11
Q149524	11	11
Q149525	11	11
Q149526	9	9
Q149528		9
Q149529	9	11
Q149531	9	11
Q149532	11	11
Q149533	9	11
Q149534	9	11
Q149535	9	11
Q149536	11	11
Q149539	9	11
Q149540	9	11
Q149550	9	9
Q149552	9	9
Q149556	9	
Q149560	9	9
Q149561	9	
Q149562		11
Q149565	9	
Q149566	9	9
Q149567	9	11
Q149568	9	9
Q149569	9	
Q149570	9	
Q149571	9	
Q149573	9	
Q149574	9	9
Q149575	9	9
Q149576	9	11
Q149577	9	9
Q149578	11	11
Q149580	9	
Q149581	11	9
Q149582	9	9
Q149583	11	11
Q149584	9	9
Q149585		11
Q149586	11	11
Q149587		11
Q149588	9	11
Q149589	11	11
Q149590		9
Q149591	11	11
Q149592	11	11
Q149594	11	
Q149596	9	
Q149597		11
Q149598	11	11
Q149599	11	11
Q149601	9	11
Q149604	9	
Q149606	11	11
Q149607	9	9
Q149608		9
Q149611	9	9
Q149614	9	9
Q149615	9	
Q149616	9	
Q149618	9	9
Q149621	9	11
Q149622	9	11
Q149623	9	11
Q149624	11	11
Q149626	9	
Q149627	9	
Q149628	9	11
Q149629	9	9
Q149630	9	9
Q149632	9	
Q149633	9	9
Q149634	9	
Q149635	9	
Q149636	9	
Q149645	9	9
Q149646		9
Q149647		9
Q149649		9
Q149650	9	11
Q149652	9	
Q149653	9	11
Q149654	9	
Q149656		11
Q149657	11	
Q149659	9	
Q149661	11	10
Q149662	9	11
Q149663	9	
Q149667	9	11
Q149670	9	
Q149671	9	9
Q149672	9	
Q149674	9	
Q149722	9	
Q149735	9	
Q149757		9
Q149762	9	9
Q149763	9	
Q149764	9	11
Q149779	9	
Q149802	9	9
Q149803		11
Q149806	9	
Q149811	9	
Q149812		9
Q149813	9	9
Q149814		9
Q149815	11	11
Q149817	9	9
Q149818	9	9
Q149819	9	11
Q149820	9	
Q149821	9	
Q149823	9	
Q149824	9	11
Q149826	11	11
Q149827	11	11
Q149828	9	11
Q149829	9	10
Q149830		11
Q149832	9	
Q149834	11	11
Q149835	11	9
Q149836	9	11
Q149837	9	9
Q149838	9	11
Q149839	9	9
Q149840		11
Q149841		11
Q149845	11	11
Q149850	11	11
Q149851	11	11
Q149852	9	11
Q149853	9	11
Q149856	11	11
Q149857	11	11
Q149858		9
Q149859	9	
Q149860	9	
Q149861	11	11
Q149863	9	11
Q149866	9	
Q149868	9	9
Q149869	9	11
Q149873	9	9
Q149874		11
Q149875		11
Q149877	9	9
Q149878	11	11
Q149881	10	11
Q149882	11	
Q149883	9	11
Q149884	11	10
Q149885	11	11
Q149886	9	9
Q149887	9	9
Q149888	9	9
Q149889	9	9
Q149890	9	9
Q149891	11	11
Q149892	11	9
Q149893	9	11
Q149894	9	9
Q149895	9	11
Q149896	9	11
Q149898	9	11
Q149899	9	11
Q149901	9	9
Q149902	9	9
Q149903		9
Q149904	9	11
Q149905	9	11
Q149906		11
Q149907	11	11
Q149908		11
Q149909	9	9
Q149912		11
Q149913	9	9
Q149914		9
Q149915		11
Q149916	11	11
Q149917		9
Q149918	9	11
Q149919	11	11
Q149920	11	11
Q149922	9	11
Q149923	11	10
Q149925	11	11
Q149928	9	9
Q149929	11	11
Q149930	9	
Q149932	9	
Q149933	9	9
Q149934	11	
Q149935	9	9
Q149936		11
Q149938	9	9
Q149939	9	
Q149940	9	11
Q149941	11	
Q149943		11
Q149944	11	11
Q149945	11	11
Q149946		11
Q149947	9	10
Q149948	9	11
Q149950	9	
Q149951	9	9
Q149953	9	9
Q149954	9	9
Q149956	9	
Q149957	9	
Q149959	9	9
Q149960	9	9
Q149962		9
Q149963		9
Q149967	9	
Q149968		11
Q149969	9	
Q149970	9	
Q149971	9	9
Q149972	9	9
Q149975	9	9
Q149977	9	11
Q149978	9	9
Q149979	11	11
Q149980	9	11
Q149981		9
Q149982	9	11
Q149983	11	11
Q149984		9
Q149986	11	
Q149988	9	9
Q149989		11
Q149990	9	11
Q149992	9	9
Q149993	9	9
Q149994	9	11
Q149995	9	11
Q150000	11	11
Q150001	9	9
Q150002	9	9
Q150003	9	9
Q150004	9	11
Q150060	9	9
Q150068	9	
Q150069	9	9
Q150090	9	9
Q150091	9	9
Q150094	9	
Q150095		9
Q150097	9	
Q150105	9	
Q150128	9	
Q150143	9	11
Q150144	11	11
Q150145	9	11
Q150146	9	9
Q150147	9	10
Q150199		9
Q150228	9	9
Q150259	9	
Q150261		11
Q150263	9	9
Q150265	9	
Q150267	9	9
Q150276	9	
Q150306	9	
Q150325	9	
Q150326	9	9
Q150327	9	
Q150328	9	11
Q150330	9	10
Q150331	9	11
Q150332		9
Q150333	9	11
Q150336	11	
Q150338	9	
Q150340	9	9
Q150341	9	
Q150342	9	9
Q150343	9	11
Q150344	9	11
Q150345	9	11
Q150348	9	
Q150368	9	
Q150376	9	9
Q150389		11
Q150391	9	9
Q150392	9	9
Q150393		9
Q150397	9	
Q150409	9	
Q150410	9	
Q150414	9	
Q150415	9	11
Q150432		11
Q150433		11
Q150434	11	9
Q150435	9	
Q150436	9	9
Q150437	9	
Q150445	9	
Q150448	9	11
Q150449	9	10
Q150450	9	11
Q150451	9	10
Q150452	9	9
Q150453	9	11
Q150455	9	
Q150456	9	
Q150457	9	11
Q150458	9	9
Q150467	9	11
Q150472	9	11
Q150488		11
Q150503	9	11
Q150504	9	9
Q150506	11	9
Q150507	9	
Q150508	9	
Q150509	9	9
Q150510	9	9
Q150516	9	
Q150517	9	
Q150519		9
Q150521	9	9
Q150523	11	11
Q150525		11
Q150526	11	11
Q150529	9	11
Q150530	9	11
Q150543	9	9
Q150546	9	
Q150557		9
Q150559		9
Q150560	9	9
Q150561	9	9
Q150562	9	9
Q150563	9	11
Q150565		11
Q150566	9	11
Q150573	9	9
Q150574	9	11
Q150575	9	
Q150576	11	11
Q150578	9	9
Q150582	11	11
Q150585	11	11
Q150586	9	
Q150587	9	11
Q150588	11	11
Q150589	9	11
Q150590	11	11
Q150591	11	11
Q150592	11	9
Q150594	9	9
Q150596	9	9
Q150597	9	11
Q150598	11	11
Q150599	9	11
Q150601	11	11
Q150603	11	
Q150604	11	11
Q150605	11	11
Q150606	9	11
Q150607	9	
Q150608		9
Q150609	9	
Q150610	9	11
Q150611	11	11
Q150612		9
Q150615	9	9
Q150626	9	11
Q150627	9	9
Q150628	11	11
Q150642	9	11
Q150643	9	
Q150648	9	9
Q150656	9	11
Q150669		11
Q150687	9	11
Q150688	9	11
Q150691	9	9
Q150705	9	11
Q150726	9	11
Q150751	9	9
Q150752	9	
Q150755	9	11
Q150759	11	
Q150767	9	
Q150768	9	9
Q150784	11	11
Q150790	9	11
Q150791	9	
Q150794		10
Q150806		9
Q150812	9	9
Q150813	9	9
Q150814	9	11
Q150815		9
Q150816	9	
Q150820	9	
Q150848	9	9
Q150885	11	11
Q150923		9
Q150976	9	11
Q151039	9	9
Q151118	9	
Q151226		9
Q151227	9	
Q151228	9	9
Q151229	9	
Q151232	11	11
Q151233	9	
Q151235	9	
Q151236	11	11
Q151241		11
Q151242		9
Q151243	9	11
Q151244		11
Q151245	11	11
Q151246	11	11
Q151247	9	11
Q151248	9	11
Q151249	9	11
Q151250	9	9
Q151251	9	11
Q151252	9	
Q151253	9	
Q151254	9	9
Q151255	9	
Q151257		11
Q151259	9	9
Q151261	9	11
Q151262		9
Q151264	9	9
Q151268	9	9
Q151269	9	9
Q151271	9	9
Q151276		11
Q151277	9	9
Q151278	11	11
Q151279	9	9
Q151280	11	11
Q151283	11	11
Q151289	9	9
Q151290	9	9
Q151293	9	9
Q151294	9	9
Q151296		9
Q151302	9	11
Q151303	11	9
Q151307	9	9
Q151309		9
Q151313	9	
Q151314	9	11
Q151315	9	9
Q151316	11	11
Q151325	9	9
Q151326	9	9
Q151329	11	
Q151330	9	
Q151331	11	
Q151333		9
Q151335		9
Q151337	9	9
Q151338	9	11
Q151339	9	11
Q151341	9	11
Q151342	9	11
Q151343	11	11
Q151344	9	
Q151345	9	
Q151346	9	
Q151347	9	
Q151348	11	11
Q151349	9	
Q151350	9	11
Q151352	9	
Q151353	9	9
Q151354	11	11
Q151355	9	9
Q151356	9	9
Q151358		9
Q151359	9	
Q151361	9	9
Q151362	11	11
Q151367	9	9
Q151368	9	11
Q151371	9	9
Q151372	9	
Q151375	9	9
Q151377	11	
Q151378		11
Q151380		9
Q151381	9	9
Q151382	9	
Q151385		9
Q151386		9
Q151387	9	9
Q151391	9	9
Q151392	9	9
Q151398	9	
Q151400	9	11
Q151401	9	
Q151402	9	9
Q151405	9	
Q151406	9	
Q151407		9
Q151408	9	9
Q151409	9	11
Q151410	9	11
Q151411	11	11
Q151412	9	9
Q151414	11	
Q151415	9	
Q151418	9	9
Q151419	9	
Q151420	11	11
Q151421	9	11
Q151425	9	
Q151427	9	
Q151428	9	
Q151430	9	9
Q151431		9
Q151432	11	11
Q151433	11	9
Q151435	9	
Q151437	9	
Q151438	11	11
Q151441	9	
Q151442	9	
Q151443	9	9
Q151445	9	
Q151447	9	11
Q151451	9	9
Q151454	9	
Q151458	9	
Q151463	9	11
Q151464	9	
Q151467	9	9
Q151468	9	9
Q151469	9	
Q151470	9	
Q151472	9	9
Q151473	9	9
Q151476	9	9
Q151477	9	9
Q151478	9	9
Q151479	9	
Q151483	9	9
Q151485	9	9
Q151487	9	9
Q151488	9	9
Q151491	9	9
Q151494		9
Q151495	9	9
Q151496	9	9
Q151497	9	9
Q151498	9	9
Q151499		9
Q151501		9
Q151502	9	9
Q151503	11	11
Q151504	9	
Q151505	9	11
Q151507		11
Q151508	11	11
Q151509	11	9
Q151510	11	11
Q151511	9	
Q151512	9	
Q151513	9	9
Q151514	9	
Q151515	9	
Q151518	9	9
Q151526	9	
Q151528	9	9
Q151531	9	11
Q151534	9	9
Q151537		9
Q151538	9	9
Q151539		9
Q151541	9	
Q151542	9	
Q151543	9	
Q151544	9	
Q151547	9	11
Q151553	9	9
Q151554	11	
Q151555	9	
Q151556	9	
Q151557	9	
Q151558	11	11
Q151559	9	11
Q151563		9
Q151564	9	9
Q151566	9	
Q151567	9	9
Q151568	9	
Q151569	9	9
Q151570	9	9
Q151571	9	9
Q151572	9	
Q151573	9	9
Q151574	9	
Q151575	11	11
Q151578	9	
Q151583		9
Q151584	9	
Q151585		9
Q151587	9	9
Q151588	9	9
Q151589	9	
Q151591	9	
Q151592		9
Q151597	9	9
Q151600	9	9
Q151601	9	
Q151602	9	9
Q151603	9	9
Q151604	9	9
Q151605	9	9
Q151607	9	9
Q151608	9	9
Q151609	9	9
Q151611	9	9
Q151612	9	9
Q151616		9
Q151618	9	
Q151619	11	
Q151620	9	
Q151621	11	11
Q151622	9	
Q151623	9	
Q151624	9	
Q151625	9	9
Q151626	9	11
Q151633	9	9
Q151637	11	11
Q151638	9	9
Q151639	9	9
Q151640	9	9
Q151641	9	9
Q151643	9	
Q151645	9	
Q151646		9
Q151647		11
Q151648	9	
Q151649	11	11
Q151650	9	
Q151656	9	
Q151658	9	
Q151659	9	9
Q151661		9
Q151662	9	9
Q151663	9	9
Q151664	9	9
Q151665	9	9
Q151666	9	9
Q151667	9	
Q151669	11	
Q151670	9	9
Q151672	9	
Q151673		9
Q151674	11	11
Q151676	9	9
Q151677	9	9
Q151680		9
Q151681	9	9
Q151682	9	9
Q151684	9	
Q151685		9
Q151687	9	9
Q151689	9	9
Q151692	9	
Q151693	9	
Q151694	9	9
Q151695	9	9
Q151696		9
Q151697	9	9
Q151698	9	9
Q151701	9	11
Q151702	11	9
Q151703	9	
Q151704	9	
Q151705	9	
Q151707	9	9
Q151708	9	
Q151709	9	
Q151711		9
Q151713	9	
Q151714	9	9
Q151715	9	9
Q151716	9	9
Q151717	9	9
Q151719	9	
Q151720	9	9
Q151723	9	9
Q151725	9	
Q151726	9	
Q151727	9	
Q151728	9	9
Q151729	9	9
Q151730	9	9
Q151731	9	9
Q151732	11	11
Q151736	11	11
Q151737	11	11
Q151738	9	
Q151739	9	11
Q151740		9
Q151743	9	9
Q151745	9	9
Q151747	9	
Q151749	9	
Q151751	9	9
Q151752		9
Q151753		9
Q151754	9	11
Q151755		9
Q151756	11	
Q151757	9	
Q151760	11	11
Q151761	9	9
Q151765	9	9
Q151766	9	9
Q151767	9	9
Q151768	9	9
Q151770	9	9
Q151774	9	9
Q151776	9	9
Q151777	9	9
Q151778	9	9
Q151783	9	
Q151784	9	9
Q151785	11	11
Q151786	11	
Q151788	11	11
Q151789	11	
Q151790	9	
Q151791		11
Q151792	9	
Q151793		9
Q151796	9	
Q151797	9	
Q151800	9	
Q151801	9	
Q151802	9	
Q151803	9	
Q151804	9	
Q151805	9	9
Q151810	9	9
Q151813	9	9
Q151814	9	9
Q151815	9	9
Q151816	9	9
Q151817	9	9
Q151820	9	
Q151821	11	11
Q151822	9	9
Q151824	9	9
Q151825	9	9
Q151826	9	9
Q151828	9	
Q151829	9	
Q151830	9	
Q151831	9	
Q151832	9	
Q151835	11	
Q151838	9	9
Q151839	9	9
Q151840	9	9
Q151842		11
Q151844	9	9
Q151845	9	9
Q151846		9
Q151847	9	9
Q151848	9	9
Q151849	9	9
Q151850	9	
Q151852	9	9
Q151853	11	11
Q151854	11	
Q151860	11	11
Q151863	9	11
Q151864	11	11
Q151867	11	
Q151872	9	11
Q151873	9	9
Q151876	9	9
Q151877	9	
Q151879	9	
Q151880	9	9
Q151882	9	9
Q151883	9	9
Q151887	11	11
Q151889	9	9
Q151891	9	9
Q151892		9
Q151896	9	11
Q151897		9
Q151898	9	9
Q151899	11	11
Q151901	9	9
Q151902	9	9
Q151904	11	11
Q151905	11	9
Q151907	9	9
Q151918	9	
Q151919	9	9
Q151920	9	9
Q151921	11	11
Q151928	9	
Q151929	9	
Q151933	9	
Q151934	9	
Q151935	9	
Q151936	9	9
Q151938	9	
Q151939	11	11
Q151940	9	
Q151942		9
Q151943		9
Q151944	9	9
Q151947	11	11
Q151951	9	9
Q151952	9	9
Q151953	9	9
Q152967	9	
Q152972	9	
Q152973	4	9
Q153053		9
Q153054		9
Q153055		9
Q153058		9
Q153059		9
Q153061		9
Q153203		9
Q153206		9
Q153208		9
Q153211	9	9
Q153219		9
Q153223		9
Q153224	9	9
Q153226		9
Q153228		9
Q153232		9
Q153236		9
Q153239	9	9
Q153244		9
Q153247		9
Q153251		9
Q153252		9
Q153254		9
Q153256		9
Q153259	9	9
Q153261		9
Q153262		9
Q153263		9
Q153265		9
Q153267	9	9
Q153268		9
Q153269		9
Q153270		9
Q153271		9
Q153274		9
Q153276		9
Q153278		9
Q153279		9
Q153283		9
Q153284		9
Q153287		9
Q153288		9
Q153292		9
Q153293		9
Q153295		9
Q153299		9
Q153301		9
Q153309		9
Q153313		9
Q153314		9
Q153317		9
Q153318		9
Q153323		9
Q153326		9
Q153333		9
Q153334	9	9
Q153335	9	9
Q153336		9
Q153338	9	9
Q153342		11
Q153343	9	9
Q153344	9	9
Q153347	9	9
Q153348	9	9
Q153349		9
Q153352	9	9
Q153354		9
Q153361	9	9
Q153374	9	9
Q153376	9	9
Q153379	9	9
Q153385		9
Q153387	9	9
Q153388	9	
Q153396		9
Q153397		9
Q153413		9
Q153414		9
Q153422		9
Q153423		9
Q153428		9
Q153435		9
Q153455	9	
Q153467	9	
Q153475	9	
Q153485	9	
Q153536	9	
Q153548	9	
Q153552	9	
Q153560	9	
Q153589	9	
Q153600	9	11
Q153601	9	11
Q153604		9
Q153606	9	
Q153607	9	9
Q153609	9	11
Q153669		9
Q153728	11	
Q153733	9	9
Q153734	9	9
Q153735	9	9
Q153736	9	9
Q153737	9	9
Q153738	9	9
Q153739	9	9
Q153740	9	9
Q153741	9	9
Q153742	9	9
Q153743	9	9
Q153744	9	9
Q153745	9	9
Q153746	9	9
Q153747	9	9
Q153748	9	9
Q153769	9	9
Q153770	9	9
Q153798	9	
Q153799	9	9
Q154019	9	11
Q154021	9	9
Q154022	9	9
Q154027	8	
Q154032	8	
Q154074	9	9
Q154088	11	
Q167003	8	
Q195390	9	9
Q206650		9
Q105575574	6	
