verdict	side	parent	parent_kind	child	child_kind
BOTH-REAL	child-only	Q1016	real	Q1014	real
BOTH-REAL	child-only	Q1016	real	Q1015	real
BOTH-REAL	child-only	Q110388	real	Q101814	real
BOTH-REAL	child-only	Q110388	real	Q101818	real
BOTH-REAL	child-only	Q110540	real	Q102897	real
BOTH-REAL	child-only	Q110540	real	Q102899	real
BOTH-REAL	child-only	Q110540	real	Q102901	real
BOTH-REAL	child-only	Q110540	real	Q102903	real
BOTH-REAL	child-only	Q110540	real	Q102905	real
BOTH-REAL	child-only	Q110540	real	Q102907	real
BOTH-REAL	child-only	Q113280	real	Q102843	real
BOTH-REAL	child-only	Q113292	real	Q100872	real
BOTH-REAL	child-only	Q113303	real	Q102871	real
BOTH-REAL	child-only	Q113303	real	Q102873	real
BOTH-REAL	child-only	Q113311	real	Q100800	real
BOTH-REAL	child-only	Q113317	real	Q101657	real
BOTH-REAL	child-only	Q113317	real	Q101659	real
BOTH-REAL	child-only	Q113329	real	Q102895	real
BOTH-REAL	child-only	Q113349	real	Q102919	real
BOTH-REAL	child-only	Q113355	real	Q102921	real
BOTH-REAL	child-only	Q113359	real	Q102925	real
BOTH-REAL	child-only	Q113373	real	Q102937	real
BOTH-REAL	child-only	Q113383	real	Q102945	real
BOTH-REAL	child-only	Q113393	real	Q101732	real
BOTH-REAL	child-only	Q113409	real	Q102957	real
BOTH-REAL	child-only	Q113409	real	Q102959	real
BOTH-REAL	child-only	Q113415	real	Q100976	real
BOTH-REAL	child-only	Q113415	real	Q101756	real
BOTH-REAL	child-only	Q113415	real	Q101764	real
BOTH-REAL	child-only	Q113417	real	Q100976	real
BOTH-REAL	child-only	Q113417	real	Q101756	real
BOTH-REAL	child-only	Q113417	real	Q101764	real
BOTH-REAL	child-only	Q113421	real	Q103005	real
BOTH-REAL	child-only	Q113421	real	Q103007	real
BOTH-REAL	child-only	Q113425	real	Q103011	real
BOTH-REAL	child-only	Q113431	real	Q100978	real
BOTH-REAL	child-only	Q113439	real	Q103023	real
BOTH-REAL	child-only	Q113441	real	Q101788	real
BOTH-REAL	child-only	Q113453	real	Q103031	real
BOTH-REAL	child-only	Q113455	real	Q101718	real
BOTH-REAL	child-only	Q113455	real	Q103033	real
BOTH-REAL	child-only	Q113455	real	Q103035	real
BOTH-REAL	child-only	Q113455	real	Q103039	real
BOTH-REAL	child-only	Q113455	real	Q103041	real
BOTH-REAL	child-only	Q113455	real	Q103043	real
BOTH-REAL	child-only	Q113457	real	Q103047	real
BOTH-REAL	child-only	Q113457	real	Q103049	real
BOTH-REAL	child-only	Q113457	real	Q103051	real
BOTH-REAL	child-only	Q113485	real	Q101443	real
BOTH-REAL	child-only	Q113493	real	Q103001	real
BOTH-REAL	child-only	Q113499	real	Q103085	real
BOTH-REAL	child-only	Q113499	real	Q103087	real
BOTH-REAL	child-only	Q113501	real	Q101021	real
BOTH-REAL	child-only	Q113503	real	Q103089	real
BOTH-REAL	child-only	Q113507	real	Q103091	real
BOTH-REAL	child-only	Q113509	real	Q104294	real
BOTH-REAL	child-only	Q113509	real	Q104296	real
BOTH-REAL	child-only	Q113509	real	Q104298	real
BOTH-REAL	child-only	Q113509	real	Q104301	real
BOTH-REAL	child-only	Q113517	real	Q103097	real
BOTH-REAL	child-only	Q113517	real	Q103099	real
BOTH-REAL	child-only	Q113517	real	Q103101	real
BOTH-REAL	child-only	Q113517	real	Q103103	real
BOTH-REAL	child-only	Q113521	real	Q101049	real
BOTH-REAL	child-only	Q113521	real	Q101860	real
BOTH-REAL	child-only	Q113525	real	Q101051	real
BOTH-REAL	child-only	Q113533	real	Q103117	real
BOTH-REAL	child-only	Q113539	real	Q103121	real
BOTH-REAL	child-only	Q113539	real	Q103123	real
BOTH-REAL	child-only	Q113539	real	Q103125	real
BOTH-REAL	child-only	Q113539	real	Q103127	real
BOTH-REAL	child-only	Q113539	real	Q103129	real
BOTH-REAL	child-only	Q113539	real	Q103131	real
BOTH-REAL	child-only	Q113539	real	Q103133	real
BOTH-REAL	child-only	Q113539	real	Q103135	real
BOTH-REAL	child-only	Q113539	real	Q103137	real
BOTH-REAL	child-only	Q113539	real	Q103139	real
BOTH-REAL	child-only	Q113551	real	Q103165	real
BOTH-REAL	child-only	Q113551	real	Q103167	real
BOTH-REAL	child-only	Q113563	real	Q101081	real
BOTH-REAL	child-only	Q113563	real	Q101463	real
BOTH-REAL	child-only	Q113563	real	Q101904	real
BOTH-REAL	child-only	Q113565	real	Q101081	real
BOTH-REAL	child-only	Q113565	real	Q101463	real
BOTH-REAL	child-only	Q113565	real	Q101904	real
BOTH-REAL	child-only	Q113571	real	Q101910	real
BOTH-REAL	child-only	Q113579	real	Q101303	real
BOTH-REAL	child-only	Q113583	real	Q101097	real
BOTH-REAL	child-only	Q113585	real	Q101097	real
BOTH-REAL	child-only	Q113591	real	Q101103	real
BOTH-REAL	child-only	Q113593	real	Q102387	real
BOTH-REAL	child-only	Q113593	real	Q103217	real
BOTH-REAL	child-only	Q113593	real	Q103221	real
BOTH-REAL	child-only	Q113593	real	Q103223	real
BOTH-REAL	child-only	Q113605	real	Q103246	real
BOTH-REAL	child-only	Q113609	real	Q103258	real
BOTH-REAL	child-only	Q113615	real	Q103268	real
BOTH-REAL	child-only	Q113615	real	Q103270	real
BOTH-REAL	child-only	Q113623	real	Q103276	real
BOTH-REAL	child-only	Q113623	real	Q103278	real
BOTH-REAL	child-only	Q113625	real	Q79376	real
BOTH-REAL	child-only	Q113625	real	Q79379	real
BOTH-REAL	child-only	Q113625	real	Q79382	real
BOTH-REAL	child-only	Q113625	real	Q79385	real
BOTH-REAL	child-only	Q113625	real	Q79388	real
BOTH-REAL	child-only	Q113629	real	Q101123	real
BOTH-REAL	child-only	Q113629	real	Q103282	real
BOTH-REAL	child-only	Q113635	real	Q101974	real
BOTH-REAL	child-only	Q113635	real	Q101976	real
BOTH-REAL	child-only	Q113641	real	Q103302	real
BOTH-REAL	child-only	Q113641	real	Q103304	real
BOTH-REAL	child-only	Q113641	real	Q103306	real
BOTH-REAL	child-only	Q113641	real	Q103308	real
BOTH-REAL	child-only	Q113641	real	Q103313	real
BOTH-REAL	child-only	Q113641	real	Q103315	real
BOTH-REAL	child-only	Q113641	real	Q103317	real
BOTH-REAL	child-only	Q113641	real	Q103319	real
BOTH-REAL	child-only	Q113645	real	Q101986	real
BOTH-REAL	child-only	Q113647	real	Q103321	real
BOTH-REAL	child-only	Q113647	real	Q103323	real
BOTH-REAL	child-only	Q113647	real	Q103327	real
BOTH-REAL	child-only	Q113647	real	Q103329	real
BOTH-REAL	child-only	Q113647	real	Q103331	real
BOTH-REAL	child-only	Q113651	real	Q101131	real
BOTH-REAL	child-only	Q113653	real	Q101131	real
BOTH-REAL	child-only	Q113655	real	Q101133	real
BOTH-REAL	child-only	Q113657	real	Q101133	real
BOTH-REAL	child-only	Q113659	real	Q103353	real
BOTH-REAL	child-only	Q113659	real	Q103355	real
BOTH-REAL	child-only	Q113659	real	Q103357	real
BOTH-REAL	child-only	Q113659	real	Q103361	real
BOTH-REAL	child-only	Q113661	real	Q103365	real
BOTH-REAL	child-only	Q113661	real	Q103367	real
BOTH-REAL	child-only	Q113661	real	Q103369	real
BOTH-REAL	child-only	Q113669	real	Q101137	real
BOTH-REAL	child-only	Q113671	real	Q103389	real
BOTH-REAL	child-only	Q113671	real	Q103391	real
BOTH-REAL	child-only	Q113671	real	Q103393	real
BOTH-REAL	child-only	Q113671	real	Q103395	real
BOTH-REAL	child-only	Q113671	real	Q103397	real
BOTH-REAL	child-only	Q113673	real	Q103321	real
BOTH-REAL	child-only	Q113673	real	Q103323	real
BOTH-REAL	child-only	Q113677	real	Q103401	real
BOTH-REAL	child-only	Q113677	real	Q103403	real
BOTH-REAL	child-only	Q113677	real	Q103405	real
BOTH-REAL	child-only	Q113677	real	Q103409	real
BOTH-REAL	child-only	Q113679	real	Q102020	real
BOTH-REAL	child-only	Q113681	real	Q103427	real
BOTH-REAL	child-only	Q113681	real	Q103429	real
BOTH-REAL	child-only	Q113681	real	Q103431	real
BOTH-REAL	child-only	Q113685	real	Q103447	real
BOTH-REAL	child-only	Q113689	real	Q103453	real
BOTH-REAL	child-only	Q113689	real	Q103455	real
BOTH-REAL	child-only	Q113693	real	Q103459	real
BOTH-REAL	child-only	Q113697	real	Q103471	real
BOTH-REAL	child-only	Q113697	real	Q103473	real
BOTH-REAL	child-only	Q113697	real	Q103475	real
BOTH-REAL	child-only	Q113701	real	Q103491	real
BOTH-REAL	child-only	Q113701	real	Q103493	real
BOTH-REAL	child-only	Q113701	real	Q103495	real
BOTH-REAL	child-only	Q113703	real	Q103499	real
BOTH-REAL	child-only	Q113707	real	Q103503	real
BOTH-REAL	child-only	Q113707	real	Q103505	real
BOTH-REAL	child-only	Q113707	real	Q103507	real
BOTH-REAL	child-only	Q113711	real	Q101149	real
BOTH-REAL	child-only	Q113713	real	Q103529	real
BOTH-REAL	child-only	Q113713	real	Q103531	real
BOTH-REAL	child-only	Q113713	real	Q103533	real
BOTH-REAL	child-only	Q113713	real	Q103535	real
BOTH-REAL	child-only	Q113715	real	Q101151	real
BOTH-REAL	child-only	Q113715	real	Q102057	real
BOTH-REAL	child-only	Q113715	real	Q102059	real
BOTH-REAL	child-only	Q113717	real	Q101151	real
BOTH-REAL	child-only	Q113717	real	Q102057	real
BOTH-REAL	child-only	Q113717	real	Q102059	real
BOTH-REAL	child-only	Q113717	real	Q103539	real
BOTH-REAL	child-only	Q113717	real	Q103543	real
BOTH-REAL	child-only	Q113719	real	Q103551	real
BOTH-REAL	child-only	Q113725	real	Q103555	real
BOTH-REAL	child-only	Q113733	real	Q103561	real
BOTH-REAL	child-only	Q113733	real	Q103563	real
BOTH-REAL	child-only	Q113733	real	Q103565	real
BOTH-REAL	child-only	Q113735	real	Q102081	real
BOTH-REAL	child-only	Q113735	real	Q102083	real
BOTH-REAL	child-only	Q113737	real	Q103569	real
BOTH-REAL	child-only	Q113737	real	Q103571	real
BOTH-REAL	child-only	Q113737	real	Q103573	real
BOTH-REAL	child-only	Q113737	real	Q103575	real
BOTH-REAL	child-only	Q113739	real	Q103449	real
BOTH-REAL	child-only	Q113739	real	Q103579	real
BOTH-REAL	child-only	Q113739	real	Q103581	real
BOTH-REAL	child-only	Q113739	real	Q103583	real
BOTH-REAL	child-only	Q113739	real	Q103585	real
BOTH-REAL	child-only	Q113739	real	Q103587	real
BOTH-REAL	child-only	Q113739	real	Q103589	real
BOTH-REAL	child-only	Q113743	real	Q103595	real
BOTH-REAL	child-only	Q113749	real	Q103603	real
BOTH-REAL	child-only	Q113749	real	Q103605	real
BOTH-REAL	child-only	Q113755	real	Q103611	real
BOTH-REAL	child-only	Q113761	real	Q101163	real
BOTH-REAL	child-only	Q113763	real	Q101163	real
BOTH-REAL	child-only	Q113765	real	Q103621	real
BOTH-REAL	child-only	Q113765	real	Q103623	real
BOTH-REAL	child-only	Q113773	real	Q103629	real
BOTH-REAL	child-only	Q113775	real	Q103633	real
BOTH-REAL	child-only	Q113779	real	Q103641	real
BOTH-REAL	child-only	Q113779	real	Q103643	real
BOTH-REAL	child-only	Q113779	real	Q103645	real
BOTH-REAL	child-only	Q113779	real	Q103647	real
BOTH-REAL	child-only	Q113783	real	Q103655	real
BOTH-REAL	child-only	Q113783	real	Q103657	real
BOTH-REAL	child-only	Q113783	real	Q103659	real
BOTH-REAL	child-only	Q113783	real	Q103661	real
BOTH-REAL	child-only	Q113783	real	Q103663	real
BOTH-REAL	child-only	Q113783	real	Q103667	real
BOTH-REAL	child-only	Q113783	real	Q103669	real
BOTH-REAL	child-only	Q113783	real	Q103671	real
BOTH-REAL	child-only	Q113783	real	Q103673	real
BOTH-REAL	child-only	Q113783	real	Q103675	real
BOTH-REAL	child-only	Q113783	real	Q103677	real
BOTH-REAL	child-only	Q113783	real	Q103679	real
BOTH-REAL	child-only	Q113783	real	Q103681	real
BOTH-REAL	child-only	Q113785	real	Q103685	real
BOTH-REAL	child-only	Q113785	real	Q103687	real
BOTH-REAL	child-only	Q113785	real	Q103689	real
BOTH-REAL	child-only	Q113785	real	Q103691	real
BOTH-REAL	child-only	Q113789	real	Q103695	real
BOTH-REAL	child-only	Q113789	real	Q103697	real
BOTH-REAL	child-only	Q113789	real	Q103699	real
BOTH-REAL	child-only	Q113799	real	Q103711	real
BOTH-REAL	child-only	Q113805	real	Q103735	real
BOTH-REAL	child-only	Q113807	real	Q103740	real
BOTH-REAL	child-only	Q113813	real	Q103744	real
BOTH-REAL	child-only	Q113813	real	Q103746	real
BOTH-REAL	child-only	Q113813	real	Q103748	real
BOTH-REAL	child-only	Q113815	real	Q101179	real
BOTH-REAL	child-only	Q113817	real	Q102161	real
BOTH-REAL	child-only	Q113817	real	Q102163	real
BOTH-REAL	child-only	Q113817	real	Q102167	real
BOTH-REAL	child-only	Q113819	real	Q103764	real
BOTH-REAL	child-only	Q113819	real	Q103766	real
BOTH-REAL	child-only	Q113819	real	Q103768	real
BOTH-REAL	child-only	Q113819	real	Q103772	real
BOTH-REAL	child-only	Q113819	real	Q103774	real
BOTH-REAL	child-only	Q113819	real	Q103776	real
BOTH-REAL	child-only	Q113833	real	Q103790	real
BOTH-REAL	child-only	Q113833	real	Q103794	real
BOTH-REAL	child-only	Q113833	real	Q103796	real
BOTH-REAL	child-only	Q113833	real	Q103798	real
BOTH-REAL	child-only	Q113833	real	Q103800	real
BOTH-REAL	child-only	Q113833	real	Q103802	real
BOTH-REAL	child-only	Q113837	real	Q103810	real
BOTH-REAL	child-only	Q113837	real	Q103812	real
BOTH-REAL	child-only	Q113841	real	Q103832	real
BOTH-REAL	child-only	Q113841	real	Q103834	real
BOTH-REAL	child-only	Q113841	real	Q103836	real
BOTH-REAL	child-only	Q113841	real	Q103838	real
BOTH-REAL	child-only	Q113841	real	Q103840	real
BOTH-REAL	child-only	Q113841	real	Q103842	real
BOTH-REAL	child-only	Q113849	real	Q102187	real
BOTH-REAL	child-only	Q113849	real	Q102189	real
BOTH-REAL	child-only	Q113855	real	Q103884	real
BOTH-REAL	child-only	Q113855	real	Q103886	real
BOTH-REAL	child-only	Q113861	real	Q103892	real
BOTH-REAL	child-only	Q113861	real	Q103896	real
BOTH-REAL	child-only	Q113865	real	Q103900	real
BOTH-REAL	child-only	Q113865	real	Q103902	real
BOTH-REAL	child-only	Q113871	real	Q103910	real
BOTH-REAL	child-only	Q113893	real	Q103926	real
BOTH-REAL	child-only	Q113897	real	Q101233	real
BOTH-REAL	child-only	Q113907	real	Q103943	real
BOTH-REAL	child-only	Q113909	real	Q103947	real
BOTH-REAL	child-only	Q113917	real	Q103953	real
BOTH-REAL	child-only	Q113925	real	Q103963	real
BOTH-REAL	child-only	Q113929	real	Q103967	real
BOTH-REAL	child-only	Q113929	real	Q103969	real
BOTH-REAL	child-only	Q113945	real	Q103195	real
BOTH-REAL	child-only	Q113945	real	Q103977	real
BOTH-REAL	child-only	Q113947	real	Q102285	real
BOTH-REAL	child-only	Q113953	real	Q103985	real
BOTH-REAL	child-only	Q113953	real	Q103987	real
BOTH-REAL	child-only	Q113955	real	Q101267	real
BOTH-REAL	child-only	Q113957	real	Q101267	real
BOTH-REAL	child-only	Q113959	real	Q102297	real
BOTH-REAL	child-only	Q113963	real	Q103997	real
BOTH-REAL	child-only	Q113965	real	Q103989	real
BOTH-REAL	child-only	Q113973	real	Q102311	real
BOTH-REAL	child-only	Q113979	real	Q104017	real
BOTH-REAL	child-only	Q113991	real	Q104027	real
BOTH-REAL	child-only	Q113991	real	Q104029	real
BOTH-REAL	child-only	Q113993	real	Q101295	real
BOTH-REAL	child-only	Q113995	real	Q101295	real
BOTH-REAL	child-only	Q113999	real	Q101299	real
BOTH-REAL	child-only	Q114001	real	Q101299	real
BOTH-REAL	child-only	Q114007	real	Q104041	real
BOTH-REAL	child-only	Q114007	real	Q104043	real
BOTH-REAL	child-only	Q114007	real	Q104045	real
BOTH-REAL	child-only	Q114007	real	Q104047	real
BOTH-REAL	child-only	Q114011	real	Q104049	real
BOTH-REAL	child-only	Q114021	real	Q101323	real
BOTH-REAL	child-only	Q114023	real	Q101323	real
BOTH-REAL	child-only	Q114038	real	Q102377	real
BOTH-REAL	child-only	Q114040	real	Q103752	real
BOTH-REAL	child-only	Q114042	real	Q104077	real
BOTH-REAL	child-only	Q114048	real	Q104105	real
BOTH-REAL	child-only	Q114048	real	Q104107	real
BOTH-REAL	child-only	Q114048	real	Q104109	real
BOTH-REAL	child-only	Q114048	real	Q104111	real
BOTH-REAL	child-only	Q114048	real	Q104113	real
BOTH-REAL	child-only	Q114048	real	Q104115	real
BOTH-REAL	child-only	Q114048	real	Q104117	real
BOTH-REAL	child-only	Q114048	real	Q104119	real
BOTH-REAL	child-only	Q114053	real	Q103627	real
BOTH-REAL	child-only	Q114057	real	Q102829	real
BOTH-REAL	child-only	Q114057	real	Q103345	real
BOTH-REAL	child-only	Q114057	real	Q103347	real
BOTH-REAL	child-only	Q114057	real	Q103349	real
BOTH-REAL	child-only	Q114059	real	Q104125	real
BOTH-REAL	child-only	Q114067	real	Q104149	real
BOTH-REAL	child-only	Q114069	real	Q104156	real
BOTH-REAL	child-only	Q114071	real	Q103733	real
BOTH-REAL	child-only	Q114071	real	Q104133	real
BOTH-REAL	child-only	Q114075	real	Q102417	real
BOTH-REAL	child-only	Q114077	real	Q104170	real
BOTH-REAL	child-only	Q114079	real	Q104174	real
BOTH-REAL	child-only	Q114079	real	Q104176	real
BOTH-REAL	child-only	Q114081	real	Q104178	real
BOTH-REAL	child-only	Q114081	real	Q104180	real
BOTH-REAL	child-only	Q114081	real	Q104182	real
BOTH-REAL	child-only	Q114081	real	Q104184	real
BOTH-REAL	child-only	Q114083	real	Q104188	real
BOTH-REAL	child-only	Q114083	real	Q104190	real
BOTH-REAL	child-only	Q114092	real	Q104204	real
BOTH-REAL	child-only	Q114093	real	Q101341	real
BOTH-REAL	child-only	Q114094	real	Q101341	real
BOTH-REAL	child-only	Q114096	real	Q101499	real
BOTH-REAL	child-only	Q114096	real	Q102433	real
BOTH-REAL	child-only	Q114100	real	Q101345	real
BOTH-REAL	child-only	Q114102	real	Q101403	real
BOTH-REAL	child-only	Q114102	real	Q102443	real
BOTH-REAL	child-only	Q114104	real	Q104212	real
BOTH-REAL	child-only	Q114104	real	Q104214	real
BOTH-REAL	child-only	Q114104	real	Q104216	real
BOTH-REAL	child-only	Q114104	real	Q104218	real
BOTH-REAL	child-only	Q114104	real	Q104220	real
BOTH-REAL	child-only	Q114120	real	Q104001	real
BOTH-REAL	child-only	Q114120	real	Q104003	real
BOTH-REAL	child-only	Q114122	real	Q104234	real
BOTH-REAL	child-only	Q114136	real	Q104244	real
BOTH-REAL	child-only	Q114142	real	Q104252	real
BOTH-REAL	child-only	Q114142	real	Q104254	real
BOTH-REAL	child-only	Q114154	real	Q101381	real
BOTH-REAL	child-only	Q114156	real	Q102493	real
BOTH-REAL	child-only	Q114166	real	Q101397	real
BOTH-REAL	child-only	Q114170	real	Q102507	real
BOTH-REAL	child-only	Q114176	real	Q104135	real
BOTH-REAL	child-only	Q114176	real	Q104282	real
BOTH-REAL	child-only	Q114184	real	Q101413	real
BOTH-REAL	child-only	Q114186	real	Q102523	real
BOTH-REAL	child-only	Q114198	real	Q102761	real
BOTH-REAL	child-only	Q114200	real	Q102537	real
BOTH-REAL	child-only	Q114208	real	Q104321	real
BOTH-REAL	child-only	Q114210	real	Q104327	real
BOTH-REAL	child-only	Q114210	real	Q104329	real
BOTH-REAL	child-only	Q114212	real	Q104333	real
BOTH-REAL	child-only	Q114218	real	Q104345	real
BOTH-REAL	child-only	Q114218	real	Q104347	real
BOTH-REAL	child-only	Q114224	real	Q104355	real
BOTH-REAL	child-only	Q114240	real	Q102601	real
BOTH-REAL	child-only	Q114244	real	Q101103	real
BOTH-REAL	child-only	Q114244	real	Q102583	real
BOTH-REAL	child-only	Q114250	real	Q104383	real
BOTH-REAL	child-only	Q114250	real	Q104385	real
BOTH-REAL	child-only	Q114254	real	Q104389	real
BOTH-REAL	child-only	Q114254	real	Q104391	real
BOTH-REAL	child-only	Q114256	real	Q104393	real
BOTH-REAL	child-only	Q114258	real	Q104397	real
BOTH-REAL	child-only	Q114258	real	Q104399	real
BOTH-REAL	child-only	Q114270	real	Q101457	real
BOTH-REAL	child-only	Q114270	real	Q102607	real
BOTH-REAL	child-only	Q114270	real	Q104485	real
BOTH-REAL	child-only	Q114278	real	Q104204	real
BOTH-REAL	child-only	Q114280	real	Q104497	real
BOTH-REAL	child-only	Q114282	real	Q104499	real
BOTH-REAL	child-only	Q114282	real	Q104501	real
BOTH-REAL	child-only	Q114282	real	Q104503	real
BOTH-REAL	child-only	Q114284	real	Q104507	real
BOTH-REAL	child-only	Q114286	real	Q102623	real
BOTH-REAL	child-only	Q114292	real	Q104535	real
BOTH-REAL	child-only	Q114292	real	Q104537	real
BOTH-REAL	child-only	Q114302	real	Q102639	real
BOTH-REAL	child-only	Q114306	real	Q101968	real
BOTH-REAL	child-only	Q114306	real	Q102345	real
BOTH-REAL	child-only	Q114312	real	Q103262	real
BOTH-REAL	child-only	Q114312	real	Q103264	real
BOTH-REAL	child-only	Q114316	real	Q100930	real
BOTH-REAL	child-only	Q114316	real	Q101477	real
BOTH-REAL	child-only	Q114318	real	Q101718	real
BOTH-REAL	child-only	Q114318	real	Q103033	real
BOTH-REAL	child-only	Q114318	real	Q103035	real
BOTH-REAL	child-only	Q114318	real	Q103039	real
BOTH-REAL	child-only	Q114318	real	Q103041	real
BOTH-REAL	child-only	Q114318	real	Q103043	real
BOTH-REAL	child-only	Q114318	real	Q111545	real
BOTH-REAL	child-only	Q114320	real	Q101621	real
BOTH-REAL	child-only	Q114322	real	Q104561	real
BOTH-REAL	child-only	Q114334	real	Q101479	real
BOTH-REAL	child-only	Q114334	real	Q102671	real
BOTH-REAL	child-only	Q114338	real	Q102675	real
BOTH-REAL	child-only	Q114342	real	Q102679	real
BOTH-REAL	child-only	Q114342	real	Q102681	real
BOTH-REAL	child-only	Q114352	real	Q104581	real
BOTH-REAL	child-only	Q114352	real	Q116238	real
BOTH-REAL	child-only	Q118053	real	Q103864	real
BOTH-REAL	child-only	Q118055	real	Q103864	real
BOTH-REAL	child-only	Q118067	real	Q106415	real
BOTH-REAL	child-only	Q118073	real	Q106421	real
BOTH-REAL	child-only	Q118081	real	Q103882	real
BOTH-REAL	child-only	Q118083	real	Q103882	real
BOTH-REAL	child-only	Q118097	real	Q103888	real
BOTH-REAL	child-only	Q118107	real	Q106063	real
BOTH-REAL	child-only	Q118107	real	Q106467	real
BOTH-REAL	child-only	Q118107	real	Q106469	real
BOTH-REAL	child-only	Q118107	real	Q106471	real
BOTH-REAL	child-only	Q118107	real	Q106473	real
BOTH-REAL	child-only	Q118163	real	Q106246	real
BOTH-REAL	child-only	Q118171	real	Q103965	real
BOTH-REAL	child-only	Q118177	real	Q103936	real
BOTH-REAL	child-only	Q118179	real	Q103936	real
BOTH-REAL	child-only	Q118189	real	Q106537	real
BOTH-REAL	child-only	Q118189	real	Q106539	real
BOTH-REAL	child-only	Q118195	real	Q106543	real
BOTH-REAL	child-only	Q118195	real	Q106547	real
BOTH-REAL	child-only	Q118205	real	Q103961	real
BOTH-REAL	child-only	Q118207	real	Q103961	real
BOTH-REAL	child-only	Q118209	real	Q104461	real
BOTH-REAL	child-only	Q118213	real	Q103971	real
BOTH-REAL	child-only	Q118213	real	Q103975	real
BOTH-REAL	child-only	Q118213	real	Q105217	real
BOTH-REAL	child-only	Q118213	real	Q105221	real
BOTH-REAL	child-only	Q118219	real	Q105343	real
BOTH-REAL	child-only	Q118219	real	Q106569	real
BOTH-REAL	child-only	Q118229	real	Q106577	real
BOTH-REAL	child-only	Q118247	real	Q104493	real
BOTH-REAL	child-only	Q118298	real	Q106256	real
BOTH-REAL	child-only	Q118298	real	Q106649	real
BOTH-REAL	child-only	Q118298	real	Q106653	real
BOTH-REAL	child-only	Q118319	real	Q104055	real
BOTH-REAL	child-only	Q118323	real	Q103286	real
BOTH-REAL	child-only	Q118325	real	Q104059	real
BOTH-REAL	child-only	Q118327	real	Q104059	real
BOTH-REAL	child-only	Q118329	real	Q104061	real
BOTH-REAL	child-only	Q118331	real	Q104061	real
BOTH-REAL	child-only	Q118333	real	Q104063	real
BOTH-REAL	child-only	Q118335	real	Q104063	real
BOTH-REAL	child-only	Q118343	real	Q106059	real
BOTH-REAL	child-only	Q118355	real	Q106704	real
BOTH-REAL	child-only	Q118373	real	Q103780	real
BOTH-REAL	child-only	Q118373	real	Q103784	real
BOTH-REAL	child-only	Q118436	real	Q74261	real
BOTH-REAL	child-only	Q118485	real	Q125098	real
BOTH-REAL	child-only	Q118495	real	Q106846	real
BOTH-REAL	child-only	Q118501	real	Q106156	real
BOTH-REAL	child-only	Q118511	real	Q105503	real
BOTH-REAL	child-only	Q118537	real	Q104186	real
BOTH-REAL	child-only	Q118541	real	Q106890	real
BOTH-REAL	child-only	Q118545	real	Q104192	real
BOTH-REAL	child-only	Q118555	real	Q103248	real
BOTH-REAL	child-only	Q118555	real	Q103250	real
BOTH-REAL	child-only	Q118555	real	Q103252	real
BOTH-REAL	child-only	Q118573	real	Q104206	real
BOTH-REAL	child-only	Q118577	real	Q104208	real
BOTH-REAL	child-only	Q118583	real	Q106282	real
BOTH-REAL	child-only	Q118587	real	Q104232	real
BOTH-REAL	child-only	Q118589	real	Q104232	real
BOTH-REAL	child-only	Q118631	real	Q106980	real
BOTH-REAL	child-only	Q118637	real	Q103141	real
BOTH-REAL	child-only	Q118645	real	Q107050	real
BOTH-REAL	child-only	Q118649	real	Q103934	real
BOTH-REAL	child-only	Q118649	real	Q104260	real
BOTH-REAL	child-only	Q118651	real	Q104260	real
BOTH-REAL	child-only	Q118655	real	Q104266	real
BOTH-REAL	child-only	Q118655	real	Q106152	real
BOTH-REAL	child-only	Q118671	real	Q107020	real
BOTH-REAL	child-only	Q118701	real	Q102821	real
BOTH-REAL	child-only	Q118707	real	Q107056	real
BOTH-REAL	child-only	Q118711	real	Q107060	real
BOTH-REAL	child-only	Q118733	real	Q107082	real
BOTH-REAL	child-only	Q118733	real	Q107084	real
BOTH-REAL	child-only	Q118755	real	Q104343	real
BOTH-REAL	child-only	Q118761	real	Q104335	real
BOTH-REAL	child-only	Q118769	real	Q101639	real
BOTH-REAL	child-only	Q118769	real	Q104258	real
BOTH-REAL	child-only	Q118769	real	Q104343	real
BOTH-REAL	child-only	Q118789	real	Q104357	real
BOTH-REAL	child-only	Q118803	real	Q104359	real
BOTH-REAL	child-only	Q118805	real	Q104363	real
BOTH-REAL	child-only	Q118807	real	Q104363	real
BOTH-REAL	child-only	Q118819	real	Q106912	real
BOTH-REAL	child-only	Q118825	real	Q104447	real
BOTH-REAL	child-only	Q118825	real	Q107174	real
BOTH-REAL	child-only	Q118831	real	Q107180	real
BOTH-REAL	child-only	Q118847	real	Q101429	real
BOTH-REAL	child-only	Q118847	real	Q101804	real
BOTH-REAL	child-only	Q118847	real	Q101806	real
BOTH-REAL	child-only	Q118847	real	Q101808	real
BOTH-REAL	child-only	Q118847	real	Q102778	real
BOTH-REAL	child-only	Q118847	real	Q107076	real
BOTH-REAL	child-only	Q118847	real	Q107078	real
BOTH-REAL	child-only	Q118853	real	Q107204	real
BOTH-REAL	child-only	Q118863	real	Q104425	real
BOTH-REAL	child-only	Q118865	real	Q104425	real
BOTH-REAL	child-only	Q119006	real	Q104547	real
BOTH-REAL	child-only	Q119008	real	Q104547	real
BOTH-REAL	child-only	Q119028	real	Q107518	real
BOTH-REAL	child-only	Q119028	real	Q107520	real
BOTH-REAL	child-only	Q119028	real	Q107522	real
BOTH-REAL	child-only	Q119028	real	Q107524	real
BOTH-REAL	child-only	Q119028	real	Q107526	real
BOTH-REAL	child-only	Q119028	real	Q107528	real
BOTH-REAL	child-only	Q119034	real	Q66515	real
BOTH-REAL	child-only	Q119489	real	Q205254	real
BOTH-REAL	child-only	Q119489	real	Q207250	real
BOTH-REAL	child-only	Q119489	real	Q207251	real
BOTH-REAL	child-only	Q119489	real	Q207252	real
BOTH-REAL	child-only	Q119519	real	Q205212	real
BOTH-REAL	child-only	Q121951	real	Q107333	real
BOTH-REAL	child-only	Q123440	real	Q101439	real
BOTH-REAL	child-only	Q123443	real	Q101439	real
BOTH-REAL	child-only	Q123443	real	Q104005	real
BOTH-REAL	child-only	Q123443	real	Q104007	real
BOTH-REAL	child-only	Q123443	real	Q104009	real
BOTH-REAL	child-only	Q123443	real	Q104011	real
BOTH-REAL	child-only	Q123443	real	Q104013	real
BOTH-REAL	child-only	Q123443	real	Q104015	real
BOTH-REAL	child-only	Q123509	real	Q102831	real
BOTH-REAL	child-only	Q123509	real	Q102833	real
BOTH-REAL	child-only	Q123509	real	Q102835	real
BOTH-REAL	child-only	Q123509	real	Q102837	real
BOTH-REAL	child-only	Q123509	real	Q102839	real
BOTH-REAL	child-only	Q123509	real	Q102841	real
BOTH-REAL	child-only	Q123528	real	Q119242	real
BOTH-REAL	child-only	Q124235	real	Q102139	real
BOTH-REAL	child-only	Q124235	real	Q102147	real
BOTH-REAL	child-only	Q124249	real	Q102363	real
BOTH-REAL	child-only	Q124249	real	Q102365	real
BOTH-REAL	child-only	Q124249	real	Q102367	real
BOTH-REAL	child-only	Q124257	real	Q106144	real
BOTH-REAL	child-only	Q124281	real	Q103846	real
BOTH-REAL	child-only	Q124281	real	Q103850	real
BOTH-REAL	child-only	Q124281	real	Q103852	real
BOTH-REAL	child-only	Q124281	real	Q103854	real
BOTH-REAL	child-only	Q124281	real	Q103858	real
BOTH-REAL	child-only	Q124281	real	Q103860	real
BOTH-REAL	child-only	Q124295	real	Q105195	real
BOTH-REAL	child-only	Q124295	real	Q107347	real
BOTH-REAL	child-only	Q124326	real	Q104371	real
BOTH-REAL	child-only	Q124326	real	Q104375	real
BOTH-REAL	child-only	Q130322	real	Q153494	real
BOTH-REAL	child-only	Q130322	real	Q153520	real
BOTH-REAL	child-only	Q130392	real	Q74698	real
BOTH-REAL	child-only	Q130392	real	Q74701	real
BOTH-REAL	child-only	Q130496	real	Q74720	real
BOTH-REAL	child-only	Q131024	real	Q74973	real
BOTH-REAL	child-only	Q131430	real	Q74698	real
BOTH-REAL	child-only	Q131430	real	Q74701	real
BOTH-REAL	child-only	Q131902	real	Q75123	real
BOTH-REAL	child-only	Q132332	real	Q132333	real
BOTH-REAL	child-only	Q132332	real	Q132455	real
BOTH-REAL	child-only	Q132332	real	Q133162	real
BOTH-REAL	child-only	Q132332	real	Q133286	real
BOTH-REAL	child-only	Q132332	real	Q133645	real
BOTH-REAL	child-only	Q132332	real	Q133651	real
BOTH-REAL	child-only	Q132332	real	Q133652	real
BOTH-REAL	child-only	Q132332	real	Q133653	real
BOTH-REAL	child-only	Q132332	real	Q133654	real
BOTH-REAL	child-only	Q132332	real	Q133655	real
BOTH-REAL	child-only	Q132332	real	Q133656	real
BOTH-REAL	child-only	Q132332	real	Q133657	real
BOTH-REAL	child-only	Q132332	real	Q133658	real
BOTH-REAL	child-only	Q132332	real	Q75348	real
BOTH-REAL	child-only	Q132482	real	Q74991	real
BOTH-REAL	child-only	Q132730	real	Q130496	real
BOTH-REAL	child-only	Q132823	real	Q73380	real
BOTH-REAL	child-only	Q132880	real	Q134107	real
BOTH-REAL	child-only	Q133062	real	Q75123	real
BOTH-REAL	child-only	Q135746	real	Q2618	real
BOTH-REAL	child-only	Q144298	real	Q99725	real
BOTH-REAL	child-only	Q151476	real	Q73119	real
BOTH-REAL	child-only	Q152973	real	Q16001278	real
BOTH-REAL	child-only	Q152973	real	Q47088829	real
BOTH-REAL	child-only	Q153399	real	Q28320	real
BOTH-REAL	child-only	Q153469	real	Q28296	real
BOTH-REAL	child-only	Q153769	real	Q70137	real
BOTH-REAL	child-only	Q153770	real	Q70137	real
BOTH-REAL	child-only	Q153794	real	Q153738	real
BOTH-REAL	child-only	Q16420	real	Q28184	real
BOTH-REAL	child-only	Q16432	real	Q28257	real
BOTH-REAL	child-only	Q16440	real	Q28329	real
BOTH-REAL	child-only	Q18257	real	Q28241	real
BOTH-REAL	child-only	Q19213	real	Q28261	real
BOTH-REAL	child-only	Q19217	real	Q28265	real
BOTH-REAL	child-only	Q19225	real	Q28289	real
BOTH-REAL	child-only	Q221674	real	Q45071026	real
BOTH-REAL	child-only	Q221674	real	Q53326	real
BOTH-REAL	child-only	Q221674	real	Q934533	real
BOTH-REAL	child-only	Q2464	real	Q51668	real
BOTH-REAL	child-only	Q28026	real	Q28193	real
BOTH-REAL	child-only	Q28356	real	Q28344	real
BOTH-REAL	child-only	Q28798	real	Q28201	real
BOTH-REAL	child-only	Q28802	real	Q28201	real
BOTH-REAL	child-only	Q30606	real	Q2781	real
BOTH-REAL	child-only	Q30626	real	Q152931	real
BOTH-REAL	child-only	Q31353	real	Q28241	real
BOTH-REAL	child-only	Q31690	real	Q28142	real
BOTH-REAL	child-only	Q31758	real	Q28175	real
BOTH-REAL	child-only	Q31883	real	Q28245	real
BOTH-REAL	child-only	Q31907	real	Q28261	real
BOTH-REAL	child-only	Q31911	real	Q28269	real
BOTH-REAL	child-only	Q31915	real	Q28281	real
BOTH-REAL	child-only	Q31947	real	Q28325	real
BOTH-REAL	child-only	Q337	real	Q345	real
BOTH-REAL	child-only	Q337	real	Q346	real
BOTH-REAL	child-only	Q41344	real	Q28154	real
BOTH-REAL	child-only	Q41344	real	Q28157	real
BOTH-REAL	child-only	Q41344	real	Q28160	real
BOTH-REAL	child-only	Q41344	real	Q28163	real
BOTH-REAL	child-only	Q41344	real	Q28166	real
BOTH-REAL	child-only	Q41344	real	Q28172	real
BOTH-REAL	child-only	Q43763	real	Q28196	real
BOTH-REAL	child-only	Q48161	real	Q28273	real
BOTH-REAL	child-only	Q51331	real	Q28300	real
BOTH-REAL	child-only	Q51341	real	Q28308	real
BOTH-REAL	child-only	Q51352	real	Q28320	real
BOTH-REAL	child-only	Q51387	real	Q28332	real
BOTH-REAL	child-only	Q52172	real	Q153595	real
BOTH-REAL	child-only	Q52172	real	Q29006	real
BOTH-REAL	child-only	Q52184	real	Q2288	real
BOTH-REAL	child-only	Q52196	real	Q28227	real
BOTH-REAL	child-only	Q52212	real	Q28239	real
BOTH-REAL	child-only	Q52224	real	Q28255	real
BOTH-REAL	child-only	Q52228	real	Q2299	real
BOTH-REAL	child-only	Q52228	real	Q51321	real
BOTH-REAL	child-only	Q52236	real	Q28268	real
BOTH-REAL	child-only	Q52252	real	Q28280	real
BOTH-REAL	child-only	Q52256	real	Q28284	real
BOTH-REAL	child-only	Q52288	real	Q28324	real
BOTH-REAL	child-only	Q52300	real	Q28332	real
BOTH-REAL	child-only	Q52308	real	Q2319	real
BOTH-REAL	child-only	Q52312	real	Q28344	real
BOTH-REAL	child-only	Q52324	real	Q28356	real
BOTH-REAL	child-only	Q52328	real	Q28364	real
BOTH-REAL	child-only	Q52336	real	Q28368	real
BOTH-REAL	child-only	Q52340	real	Q2327	real
BOTH-REAL	child-only	Q52340	real	Q51407	real
BOTH-REAL	child-only	Q52348	real	Q28380	real
BOTH-REAL	child-only	Q52352	real	Q2330	real
BOTH-REAL	child-only	Q52360	real	Q28388	real
BOTH-REAL	child-only	Q52364	real	Q28392	real
BOTH-REAL	child-only	Q52368	real	Q2333	real
BOTH-REAL	child-only	Q52372	real	Q2335	real
BOTH-REAL	child-only	Q52376	real	Q28408	real
BOTH-REAL	child-only	Q52380	real	Q28412	real
BOTH-REAL	child-only	Q52384	real	Q28416	real
BOTH-REAL	child-only	Q52388	real	Q28420	real
BOTH-REAL	child-only	Q52400	real	Q28433	real
BOTH-REAL	child-only	Q52404	real	Q2343	real
BOTH-REAL	child-only	Q52404	real	Q51437	real
BOTH-REAL	child-only	Q52412	real	Q28445	real
BOTH-REAL	child-only	Q52416	real	Q2346	real
BOTH-REAL	child-only	Q52428	real	Q28457	real
BOTH-REAL	child-only	Q52432	real	Q2349	real
BOTH-REAL	child-only	Q52440	real	Q28473	real
BOTH-REAL	child-only	Q52444	real	Q28477	real
BOTH-REAL	child-only	Q52448	real	Q2354	real
BOTH-REAL	child-only	Q52448	real	Q51467	real
BOTH-REAL	child-only	Q52452	real	Q28485	real
BOTH-REAL	child-only	Q52456	real	Q2356	real
BOTH-REAL	child-only	Q52460	real	Q2357	real
BOTH-REAL	child-only	Q52468	real	Q28497	real
BOTH-REAL	child-only	Q52476	real	Q28901	real
BOTH-REAL	child-only	Q52484	real	Q28909	real
BOTH-REAL	child-only	Q52492	real	Q28917	real
BOTH-REAL	child-only	Q52504	real	Q28925	real
BOTH-REAL	child-only	Q52512	real	Q28938	real
BOTH-REAL	child-only	Q52520	real	Q28946	real
BOTH-REAL	child-only	Q52528	real	Q28954	real
BOTH-REAL	child-only	Q52556	real	Q28986	real
BOTH-REAL	child-only	Q52556	real	Q51508	real
BOTH-REAL	child-only	Q52564	real	Q28994	real
BOTH-REAL	child-only	Q52572	real	Q28998	real
BOTH-REAL	child-only	Q52576	real	Q29002	real
BOTH-REAL	child-only	Q52580	real	Q2389	real
BOTH-REAL	child-only	Q52636	real	Q2403	real
BOTH-REAL	child-only	Q52649	real	Q29080	real
BOTH-REAL	child-only	Q52669	real	Q2449	real
BOTH-REAL	child-only	Q52669	real	Q29108	real
BOTH-REAL	child-only	Q52705	real	Q29100	real
BOTH-REAL	child-only	Q52705	real	Q29288	real
BOTH-REAL	child-only	Q52788	real	Q2441	real
BOTH-REAL	child-only	Q52788	real	Q51592	real
BOTH-REAL	child-only	Q52792	real	Q2442	real
BOTH-REAL	child-only	Q52800	real	Q2446	real
BOTH-REAL	child-only	Q52800	real	Q29232	real
BOTH-REAL	child-only	Q52804	real	Q2448	real
BOTH-REAL	child-only	Q52804	real	Q51596	real
BOTH-REAL	child-only	Q52970	real	Q5864	real
BOTH-REAL	child-only	Q52974	real	Q2485	real
BOTH-REAL	child-only	Q52974	real	Q2487	real
BOTH-REAL	child-only	Q52986	real	Q2490	real
BOTH-REAL	child-only	Q52986	real	Q2491	real
BOTH-REAL	child-only	Q52986	real	Q2493	real
BOTH-REAL	child-only	Q52986	real	Q2515	real
BOTH-REAL	child-only	Q52986	real	Q29425	real
BOTH-REAL	child-only	Q53006	real	Q2489	real
BOTH-REAL	child-only	Q53006	real	Q2495	real
BOTH-REAL	child-only	Q53097	real	Q29533	real
BOTH-REAL	child-only	Q53105	real	Q29550	real
BOTH-REAL	child-only	Q53121	real	Q29554	real
BOTH-REAL	child-only	Q53282	real	Q29810	real
BOTH-REAL	child-only	Q54433	real	Q51954	real
BOTH-REAL	child-only	Q61301	real	Q166510	real
BOTH-REAL	child-only	Q61301	real	Q166512	real
BOTH-REAL	child-only	Q61301	real	Q166515	real
BOTH-REAL	child-only	Q61301	real	Q166516	real
BOTH-REAL	child-only	Q61301	real	Q166517	real
BOTH-REAL	child-only	Q61301	real	Q166518	real
BOTH-REAL	child-only	Q61532	real	Q99314	real
BOTH-REAL	child-only	Q61565	real	Q99314	real
BOTH-REAL	child-only	Q68650	real	Q99322	real
BOTH-REAL	child-only	Q70032	real	Q6441	real
BOTH-REAL	child-only	Q70904	real	Q85786	real
BOTH-REAL	child-only	Q73197	real	Q135918	real
BOTH-REAL	child-only	Q73197	real	Q165392	real
BOTH-REAL	child-only	Q73197	real	Q165393	real
BOTH-REAL	child-only	Q73197	real	Q165394	real
BOTH-REAL	child-only	Q73197	real	Q165395	real
BOTH-REAL	child-only	Q73197	real	Q165396	real
BOTH-REAL	child-only	Q73197	real	Q165397	real
BOTH-REAL	child-only	Q73197	real	Q165399	real
BOTH-REAL	child-only	Q73197	real	Q165403	real
BOTH-REAL	child-only	Q73197	real	Q165405	real
BOTH-REAL	child-only	Q73197	real	Q165406	real
BOTH-REAL	child-only	Q73197	real	Q165408	real
BOTH-REAL	child-only	Q73197	real	Q165409	real
BOTH-REAL	child-only	Q73197	real	Q78713	real
BOTH-REAL	child-only	Q73197	real	Q78716	real
BOTH-REAL	child-only	Q73485	real	Q73182	real
BOTH-REAL	child-only	Q74003	real	Q165340	real
BOTH-REAL	child-only	Q74003	real	Q165341	real
BOTH-REAL	child-only	Q74003	real	Q165441	real
BOTH-REAL	child-only	Q74698	real	Q75054	real
BOTH-REAL	child-only	Q74698	real	Q90309	real
BOTH-REAL	child-only	Q74698	real	Q90368	real
BOTH-REAL	child-only	Q74698	real	Q90372	real
BOTH-REAL	child-only	Q74698	real	Q90376	real
BOTH-REAL	child-only	Q74701	real	Q75054	real
BOTH-REAL	child-only	Q74701	real	Q90309	real
BOTH-REAL	child-only	Q74701	real	Q90368	real
BOTH-REAL	child-only	Q74701	real	Q90372	real
BOTH-REAL	child-only	Q74701	real	Q90376	real
BOTH-REAL	child-only	Q74701	real	Q90410	real
BOTH-REAL	child-only	Q74701	real	Q90460	real
BOTH-REAL	child-only	Q74720	real	Q131432	real
BOTH-REAL	child-only	Q74720	real	Q131434	real
BOTH-REAL	child-only	Q74720	real	Q74698	real
BOTH-REAL	child-only	Q74900	real	Q90259	real
BOTH-REAL	child-only	Q74931	real	Q90271	real
BOTH-REAL	child-only	Q74970	real	Q90311	real
BOTH-REAL	child-only	Q74970	real	Q90313	real
BOTH-REAL	child-only	Q74970	real	Q90315	real
BOTH-REAL	child-only	Q74970	real	Q90317	real
BOTH-REAL	child-only	Q74970	real	Q90319	real
BOTH-REAL	child-only	Q74970	real	Q90321	real
BOTH-REAL	child-only	Q74970	real	Q90323	real
BOTH-REAL	child-only	Q74970	real	Q90327	real
BOTH-REAL	child-only	Q74970	real	Q90329	real
BOTH-REAL	child-only	Q74970	real	Q90331	real
BOTH-REAL	child-only	Q74985	real	Q90538	real
BOTH-REAL	child-only	Q74988	real	Q90538	real
BOTH-REAL	child-only	Q75009	real	Q90468	real
BOTH-REAL	child-only	Q75012	real	Q90366	real
BOTH-REAL	child-only	Q75030	real	Q90460	real
BOTH-REAL	child-only	Q75048	real	Q90526	real
BOTH-REAL	child-only	Q75189	real	Q90450	real
BOTH-REAL	child-only	Q75201	real	Q90600	real
BOTH-REAL	child-only	Q75279	real	Q90394	real
BOTH-REAL	child-only	Q75357	real	Q90406	real
BOTH-REAL	child-only	Q75537	real	Q166408	real
BOTH-REAL	child-only	Q75537	real	Q166410	real
BOTH-REAL	child-only	Q78006	real	Q165628	real
BOTH-REAL	child-only	Q78006	real	Q165629	real
BOTH-REAL	child-only	Q78192	real	Q165669	real
BOTH-REAL	child-only	Q78354	real	Q99709	real
BOTH-REAL	child-only	Q78357	real	Q165613	real
BOTH-REAL	child-only	Q78357	real	Q165614	real
BOTH-REAL	child-only	Q85218	real	Q129797	real
BOTH-REAL	child-only	Q85218	real	Q129799	real
BOTH-REAL	child-only	Q85218	real	Q129801	real
BOTH-REAL	child-only	Q85220	real	Q129690	real
BOTH-REAL	child-only	Q85220	real	Q129694	real
BOTH-REAL	child-only	Q85220	real	Q129696	real
BOTH-REAL	child-only	Q85220	real	Q129698	real
BOTH-REAL	child-only	Q85222	real	Q129680	real
BOTH-REAL	child-only	Q85222	real	Q129682	real
BOTH-REAL	child-only	Q85222	real	Q129684	real
BOTH-REAL	child-only	Q85228	real	Q129307	real
BOTH-REAL	child-only	Q85228	real	Q129311	real
BOTH-REAL	child-only	Q85228	real	Q129313	real
BOTH-REAL	child-only	Q85228	real	Q129315	real
BOTH-REAL	child-only	Q85228	real	Q129317	real
BOTH-REAL	child-only	Q85228	real	Q129319	real
BOTH-REAL	child-only	Q85228	real	Q129321	real
BOTH-REAL	child-only	Q85228	real	Q129323	real
BOTH-REAL	child-only	Q85253	real	Q195013	real
BOTH-REAL	child-only	Q85253	real	Q195030	real
BOTH-REAL	child-only	Q85253	real	Q195032	real
BOTH-REAL	child-only	Q85253	real	Q195336	real
BOTH-REAL	child-only	Q85253	real	Q195544	real
BOTH-REAL	child-only	Q85255	real	Q195013	real
BOTH-REAL	child-only	Q85255	real	Q195030	real
BOTH-REAL	child-only	Q85255	real	Q195032	real
BOTH-REAL	child-only	Q85255	real	Q195336	real
BOTH-REAL	child-only	Q85255	real	Q195544	real
BOTH-REAL	child-only	Q85261	real	Q195035	real
BOTH-REAL	child-only	Q85273	real	Q195133	real
BOTH-REAL	child-only	Q85277	real	Q195390	real
BOTH-REAL	child-only	Q85279	real	Q195390	real
BOTH-REAL	child-only	Q85289	real	Q195031	real
BOTH-REAL	child-only	Q85289	real	Q195493	real
BOTH-REAL	child-only	Q85291	real	Q195493	real
BOTH-REAL	child-only	Q85305	real	Q195096	real
BOTH-REAL	child-only	Q85305	real	Q195779	real
BOTH-REAL	child-only	Q85305	real	Q195780	real
BOTH-REAL	child-only	Q85305	real	Q195781	real
BOTH-REAL	child-only	Q85307	real	Q195096	real
BOTH-REAL	child-only	Q85307	real	Q195779	real
BOTH-REAL	child-only	Q85307	real	Q195780	real
BOTH-REAL	child-only	Q85307	real	Q195781	real
BOTH-REAL	child-only	Q85344	real	Q195339	real
BOTH-REAL	child-only	Q85346	real	Q195085	real
BOTH-REAL	child-only	Q85346	real	Q195329	real
BOTH-REAL	child-only	Q85346	real	Q195653	real
BOTH-REAL	child-only	Q85346	real	Q195661	real
BOTH-REAL	child-only	Q85346	real	Q195662	real
BOTH-REAL	child-only	Q85346	real	Q195663	real
BOTH-REAL	child-only	Q85346	real	Q195833	real
BOTH-REAL	child-only	Q85352	real	Q195135	real
BOTH-REAL	child-only	Q85352	real	Q195655	real
BOTH-REAL	child-only	Q85352	real	Q195656	real
BOTH-REAL	child-only	Q85352	real	Q195657	real
BOTH-REAL	child-only	Q85352	real	Q195658	real
BOTH-REAL	child-only	Q85352	real	Q195659	real
BOTH-REAL	child-only	Q85352	real	Q195660	real
BOTH-REAL	child-only	Q85354	real	Q195135	real
BOTH-REAL	child-only	Q85354	real	Q195656	real
BOTH-REAL	child-only	Q85354	real	Q195657	real
BOTH-REAL	child-only	Q85354	real	Q195658	real
BOTH-REAL	child-only	Q85354	real	Q195659	real
BOTH-REAL	child-only	Q85354	real	Q195660	real
BOTH-REAL	child-only	Q85356	real	Q195124	real
BOTH-REAL	child-only	Q85358	real	Q195124	real
BOTH-REAL	child-only	Q85360	real	Q195036	real
BOTH-REAL	child-only	Q85360	real	Q195343	real
BOTH-REAL	child-only	Q85360	real	Q195345	real
BOTH-REAL	child-only	Q85360	real	Q195511	real
BOTH-REAL	child-only	Q85360	real	Q195518	real
BOTH-REAL	child-only	Q85360	real	Q195519	real
BOTH-REAL	child-only	Q85360	real	Q195523	real
BOTH-REAL	child-only	Q85362	real	Q195036	real
BOTH-REAL	child-only	Q85362	real	Q195511	real
BOTH-REAL	child-only	Q85364	real	Q195071	real
BOTH-REAL	child-only	Q85364	real	Q195072	real
BOTH-REAL	child-only	Q85368	real	Q195426	real
BOTH-REAL	child-only	Q85368	real	Q195647	real
BOTH-REAL	child-only	Q85368	real	Q195648	real
BOTH-REAL	child-only	Q85368	real	Q195650	real
BOTH-REAL	child-only	Q85370	real	Q195648	real
BOTH-REAL	child-only	Q85376	real	Q195347	real
BOTH-REAL	child-only	Q85376	real	Q195348	real
BOTH-REAL	child-only	Q85378	real	Q195347	real
BOTH-REAL	child-only	Q85378	real	Q195348	real
BOTH-REAL	child-only	Q85384	real	Q195073	real
BOTH-REAL	child-only	Q85384	real	Q195074	real
BOTH-REAL	child-only	Q85384	real	Q195480	real
BOTH-REAL	child-only	Q85386	real	Q195073	real
BOTH-REAL	child-only	Q85386	real	Q195074	real
BOTH-REAL	child-only	Q85386	real	Q195480	real
BOTH-REAL	child-only	Q85416	real	Q195016	real
BOTH-REAL	child-only	Q85430	real	Q195125	real
BOTH-REAL	child-only	Q85430	real	Q195126	real
BOTH-REAL	child-only	Q85430	real	Q195749	real
BOTH-REAL	child-only	Q85432	real	Q195125	real
BOTH-REAL	child-only	Q85432	real	Q195126	real
BOTH-REAL	child-only	Q85432	real	Q195749	real
BOTH-REAL	child-only	Q85434	real	Q195446	real
BOTH-REAL	child-only	Q85436	real	Q195446	real
BOTH-REAL	child-only	Q85444	real	Q195396	real
BOTH-REAL	child-only	Q85444	real	Q195495	real
BOTH-REAL	child-only	Q85444	real	Q195705	real
BOTH-REAL	child-only	Q85446	real	Q195396	real
BOTH-REAL	child-only	Q85446	real	Q195495	real
BOTH-REAL	child-only	Q85446	real	Q195705	real
BOTH-REAL	child-only	Q85448	real	Q195845	real
BOTH-REAL	child-only	Q85462	real	Q195009	real
BOTH-REAL	child-only	Q85464	real	Q195009	real
BOTH-REAL	child-only	Q85578	real	Q195100	real
BOTH-REAL	child-only	Q85580	real	Q195100	real
BOTH-REAL	child-only	Q85604	real	Q195063	real
BOTH-REAL	child-only	Q85626	real	Q195205	real
BOTH-REAL	child-only	Q85626	real	Q195713	real
BOTH-REAL	child-only	Q85626	real	Q195714	real
BOTH-REAL	child-only	Q85626	real	Q195715	real
BOTH-REAL	child-only	Q85626	real	Q195716	real
BOTH-REAL	child-only	Q85626	real	Q195717	real
BOTH-REAL	child-only	Q85640	real	Q195182	real
BOTH-REAL	child-only	Q85640	real	Q195719	real
BOTH-REAL	child-only	Q85640	real	Q195720	real
BOTH-REAL	child-only	Q85640	real	Q195721	real
BOTH-REAL	child-only	Q85640	real	Q195722	real
BOTH-REAL	child-only	Q85640	real	Q195723	real
BOTH-REAL	child-only	Q85640	real	Q86089	real
BOTH-REAL	child-only	Q85642	real	Q195205	real
BOTH-REAL	child-only	Q85642	real	Q195710	real
BOTH-REAL	child-only	Q85642	real	Q195711	real
BOTH-REAL	child-only	Q85642	real	Q195713	real
BOTH-REAL	child-only	Q85642	real	Q195714	real
BOTH-REAL	child-only	Q85642	real	Q195715	real
BOTH-REAL	child-only	Q85642	real	Q195716	real
BOTH-REAL	child-only	Q85642	real	Q195717	real
BOTH-REAL	child-only	Q85664	real	Q195107	real
BOTH-REAL	child-only	Q85664	real	Q195177	real
BOTH-REAL	child-only	Q85668	real	Q195143	real
BOTH-REAL	child-only	Q85682	real	Q195483	real
BOTH-REAL	child-only	Q85710	real	Q195183	real
BOTH-REAL	child-only	Q85710	real	Q195190	real
BOTH-REAL	child-only	Q85710	real	Q195620	real
BOTH-REAL	child-only	Q85710	real	Q195622	real
BOTH-REAL	child-only	Q85710	real	Q195628	real
BOTH-REAL	child-only	Q85710	real	Q195630	real
BOTH-REAL	child-only	Q85710	real	Q195631	real
BOTH-REAL	child-only	Q85710	real	Q195634	real
BOTH-REAL	child-only	Q85710	real	Q195639	real
BOTH-REAL	child-only	Q85710	real	Q195641	real
BOTH-REAL	child-only	Q85710	real	Q195684	real
BOTH-REAL	child-only	Q85710	real	Q195698	real
BOTH-REAL	child-only	Q85710	real	Q195700	real
BOTH-REAL	child-only	Q85710	real	Q195703	real
BOTH-REAL	child-only	Q85722	real	Q195678	real
BOTH-REAL	child-only	Q85724	real	Q195183	real
BOTH-REAL	child-only	Q85724	real	Q195190	real
BOTH-REAL	child-only	Q85724	real	Q195622	real
BOTH-REAL	child-only	Q85724	real	Q195630	real
BOTH-REAL	child-only	Q85724	real	Q195639	real
BOTH-REAL	child-only	Q85724	real	Q195684	real
BOTH-REAL	child-only	Q85724	real	Q195703	real
BOTH-REAL	child-only	Q85726	real	Q195689	real
BOTH-REAL	child-only	Q85726	real	Q195690	real
BOTH-REAL	child-only	Q85726	real	Q195691	real
BOTH-REAL	child-only	Q85726	real	Q195692	real
BOTH-REAL	child-only	Q85726	real	Q195693	real
BOTH-REAL	child-only	Q85726	real	Q195696	real
BOTH-REAL	child-only	Q85726	real	Q195697	real
BOTH-REAL	child-only	Q85726	real	Q195765	real
BOTH-REAL	child-only	Q85728	real	Q195689	real
BOTH-REAL	child-only	Q85728	real	Q195690	real
BOTH-REAL	child-only	Q85728	real	Q195691	real
BOTH-REAL	child-only	Q85728	real	Q195692	real
BOTH-REAL	child-only	Q85728	real	Q195693	real
BOTH-REAL	child-only	Q85728	real	Q195696	real
BOTH-REAL	child-only	Q85728	real	Q195697	real
BOTH-REAL	child-only	Q85728	real	Q195765	real
BOTH-REAL	child-only	Q85730	real	Q195633	real
BOTH-REAL	child-only	Q85730	real	Q195678	real
BOTH-REAL	child-only	Q85730	real	Q195679	real
BOTH-REAL	child-only	Q85730	real	Q195680	real
BOTH-REAL	child-only	Q85730	real	Q195681	real
BOTH-REAL	child-only	Q85732	real	Q195694	real
BOTH-REAL	child-only	Q85732	real	Q195695	real
BOTH-REAL	child-only	Q85734	real	Q195694	real
BOTH-REAL	child-only	Q85734	real	Q195695	real
BOTH-REAL	child-only	Q85736	real	Q195237	real
BOTH-REAL	child-only	Q85736	real	Q195677	real
BOTH-REAL	child-only	Q85736	real	Q195686	real
BOTH-REAL	child-only	Q85738	real	Q195237	real
BOTH-REAL	child-only	Q85738	real	Q195677	real
BOTH-REAL	child-only	Q85738	real	Q195686	real
BOTH-REAL	child-only	Q85740	real	Q195148	real
BOTH-REAL	child-only	Q85740	real	Q195149	real
BOTH-REAL	child-only	Q85742	real	Q195148	real
BOTH-REAL	child-only	Q85742	real	Q195149	real
BOTH-REAL	child-only	Q85744	real	Q195153	real
BOTH-REAL	child-only	Q85744	real	Q195589	real
BOTH-REAL	child-only	Q85754	real	Q195023	real
BOTH-REAL	child-only	Q85754	real	Q195154	real
BOTH-REAL	child-only	Q85754	real	Q195232	real
BOTH-REAL	child-only	Q85760	real	Q195162	real
BOTH-REAL	child-only	Q85760	real	Q195163	real
BOTH-REAL	child-only	Q85760	real	Q195185	real
BOTH-REAL	child-only	Q85760	real	Q195186	real
BOTH-REAL	child-only	Q85760	real	Q195187	real
BOTH-REAL	child-only	Q85760	real	Q195307	real
BOTH-REAL	child-only	Q85760	real	Q195309	real
BOTH-REAL	child-only	Q85760	real	Q195311	real
BOTH-REAL	child-only	Q85760	real	Q195411	real
BOTH-REAL	child-only	Q85760	real	Q195574	real
BOTH-REAL	child-only	Q85760	real	Q195575	real
BOTH-REAL	child-only	Q85760	real	Q195580	real
BOTH-REAL	child-only	Q85760	real	Q195582	real
BOTH-REAL	child-only	Q85760	real	Q195584	real
BOTH-REAL	child-only	Q85760	real	Q195585	real
BOTH-REAL	child-only	Q85760	real	Q195826	real
BOTH-REAL	child-only	Q85760	real	Q85758	real
BOTH-REAL	child-only	Q85762	real	Q195186	real
BOTH-REAL	child-only	Q85762	real	Q195584	real
BOTH-REAL	child-only	Q85770	real	Q195664	real
BOTH-REAL	child-only	Q85770	real	Q195665	real
BOTH-REAL	child-only	Q85770	real	Q195674	real
BOTH-REAL	child-only	Q85782	real	Q195227	real
BOTH-REAL	child-only	Q85782	real	Q195228	real
BOTH-REAL	child-only	Q85808	real	Q195214	real
BOTH-REAL	child-only	Q85810	real	Q195212	real
BOTH-REAL	child-only	Q85839	real	Q166168	real
BOTH-REAL	child-only	Q85853	real	Q129648	real
BOTH-REAL	child-only	Q85853	real	Q129650	real
BOTH-REAL	child-only	Q85867	real	Q129652	real
BOTH-REAL	child-only	Q85867	real	Q129654	real
BOTH-REAL	child-only	Q85867	real	Q129656	real
BOTH-REAL	child-only	Q85867	real	Q129658	real
BOTH-REAL	child-only	Q86065	real	Q195182	real
BOTH-REAL	child-only	Q86065	real	Q195719	real
BOTH-REAL	child-only	Q86065	real	Q195720	real
BOTH-REAL	child-only	Q86065	real	Q195721	real
BOTH-REAL	child-only	Q86065	real	Q195722	real
BOTH-REAL	child-only	Q86065	real	Q195723	real
BOTH-REAL	child-only	Q86191	real	Q195063	real
BOTH-REAL	child-only	Q86191	real	Q195725	real
BOTH-REAL	child-only	Q86191	real	Q195726	real
BOTH-REAL	child-only	Q86191	real	Q195728	real
BOTH-REAL	child-only	Q86191	real	Q195732	real
BOTH-REAL	child-only	Q86331	real	Q129365	real
BOTH-REAL	child-only	Q86389	real	Q129355	real
BOTH-REAL	child-only	Q86391	real	Q129353	real
BOTH-REAL	child-only	Q86405	real	Q49799	real
BOTH-REAL	child-only	Q86517	real	Q129751	real
BOTH-REAL	child-only	Q86517	real	Q129753	real
BOTH-REAL	child-only	Q86517	real	Q129755	real
BOTH-REAL	child-only	Q86517	real	Q129757	real
BOTH-REAL	child-only	Q86517	real	Q129759	real
BOTH-REAL	child-only	Q86754	real	Q93736	real
BOTH-REAL	child-only	Q86975	real	Q109043	real
BOTH-REAL	child-only	Q87745	real	Q6605	real
BOTH-REAL	child-only	Q87827	real	Q6453	real
BOTH-REAL	child-only	Q90257	real	Q132754	real
BOTH-REAL	child-only	Q90257	real	Q132755	real
BOTH-REAL	child-only	Q90257	real	Q132756	real
BOTH-REAL	child-only	Q90257	real	Q132758	real
BOTH-REAL	child-only	Q90257	real	Q132759	real
BOTH-REAL	child-only	Q90289	real	Q73380	real
BOTH-REAL	child-only	Q90317	real	Q130584	real
BOTH-REAL	child-only	Q90317	real	Q130588	real
BOTH-REAL	child-only	Q90317	real	Q130606	real
BOTH-REAL	child-only	Q90317	real	Q130610	real
BOTH-REAL	child-only	Q90317	real	Q130612	real
BOTH-REAL	child-only	Q90317	real	Q130614	real
BOTH-REAL	child-only	Q90317	real	Q130616	real
BOTH-REAL	child-only	Q90317	real	Q130618	real
BOTH-REAL	child-only	Q90317	real	Q130626	real
BOTH-REAL	child-only	Q90317	real	Q130628	real
BOTH-REAL	child-only	Q90317	real	Q130630	real
BOTH-REAL	child-only	Q90317	real	Q130632	real
BOTH-REAL	child-only	Q90317	real	Q130634	real
BOTH-REAL	child-only	Q90317	real	Q130636	real
BOTH-REAL	child-only	Q90317	real	Q130638	real
BOTH-REAL	child-only	Q90317	real	Q75195	real
BOTH-REAL	child-only	Q90325	real	Q75336	real
BOTH-REAL	child-only	Q90374	real	Q130582	real
BOTH-REAL	child-only	Q90374	real	Q130584	real
BOTH-REAL	child-only	Q90374	real	Q130588	real
BOTH-REAL	child-only	Q90374	real	Q130592	real
BOTH-REAL	child-only	Q90374	real	Q75195	real
BOTH-REAL	child-only	Q90388	real	Q132046	real
BOTH-REAL	child-only	Q90388	real	Q132047	real
BOTH-REAL	child-only	Q90388	real	Q132048	real
BOTH-REAL	child-only	Q90388	real	Q132049	real
BOTH-REAL	child-only	Q90388	real	Q75153	real
BOTH-REAL	child-only	Q90436	real	Q74846	real
BOTH-REAL	child-only	Q90446	real	Q132846	real
BOTH-REAL	child-only	Q90446	real	Q132847	real
BOTH-REAL	child-only	Q90446	real	Q132848	real
BOTH-REAL	child-only	Q90446	real	Q132849	real
BOTH-REAL	child-only	Q90470	real	Q75087	real
BOTH-REAL	child-only	Q90476	real	Q130640	real
BOTH-REAL	child-only	Q90476	real	Q130642	real
BOTH-REAL	child-only	Q90476	real	Q130646	real
BOTH-REAL	child-only	Q90476	real	Q130650	real
BOTH-REAL	child-only	Q90476	real	Q130970	real
BOTH-REAL	child-only	Q90476	real	Q132057	real
BOTH-REAL	child-only	Q90476	real	Q132064	real
BOTH-REAL	child-only	Q90476	real	Q74723	real
BOTH-REAL	child-only	Q90476	real	Q75153	real
BOTH-REAL	child-only	Q90508	real	Q74846	real
BOTH-REAL	child-only	Q90566	real	Q75072	real
BOTH-REAL	child-only	Q90576	real	Q74973	real
BOTH-REAL	child-only	Q90584	real	Q130492	real
BOTH-REAL	child-only	Q90584	real	Q131258	real
BOTH-REAL	child-only	Q90584	real	Q131262	real
BOTH-REAL	child-only	Q90584	real	Q131264	real
BOTH-REAL	child-only	Q90584	real	Q131266	real
BOTH-REAL	child-only	Q90584	real	Q131268	real
BOTH-REAL	child-only	Q90584	real	Q131270	real
BOTH-REAL	child-only	Q90584	real	Q131272	real
BOTH-REAL	child-only	Q90590	real	Q74949	real
BOTH-REAL	child-only	Q90598	real	Q75072	real
BOTH-REAL	child-only	Q93810	real	Q137190	real
BOTH-REAL	child-only	Q94219	real	Q107389	real
BOTH-REAL	child-only	Q94219	real	Q107391	real
BOTH-REAL	child-only	Q94219	real	Q107393	real
BOTH-REAL	child-only	Q94219	real	Q107395	real
BOTH-REAL	child-only	Q94219	real	Q107397	real
BOTH-REAL	child-only	Q94219	real	Q107399	real
BOTH-REAL	child-only	Q96524	real	Q99038	real
BOTH-REAL	child-only	Q96906	real	Q67588	real
BOTH-REAL	child-only	Q97145	real	Q109227	real
BOTH-REAL	child-only	Q98221	real	Q109213	real
BOTH-REAL	child-only	Q99326	real	Q165921	real
BOTH-REAL	child-only	Q99330	real	Q68680	real
BOTH-REAL	child-only	Q99627	real	Q166621	real
BOTH-REAL	child-only	Q99627	real	Q166623	real
BOTH-REAL	child-only	Q99909	real	Q109810	real
BOTH-REAL	child-only	Q99973	real	Q75441	real
BOTH-REAL	child-only	Q99975	real	Q75441	real
BOTH-REAL	parent-only	Q100186	real	Q113897	real
BOTH-REAL	parent-only	Q100850	real	Q123509	real
BOTH-REAL	parent-only	Q100862	real	Q113280	real
BOTH-REAL	parent-only	Q100864	real	Q113288	real
BOTH-REAL	parent-only	Q100876	real	Q113296	real
BOTH-REAL	parent-only	Q100878	real	Q113303	real
BOTH-REAL	parent-only	Q100878	real	Q113307	real
BOTH-REAL	parent-only	Q100878	real	Q113309	real
BOTH-REAL	parent-only	Q100904	real	Q113329	real
BOTH-REAL	parent-only	Q100906	real	Q113333	real
BOTH-REAL	parent-only	Q100914	real	Q113337	real
BOTH-REAL	parent-only	Q100914	real	Q113343	real
BOTH-REAL	parent-only	Q100914	real	Q113345	real
BOTH-REAL	parent-only	Q100914	real	Q113347	real
BOTH-REAL	parent-only	Q100916	real	Q113349	real
BOTH-REAL	parent-only	Q100916	real	Q113351	real
BOTH-REAL	parent-only	Q100918	real	Q113355	real
BOTH-REAL	parent-only	Q100918	real	Q113359	real
BOTH-REAL	parent-only	Q100934	real	Q113373	real
BOTH-REAL	parent-only	Q100936	real	Q110540	real
BOTH-REAL	parent-only	Q100936	real	Q113337	real
BOTH-REAL	parent-only	Q100936	real	Q113343	real
BOTH-REAL	parent-only	Q100936	real	Q113345	real
BOTH-REAL	parent-only	Q100936	real	Q113347	real
BOTH-REAL	parent-only	Q100950	real	Q113383	real
BOTH-REAL	parent-only	Q100950	real	Q113387	real
BOTH-REAL	parent-only	Q100962	real	Q113391	real
BOTH-REAL	parent-only	Q100964	real	Q113397	real
BOTH-REAL	parent-only	Q100964	real	Q113399	real
BOTH-REAL	parent-only	Q100966	real	Q113403	real
BOTH-REAL	parent-only	Q100970	real	Q113407	real
BOTH-REAL	parent-only	Q100970	real	Q113409	real
BOTH-REAL	parent-only	Q100989	real	Q113439	real
BOTH-REAL	parent-only	Q100993	real	Q113443	real
BOTH-REAL	parent-only	Q100993	real	Q113445	real
BOTH-REAL	parent-only	Q100993	real	Q113447	real
BOTH-REAL	parent-only	Q100993	real	Q113449	real
BOTH-REAL	parent-only	Q100993	real	Q113453	real
BOTH-REAL	parent-only	Q100993	real	Q113455	real
BOTH-REAL	parent-only	Q100993	real	Q113457	real
BOTH-REAL	parent-only	Q100995	real	Q113459	real
BOTH-REAL	parent-only	Q101021	real	Q113499	real
BOTH-REAL	parent-only	Q101029	real	Q113503	real
BOTH-REAL	parent-only	Q101043	real	Q113507	real
BOTH-REAL	parent-only	Q101047	real	Q113515	real
BOTH-REAL	parent-only	Q101047	real	Q113517	real
BOTH-REAL	parent-only	Q101047	real	Q118689	real
BOTH-REAL	parent-only	Q101053	real	Q113533	real
BOTH-REAL	parent-only	Q101055	real	Q113535	real
BOTH-REAL	parent-only	Q101059	real	Q113539	real
BOTH-REAL	parent-only	Q101059	real	Q113541	real
BOTH-REAL	parent-only	Q101059	real	Q113543	real
BOTH-REAL	parent-only	Q101059	real	Q113545	real
BOTH-REAL	parent-only	Q101059	real	Q113547	real
BOTH-REAL	parent-only	Q101063	real	Q113551	real
BOTH-REAL	parent-only	Q101075	real	Q113557	real
BOTH-REAL	parent-only	Q101077	real	Q113561	real
BOTH-REAL	parent-only	Q101083	real	Q113575	real
BOTH-REAL	parent-only	Q101083	real	Q113577	real
BOTH-REAL	parent-only	Q101105	real	Q113605	real
BOTH-REAL	parent-only	Q101109	real	Q113609	real
BOTH-REAL	parent-only	Q101111	real	Q113613	real
BOTH-REAL	parent-only	Q101111	real	Q113615	real
BOTH-REAL	parent-only	Q101111	real	Q113617	real
BOTH-REAL	parent-only	Q101111	real	Q118555	real
BOTH-REAL	parent-only	Q101113	real	Q113623	real
BOTH-REAL	parent-only	Q101113	real	Q113625	real
BOTH-REAL	parent-only	Q101115	real	Q113629	real
BOTH-REAL	parent-only	Q101127	real	Q113641	real
BOTH-REAL	parent-only	Q101127	real	Q113643	real
BOTH-REAL	parent-only	Q101129	real	Q113647	real
BOTH-REAL	parent-only	Q101139	real	Q113681	real
BOTH-REAL	parent-only	Q101139	real	Q113685	real
BOTH-REAL	parent-only	Q101139	real	Q113687	real
BOTH-REAL	parent-only	Q101139	real	Q113689	real
BOTH-REAL	parent-only	Q101143	real	Q113697	real
BOTH-REAL	parent-only	Q101143	real	Q113701	real
BOTH-REAL	parent-only	Q101143	real	Q113703	real
BOTH-REAL	parent-only	Q101147	real	Q113707	real
BOTH-REAL	parent-only	Q101153	real	Q113705	real
BOTH-REAL	parent-only	Q101153	real	Q113733	real
BOTH-REAL	parent-only	Q101155	real	Q113737	real
BOTH-REAL	parent-only	Q101155	real	Q113739	real
BOTH-REAL	parent-only	Q101155	real	Q113741	real
BOTH-REAL	parent-only	Q101155	real	Q113743	real
BOTH-REAL	parent-only	Q101155	real	Q113749	real
BOTH-REAL	parent-only	Q101155	real	Q113751	real
BOTH-REAL	parent-only	Q101157	real	Q113755	real
BOTH-REAL	parent-only	Q101165	real	Q113771	real
BOTH-REAL	parent-only	Q101165	real	Q113773	real
BOTH-REAL	parent-only	Q101165	real	Q113775	real
BOTH-REAL	parent-only	Q101167	real	Q113779	real
BOTH-REAL	parent-only	Q101169	real	Q113783	real
BOTH-REAL	parent-only	Q101169	real	Q113785	real
BOTH-REAL	parent-only	Q101171	real	Q113789	real
BOTH-REAL	parent-only	Q101171	real	Q113791	real
BOTH-REAL	parent-only	Q101171	real	Q113793	real
BOTH-REAL	parent-only	Q101171	real	Q113795	real
BOTH-REAL	parent-only	Q101173	real	Q113799	real
BOTH-REAL	parent-only	Q101175	real	Q113805	real
BOTH-REAL	parent-only	Q101175	real	Q113807	real
BOTH-REAL	parent-only	Q101175	real	Q113809	real
BOTH-REAL	parent-only	Q101175	real	Q113813	real
BOTH-REAL	parent-only	Q101181	real	Q113819	real
BOTH-REAL	parent-only	Q101181	real	Q113823	real
BOTH-REAL	parent-only	Q101181	real	Q113829	real
BOTH-REAL	parent-only	Q101181	real	Q113833	real
BOTH-REAL	parent-only	Q101181	real	Q118373	real
BOTH-REAL	parent-only	Q101183	real	Q113837	real
BOTH-REAL	parent-only	Q101185	real	Q113841	real
BOTH-REAL	parent-only	Q101189	real	Q124281	real
BOTH-REAL	parent-only	Q101191	real	Q113855	real
BOTH-REAL	parent-only	Q101193	real	Q113861	real
BOTH-REAL	parent-only	Q101193	real	Q118097	real
BOTH-REAL	parent-only	Q101195	real	Q113865	real
BOTH-REAL	parent-only	Q101195	real	Q113867	real
BOTH-REAL	parent-only	Q101195	real	Q113869	real
BOTH-REAL	parent-only	Q101195	real	Q113871	real
BOTH-REAL	parent-only	Q101209	real	Q113879	real
BOTH-REAL	parent-only	Q101213	real	Q113883	real
BOTH-REAL	parent-only	Q101219	real	Q113887	real
BOTH-REAL	parent-only	Q101227	real	Q113893	real
BOTH-REAL	parent-only	Q101239	real	Q113907	real
BOTH-REAL	parent-only	Q101239	real	Q113909	real
BOTH-REAL	parent-only	Q101243	real	Q113913	real
BOTH-REAL	parent-only	Q101247	real	Q113917	real
BOTH-REAL	parent-only	Q101249	real	Q113925	real
BOTH-REAL	parent-only	Q101249	real	Q113929	real
BOTH-REAL	parent-only	Q101251	real	Q113931	real
BOTH-REAL	parent-only	Q101251	real	Q113933	real
BOTH-REAL	parent-only	Q101253	real	Q113937	real
BOTH-REAL	parent-only	Q101253	real	Q113939	real
BOTH-REAL	parent-only	Q101253	real	Q113941	real
BOTH-REAL	parent-only	Q101259	real	Q113945	real
BOTH-REAL	parent-only	Q101261	real	Q113951	real
BOTH-REAL	parent-only	Q101263	real	Q113953	real
BOTH-REAL	parent-only	Q101265	real	Q113931	real
BOTH-REAL	parent-only	Q101265	real	Q113933	real
BOTH-REAL	parent-only	Q101271	real	Q113965	real
BOTH-REAL	parent-only	Q101275	real	Q113967	real
BOTH-REAL	parent-only	Q101275	real	Q113969	real
BOTH-REAL	parent-only	Q101275	real	Q113971	real
BOTH-REAL	parent-only	Q101287	real	Q113979	real
BOTH-REAL	parent-only	Q101287	real	Q123443	real
BOTH-REAL	parent-only	Q101289	real	Q113984	real
BOTH-REAL	parent-only	Q101289	real	Q113986	real
BOTH-REAL	parent-only	Q101293	real	Q113991	real
BOTH-REAL	parent-only	Q101297	real	Q113997	real
BOTH-REAL	parent-only	Q101305	real	Q113769	real
BOTH-REAL	parent-only	Q101305	real	Q114007	real
BOTH-REAL	parent-only	Q101305	real	Q114009	real
BOTH-REAL	parent-only	Q101313	real	Q114011	real
BOTH-REAL	parent-only	Q101317	real	Q114017	real
BOTH-REAL	parent-only	Q101327	real	Q114027	real
BOTH-REAL	parent-only	Q101329	real	Q114040	real
BOTH-REAL	parent-only	Q101329	real	Q114042	real
BOTH-REAL	parent-only	Q101329	real	Q114046	real
BOTH-REAL	parent-only	Q101329	real	Q114048	real
BOTH-REAL	parent-only	Q101331	real	Q114053	real
BOTH-REAL	parent-only	Q101333	real	Q113761	real
BOTH-REAL	parent-only	Q101333	real	Q114057	real
BOTH-REAL	parent-only	Q101333	real	Q114059	real
BOTH-REAL	parent-only	Q101335	real	Q114067	real
BOTH-REAL	parent-only	Q101335	real	Q114069	real
BOTH-REAL	parent-only	Q101335	real	Q114071	real
BOTH-REAL	parent-only	Q101337	real	Q114077	real
BOTH-REAL	parent-only	Q101337	real	Q114079	real
BOTH-REAL	parent-only	Q101337	real	Q114081	real
BOTH-REAL	parent-only	Q101337	real	Q114083	real
BOTH-REAL	parent-only	Q101337	real	Q114087	real
BOTH-REAL	parent-only	Q101337	real	Q114089	real
BOTH-REAL	parent-only	Q101339	real	Q114092	real
BOTH-REAL	parent-only	Q101353	real	Q114104	real
BOTH-REAL	parent-only	Q101353	real	Q114106	real
BOTH-REAL	parent-only	Q101353	real	Q114112	real
BOTH-REAL	parent-only	Q101353	real	Q114114	real
BOTH-REAL	parent-only	Q101353	real	Q114152	real
BOTH-REAL	parent-only	Q101361	real	Q113509	real
BOTH-REAL	parent-only	Q101361	real	Q113979	real
BOTH-REAL	parent-only	Q101361	real	Q123443	real
BOTH-REAL	parent-only	Q101371	real	Q113501	real
BOTH-REAL	parent-only	Q101371	real	Q114120	real
BOTH-REAL	parent-only	Q101371	real	Q114122	real
BOTH-REAL	parent-only	Q101375	real	Q114130	real
BOTH-REAL	parent-only	Q101375	real	Q114132	real
BOTH-REAL	parent-only	Q101375	real	Q114136	real
BOTH-REAL	parent-only	Q101375	real	Q114138	real
BOTH-REAL	parent-only	Q101377	real	Q114142	real
BOTH-REAL	parent-only	Q101377	real	Q114144	real
BOTH-REAL	parent-only	Q101377	real	Q114146	real
BOTH-REAL	parent-only	Q101377	real	Q114148	real
BOTH-REAL	parent-only	Q101377	real	Q114150	real
BOTH-REAL	parent-only	Q101377	real	Q114152	real
BOTH-REAL	parent-only	Q101387	real	Q113623	real
BOTH-REAL	parent-only	Q101387	real	Q113625	real
BOTH-REAL	parent-only	Q101391	real	Q114164	real
BOTH-REAL	parent-only	Q101395	real	Q114142	real
BOTH-REAL	parent-only	Q101395	real	Q114144	real
BOTH-REAL	parent-only	Q101395	real	Q114146	real
BOTH-REAL	parent-only	Q101395	real	Q114148	real
BOTH-REAL	parent-only	Q101395	real	Q114150	real
BOTH-REAL	parent-only	Q101395	real	Q114152	real
BOTH-REAL	parent-only	Q101405	real	Q114176	real
BOTH-REAL	parent-only	Q101405	real	Q114178	real
BOTH-REAL	parent-only	Q101405	real	Q114180	real
BOTH-REAL	parent-only	Q101407	real	Q114091	real
BOTH-REAL	parent-only	Q101417	real	Q114190	real
BOTH-REAL	parent-only	Q101423	real	Q114196	real
BOTH-REAL	parent-only	Q101423	real	Q114198	real
BOTH-REAL	parent-only	Q101435	real	Q114218	real
BOTH-REAL	parent-only	Q101437	real	Q113953	real
BOTH-REAL	parent-only	Q101437	real	Q114224	real
BOTH-REAL	parent-only	Q101441	real	Q124326	real
BOTH-REAL	parent-only	Q101447	real	Q114240	real
BOTH-REAL	parent-only	Q101447	real	Q114242	real
BOTH-REAL	parent-only	Q101447	real	Q118457	real
BOTH-REAL	parent-only	Q101449	real	Q114246	real
BOTH-REAL	parent-only	Q101449	real	Q114250	real
BOTH-REAL	parent-only	Q101449	real	Q114252	real
BOTH-REAL	parent-only	Q101451	real	Q123509	real
BOTH-REAL	parent-only	Q101453	real	Q114186	real
BOTH-REAL	parent-only	Q101453	real	Q114254	real
BOTH-REAL	parent-only	Q101453	real	Q114256	real
BOTH-REAL	parent-only	Q101453	real	Q114258	real
BOTH-REAL	parent-only	Q101455	real	Q114264	real
BOTH-REAL	parent-only	Q101459	real	Q114308	real
BOTH-REAL	parent-only	Q101471	real	Q114312	real
BOTH-REAL	parent-only	Q101503	real	Q114348	real
BOTH-REAL	parent-only	Q101509	real	Q114352	real
BOTH-REAL	parent-only	Q101567	real	Q114190	real
BOTH-REAL	parent-only	Q101621	real	Q113288	real
BOTH-REAL	parent-only	Q101623	real	Q114186	real
BOTH-REAL	parent-only	Q101623	real	Q114254	real
BOTH-REAL	parent-only	Q101623	real	Q114256	real
BOTH-REAL	parent-only	Q101623	real	Q114258	real
BOTH-REAL	parent-only	Q101639	real	Q113303	real
BOTH-REAL	parent-only	Q101639	real	Q113307	real
BOTH-REAL	parent-only	Q101639	real	Q113309	real
BOTH-REAL	parent-only	Q101708	real	Q113373	real
BOTH-REAL	parent-only	Q101718	real	Q113383	real
BOTH-REAL	parent-only	Q101718	real	Q113387	real
BOTH-REAL	parent-only	Q101722	real	Q113509	real
BOTH-REAL	parent-only	Q101732	real	Q113947	real
BOTH-REAL	parent-only	Q101824	real	Q113491	real
BOTH-REAL	parent-only	Q101824	real	Q113493	real
BOTH-REAL	parent-only	Q101826	real	Q113491	real
BOTH-REAL	parent-only	Q101826	real	Q113493	real
BOTH-REAL	parent-only	Q101874	real	Q113539	real
BOTH-REAL	parent-only	Q101874	real	Q113541	real
BOTH-REAL	parent-only	Q101874	real	Q113543	real
BOTH-REAL	parent-only	Q101874	real	Q113545	real
BOTH-REAL	parent-only	Q101874	real	Q113547	real
BOTH-REAL	parent-only	Q101892	real	Q113557	real
BOTH-REAL	parent-only	Q101896	real	Q113561	real
BOTH-REAL	parent-only	Q101910	real	Q113715	real
BOTH-REAL	parent-only	Q101934	real	Q113605	real
BOTH-REAL	parent-only	Q101968	real	Q118323	real
BOTH-REAL	parent-only	Q101976	real	Q114038	real
BOTH-REAL	parent-only	Q102004	real	Q113671	real
BOTH-REAL	parent-only	Q102004	real	Q113673	real
BOTH-REAL	parent-only	Q102004	real	Q113675	real
BOTH-REAL	parent-only	Q102004	real	Q113677	real
BOTH-REAL	parent-only	Q102045	real	Q113713	real
BOTH-REAL	parent-only	Q102057	real	Q114071	real
BOTH-REAL	parent-only	Q102059	real	Q114038	real
BOTH-REAL	parent-only	Q102067	real	Q113705	real
BOTH-REAL	parent-only	Q102067	real	Q113733	real
BOTH-REAL	parent-only	Q102117	real	Q113783	real
BOTH-REAL	parent-only	Q102117	real	Q113785	real
BOTH-REAL	parent-only	Q102227	real	Q113893	real
BOTH-REAL	parent-only	Q102235	real	Q113903	real
BOTH-REAL	parent-only	Q102345	real	Q114017	real
BOTH-REAL	parent-only	Q102387	real	Q113761	real
BOTH-REAL	parent-only	Q102387	real	Q114057	real
BOTH-REAL	parent-only	Q102387	real	Q114059	real
BOTH-REAL	parent-only	Q102397	real	Q114067	real
BOTH-REAL	parent-only	Q102397	real	Q114069	real
BOTH-REAL	parent-only	Q102397	real	Q114071	real
BOTH-REAL	parent-only	Q102475	real	Q114292	real
BOTH-REAL	parent-only	Q102475	real	Q114296	real
BOTH-REAL	parent-only	Q102475	real	Q114298	real
BOTH-REAL	parent-only	Q102475	real	Q114300	real
BOTH-REAL	parent-only	Q102495	real	Q114164	real
BOTH-REAL	parent-only	Q102541	real	Q114208	real
BOTH-REAL	parent-only	Q102541	real	Q114210	real
BOTH-REAL	parent-only	Q102541	real	Q114212	real
BOTH-REAL	parent-only	Q102541	real	Q114214	real
BOTH-REAL	parent-only	Q102551	real	Q114218	real
BOTH-REAL	parent-only	Q102567	real	Q124326	real
BOTH-REAL	parent-only	Q102603	real	Q114075	real
BOTH-REAL	parent-only	Q102603	real	Q114274	real
BOTH-REAL	parent-only	Q102603	real	Q114276	real
BOTH-REAL	parent-only	Q102603	real	Q114278	real
BOTH-REAL	parent-only	Q102603	real	Q114280	real
BOTH-REAL	parent-only	Q102603	real	Q114282	real
BOTH-REAL	parent-only	Q102603	real	Q114284	real
BOTH-REAL	parent-only	Q102625	real	Q114292	real
BOTH-REAL	parent-only	Q102625	real	Q114296	real
BOTH-REAL	parent-only	Q102625	real	Q114298	real
BOTH-REAL	parent-only	Q102625	real	Q114300	real
BOTH-REAL	parent-only	Q102639	real	Q113571	real
BOTH-REAL	parent-only	Q102649	real	Q114318	real
BOTH-REAL	parent-only	Q102649	real	Q114320	real
BOTH-REAL	parent-only	Q102649	real	Q114322	real
BOTH-REAL	parent-only	Q102649	real	Q114324	real
BOTH-REAL	parent-only	Q102649	real	Q114326	real
BOTH-REAL	parent-only	Q102649	real	Q114328	real
BOTH-REAL	parent-only	Q102649	real	Q114330	real
BOTH-REAL	parent-only	Q102649	real	Q114332	real
BOTH-REAL	parent-only	Q102835	real	Q113777	real
BOTH-REAL	parent-only	Q102947	real	Q113947	real
BOTH-REAL	parent-only	Q102965	real	Q113415	real
BOTH-REAL	parent-only	Q102967	real	Q113415	real
BOTH-REAL	parent-only	Q102971	real	Q113417	real
BOTH-REAL	parent-only	Q102973	real	Q113417	real
BOTH-REAL	parent-only	Q103029	real	Q113531	real
BOTH-REAL	parent-only	Q103039	real	Q114102	real
BOTH-REAL	parent-only	Q103077	real	Q113497	real
BOTH-REAL	parent-only	Q103079	real	Q113497	real
BOTH-REAL	parent-only	Q103113	real	Q113525	real
BOTH-REAL	parent-only	Q103115	real	Q114236	real
BOTH-REAL	parent-only	Q103117	real	Q114182	real
BOTH-REAL	parent-only	Q103175	real	Q113565	real
BOTH-REAL	parent-only	Q103177	real	Q113565	real
BOTH-REAL	parent-only	Q103185	real	Q113571	real
BOTH-REAL	parent-only	Q103197	real	Q113715	real
BOTH-REAL	parent-only	Q103201	real	Q113763	real
BOTH-REAL	parent-only	Q103215	real	Q123509	real
BOTH-REAL	parent-only	Q103260	real	Q113611	real
BOTH-REAL	parent-only	Q103268	real	Q113657	real
BOTH-REAL	parent-only	Q103288	real	Q113635	real
BOTH-REAL	parent-only	Q103290	real	Q113635	real
BOTH-REAL	parent-only	Q103300	real	Q113863	real
BOTH-REAL	parent-only	Q103325	real	Q125110	real
BOTH-REAL	parent-only	Q103335	real	Q113655	real
BOTH-REAL	parent-only	Q103343	real	Q113655	real
BOTH-REAL	parent-only	Q103381	real	Q113669	real
BOTH-REAL	parent-only	Q103383	real	Q113669	real
BOTH-REAL	parent-only	Q103387	real	Q113857	real
BOTH-REAL	parent-only	Q1034073	real	Q47088829	real
BOTH-REAL	parent-only	Q103411	real	Q113679	real
BOTH-REAL	parent-only	Q103413	real	Q113679	real
BOTH-REAL	parent-only	Q103461	real	Q113695	real
BOTH-REAL	parent-only	Q103463	real	Q113695	real
BOTH-REAL	parent-only	Q103477	real	Q113699	real
BOTH-REAL	parent-only	Q103479	real	Q113699	real
BOTH-REAL	parent-only	Q103525	real	Q113711	real
BOTH-REAL	parent-only	Q103527	real	Q113711	real
BOTH-REAL	parent-only	Q103544	real	Q113717	real
BOTH-REAL	parent-only	Q103547	real	Q113717	real
BOTH-REAL	parent-only	Q103553	real	Q118497	real
BOTH-REAL	parent-only	Q103635	real	Q113777	real
BOTH-REAL	parent-only	Q103713	real	Q124235	real
BOTH-REAL	parent-only	Q103715	real	Q124235	real
BOTH-REAL	parent-only	Q103750	real	Q113817	real
BOTH-REAL	parent-only	Q103752	real	Q113817	real
BOTH-REAL	parent-only	Q103804	real	Q113835	real
BOTH-REAL	parent-only	Q103806	real	Q113835	real
BOTH-REAL	parent-only	Q103814	real	Q113839	real
BOTH-REAL	parent-only	Q103816	real	Q113839	real
BOTH-REAL	parent-only	Q103862	real	Q113849	real
BOTH-REAL	parent-only	Q103864	real	Q113849	real
BOTH-REAL	parent-only	Q103870	real	Q118063	real
BOTH-REAL	parent-only	Q103870	real	Q118065	real
BOTH-REAL	parent-only	Q103874	real	Q118071	real
BOTH-REAL	parent-only	Q103876	real	Q118077	real
BOTH-REAL	parent-only	Q103888	real	Q118093	real
BOTH-REAL	parent-only	Q103888	real	Q118095	real
BOTH-REAL	parent-only	Q103888	real	Q118099	real
BOTH-REAL	parent-only	Q103888	real	Q118101	real
BOTH-REAL	parent-only	Q103888	real	Q118103	real
BOTH-REAL	parent-only	Q103888	real	Q118105	real
BOTH-REAL	parent-only	Q103892	real	Q118109	real
BOTH-REAL	parent-only	Q103892	real	Q118111	real
BOTH-REAL	parent-only	Q103892	real	Q118113	real
BOTH-REAL	parent-only	Q103892	real	Q118115	real
BOTH-REAL	parent-only	Q103892	real	Q118117	real
BOTH-REAL	parent-only	Q103892	real	Q118119	real
BOTH-REAL	parent-only	Q103892	real	Q118129	real
BOTH-REAL	parent-only	Q103892	real	Q118131	real
BOTH-REAL	parent-only	Q103896	real	Q118135	real
BOTH-REAL	parent-only	Q103896	real	Q118137	real
BOTH-REAL	parent-only	Q103896	real	Q118139	real
BOTH-REAL	parent-only	Q103896	real	Q118141	real
BOTH-REAL	parent-only	Q103896	real	Q118143	real
BOTH-REAL	parent-only	Q103896	real	Q118145	real
BOTH-REAL	parent-only	Q103896	real	Q118147	real
BOTH-REAL	parent-only	Q103896	real	Q118149	real
BOTH-REAL	parent-only	Q103900	real	Q118153	real
BOTH-REAL	parent-only	Q103900	real	Q118155	real
BOTH-REAL	parent-only	Q103902	real	Q118159	real
BOTH-REAL	parent-only	Q103902	real	Q118161	real
BOTH-REAL	parent-only	Q103916	real	Q118167	real
BOTH-REAL	parent-only	Q103930	real	Q113897	real
BOTH-REAL	parent-only	Q103943	real	Q118183	real
BOTH-REAL	parent-only	Q103943	real	Q118185	real
BOTH-REAL	parent-only	Q103943	real	Q118187	real
BOTH-REAL	parent-only	Q103957	real	Q118199	real
BOTH-REAL	parent-only	Q103957	real	Q118203	real
BOTH-REAL	parent-only	Q103971	real	Q113943	real
BOTH-REAL	parent-only	Q103973	real	Q113943	real
BOTH-REAL	parent-only	Q103977	real	Q118221	real
BOTH-REAL	parent-only	Q103981	real	Q118227	real
BOTH-REAL	parent-only	Q103993	real	Q118235	real
BOTH-REAL	parent-only	Q104037	real	Q113999	real
BOTH-REAL	parent-only	Q104039	real	Q113999	real
BOTH-REAL	parent-only	Q104043	real	Q118288	real
BOTH-REAL	parent-only	Q104043	real	Q118290	real
BOTH-REAL	parent-only	Q104043	real	Q118292	real
BOTH-REAL	parent-only	Q104043	real	Q118294	real
BOTH-REAL	parent-only	Q104043	real	Q118296	real
BOTH-REAL	parent-only	Q104045	real	Q118300	real
BOTH-REAL	parent-only	Q104045	real	Q118304	real
BOTH-REAL	parent-only	Q104045	real	Q118308	real
BOTH-REAL	parent-only	Q104049	real	Q118312	real
BOTH-REAL	parent-only	Q104055	real	Q118316	real
BOTH-REAL	parent-only	Q104057	real	Q118323	real
BOTH-REAL	parent-only	Q104059	real	Q114019	real
BOTH-REAL	parent-only	Q104061	real	Q114019	real
BOTH-REAL	parent-only	Q104063	real	Q114023	real
BOTH-REAL	parent-only	Q104065	real	Q114023	real
BOTH-REAL	parent-only	Q104069	real	Q118337	real
BOTH-REAL	parent-only	Q104077	real	Q118341	real
BOTH-REAL	parent-only	Q104081	real	Q118345	real
BOTH-REAL	parent-only	Q104081	real	Q118347	real
BOTH-REAL	parent-only	Q104081	real	Q118349	real
BOTH-REAL	parent-only	Q104081	real	Q118353	real
BOTH-REAL	parent-only	Q104081	real	Q124261	real
BOTH-REAL	parent-only	Q104083	real	Q118359	real
BOTH-REAL	parent-only	Q104083	real	Q118361	real
BOTH-REAL	parent-only	Q104095	real	Q118375	real
BOTH-REAL	parent-only	Q104105	real	Q118379	real
BOTH-REAL	parent-only	Q104109	real	Q118385	real
BOTH-REAL	parent-only	Q104109	real	Q118387	real
BOTH-REAL	parent-only	Q104115	real	Q118391	real
BOTH-REAL	parent-only	Q104115	real	Q118393	real
BOTH-REAL	parent-only	Q104127	real	Q114061	real
BOTH-REAL	parent-only	Q104129	real	Q114061	real
BOTH-REAL	parent-only	Q104129	real	Q118401	real
BOTH-REAL	parent-only	Q104129	real	Q118405	real
BOTH-REAL	parent-only	Q104129	real	Q118407	real
BOTH-REAL	parent-only	Q104129	real	Q118411	real
BOTH-REAL	parent-only	Q104129	real	Q118413	real
BOTH-REAL	parent-only	Q104129	real	Q118427	real
BOTH-REAL	parent-only	Q104135	real	Q118419	real
BOTH-REAL	parent-only	Q104135	real	Q118421	real
BOTH-REAL	parent-only	Q104135	real	Q118423	real
BOTH-REAL	parent-only	Q104137	real	Q118427	real
BOTH-REAL	parent-only	Q104139	real	Q118445	real
BOTH-REAL	parent-only	Q104139	real	Q118447	real
BOTH-REAL	parent-only	Q104139	real	Q118449	real
BOTH-REAL	parent-only	Q104139	real	Q118451	real
BOTH-REAL	parent-only	Q104139	real	Q118453	real
BOTH-REAL	parent-only	Q104139	real	Q118455	real
BOTH-REAL	parent-only	Q104139	real	Q118457	real
BOTH-REAL	parent-only	Q104149	real	Q118469	real
BOTH-REAL	parent-only	Q104149	real	Q118473	real
BOTH-REAL	parent-only	Q104149	real	Q118477	real
BOTH-REAL	parent-only	Q104149	real	Q118479	real
BOTH-REAL	parent-only	Q104149	real	Q118483	real
BOTH-REAL	parent-only	Q104149	real	Q124261	real
BOTH-REAL	parent-only	Q104149	real	Q124265	real
BOTH-REAL	parent-only	Q104149	real	Q124267	real
BOTH-REAL	parent-only	Q104149	real	Q124269	real
BOTH-REAL	parent-only	Q104156	real	Q118489	real
BOTH-REAL	parent-only	Q104160	real	Q125112	real
BOTH-REAL	parent-only	Q104164	real	Q118503	real
BOTH-REAL	parent-only	Q104164	real	Q118507	real
BOTH-REAL	parent-only	Q104164	real	Q118509	real
BOTH-REAL	parent-only	Q104164	real	Q125102	real
BOTH-REAL	parent-only	Q104166	real	Q118513	real
BOTH-REAL	parent-only	Q104166	real	Q118515	real
BOTH-REAL	parent-only	Q104166	real	Q118517	real
BOTH-REAL	parent-only	Q104166	real	Q118519	real
BOTH-REAL	parent-only	Q104166	real	Q118523	real
BOTH-REAL	parent-only	Q104170	real	Q118525	real
BOTH-REAL	parent-only	Q104170	real	Q118527	real
BOTH-REAL	parent-only	Q104178	real	Q118531	real
BOTH-REAL	parent-only	Q104178	real	Q118533	real
BOTH-REAL	parent-only	Q104194	real	Q118501	real
BOTH-REAL	parent-only	Q104194	real	Q118549	real
BOTH-REAL	parent-only	Q104194	real	Q118551	real
BOTH-REAL	parent-only	Q104194	real	Q118553	real
BOTH-REAL	parent-only	Q104194	real	Q118555	real
BOTH-REAL	parent-only	Q104196	real	Q118559	real
BOTH-REAL	parent-only	Q104198	real	Q125144	real
BOTH-REAL	parent-only	Q104204	real	Q118571	real
BOTH-REAL	parent-only	Q104206	real	Q114100	real
BOTH-REAL	parent-only	Q104208	real	Q114100	real
BOTH-REAL	parent-only	Q104212	real	Q118581	real
BOTH-REAL	parent-only	Q104234	real	Q118593	real
BOTH-REAL	parent-only	Q104238	real	Q118597	real
BOTH-REAL	parent-only	Q104246	real	Q118607	real
BOTH-REAL	parent-only	Q104246	real	Q118609	real
BOTH-REAL	parent-only	Q104246	real	Q118611	real
BOTH-REAL	parent-only	Q104246	real	Q118615	real
BOTH-REAL	parent-only	Q104246	real	Q146960	real
BOTH-REAL	parent-only	Q104248	real	Q118617	real
BOTH-REAL	parent-only	Q104248	real	Q118621	real
BOTH-REAL	parent-only	Q104248	real	Q118625	real
BOTH-REAL	parent-only	Q104248	real	Q118627	real
BOTH-REAL	parent-only	Q104248	real	Q118629	real
BOTH-REAL	parent-only	Q104248	real	Q118635	real
BOTH-REAL	parent-only	Q104252	real	Q118639	real
BOTH-REAL	parent-only	Q104252	real	Q118641	real
BOTH-REAL	parent-only	Q104254	real	Q118645	real
BOTH-REAL	parent-only	Q104258	real	Q114154	real
BOTH-REAL	parent-only	Q104260	real	Q114154	real
BOTH-REAL	parent-only	Q104268	real	Q118667	real
BOTH-REAL	parent-only	Q104268	real	Q118669	real
BOTH-REAL	parent-only	Q104272	real	Q118675	real
BOTH-REAL	parent-only	Q104280	real	Q114170	real
BOTH-REAL	parent-only	Q104282	real	Q118681	real
BOTH-REAL	parent-only	Q104282	real	Q118687	real
BOTH-REAL	parent-only	Q104282	real	Q118689	real
BOTH-REAL	parent-only	Q104282	real	Q118691	real
BOTH-REAL	parent-only	Q104286	real	Q114182	real
BOTH-REAL	parent-only	Q104288	real	Q118693	real
BOTH-REAL	parent-only	Q104288	real	Q118695	real
BOTH-REAL	parent-only	Q104292	real	Q118699	real
BOTH-REAL	parent-only	Q104298	real	Q118705	real
BOTH-REAL	parent-only	Q104315	real	Q118725	real
BOTH-REAL	parent-only	Q104315	real	Q118727	real
BOTH-REAL	parent-only	Q104319	real	Q118741	real
BOTH-REAL	parent-only	Q104319	real	Q118847	real
BOTH-REAL	parent-only	Q104321	real	Q118745	real
BOTH-REAL	parent-only	Q104321	real	Q118749	real
BOTH-REAL	parent-only	Q104327	real	Q118755	real
BOTH-REAL	parent-only	Q104329	real	Q118759	real
BOTH-REAL	parent-only	Q104339	real	Q118765	real
BOTH-REAL	parent-only	Q104341	real	Q118767	real
BOTH-REAL	parent-only	Q104345	real	Q118775	real
BOTH-REAL	parent-only	Q104345	real	Q118777	real
BOTH-REAL	parent-only	Q104347	real	Q118781	real
BOTH-REAL	parent-only	Q104355	real	Q118787	real
BOTH-REAL	parent-only	Q104359	real	Q123440	real
BOTH-REAL	parent-only	Q104361	real	Q123440	real
BOTH-REAL	parent-only	Q104367	real	Q118809	real
BOTH-REAL	parent-only	Q104371	real	Q118813	real
BOTH-REAL	parent-only	Q104371	real	Q118817	real
BOTH-REAL	parent-only	Q104375	real	Q118823	real
BOTH-REAL	parent-only	Q104375	real	Q118829	real
BOTH-REAL	parent-only	Q104389	real	Q118835	real
BOTH-REAL	parent-only	Q104391	real	Q118837	real
BOTH-REAL	parent-only	Q104393	real	Q118839	real
BOTH-REAL	parent-only	Q104397	real	Q118841	real
BOTH-REAL	parent-only	Q104399	real	Q118843	real
BOTH-REAL	parent-only	Q104405	real	Q118693	real
BOTH-REAL	parent-only	Q104405	real	Q118695	real
BOTH-REAL	parent-only	Q104407	real	Q118847	real
BOTH-REAL	parent-only	Q104407	real	Q118851	real
BOTH-REAL	parent-only	Q104407	real	Q123528	real
BOTH-REAL	parent-only	Q104409	real	Q118855	real
BOTH-REAL	parent-only	Q104423	real	Q118861	real
BOTH-REAL	parent-only	Q104429	real	Q118879	real
BOTH-REAL	parent-only	Q104437	real	Q118591	real
BOTH-REAL	parent-only	Q104439	real	Q114262	real
BOTH-REAL	parent-only	Q104441	real	Q114262	real
BOTH-REAL	parent-only	Q104449	real	Q118899	real
BOTH-REAL	parent-only	Q104449	real	Q118901	real
BOTH-REAL	parent-only	Q104449	real	Q118903	real
BOTH-REAL	parent-only	Q104449	real	Q118905	real
BOTH-REAL	parent-only	Q104451	real	Q123513	real
BOTH-REAL	parent-only	Q104463	real	Q118789	real
BOTH-REAL	parent-only	Q104465	real	Q118419	real
BOTH-REAL	parent-only	Q104465	real	Q118421	real
BOTH-REAL	parent-only	Q104465	real	Q118423	real
BOTH-REAL	parent-only	Q104465	real	Q118655	real
BOTH-REAL	parent-only	Q104465	real	Q118825	real
BOTH-REAL	parent-only	Q104465	real	Q118915	real
BOTH-REAL	parent-only	Q104467	real	Q118919	real
BOTH-REAL	parent-only	Q104471	real	Q118445	real
BOTH-REAL	parent-only	Q104471	real	Q118447	real
BOTH-REAL	parent-only	Q104471	real	Q118449	real
BOTH-REAL	parent-only	Q104471	real	Q118451	real
BOTH-REAL	parent-only	Q104471	real	Q118453	real
BOTH-REAL	parent-only	Q104471	real	Q118455	real
BOTH-REAL	parent-only	Q104471	real	Q118457	real
BOTH-REAL	parent-only	Q104471	real	Q118923	real
BOTH-REAL	parent-only	Q104485	real	Q118879	real
BOTH-REAL	parent-only	Q104487	real	Q114270	real
BOTH-REAL	parent-only	Q104489	real	Q114270	real
BOTH-REAL	parent-only	Q104493	real	Q118891	real
BOTH-REAL	parent-only	Q104493	real	Q118895	real
BOTH-REAL	parent-only	Q104493	real	Q118897	real
BOTH-REAL	parent-only	Q104495	real	Q118847	real
BOTH-REAL	parent-only	Q104495	real	Q118851	real
BOTH-REAL	parent-only	Q104495	real	Q123528	real
BOTH-REAL	parent-only	Q104497	real	Q118485	real
BOTH-REAL	parent-only	Q104497	real	Q118547	real
BOTH-REAL	parent-only	Q104497	real	Q118929	real
BOTH-REAL	parent-only	Q104507	real	Q118657	real
BOTH-REAL	parent-only	Q104507	real	Q118659	real
BOTH-REAL	parent-only	Q104507	real	Q118661	real
BOTH-REAL	parent-only	Q104507	real	Q118663	real
BOTH-REAL	parent-only	Q104513	real	Q118941	real
BOTH-REAL	parent-only	Q104515	real	Q118958	real
BOTH-REAL	parent-only	Q104515	real	Q118960	real
BOTH-REAL	parent-only	Q104515	real	Q118964	real
BOTH-REAL	parent-only	Q104515	real	Q118966	real
BOTH-REAL	parent-only	Q104517	real	Q118970	real
BOTH-REAL	parent-only	Q104519	real	Q118972	real
BOTH-REAL	parent-only	Q104528	real	Q104493	real
BOTH-REAL	parent-only	Q104535	real	Q118982	real
BOTH-REAL	parent-only	Q104535	real	Q118984	real
BOTH-REAL	parent-only	Q104535	real	Q118988	real
BOTH-REAL	parent-only	Q104537	real	Q118992	real
BOTH-REAL	parent-only	Q104539	real	Q118996	real
BOTH-REAL	parent-only	Q104539	real	Q118998	real
BOTH-REAL	parent-only	Q104539	real	Q119002	real
BOTH-REAL	parent-only	Q104539	real	Q119004	real
BOTH-REAL	parent-only	Q104547	real	Q114306	real
BOTH-REAL	parent-only	Q104549	real	Q114306	real
BOTH-REAL	parent-only	Q104561	real	Q119012	real
BOTH-REAL	parent-only	Q104634	real	Q118972	real
BOTH-REAL	parent-only	Q104678	real	Q118837	real
BOTH-REAL	parent-only	Q104688	real	Q118841	real
BOTH-REAL	parent-only	Q104690	real	Q118843	real
BOTH-REAL	parent-only	Q104767	real	Q118607	real
BOTH-REAL	parent-only	Q104767	real	Q118609	real
BOTH-REAL	parent-only	Q104767	real	Q118611	real
BOTH-REAL	parent-only	Q104767	real	Q118615	real
BOTH-REAL	parent-only	Q104767	real	Q146960	real
BOTH-REAL	parent-only	Q104773	real	Q118625	real
BOTH-REAL	parent-only	Q104773	real	Q118627	real
BOTH-REAL	parent-only	Q104773	real	Q118629	real
BOTH-REAL	parent-only	Q104781	real	Q118655	real
BOTH-REAL	parent-only	Q104781	real	Q118825	real
BOTH-REAL	parent-only	Q104781	real	Q118915	real
BOTH-REAL	parent-only	Q105029	real	Q114102	real
BOTH-REAL	parent-only	Q105173	real	Q123513	real
BOTH-REAL	parent-only	Q105233	real	Q118525	real
BOTH-REAL	parent-only	Q105233	real	Q118527	real
BOTH-REAL	parent-only	Q105235	real	Q118501	real
BOTH-REAL	parent-only	Q105235	real	Q118549	real
BOTH-REAL	parent-only	Q105235	real	Q118551	real
BOTH-REAL	parent-only	Q105235	real	Q118553	real
BOTH-REAL	parent-only	Q105235	real	Q118555	real
BOTH-REAL	parent-only	Q105517	real	Q118337	real
BOTH-REAL	parent-only	Q106527	real	Q118183	real
BOTH-REAL	parent-only	Q106527	real	Q118185	real
BOTH-REAL	parent-only	Q106527	real	Q118187	real
BOTH-REAL	parent-only	Q106557	real	Q118215	real
BOTH-REAL	parent-only	Q106557	real	Q118217	real
BOTH-REAL	parent-only	Q106657	real	Q118312	real
BOTH-REAL	parent-only	Q106661	real	Q118316	real
BOTH-REAL	parent-only	Q106686	real	Q118341	real
BOTH-REAL	parent-only	Q106724	real	Q118379	real
BOTH-REAL	parent-only	Q106730	real	Q118385	real
BOTH-REAL	parent-only	Q106730	real	Q118387	real
BOTH-REAL	parent-only	Q106750	real	Q118405	real
BOTH-REAL	parent-only	Q106750	real	Q118407	real
BOTH-REAL	parent-only	Q106750	real	Q118411	real
BOTH-REAL	parent-only	Q106750	real	Q118413	real
BOTH-REAL	parent-only	Q106778	real	Q118433	real
BOTH-REAL	parent-only	Q106778	real	Q118437	real
BOTH-REAL	parent-only	Q106778	real	Q118439	real
BOTH-REAL	parent-only	Q106904	real	Q118559	real
BOTH-REAL	parent-only	Q106914	real	Q118571	real
BOTH-REAL	parent-only	Q106942	real	Q118597	real
BOTH-REAL	parent-only	Q107024	real	Q118681	real
BOTH-REAL	parent-only	Q107064	real	Q118719	real
BOTH-REAL	parent-only	Q107090	real	Q118745	real
BOTH-REAL	parent-only	Q107090	real	Q118749	real
BOTH-REAL	parent-only	Q107120	real	Q118775	real
BOTH-REAL	parent-only	Q107120	real	Q118777	real
BOTH-REAL	parent-only	Q107138	real	Q118793	real
BOTH-REAL	parent-only	Q107138	real	Q118795	real
BOTH-REAL	parent-only	Q107138	real	Q118797	real
BOTH-REAL	parent-only	Q107138	real	Q118799	real
BOTH-REAL	parent-only	Q107158	real	Q118813	real
BOTH-REAL	parent-only	Q107158	real	Q118817	real
BOTH-REAL	parent-only	Q107214	real	Q118869	real
BOTH-REAL	parent-only	Q107214	real	Q118871	real
BOTH-REAL	parent-only	Q107214	real	Q118873	real
BOTH-REAL	parent-only	Q107214	real	Q118875	real
BOTH-REAL	parent-only	Q107230	real	Q118591	real
BOTH-REAL	parent-only	Q107232	real	Q118891	real
BOTH-REAL	parent-only	Q107232	real	Q118895	real
BOTH-REAL	parent-only	Q107232	real	Q118897	real
BOTH-REAL	parent-only	Q107272	real	Q118929	real
BOTH-REAL	parent-only	Q107286	real	Q118941	real
BOTH-REAL	parent-only	Q107309	real	Q118964	real
BOTH-REAL	parent-only	Q107309	real	Q118966	real
BOTH-REAL	parent-only	Q107453	real	Q66497	real
BOTH-REAL	parent-only	Q107455	real	Q66497	real
BOTH-REAL	parent-only	Q107501	real	Q119028	real
BOTH-REAL	parent-only	Q107503	real	Q119028	real
BOTH-REAL	parent-only	Q109025	real	Q98221	real
BOTH-REAL	parent-only	Q109205	real	Q98221	real
BOTH-REAL	parent-only	Q110386	real	Q113479	real
BOTH-REAL	parent-only	Q110386	real	Q113483	real
BOTH-REAL	parent-only	Q110560	real	Q114318	real
BOTH-REAL	parent-only	Q111055	real	Q114318	real
BOTH-REAL	parent-only	Q111318	real	Q115039	real
BOTH-REAL	parent-only	Q111406	real	Q99863	real
BOTH-REAL	parent-only	Q113081	real	Q111318	real
BOTH-REAL	parent-only	Q113686	real	Q123528	real
BOTH-REAL	parent-only	Q115832	real	Q123528	real
BOTH-REAL	parent-only	Q129590	real	Q85218	real
BOTH-REAL	parent-only	Q129841	real	Q70439	real
BOTH-REAL	parent-only	Q130402	real	Q90257	real
BOTH-REAL	parent-only	Q131510	real	Q131713	real
BOTH-REAL	parent-only	Q132657	real	Q90444	real
BOTH-REAL	parent-only	Q132752	real	Q90257	real
BOTH-REAL	parent-only	Q136469	real	Q93810	real
BOTH-REAL	parent-only	Q149	real	Q168	real
BOTH-REAL	parent-only	Q152935	real	Q30743	real
BOTH-REAL	parent-only	Q152954	real	Q30775	real
BOTH-REAL	parent-only	Q152954	real	Q30779	real
BOTH-REAL	parent-only	Q152957	real	Q30804	real
BOTH-REAL	parent-only	Q152984	real	Q53282	real
BOTH-REAL	parent-only	Q153469	real	Q52252	real
BOTH-REAL	parent-only	Q153730	real	Q153729	real
BOTH-REAL	parent-only	Q153731	real	Q153729	real
BOTH-REAL	parent-only	Q153763	real	Q74455	real
BOTH-REAL	parent-only	Q165	real	Q168	real
BOTH-REAL	parent-only	Q18216842	real	Q17304983	real
BOTH-REAL	parent-only	Q195013	real	Q85240	real
BOTH-REAL	parent-only	Q195013	real	Q85247	real
BOTH-REAL	parent-only	Q195124	real	Q85380	real
BOTH-REAL	parent-only	Q195152	real	Q85740	real
BOTH-REAL	parent-only	Q195154	real	Q85744	real
BOTH-REAL	parent-only	Q195158	real	Q85754	real
BOTH-REAL	parent-only	Q1952	real	Q130322	real
BOTH-REAL	parent-only	Q195205	real	Q86089	real
BOTH-REAL	parent-only	Q195205	real	Q86189	real
BOTH-REAL	parent-only	Q195205	real	Q86191	real
BOTH-REAL	parent-only	Q195205	real	Q86193	real
BOTH-REAL	parent-only	Q195205	real	Q86195	real
BOTH-REAL	parent-only	Q195205	real	Q86197	real
BOTH-REAL	parent-only	Q195205	real	Q86199	real
BOTH-REAL	parent-only	Q195232	real	Q85744	real
BOTH-REAL	parent-only	Q195273	real	Q85808	real
BOTH-REAL	parent-only	Q195390	real	Q85253	real
BOTH-REAL	parent-only	Q195426	real	Q85356	real
BOTH-REAL	parent-only	Q195446	real	Q85370	real
BOTH-REAL	parent-only	Q195446	real	Q85384	real
BOTH-REAL	parent-only	Q195446	real	Q85438	real
BOTH-REAL	parent-only	Q195802	real	Q85356	real
BOTH-REAL	parent-only	Q195814	real	Q85690	real
BOTH-REAL	parent-only	Q195814	real	Q86269	real
BOTH-REAL	parent-only	Q206985	real	Q119489	real
BOTH-REAL	parent-only	Q208265	real	Q119489	real
BOTH-REAL	parent-only	Q2151	real	Q130322	real
BOTH-REAL	parent-only	Q2152	real	Q130322	real
BOTH-REAL	parent-only	Q2288	real	Q52572	real
BOTH-REAL	parent-only	Q2330	real	Q52328	real
BOTH-REAL	parent-only	Q2333	real	Q52340	real
BOTH-REAL	parent-only	Q2343	real	Q52380	real
BOTH-REAL	parent-only	Q2344	real	Q52384	real
BOTH-REAL	parent-only	Q2349	real	Q52404	real
BOTH-REAL	parent-only	Q2356	real	Q52432	real
BOTH-REAL	parent-only	Q2359	real	Q52444	real
BOTH-REAL	parent-only	Q2360	real	Q52448	real
BOTH-REAL	parent-only	Q2391	real	Q52580	real
BOTH-REAL	parent-only	Q2412	real	Q52816	real
BOTH-REAL	parent-only	Q2443	real	Q52788	real
BOTH-REAL	parent-only	Q2445	real	Q52804	real
BOTH-REAL	parent-only	Q2453	real	Q6513	real
BOTH-REAL	parent-only	Q2479	real	Q2464	real
BOTH-REAL	parent-only	Q2489	real	Q52974	real
BOTH-REAL	parent-only	Q2489	real	Q52998	real
BOTH-REAL	parent-only	Q2494	real	Q52986	real
BOTH-REAL	parent-only	Q2497	real	Q53006	real
BOTH-REAL	parent-only	Q2497	real	Q53026	real
BOTH-REAL	parent-only	Q2497	real	Q53030	real
BOTH-REAL	parent-only	Q2508	real	Q53066	real
BOTH-REAL	parent-only	Q2515	real	Q52970	real
BOTH-REAL	parent-only	Q2515	real	Q52978	real
BOTH-REAL	parent-only	Q2613	real	Q136441	real
BOTH-REAL	parent-only	Q28154	real	Q31726	real
BOTH-REAL	parent-only	Q28154	real	Q31730	real
BOTH-REAL	parent-only	Q28154	real	Q31734	real
BOTH-REAL	parent-only	Q28154	real	Q31738	real
BOTH-REAL	parent-only	Q28154	real	Q31742	real
BOTH-REAL	parent-only	Q28175	real	Q17578	real
BOTH-REAL	parent-only	Q28184	real	Q31502	real
BOTH-REAL	parent-only	Q28184	real	Q31530	real
BOTH-REAL	parent-only	Q28201	real	Q27692	real
BOTH-REAL	parent-only	Q28204	real	Q27692	real
BOTH-REAL	parent-only	Q28227	real	Q2288	real
BOTH-REAL	parent-only	Q28227	real	Q52172	real
BOTH-REAL	parent-only	Q28239	real	Q52184	real
BOTH-REAL	parent-only	Q28241	real	Q16432	real
BOTH-REAL	parent-only	Q28245	real	Q16432	real
BOTH-REAL	parent-only	Q28255	real	Q52196	real
BOTH-REAL	parent-only	Q28261	real	Q19215	real
BOTH-REAL	parent-only	Q28261	real	Q19216	real
BOTH-REAL	parent-only	Q28261	real	Q48161	real
BOTH-REAL	parent-only	Q28265	real	Q19215	real
BOTH-REAL	parent-only	Q28265	real	Q19216	real
BOTH-REAL	parent-only	Q28265	real	Q48161	real
BOTH-REAL	parent-only	Q28268	real	Q52212	real
BOTH-REAL	parent-only	Q28273	real	Q19220	real
BOTH-REAL	parent-only	Q28273	real	Q19221	real
BOTH-REAL	parent-only	Q28280	real	Q52224	real
BOTH-REAL	parent-only	Q28281	real	Q31919	real
BOTH-REAL	parent-only	Q28281	real	Q31923	real
BOTH-REAL	parent-only	Q28284	real	Q2302	real
BOTH-REAL	parent-only	Q28284	real	Q52228	real
BOTH-REAL	parent-only	Q28296	real	Q52236	real
BOTH-REAL	parent-only	Q28297	real	Q31931	real
BOTH-REAL	parent-only	Q28297	real	Q31935	real
BOTH-REAL	parent-only	Q28297	real	Q31939	real
BOTH-REAL	parent-only	Q28308	real	Q52256	real
BOTH-REAL	parent-only	Q28325	real	Q17626	real
BOTH-REAL	parent-only	Q28344	real	Q52288	real
BOTH-REAL	parent-only	Q28356	real	Q52300	real
BOTH-REAL	parent-only	Q28364	real	Q52308	real
BOTH-REAL	parent-only	Q28368	real	Q52312	real
BOTH-REAL	parent-only	Q28376	real	Q52456	real
BOTH-REAL	parent-only	Q28380	real	Q52324	real
BOTH-REAL	parent-only	Q28392	real	Q52336	real
BOTH-REAL	parent-only	Q28408	real	Q52348	real
BOTH-REAL	parent-only	Q28412	real	Q52352	real
BOTH-REAL	parent-only	Q28416	real	Q52360	real
BOTH-REAL	parent-only	Q28420	real	Q52364	real
BOTH-REAL	parent-only	Q28425	real	Q52368	real
BOTH-REAL	parent-only	Q28429	real	Q52372	real
BOTH-REAL	parent-only	Q28433	real	Q52376	real
BOTH-REAL	parent-only	Q28445	real	Q52388	real
BOTH-REAL	parent-only	Q28457	real	Q52400	real
BOTH-REAL	parent-only	Q28473	real	Q52412	real
BOTH-REAL	parent-only	Q28477	real	Q52416	real
BOTH-REAL	parent-only	Q28485	real	Q52428	real
BOTH-REAL	parent-only	Q28497	real	Q52440	real
BOTH-REAL	parent-only	Q28901	real	Q52452	real
BOTH-REAL	parent-only	Q28905	real	Q52460	real
BOTH-REAL	parent-only	Q28909	real	Q52468	real
BOTH-REAL	parent-only	Q28917	real	Q52476	real
BOTH-REAL	parent-only	Q28925	real	Q52484	real
BOTH-REAL	parent-only	Q28938	real	Q52492	real
BOTH-REAL	parent-only	Q28946	real	Q52504	real
BOTH-REAL	parent-only	Q28954	real	Q52512	real
BOTH-REAL	parent-only	Q28962	real	Q52520	real
BOTH-REAL	parent-only	Q28970	real	Q52528	real
BOTH-REAL	parent-only	Q28994	real	Q52556	real
BOTH-REAL	parent-only	Q29002	real	Q52564	real
BOTH-REAL	parent-only	Q29006	real	Q52564	real
BOTH-REAL	parent-only	Q29014	real	Q52576	real
BOTH-REAL	parent-only	Q29076	real	Q52636	real
BOTH-REAL	parent-only	Q29092	real	Q52649	real
BOTH-REAL	parent-only	Q29096	real	Q52816	real
BOTH-REAL	parent-only	Q29136	real	Q52669	real
BOTH-REAL	parent-only	Q29144	real	Q52705	real
BOTH-REAL	parent-only	Q29156	real	Q52705	real
BOTH-REAL	parent-only	Q29180	real	Q52800	real
BOTH-REAL	parent-only	Q29232	real	Q52792	real
BOTH-REAL	parent-only	Q29304	real	Q52946	real
BOTH-REAL	parent-only	Q29360	real	Q137731	real
BOTH-REAL	parent-only	Q29461	real	Q53070	real
BOTH-REAL	parent-only	Q29501	real	Q53078	real
BOTH-REAL	parent-only	Q29517	real	Q53094	real
BOTH-REAL	parent-only	Q29517	real	Q53097	real
BOTH-REAL	parent-only	Q29525	real	Q53105	real
BOTH-REAL	parent-only	Q29533	real	Q53121	real
BOTH-REAL	parent-only	Q29550	real	Q53125	real
BOTH-REAL	parent-only	Q296	real	Q337	real
BOTH-REAL	parent-only	Q29939	real	Q135746	real
BOTH-REAL	parent-only	Q30011	real	Q52456	real
BOTH-REAL	parent-only	Q30783	real	Q1016	real
BOTH-REAL	parent-only	Q30792	real	Q54368	real
BOTH-REAL	parent-only	Q30796	real	Q54368	real
BOTH-REAL	parent-only	Q30868	real	Q2846	real
BOTH-REAL	parent-only	Q51331	real	Q52256	real
BOTH-REAL	parent-only	Q51387	real	Q52288	real
BOTH-REAL	parent-only	Q51422	real	Q52360	real
BOTH-REAL	parent-only	Q51427	real	Q52372	real
BOTH-REAL	parent-only	Q51462	real	Q52416	real
BOTH-REAL	parent-only	Q51512	real	Q52556	real
BOTH-REAL	parent-only	Q51524	real	Q52576	real
BOTH-REAL	parent-only	Q51572	real	Q52669	real
BOTH-REAL	parent-only	Q51822	real	Q70410	real
BOTH-REAL	parent-only	Q51890	real	Q53006	real
BOTH-REAL	parent-only	Q51890	real	Q53026	real
BOTH-REAL	parent-only	Q51890	real	Q53030	real
BOTH-REAL	parent-only	Q51922	real	Q53078	real
BOTH-REAL	parent-only	Q51930	real	Q53094	real
BOTH-REAL	parent-only	Q51930	real	Q53105	real
BOTH-REAL	parent-only	Q53326	real	Q47009097	real
BOTH-REAL	parent-only	Q53326	real	Q47009099	real
BOTH-REAL	parent-only	Q6441	real	Q52266	real
BOTH-REAL	parent-only	Q6441	real	Q52270	real
BOTH-REAL	parent-only	Q6441	real	Q87823	real
BOTH-REAL	parent-only	Q6453	real	Q52010	real
BOTH-REAL	parent-only	Q6453	real	Q52014	real
BOTH-REAL	parent-only	Q6453	real	Q52018	real
BOTH-REAL	parent-only	Q6453	real	Q52382	real
BOTH-REAL	parent-only	Q6453	real	Q52386	real
BOTH-REAL	parent-only	Q6453	real	Q87821	real
BOTH-REAL	parent-only	Q6491	real	Q6462	real
BOTH-REAL	parent-only	Q6493	real	Q6462	real
BOTH-REAL	parent-only	Q6605	real	Q87727	real
BOTH-REAL	parent-only	Q68680	real	Q99322	real
BOTH-REAL	parent-only	Q70122	real	Q144247	real
BOTH-REAL	parent-only	Q73035	real	Q51818	real
BOTH-REAL	parent-only	Q73035	real	Q72888	real
BOTH-REAL	parent-only	Q73038	real	Q165397	real
BOTH-REAL	parent-only	Q73038	real	Q165399	real
BOTH-REAL	parent-only	Q73038	real	Q165403	real
BOTH-REAL	parent-only	Q73038	real	Q165405	real
BOTH-REAL	parent-only	Q73038	real	Q165406	real
BOTH-REAL	parent-only	Q73038	real	Q165408	real
BOTH-REAL	parent-only	Q73038	real	Q165409	real
BOTH-REAL	parent-only	Q73038	real	Q72888	real
BOTH-REAL	parent-only	Q73038	real	Q73035	real
BOTH-REAL	parent-only	Q73038	real	Q73044	real
BOTH-REAL	parent-only	Q73041	real	Q72891	real
BOTH-REAL	parent-only	Q73044	real	Q72891	real
BOTH-REAL	parent-only	Q73266	real	Q151485	real
BOTH-REAL	parent-only	Q73380	real	Q132139	real
BOTH-REAL	parent-only	Q73380	real	Q133346	real
BOTH-REAL	parent-only	Q73380	real	Q134311	real
BOTH-REAL	parent-only	Q73380	real	Q134312	real
BOTH-REAL	parent-only	Q73380	real	Q134313	real
BOTH-REAL	parent-only	Q73380	real	Q134314	real
BOTH-REAL	parent-only	Q73380	real	Q134315	real
BOTH-REAL	parent-only	Q73380	real	Q134316	real
BOTH-REAL	parent-only	Q73380	real	Q134317	real
BOTH-REAL	parent-only	Q73380	real	Q134318	real
BOTH-REAL	parent-only	Q73380	real	Q134319	real
BOTH-REAL	parent-only	Q73380	real	Q134320	real
BOTH-REAL	parent-only	Q73380	real	Q134321	real
BOTH-REAL	parent-only	Q74677	real	Q132030	real
BOTH-REAL	parent-only	Q74677	real	Q90454	real
BOTH-REAL	parent-only	Q74680	real	Q130572	real
BOTH-REAL	parent-only	Q74680	real	Q130670	real
BOTH-REAL	parent-only	Q74680	real	Q132030	real
BOTH-REAL	parent-only	Q74680	real	Q132031	real
BOTH-REAL	parent-only	Q74680	real	Q132033	real
BOTH-REAL	parent-only	Q74680	real	Q132731	real
BOTH-REAL	parent-only	Q74680	real	Q133253	real
BOTH-REAL	parent-only	Q74680	real	Q133254	real
BOTH-REAL	parent-only	Q74680	real	Q133255	real
BOTH-REAL	parent-only	Q74680	real	Q133256	real
BOTH-REAL	parent-only	Q74680	real	Q133257	real
BOTH-REAL	parent-only	Q74680	real	Q90454	real
BOTH-REAL	parent-only	Q74698	real	Q90317	real
BOTH-REAL	parent-only	Q74701	real	Q131432	real
BOTH-REAL	parent-only	Q74701	real	Q131434	real
BOTH-REAL	parent-only	Q74701	real	Q132732	real
BOTH-REAL	parent-only	Q74701	real	Q74973	real
BOTH-REAL	parent-only	Q74701	real	Q90317	real
BOTH-REAL	parent-only	Q74717	real	Q129997	real
BOTH-REAL	parent-only	Q74717	real	Q130392	real
BOTH-REAL	parent-only	Q74717	real	Q131430	real
BOTH-REAL	parent-only	Q74717	real	Q131552	real
BOTH-REAL	parent-only	Q74717	real	Q131554	real
BOTH-REAL	parent-only	Q74717	real	Q131556	real
BOTH-REAL	parent-only	Q74717	real	Q131560	real
BOTH-REAL	parent-only	Q74717	real	Q131562	real
BOTH-REAL	parent-only	Q74717	real	Q131566	real
BOTH-REAL	parent-only	Q74717	real	Q131568	real
BOTH-REAL	parent-only	Q74717	real	Q131570	real
BOTH-REAL	parent-only	Q74717	real	Q131574	real
BOTH-REAL	parent-only	Q74717	real	Q131578	real
BOTH-REAL	parent-only	Q74717	real	Q131580	real
BOTH-REAL	parent-only	Q74717	real	Q131582	real
BOTH-REAL	parent-only	Q74717	real	Q131584	real
BOTH-REAL	parent-only	Q74717	real	Q131586	real
BOTH-REAL	parent-only	Q74717	real	Q131588	real
BOTH-REAL	parent-only	Q74717	real	Q131590	real
BOTH-REAL	parent-only	Q74717	real	Q131592	real
BOTH-REAL	parent-only	Q74717	real	Q131594	real
BOTH-REAL	parent-only	Q74717	real	Q132107	real
BOTH-REAL	parent-only	Q74717	real	Q132108	real
BOTH-REAL	parent-only	Q74720	real	Q129997	real
BOTH-REAL	parent-only	Q74720	real	Q130392	real
BOTH-REAL	parent-only	Q74720	real	Q130472	real
BOTH-REAL	parent-only	Q74720	real	Q130538	real
BOTH-REAL	parent-only	Q74720	real	Q130608	real
BOTH-REAL	parent-only	Q74720	real	Q130620	real
BOTH-REAL	parent-only	Q74720	real	Q130622	real
BOTH-REAL	parent-only	Q74720	real	Q130624	real
BOTH-REAL	parent-only	Q74720	real	Q131430	real
BOTH-REAL	parent-only	Q74720	real	Q131552	real
BOTH-REAL	parent-only	Q74720	real	Q131554	real
BOTH-REAL	parent-only	Q74720	real	Q131556	real
BOTH-REAL	parent-only	Q74720	real	Q131560	real
BOTH-REAL	parent-only	Q74720	real	Q131562	real
BOTH-REAL	parent-only	Q74720	real	Q131564	real
BOTH-REAL	parent-only	Q74720	real	Q131566	real
BOTH-REAL	parent-only	Q74720	real	Q131568	real
BOTH-REAL	parent-only	Q74720	real	Q131570	real
BOTH-REAL	parent-only	Q74720	real	Q131572	real
BOTH-REAL	parent-only	Q74720	real	Q131574	real
BOTH-REAL	parent-only	Q74720	real	Q131576	real
BOTH-REAL	parent-only	Q74720	real	Q131578	real
BOTH-REAL	parent-only	Q74720	real	Q131580	real
BOTH-REAL	parent-only	Q74720	real	Q131582	real
BOTH-REAL	parent-only	Q74720	real	Q131584	real
BOTH-REAL	parent-only	Q74720	real	Q131586	real
BOTH-REAL	parent-only	Q74720	real	Q131588	real
BOTH-REAL	parent-only	Q74720	real	Q131590	real
BOTH-REAL	parent-only	Q74720	real	Q131592	real
BOTH-REAL	parent-only	Q74720	real	Q131594	real
BOTH-REAL	parent-only	Q74720	real	Q131596	real
BOTH-REAL	parent-only	Q74720	real	Q132786	real
BOTH-REAL	parent-only	Q74798	real	Q74777	real
BOTH-REAL	parent-only	Q74798	real	Q74786	real
BOTH-REAL	parent-only	Q74816	real	Q74804	real
BOTH-REAL	parent-only	Q74937	real	Q90353	real
BOTH-REAL	parent-only	Q74946	real	Q90560	real
BOTH-REAL	parent-only	Q74949	real	Q90560	real
BOTH-REAL	parent-only	Q74970	real	Q90476	real
BOTH-REAL	parent-only	Q74970	real	Q90584	real
BOTH-REAL	parent-only	Q74973	real	Q132271	real
BOTH-REAL	parent-only	Q74973	real	Q132272	real
BOTH-REAL	parent-only	Q74973	real	Q132273	real
BOTH-REAL	parent-only	Q74973	real	Q132274	real
BOTH-REAL	parent-only	Q74973	real	Q132275	real
BOTH-REAL	parent-only	Q74973	real	Q132276	real
BOTH-REAL	parent-only	Q74973	real	Q132277	real
BOTH-REAL	parent-only	Q74973	real	Q132278	real
BOTH-REAL	parent-only	Q74973	real	Q132279	real
BOTH-REAL	parent-only	Q74973	real	Q132280	real
BOTH-REAL	parent-only	Q74973	real	Q132281	real
BOTH-REAL	parent-only	Q74973	real	Q132282	real
BOTH-REAL	parent-only	Q74973	real	Q132380	real
BOTH-REAL	parent-only	Q74973	real	Q133009	real
BOTH-REAL	parent-only	Q74973	real	Q133038	real
BOTH-REAL	parent-only	Q74973	real	Q133104	real
BOTH-REAL	parent-only	Q74973	real	Q133168	real
BOTH-REAL	parent-only	Q74973	real	Q133374	real
BOTH-REAL	parent-only	Q74973	real	Q133387	real
BOTH-REAL	parent-only	Q74973	real	Q133471	real
BOTH-REAL	parent-only	Q74973	real	Q133472	real
BOTH-REAL	parent-only	Q74973	real	Q133473	real
BOTH-REAL	parent-only	Q74973	real	Q133474	real
BOTH-REAL	parent-only	Q74973	real	Q133475	real
BOTH-REAL	parent-only	Q74973	real	Q133476	real
BOTH-REAL	parent-only	Q74973	real	Q133477	real
BOTH-REAL	parent-only	Q74973	real	Q133478	real
BOTH-REAL	parent-only	Q74973	real	Q133479	real
BOTH-REAL	parent-only	Q74973	real	Q133480	real
BOTH-REAL	parent-only	Q74973	real	Q133481	real
BOTH-REAL	parent-only	Q74973	real	Q133482	real
BOTH-REAL	parent-only	Q74973	real	Q133483	real
BOTH-REAL	parent-only	Q74973	real	Q133484	real
BOTH-REAL	parent-only	Q74973	real	Q133485	real
BOTH-REAL	parent-only	Q74973	real	Q133486	real
BOTH-REAL	parent-only	Q74973	real	Q133487	real
BOTH-REAL	parent-only	Q74973	real	Q133488	real
BOTH-REAL	parent-only	Q74973	real	Q133489	real
BOTH-REAL	parent-only	Q74973	real	Q133490	real
BOTH-REAL	parent-only	Q74973	real	Q133491	real
BOTH-REAL	parent-only	Q74973	real	Q133492	real
BOTH-REAL	parent-only	Q74973	real	Q133493	real
BOTH-REAL	parent-only	Q74973	real	Q133494	real
BOTH-REAL	parent-only	Q74973	real	Q133495	real
BOTH-REAL	parent-only	Q74973	real	Q133496	real
BOTH-REAL	parent-only	Q74973	real	Q133497	real
BOTH-REAL	parent-only	Q74973	real	Q133498	real
BOTH-REAL	parent-only	Q74973	real	Q133499	real
BOTH-REAL	parent-only	Q74973	real	Q133500	real
BOTH-REAL	parent-only	Q74973	real	Q133501	real
BOTH-REAL	parent-only	Q74973	real	Q133502	real
BOTH-REAL	parent-only	Q74973	real	Q133503	real
BOTH-REAL	parent-only	Q74973	real	Q133504	real
BOTH-REAL	parent-only	Q74973	real	Q133505	real
BOTH-REAL	parent-only	Q74973	real	Q133506	real
BOTH-REAL	parent-only	Q74973	real	Q133507	real
BOTH-REAL	parent-only	Q74973	real	Q133508	real
BOTH-REAL	parent-only	Q74973	real	Q133509	real
BOTH-REAL	parent-only	Q74973	real	Q133510	real
BOTH-REAL	parent-only	Q74973	real	Q133511	real
BOTH-REAL	parent-only	Q74973	real	Q133512	real
BOTH-REAL	parent-only	Q74973	real	Q133513	real
BOTH-REAL	parent-only	Q74973	real	Q133514	real
BOTH-REAL	parent-only	Q74973	real	Q133515	real
BOTH-REAL	parent-only	Q74973	real	Q133516	real
BOTH-REAL	parent-only	Q74973	real	Q133517	real
BOTH-REAL	parent-only	Q74973	real	Q133518	real
BOTH-REAL	parent-only	Q74973	real	Q133519	real
BOTH-REAL	parent-only	Q74973	real	Q133520	real
BOTH-REAL	parent-only	Q74973	real	Q133521	real
BOTH-REAL	parent-only	Q74973	real	Q133522	real
BOTH-REAL	parent-only	Q74973	real	Q133523	real
BOTH-REAL	parent-only	Q74973	real	Q133524	real
BOTH-REAL	parent-only	Q74973	real	Q133525	real
BOTH-REAL	parent-only	Q74973	real	Q133526	real
BOTH-REAL	parent-only	Q74973	real	Q133527	real
BOTH-REAL	parent-only	Q74973	real	Q134360	real
BOTH-REAL	parent-only	Q74973	real	Q90293	real
BOTH-REAL	parent-only	Q74973	real	Q90325	real
BOTH-REAL	parent-only	Q74973	real	Q90476	real
BOTH-REAL	parent-only	Q74973	real	Q90584	real
BOTH-REAL	parent-only	Q74997	real	Q90462	real
BOTH-REAL	parent-only	Q75039	real	Q90333	real
BOTH-REAL	parent-only	Q75039	real	Q90482	real
BOTH-REAL	parent-only	Q75039	real	Q90564	real
BOTH-REAL	parent-only	Q75051	real	Q90506	real
BOTH-REAL	parent-only	Q75054	real	Q130584	real
BOTH-REAL	parent-only	Q75054	real	Q130588	real
BOTH-REAL	parent-only	Q75054	real	Q130606	real
BOTH-REAL	parent-only	Q75054	real	Q130610	real
BOTH-REAL	parent-only	Q75054	real	Q130612	real
BOTH-REAL	parent-only	Q75054	real	Q130614	real
BOTH-REAL	parent-only	Q75054	real	Q130616	real
BOTH-REAL	parent-only	Q75054	real	Q130618	real
BOTH-REAL	parent-only	Q75054	real	Q130626	real
BOTH-REAL	parent-only	Q75054	real	Q130628	real
BOTH-REAL	parent-only	Q75054	real	Q130630	real
BOTH-REAL	parent-only	Q75054	real	Q130632	real
BOTH-REAL	parent-only	Q75054	real	Q130634	real
BOTH-REAL	parent-only	Q75054	real	Q130636	real
BOTH-REAL	parent-only	Q75054	real	Q130638	real
BOTH-REAL	parent-only	Q75054	real	Q90388	real
BOTH-REAL	parent-only	Q75108	real	Q90333	real
BOTH-REAL	parent-only	Q75138	real	Q90402	real
BOTH-REAL	parent-only	Q75192	real	Q130640	real
BOTH-REAL	parent-only	Q75192	real	Q130642	real
BOTH-REAL	parent-only	Q75192	real	Q130646	real
BOTH-REAL	parent-only	Q75192	real	Q130650	real
BOTH-REAL	parent-only	Q75192	real	Q130970	real
BOTH-REAL	parent-only	Q75192	real	Q132057	real
BOTH-REAL	parent-only	Q75192	real	Q132064	real
BOTH-REAL	parent-only	Q75192	real	Q74723	real
BOTH-REAL	parent-only	Q75195	real	Q132046	real
BOTH-REAL	parent-only	Q75195	real	Q132047	real
BOTH-REAL	parent-only	Q75195	real	Q132048	real
BOTH-REAL	parent-only	Q75195	real	Q132049	real
BOTH-REAL	parent-only	Q75225	real	Q130582	real
BOTH-REAL	parent-only	Q75225	real	Q130584	real
BOTH-REAL	parent-only	Q75225	real	Q130588	real
BOTH-REAL	parent-only	Q75225	real	Q130592	real
BOTH-REAL	parent-only	Q75225	real	Q90388	real
BOTH-REAL	parent-only	Q75321	real	Q90380	real
BOTH-REAL	parent-only	Q75432	real	Q99815	real
BOTH-REAL	parent-only	Q75441	real	Q99881	real
BOTH-REAL	parent-only	Q75441	real	Q99883	real
BOTH-REAL	parent-only	Q75441	real	Q99885	real
BOTH-REAL	parent-only	Q75441	real	Q99887	real
BOTH-REAL	parent-only	Q75441	real	Q99889	real
BOTH-REAL	parent-only	Q75441	real	Q99891	real
BOTH-REAL	parent-only	Q75441	real	Q99893	real
BOTH-REAL	parent-only	Q75441	real	Q99895	real
BOTH-REAL	parent-only	Q75441	real	Q99897	real
BOTH-REAL	parent-only	Q78609	real	Q70410	real
BOTH-REAL	parent-only	Q78719	real	Q72888	real
BOTH-REAL	parent-only	Q78776	real	Q151287	real
BOTH-REAL	parent-only	Q85263	real	Q136463	real
BOTH-REAL	parent-only	Q85654	real	Q85658	real
BOTH-REAL	parent-only	Q85664	real	Q85654	real
BOTH-REAL	parent-only	Q85704	real	Q85686	real
BOTH-REAL	parent-only	Q85794	real	Q85786	real
BOTH-REAL	parent-only	Q85847	real	Q86975	real
BOTH-REAL	parent-only	Q85847	real	Q98239	real
BOTH-REAL	parent-only	Q85903	real	Q85674	real
BOTH-REAL	parent-only	Q86213	real	Q85562	real
BOTH-REAL	parent-only	Q86271	real	Q85903	real
BOTH-REAL	parent-only	Q86403	real	Q49763	real
BOTH-REAL	parent-only	Q90259	real	Q74861	real
BOTH-REAL	parent-only	Q90267	real	Q74873	real
BOTH-REAL	parent-only	Q90269	real	Q74873	real
BOTH-REAL	parent-only	Q90309	real	Q130001	real
BOTH-REAL	parent-only	Q90309	real	Q130003	real
BOTH-REAL	parent-only	Q90309	real	Q130005	real
BOTH-REAL	parent-only	Q90309	real	Q130007	real
BOTH-REAL	parent-only	Q90309	real	Q130009	real
BOTH-REAL	parent-only	Q90309	real	Q130011	real
BOTH-REAL	parent-only	Q90309	real	Q130013	real
BOTH-REAL	parent-only	Q90309	real	Q130015	real
BOTH-REAL	parent-only	Q90309	real	Q130017	real
BOTH-REAL	parent-only	Q90309	real	Q130019	real
BOTH-REAL	parent-only	Q90309	real	Q130021	real
BOTH-REAL	parent-only	Q90309	real	Q130023	real
BOTH-REAL	parent-only	Q90309	real	Q130025	real
BOTH-REAL	parent-only	Q90309	real	Q130027	real
BOTH-REAL	parent-only	Q90309	real	Q130029	real
BOTH-REAL	parent-only	Q90309	real	Q130031	real
BOTH-REAL	parent-only	Q90309	real	Q130033	real
BOTH-REAL	parent-only	Q90309	real	Q130035	real
BOTH-REAL	parent-only	Q90309	real	Q130037	real
BOTH-REAL	parent-only	Q90309	real	Q130039	real
BOTH-REAL	parent-only	Q90309	real	Q130041	real
BOTH-REAL	parent-only	Q90309	real	Q130043	real
BOTH-REAL	parent-only	Q90309	real	Q130045	real
BOTH-REAL	parent-only	Q90309	real	Q130047	real
BOTH-REAL	parent-only	Q90309	real	Q130049	real
BOTH-REAL	parent-only	Q90309	real	Q130051	real
BOTH-REAL	parent-only	Q90309	real	Q130053	real
BOTH-REAL	parent-only	Q90309	real	Q130055	real
BOTH-REAL	parent-only	Q90309	real	Q130065	real
BOTH-REAL	parent-only	Q90309	real	Q130067	real
BOTH-REAL	parent-only	Q90309	real	Q130069	real
BOTH-REAL	parent-only	Q90309	real	Q130071	real
BOTH-REAL	parent-only	Q90309	real	Q130073	real
BOTH-REAL	parent-only	Q90309	real	Q130075	real
BOTH-REAL	parent-only	Q90309	real	Q130077	real
BOTH-REAL	parent-only	Q90309	real	Q130079	real
BOTH-REAL	parent-only	Q90309	real	Q130081	real
BOTH-REAL	parent-only	Q90309	real	Q130083	real
BOTH-REAL	parent-only	Q90309	real	Q130085	real
BOTH-REAL	parent-only	Q90309	real	Q130089	real
BOTH-REAL	parent-only	Q90309	real	Q130091	real
BOTH-REAL	parent-only	Q90309	real	Q130093	real
BOTH-REAL	parent-only	Q90309	real	Q130095	real
BOTH-REAL	parent-only	Q90309	real	Q130097	real
BOTH-REAL	parent-only	Q90309	real	Q130099	real
BOTH-REAL	parent-only	Q90309	real	Q130101	real
BOTH-REAL	parent-only	Q90309	real	Q130103	real
BOTH-REAL	parent-only	Q90309	real	Q130105	real
BOTH-REAL	parent-only	Q90309	real	Q130107	real
BOTH-REAL	parent-only	Q90309	real	Q130109	real
BOTH-REAL	parent-only	Q90309	real	Q130111	real
BOTH-REAL	parent-only	Q90309	real	Q130113	real
BOTH-REAL	parent-only	Q90309	real	Q130115	real
BOTH-REAL	parent-only	Q90309	real	Q130119	real
BOTH-REAL	parent-only	Q90309	real	Q130121	real
BOTH-REAL	parent-only	Q90309	real	Q130123	real
BOTH-REAL	parent-only	Q90309	real	Q130125	real
BOTH-REAL	parent-only	Q90309	real	Q130127	real
BOTH-REAL	parent-only	Q90309	real	Q130129	real
BOTH-REAL	parent-only	Q90309	real	Q130131	real
BOTH-REAL	parent-only	Q90309	real	Q130133	real
BOTH-REAL	parent-only	Q90309	real	Q130135	real
BOTH-REAL	parent-only	Q90309	real	Q130137	real
BOTH-REAL	parent-only	Q90309	real	Q130139	real
BOTH-REAL	parent-only	Q90309	real	Q130141	real
BOTH-REAL	parent-only	Q90309	real	Q130143	real
BOTH-REAL	parent-only	Q90309	real	Q130145	real
BOTH-REAL	parent-only	Q90309	real	Q130149	real
BOTH-REAL	parent-only	Q90309	real	Q130151	real
BOTH-REAL	parent-only	Q90309	real	Q130153	real
BOTH-REAL	parent-only	Q90309	real	Q130155	real
BOTH-REAL	parent-only	Q90309	real	Q130157	real
BOTH-REAL	parent-only	Q90309	real	Q130161	real
BOTH-REAL	parent-only	Q90309	real	Q130163	real
BOTH-REAL	parent-only	Q90309	real	Q130165	real
BOTH-REAL	parent-only	Q90309	real	Q130167	real
BOTH-REAL	parent-only	Q90309	real	Q130169	real
BOTH-REAL	parent-only	Q90309	real	Q130171	real
BOTH-REAL	parent-only	Q90309	real	Q130173	real
BOTH-REAL	parent-only	Q90309	real	Q130175	real
BOTH-REAL	parent-only	Q90309	real	Q130177	real
BOTH-REAL	parent-only	Q90309	real	Q130179	real
BOTH-REAL	parent-only	Q90309	real	Q130181	real
BOTH-REAL	parent-only	Q90309	real	Q130183	real
BOTH-REAL	parent-only	Q90309	real	Q130185	real
BOTH-REAL	parent-only	Q90309	real	Q130189	real
BOTH-REAL	parent-only	Q90309	real	Q130191	real
BOTH-REAL	parent-only	Q90309	real	Q130193	real
BOTH-REAL	parent-only	Q90309	real	Q130195	real
BOTH-REAL	parent-only	Q90309	real	Q130197	real
BOTH-REAL	parent-only	Q90309	real	Q130199	real
BOTH-REAL	parent-only	Q90309	real	Q130203	real
BOTH-REAL	parent-only	Q90309	real	Q130205	real
BOTH-REAL	parent-only	Q90309	real	Q130207	real
BOTH-REAL	parent-only	Q90309	real	Q130209	real
BOTH-REAL	parent-only	Q90309	real	Q130211	real
BOTH-REAL	parent-only	Q90309	real	Q130213	real
BOTH-REAL	parent-only	Q90309	real	Q130217	real
BOTH-REAL	parent-only	Q90309	real	Q130219	real
BOTH-REAL	parent-only	Q90309	real	Q130221	real
BOTH-REAL	parent-only	Q90309	real	Q130227	real
BOTH-REAL	parent-only	Q90309	real	Q130229	real
BOTH-REAL	parent-only	Q90309	real	Q130231	real
BOTH-REAL	parent-only	Q90309	real	Q130233	real
BOTH-REAL	parent-only	Q90309	real	Q130235	real
BOTH-REAL	parent-only	Q90309	real	Q130239	real
BOTH-REAL	parent-only	Q90309	real	Q130241	real
BOTH-REAL	parent-only	Q90309	real	Q130243	real
BOTH-REAL	parent-only	Q90309	real	Q130245	real
BOTH-REAL	parent-only	Q90309	real	Q130247	real
BOTH-REAL	parent-only	Q90309	real	Q130249	real
BOTH-REAL	parent-only	Q90309	real	Q130251	real
BOTH-REAL	parent-only	Q90309	real	Q130253	real
BOTH-REAL	parent-only	Q90309	real	Q130255	real
BOTH-REAL	parent-only	Q90309	real	Q130256	real
BOTH-REAL	parent-only	Q90309	real	Q130258	real
BOTH-REAL	parent-only	Q90309	real	Q130260	real
BOTH-REAL	parent-only	Q90309	real	Q130262	real
BOTH-REAL	parent-only	Q90309	real	Q130264	real
BOTH-REAL	parent-only	Q90309	real	Q130266	real
BOTH-REAL	parent-only	Q90309	real	Q130268	real
BOTH-REAL	parent-only	Q90309	real	Q130270	real
BOTH-REAL	parent-only	Q90309	real	Q130272	real
BOTH-REAL	parent-only	Q90309	real	Q130274	real
BOTH-REAL	parent-only	Q90309	real	Q130276	real
BOTH-REAL	parent-only	Q90309	real	Q130278	real
BOTH-REAL	parent-only	Q90309	real	Q130280	real
BOTH-REAL	parent-only	Q90309	real	Q130284	real
BOTH-REAL	parent-only	Q90309	real	Q130286	real
BOTH-REAL	parent-only	Q90309	real	Q130288	real
BOTH-REAL	parent-only	Q90309	real	Q130290	real
BOTH-REAL	parent-only	Q90309	real	Q130292	real
BOTH-REAL	parent-only	Q90309	real	Q130294	real
BOTH-REAL	parent-only	Q90309	real	Q130296	real
BOTH-REAL	parent-only	Q90309	real	Q132216	real
BOTH-REAL	parent-only	Q90309	real	Q75012	real
BOTH-REAL	parent-only	Q90309	real	Q75138	real
BOTH-REAL	parent-only	Q90309	real	Q75192	real
BOTH-REAL	parent-only	Q90309	real	Q75357	real
BOTH-REAL	parent-only	Q90309	real	Q75360	real
BOTH-REAL	parent-only	Q90309	real	Q90476	real
BOTH-REAL	parent-only	Q90309	real	Q90584	real
BOTH-REAL	parent-only	Q90311	real	Q74940	real
BOTH-REAL	parent-only	Q90313	real	Q74906	real
BOTH-REAL	parent-only	Q90313	real	Q75009	real
BOTH-REAL	parent-only	Q90329	real	Q134219	real
BOTH-REAL	parent-only	Q90329	real	Q74906	real
BOTH-REAL	parent-only	Q90329	real	Q75009	real
BOTH-REAL	parent-only	Q90359	real	Q75252	real
BOTH-REAL	parent-only	Q90359	real	Q75279	real
BOTH-REAL	parent-only	Q90382	real	Q75252	real
BOTH-REAL	parent-only	Q90386	real	Q74988	real
BOTH-REAL	parent-only	Q90394	real	Q75207	real
BOTH-REAL	parent-only	Q90406	real	Q75315	real
BOTH-REAL	parent-only	Q90464	real	Q74909	real
BOTH-REAL	parent-only	Q90474	real	Q74988	real
BOTH-REAL	parent-only	Q90478	real	Q130648	real
BOTH-REAL	parent-only	Q90478	real	Q132098	real
BOTH-REAL	parent-only	Q90478	real	Q132099	real
BOTH-REAL	parent-only	Q90478	real	Q132100	real
BOTH-REAL	parent-only	Q90478	real	Q132101	real
BOTH-REAL	parent-only	Q90478	real	Q132102	real
BOTH-REAL	parent-only	Q90478	real	Q132103	real
BOTH-REAL	parent-only	Q90478	real	Q132104	real
BOTH-REAL	parent-only	Q90478	real	Q132105	real
BOTH-REAL	parent-only	Q90480	real	Q75207	real
BOTH-REAL	parent-only	Q90484	real	Q75315	real
BOTH-REAL	parent-only	Q90486	real	Q75048	real
BOTH-REAL	parent-only	Q90526	real	Q74985	real
BOTH-REAL	parent-only	Q90538	real	Q74918	real
BOTH-REAL	parent-only	Q90544	real	Q75048	real
BOTH-REAL	parent-only	Q90558	real	Q74918	real
BOTH-REAL	parent-only	Q90562	real	Q75063	real
BOTH-REAL	parent-only	Q90572	real	Q74985	real
BOTH-REAL	parent-only	Q90608	real	Q75201	real
BOTH-REAL	parent-only	Q90610	real	Q75231	real
BOTH-REAL	parent-only	Q90612	real	Q75312	real
BOTH-REAL	parent-only	Q94559	real	Q108692	real
BOTH-REAL	parent-only	Q99314	real	Q136824	real
BOTH-REAL	parent-only	Q99314	real	Q136825	real
BOTH-REAL	parent-only	Q99314	real	Q136827	real
BOTH-REAL	parent-only	Q99314	real	Q60974	real
BOTH-REAL	parent-only	Q99322	real	Q66991	real
BOTH-REAL	parent-only	Q99426	real	Q74067	real
BOTH-REAL	parent-only	Q99709	real	Q78027	real
BOTH-REAL	parent-only	Q99725	real	Q141666	real
BOTH-REAL	parent-only	Q99725	real	Q141667	real
BOTH-REAL	parent-only	Q99725	real	Q141668	real
BOTH-REAL	parent-only	Q99725	real	Q141669	real
BOTH-REAL	parent-only	Q99725	real	Q78189	real
BOTH-REAL	parent-only	Q99725	real	Q78348	real
DANGLING	child-only	Q114350	missing	Q102689	real
DANGLING	child-only	Q114350	missing	Q102691	real
DANGLING	child-only	Q114350	missing	Q102693	real
DANGLING	child-only	Q54196	missing	Q1435	real
DANGLING	child-only	Q54196	missing	Q30715	real
DANGLING	child-only	Q65231	missing	Q65237	real
DANGLING	child-only	Q74656	missing	Q130402	real
DANGLING	child-only	Q74656	missing	Q130490	real
DANGLING	child-only	Q74656	missing	Q130516	real
DANGLING	child-only	Q74656	missing	Q130554	real
DANGLING	child-only	Q74656	missing	Q130606	real
DANGLING	child-only	Q74656	missing	Q130608	real
DANGLING	child-only	Q74656	missing	Q130610	real
DANGLING	child-only	Q74656	missing	Q130612	real
DANGLING	child-only	Q74656	missing	Q130614	real
DANGLING	child-only	Q74656	missing	Q130616	real
DANGLING	child-only	Q74656	missing	Q130618	real
DANGLING	child-only	Q74656	missing	Q130620	real
DANGLING	child-only	Q74656	missing	Q130622	real
DANGLING	child-only	Q74656	missing	Q130624	real
DANGLING	child-only	Q74656	missing	Q130626	real
DANGLING	child-only	Q74656	missing	Q130628	real
DANGLING	child-only	Q74656	missing	Q130630	real
DANGLING	child-only	Q74656	missing	Q130632	real
DANGLING	child-only	Q74656	missing	Q130634	real
DANGLING	child-only	Q74656	missing	Q130636	real
DANGLING	child-only	Q74656	missing	Q130638	real
DANGLING	child-only	Q74656	missing	Q130654	real
DANGLING	child-only	Q74656	missing	Q130678	real
DANGLING	child-only	Q74656	missing	Q130686	real
DANGLING	child-only	Q74656	missing	Q130972	real
DANGLING	child-only	Q74656	missing	Q130974	real
DANGLING	child-only	Q74656	missing	Q130976	real
DANGLING	child-only	Q74656	missing	Q130978	real
DANGLING	child-only	Q74656	missing	Q130980	real
DANGLING	child-only	Q74656	missing	Q130988	real
DANGLING	child-only	Q74656	missing	Q130990	real
DANGLING	child-only	Q74656	missing	Q130992	real
DANGLING	child-only	Q74656	missing	Q131152	real
DANGLING	child-only	Q74656	missing	Q131156	real
DANGLING	child-only	Q74656	missing	Q131228	real
DANGLING	child-only	Q74656	missing	Q131238	real
DANGLING	child-only	Q74656	missing	Q131376	real
DANGLING	child-only	Q74656	missing	Q131450	real
DANGLING	child-only	Q74656	missing	Q131520	real
DANGLING	child-only	Q74656	missing	Q131522	real
DANGLING	child-only	Q74656	missing	Q131524	real
DANGLING	child-only	Q74656	missing	Q131526	real
DANGLING	child-only	Q74656	missing	Q131528	real
DANGLING	child-only	Q74656	missing	Q131530	real
DANGLING	child-only	Q74656	missing	Q131532	real
DANGLING	child-only	Q74656	missing	Q131534	real
DANGLING	child-only	Q74656	missing	Q131536	real
DANGLING	child-only	Q74656	missing	Q131538	real
DANGLING	child-only	Q74656	missing	Q131540	real
DANGLING	child-only	Q74656	missing	Q131658	real
DANGLING	child-only	Q74656	missing	Q131660	real
DANGLING	child-only	Q74656	missing	Q131662	real
DANGLING	child-only	Q74656	missing	Q131664	real
DANGLING	child-only	Q74656	missing	Q131666	real
DANGLING	child-only	Q74656	missing	Q131667	real
DANGLING	child-only	Q74656	missing	Q131669	real
DANGLING	child-only	Q74656	missing	Q131671	real
DANGLING	child-only	Q74656	missing	Q131673	real
DANGLING	child-only	Q74656	missing	Q131675	real
DANGLING	child-only	Q74656	missing	Q131679	real
DANGLING	child-only	Q74656	missing	Q131681	real
DANGLING	child-only	Q74656	missing	Q131683	real
DANGLING	child-only	Q74656	missing	Q131685	real
DANGLING	child-only	Q74656	missing	Q131687	real
DANGLING	child-only	Q74656	missing	Q131713	real
DANGLING	child-only	Q74656	missing	Q131715	real
DANGLING	child-only	Q74656	missing	Q131717	real
DANGLING	child-only	Q74656	missing	Q131719	real
DANGLING	child-only	Q74656	missing	Q131721	real
DANGLING	child-only	Q74656	missing	Q131723	real
DANGLING	child-only	Q74656	missing	Q131725	real
DANGLING	child-only	Q74656	missing	Q131727	real
DANGLING	child-only	Q74656	missing	Q131731	real
DANGLING	child-only	Q74656	missing	Q131735	real
DANGLING	child-only	Q74656	missing	Q131737	real
DANGLING	child-only	Q74656	missing	Q131739	real
DANGLING	child-only	Q74656	missing	Q131741	real
DANGLING	child-only	Q74656	missing	Q131743	real
DANGLING	child-only	Q74656	missing	Q131745	real
DANGLING	child-only	Q74656	missing	Q131747	real
DANGLING	child-only	Q74656	missing	Q131749	real
DANGLING	child-only	Q74656	missing	Q131751	real
DANGLING	child-only	Q74656	missing	Q131753	real
DANGLING	child-only	Q74656	missing	Q131755	real
DANGLING	child-only	Q74656	missing	Q131757	real
DANGLING	child-only	Q74656	missing	Q131759	real
DANGLING	child-only	Q74656	missing	Q131761	real
DANGLING	child-only	Q74656	missing	Q131763	real
DANGLING	child-only	Q74656	missing	Q131765	real
DANGLING	child-only	Q74656	missing	Q131767	real
DANGLING	child-only	Q74656	missing	Q131769	real
DANGLING	child-only	Q74656	missing	Q131771	real
DANGLING	child-only	Q74656	missing	Q131775	real
DANGLING	child-only	Q74656	missing	Q131777	real
DANGLING	child-only	Q74656	missing	Q131779	real
DANGLING	child-only	Q74656	missing	Q131783	real
DANGLING	child-only	Q74656	missing	Q131785	real
DANGLING	child-only	Q74656	missing	Q131787	real
DANGLING	child-only	Q74656	missing	Q131791	real
DANGLING	child-only	Q74656	missing	Q131793	real
DANGLING	child-only	Q74656	missing	Q131801	real
DANGLING	child-only	Q74656	missing	Q131803	real
DANGLING	child-only	Q74656	missing	Q131805	real
DANGLING	child-only	Q74656	missing	Q131807	real
DANGLING	child-only	Q74656	missing	Q131813	real
DANGLING	child-only	Q74656	missing	Q131817	real
DANGLING	child-only	Q74656	missing	Q131819	real
DANGLING	child-only	Q74656	missing	Q131821	real
DANGLING	child-only	Q74656	missing	Q131823	real
DANGLING	child-only	Q74656	missing	Q131825	real
DANGLING	child-only	Q74656	missing	Q131827	real
DANGLING	child-only	Q74656	missing	Q131829	real
DANGLING	child-only	Q74656	missing	Q131833	real
DANGLING	child-only	Q74656	missing	Q131835	real
DANGLING	child-only	Q74656	missing	Q131837	real
DANGLING	child-only	Q74656	missing	Q131839	real
DANGLING	child-only	Q74656	missing	Q131841	real
DANGLING	child-only	Q74656	missing	Q131843	real
DANGLING	child-only	Q74656	missing	Q131845	real
DANGLING	child-only	Q74656	missing	Q131847	real
DANGLING	child-only	Q74656	missing	Q131849	real
DANGLING	child-only	Q74656	missing	Q131851	real
DANGLING	child-only	Q74656	missing	Q131853	real
DANGLING	child-only	Q74656	missing	Q131855	real
DANGLING	child-only	Q74656	missing	Q131857	real
DANGLING	child-only	Q74656	missing	Q131859	real
DANGLING	child-only	Q74656	missing	Q131861	real
DANGLING	child-only	Q74656	missing	Q131863	real
DANGLING	child-only	Q74656	missing	Q131865	real
DANGLING	child-only	Q74656	missing	Q131869	real
DANGLING	child-only	Q74656	missing	Q131871	real
DANGLING	child-only	Q74656	missing	Q131873	real
DANGLING	child-only	Q74656	missing	Q131875	real
DANGLING	child-only	Q74656	missing	Q131877	real
DANGLING	child-only	Q74656	missing	Q133252	real
DANGLING	child-only	Q74656	missing	Q133304	real
DANGLING	child-only	Q74656	missing	Q74894	real
DANGLING	child-only	Q74656	missing	Q74982	real
DANGLING	child-only	Q74656	missing	Q75045	real
DANGLING	child-only	Q74656	missing	Q75174	real
DANGLING	child-only	Q74656	missing	Q75252	real
DANGLING	child-only	Q74656	missing	Q75279	real
DANGLING	child-only	Q74656	missing	Q75348	real
DANGLING	child-only	Q74656	missing	Q75381	real
DANGLING	child-only	Q75282	missing	Q130187	real
DANGLING	child-only	Q75282	missing	Q132247	real
DANGLING	child-only	Q75282	missing	Q132249	real
DANGLING	child-only	Q75282	missing	Q132286	real
DANGLING	child-only	Q75282	missing	Q132354	real
DANGLING	child-only	Q75282	missing	Q132364	real
DANGLING	child-only	Q75282	missing	Q132365	real
DANGLING	child-only	Q75282	missing	Q132366	real
DANGLING	child-only	Q75282	missing	Q132370	real
DANGLING	child-only	Q75282	missing	Q132450	real
DANGLING	child-only	Q75282	missing	Q132528	real
DANGLING	child-only	Q75282	missing	Q132542	real
DANGLING	child-only	Q75282	missing	Q132543	real
DANGLING	child-only	Q75282	missing	Q132544	real
DANGLING	child-only	Q75282	missing	Q132545	real
DANGLING	child-only	Q75282	missing	Q132546	real
DANGLING	child-only	Q75282	missing	Q132547	real
DANGLING	child-only	Q75282	missing	Q132548	real
DANGLING	child-only	Q75282	missing	Q132549	real
DANGLING	child-only	Q75282	missing	Q132550	real
DANGLING	child-only	Q75282	missing	Q132551	real
DANGLING	child-only	Q75282	missing	Q132552	real
DANGLING	child-only	Q75282	missing	Q132553	real
DANGLING	child-only	Q75282	missing	Q132555	real
DANGLING	child-only	Q75282	missing	Q132557	real
DANGLING	child-only	Q75282	missing	Q132558	real
DANGLING	child-only	Q75282	missing	Q132560	real
DANGLING	child-only	Q75282	missing	Q132561	real
DANGLING	child-only	Q75282	missing	Q132563	real
DANGLING	child-only	Q75282	missing	Q132564	real
DANGLING	child-only	Q75282	missing	Q132565	real
DANGLING	child-only	Q75282	missing	Q132566	real
DANGLING	child-only	Q75282	missing	Q132568	real
DANGLING	child-only	Q75282	missing	Q132569	real
DANGLING	child-only	Q75282	missing	Q132570	real
DANGLING	child-only	Q75282	missing	Q132571	real
DANGLING	child-only	Q75282	missing	Q132573	real
DANGLING	child-only	Q75282	missing	Q132574	real
DANGLING	child-only	Q75282	missing	Q132575	real
DANGLING	child-only	Q75282	missing	Q132577	real
DANGLING	child-only	Q75282	missing	Q132578	real
DANGLING	child-only	Q75282	missing	Q132579	real
DANGLING	child-only	Q75282	missing	Q132580	real
DANGLING	child-only	Q75282	missing	Q132581	real
DANGLING	child-only	Q75282	missing	Q132582	real
DANGLING	child-only	Q75282	missing	Q132583	real
DANGLING	child-only	Q75282	missing	Q132584	real
DANGLING	child-only	Q75282	missing	Q132585	real
DANGLING	child-only	Q75282	missing	Q132587	real
DANGLING	child-only	Q75282	missing	Q132589	real
DANGLING	child-only	Q75282	missing	Q132590	real
DANGLING	child-only	Q75282	missing	Q132591	real
DANGLING	child-only	Q75282	missing	Q132593	real
DANGLING	child-only	Q75282	missing	Q132595	real
DANGLING	child-only	Q75282	missing	Q132596	real
DANGLING	child-only	Q75282	missing	Q132598	real
DANGLING	child-only	Q75282	missing	Q132599	real
DANGLING	child-only	Q75282	missing	Q132600	real
DANGLING	child-only	Q75282	missing	Q75246	real
DANGLING	child-only	Q78402	missing	Q135923	real
DANGLING	child-only	Q78402	missing	Q136160	real
DANGLING	child-only	Q78402	missing	Q165502	real
DANGLING	child-only	Q78402	missing	Q165511	real
DANGLING	child-only	Q78402	missing	Q51822	real
DANGLING	child-only	Q78402	missing	Q78713	real
DANGLING	child-only	Q78402	missing	Q78716	real
DANGLING	child-only	Q96262	missing	Q96266	real
DANGLING	parent-only	Q131510	real	Q75282	missing
DANGLING	parent-only	Q133311	real	Q72356	missing
DANGLING	parent-only	Q152995	real	Q153645	missing
DANGLING	parent-only	Q163512	real	Q164426	missing
DANGLING	parent-only	Q30622	real	Q54196	missing
DANGLING	parent-only	Q59355	real	Q166980	missing
DANGLING	parent-only	Q62540	real	Q153645	missing
DANGLING	parent-only	Q73035	real	Q78402	missing
DANGLING	parent-only	Q73038	real	Q78402	missing
DANGLING	parent-only	Q73194	real	Q78402	missing
DANGLING	parent-only	Q74614	real	Q134760	missing
DANGLING	parent-only	Q74629	real	Q74494	missing
DANGLING	parent-only	Q74632	real	Q74494	missing
DANGLING	parent-only	Q74677	real	Q74656	missing
DANGLING	parent-only	Q74680	real	Q74656	missing
DANGLING	parent-only	Q99494	real	Q74494	missing
PHANTOM	child-only	Q106776	phantom	Q104137	real
PHANTOM	child-only	Q106776	phantom	Q106782	real
PHANTOM	child-only	Q106776	phantom	Q106788	real
PHANTOM	child-only	Q106776	phantom	Q106790	real
PHANTOM	child-only	Q106776	phantom	Q112801	real
PHANTOM	child-only	Q106776	phantom	Q112803	real
PHANTOM	child-only	Q106776	phantom	Q112805	real
PHANTOM	child-only	Q106776	phantom	Q112807	real
PHANTOM	child-only	Q108512	phantom	Q108692	real
PHANTOM	child-only	Q130498	phantom	Q129997	real
PHANTOM	child-only	Q130498	phantom	Q130392	real
PHANTOM	child-only	Q130498	phantom	Q130472	real
PHANTOM	child-only	Q130498	phantom	Q130538	real
PHANTOM	child-only	Q130498	phantom	Q130608	real
PHANTOM	child-only	Q130498	phantom	Q130620	real
PHANTOM	child-only	Q130498	phantom	Q130622	real
PHANTOM	child-only	Q130498	phantom	Q130624	real
PHANTOM	child-only	Q130498	phantom	Q131430	real
PHANTOM	child-only	Q130498	phantom	Q131552	real
PHANTOM	child-only	Q130498	phantom	Q131554	real
PHANTOM	child-only	Q130498	phantom	Q131556	real
PHANTOM	child-only	Q130498	phantom	Q131560	real
PHANTOM	child-only	Q130498	phantom	Q131562	real
PHANTOM	child-only	Q130498	phantom	Q131564	real
PHANTOM	child-only	Q130498	phantom	Q131566	real
PHANTOM	child-only	Q130498	phantom	Q131568	real
PHANTOM	child-only	Q130498	phantom	Q131570	real
PHANTOM	child-only	Q130498	phantom	Q131572	real
PHANTOM	child-only	Q130498	phantom	Q131574	real
PHANTOM	child-only	Q130498	phantom	Q131576	real
PHANTOM	child-only	Q130498	phantom	Q131578	real
PHANTOM	child-only	Q130498	phantom	Q131580	real
PHANTOM	child-only	Q130498	phantom	Q131582	real
PHANTOM	child-only	Q130498	phantom	Q131584	real
PHANTOM	child-only	Q130498	phantom	Q131586	real
PHANTOM	child-only	Q130498	phantom	Q131588	real
PHANTOM	child-only	Q130498	phantom	Q131590	real
PHANTOM	child-only	Q130498	phantom	Q131592	real
PHANTOM	child-only	Q130498	phantom	Q131594	real
PHANTOM	child-only	Q130498	phantom	Q131596	real
PHANTOM	child-only	Q130498	phantom	Q132786	real
PHANTOM	child-only	Q130498	phantom	Q74701	real
PHANTOM	child-only	Q130652	phantom	Q129997	real
PHANTOM	child-only	Q130652	phantom	Q130392	real
PHANTOM	child-only	Q130652	phantom	Q131430	real
PHANTOM	child-only	Q130652	phantom	Q131552	real
PHANTOM	child-only	Q130652	phantom	Q131554	real
PHANTOM	child-only	Q130652	phantom	Q131556	real
PHANTOM	child-only	Q130652	phantom	Q131560	real
PHANTOM	child-only	Q130652	phantom	Q131562	real
PHANTOM	child-only	Q130652	phantom	Q131566	real
PHANTOM	child-only	Q130652	phantom	Q131568	real
PHANTOM	child-only	Q130652	phantom	Q131570	real
PHANTOM	child-only	Q130652	phantom	Q131574	real
PHANTOM	child-only	Q130652	phantom	Q131578	real
PHANTOM	child-only	Q130652	phantom	Q131580	real
PHANTOM	child-only	Q130652	phantom	Q131582	real
PHANTOM	child-only	Q130652	phantom	Q131584	real
PHANTOM	child-only	Q130652	phantom	Q131586	real
PHANTOM	child-only	Q130652	phantom	Q131588	real
PHANTOM	child-only	Q130652	phantom	Q131590	real
PHANTOM	child-only	Q130652	phantom	Q131592	real
PHANTOM	child-only	Q130652	phantom	Q131594	real
PHANTOM	child-only	Q130652	phantom	Q132107	real
PHANTOM	child-only	Q130652	phantom	Q132108	real
PHANTOM	child-only	Q130652	phantom	Q74701	real
PHANTOM	child-only	Q131428	phantom	Q74717	real
PHANTOM	child-only	Q131438	phantom	Q74677	real
PHANTOM	child-only	Q131438	phantom	Q74680	real
PHANTOM	child-only	Q131440	phantom	Q132732	real
PHANTOM	child-only	Q131440	phantom	Q74677	real
PHANTOM	child-only	Q131440	phantom	Q74680	real
PHANTOM	child-only	Q131516	phantom	Q131713	real
PHANTOM	child-only	Q132028	phantom	Q130572	real
PHANTOM	child-only	Q132028	phantom	Q130670	real
PHANTOM	child-only	Q132028	phantom	Q132030	real
PHANTOM	child-only	Q132028	phantom	Q132031	real
PHANTOM	child-only	Q132028	phantom	Q132033	real
PHANTOM	child-only	Q132028	phantom	Q132731	real
PHANTOM	child-only	Q132028	phantom	Q133253	real
PHANTOM	child-only	Q132028	phantom	Q133254	real
PHANTOM	child-only	Q132028	phantom	Q133255	real
PHANTOM	child-only	Q132028	phantom	Q133256	real
PHANTOM	child-only	Q132028	phantom	Q133257	real
PHANTOM	child-only	Q132029	phantom	Q132030	real
PHANTOM	child-only	Q132032	phantom	Q130684	real
PHANTOM	child-only	Q132032	phantom	Q132034	real
PHANTOM	child-only	Q132032	phantom	Q132765	real
PHANTOM	child-only	Q132032	phantom	Q132836	real
PHANTOM	child-only	Q132032	phantom	Q133258	real
PHANTOM	child-only	Q132032	phantom	Q133259	real
PHANTOM	child-only	Q132032	phantom	Q133260	real
PHANTOM	child-only	Q132032	phantom	Q133261	real
PHANTOM	child-only	Q132032	phantom	Q133263	real
PHANTOM	child-only	Q132032	phantom	Q133264	real
PHANTOM	child-only	Q132032	phantom	Q137230	real
PHANTOM	child-only	Q132032	phantom	Q74614	real
PHANTOM	child-only	Q132255	phantom	Q132271	real
PHANTOM	child-only	Q132255	phantom	Q132272	real
PHANTOM	child-only	Q132255	phantom	Q132273	real
PHANTOM	child-only	Q132255	phantom	Q132274	real
PHANTOM	child-only	Q132255	phantom	Q132275	real
PHANTOM	child-only	Q132255	phantom	Q132276	real
PHANTOM	child-only	Q132255	phantom	Q132277	real
PHANTOM	child-only	Q132255	phantom	Q132278	real
PHANTOM	child-only	Q132255	phantom	Q132279	real
PHANTOM	child-only	Q132255	phantom	Q132280	real
PHANTOM	child-only	Q132255	phantom	Q132281	real
PHANTOM	child-only	Q132255	phantom	Q132282	real
PHANTOM	child-only	Q132255	phantom	Q132380	real
PHANTOM	child-only	Q132255	phantom	Q133009	real
PHANTOM	child-only	Q132255	phantom	Q133038	real
PHANTOM	child-only	Q132255	phantom	Q133104	real
PHANTOM	child-only	Q132255	phantom	Q133168	real
PHANTOM	child-only	Q132255	phantom	Q133374	real
PHANTOM	child-only	Q132255	phantom	Q133387	real
PHANTOM	child-only	Q132255	phantom	Q133471	real
PHANTOM	child-only	Q132255	phantom	Q133472	real
PHANTOM	child-only	Q132255	phantom	Q133473	real
PHANTOM	child-only	Q132255	phantom	Q133474	real
PHANTOM	child-only	Q132255	phantom	Q133475	real
PHANTOM	child-only	Q132255	phantom	Q133476	real
PHANTOM	child-only	Q132255	phantom	Q133477	real
PHANTOM	child-only	Q132255	phantom	Q133478	real
PHANTOM	child-only	Q132255	phantom	Q133479	real
PHANTOM	child-only	Q132255	phantom	Q133480	real
PHANTOM	child-only	Q132255	phantom	Q133481	real
PHANTOM	child-only	Q132255	phantom	Q133482	real
PHANTOM	child-only	Q132255	phantom	Q133483	real
PHANTOM	child-only	Q132255	phantom	Q133484	real
PHANTOM	child-only	Q132255	phantom	Q133485	real
PHANTOM	child-only	Q132255	phantom	Q133486	real
PHANTOM	child-only	Q132255	phantom	Q133487	real
PHANTOM	child-only	Q132255	phantom	Q133488	real
PHANTOM	child-only	Q132255	phantom	Q133489	real
PHANTOM	child-only	Q132255	phantom	Q133490	real
PHANTOM	child-only	Q132255	phantom	Q133491	real
PHANTOM	child-only	Q132255	phantom	Q133492	real
PHANTOM	child-only	Q132255	phantom	Q133493	real
PHANTOM	child-only	Q132255	phantom	Q133494	real
PHANTOM	child-only	Q132255	phantom	Q133495	real
PHANTOM	child-only	Q132255	phantom	Q133496	real
PHANTOM	child-only	Q132255	phantom	Q133497	real
PHANTOM	child-only	Q132255	phantom	Q133498	real
PHANTOM	child-only	Q132255	phantom	Q133499	real
PHANTOM	child-only	Q132255	phantom	Q133500	real
PHANTOM	child-only	Q132255	phantom	Q133501	real
PHANTOM	child-only	Q132255	phantom	Q133502	real
PHANTOM	child-only	Q132255	phantom	Q133503	real
PHANTOM	child-only	Q132255	phantom	Q133504	real
PHANTOM	child-only	Q132255	phantom	Q133505	real
PHANTOM	child-only	Q132255	phantom	Q133506	real
PHANTOM	child-only	Q132255	phantom	Q133507	real
PHANTOM	child-only	Q132255	phantom	Q133508	real
PHANTOM	child-only	Q132255	phantom	Q133509	real
PHANTOM	child-only	Q132255	phantom	Q133510	real
PHANTOM	child-only	Q132255	phantom	Q133511	real
PHANTOM	child-only	Q132255	phantom	Q133512	real
PHANTOM	child-only	Q132255	phantom	Q133513	real
PHANTOM	child-only	Q132255	phantom	Q133514	real
PHANTOM	child-only	Q132255	phantom	Q133515	real
PHANTOM	child-only	Q132255	phantom	Q133516	real
PHANTOM	child-only	Q132255	phantom	Q133517	real
PHANTOM	child-only	Q132255	phantom	Q133518	real
PHANTOM	child-only	Q132255	phantom	Q133519	real
PHANTOM	child-only	Q132255	phantom	Q133520	real
PHANTOM	child-only	Q132255	phantom	Q133521	real
PHANTOM	child-only	Q132255	phantom	Q133522	real
PHANTOM	child-only	Q132255	phantom	Q133523	real
PHANTOM	child-only	Q132255	phantom	Q133524	real
PHANTOM	child-only	Q132255	phantom	Q133525	real
PHANTOM	child-only	Q132255	phantom	Q133526	real
PHANTOM	child-only	Q132255	phantom	Q133527	real
PHANTOM	child-only	Q132255	phantom	Q134360	real
PHANTOM	child-only	Q132255	phantom	Q75192	real
PHANTOM	child-only	Q132255	phantom	Q90476	real
PHANTOM	child-only	Q133344	phantom	Q132139	real
PHANTOM	child-only	Q133344	phantom	Q133346	real
PHANTOM	child-only	Q133344	phantom	Q134311	real
PHANTOM	child-only	Q133344	phantom	Q134312	real
PHANTOM	child-only	Q133344	phantom	Q134313	real
PHANTOM	child-only	Q133344	phantom	Q134314	real
PHANTOM	child-only	Q133344	phantom	Q134315	real
PHANTOM	child-only	Q133344	phantom	Q134316	real
PHANTOM	child-only	Q133344	phantom	Q134317	real
PHANTOM	child-only	Q133344	phantom	Q134318	real
PHANTOM	child-only	Q133344	phantom	Q134319	real
PHANTOM	child-only	Q133344	phantom	Q134320	real
PHANTOM	child-only	Q133344	phantom	Q134321	real
PHANTOM	child-only	Q133344	phantom	Q73515	real
PHANTOM	child-only	Q135293	phantom	Q135294	real
PHANTOM	child-only	Q135914	phantom	Q73377	real
PHANTOM	child-only	Q137789	phantom	Q60944	real
PHANTOM	child-only	Q1477	phantom	Q153130	real
PHANTOM	child-only	Q148206	phantom	Q72951	real
PHANTOM	child-only	Q1486	phantom	Q153131	real
PHANTOM	child-only	Q1498	phantom	Q153135	real
PHANTOM	child-only	Q151286	phantom	Q151287	real
PHANTOM	child-only	Q151286	phantom	Q78704	real
PHANTOM	child-only	Q1557	phantom	Q153155	real
PHANTOM	child-only	Q1580	phantom	Q153164	real
PHANTOM	child-only	Q1942	phantom	Q153391	real
PHANTOM	child-only	Q1942	phantom	Q153567	real
PHANTOM	child-only	Q1982	phantom	Q153402	real
PHANTOM	child-only	Q1982	phantom	Q153406	real
PHANTOM	child-only	Q1982	phantom	Q153570	real
PHANTOM	child-only	Q3282	phantom	Q32459	real
PHANTOM	child-only	Q3403	phantom	Q32897	real
PHANTOM	child-only	Q3524	phantom	Q33249	real
PHANTOM	child-only	Q3524	phantom	Q3447	real
PHANTOM	child-only	Q3612	phantom	Q33959	real
PHANTOM	child-only	Q4049	phantom	Q3534	real
PHANTOM	child-only	Q4210	phantom	Q36322	real
PHANTOM	child-only	Q4210	phantom	Q36367	real
PHANTOM	child-only	Q4257	phantom	Q32704	real
PHANTOM	child-only	Q4257	phantom	Q92669	real
PHANTOM	child-only	Q4583	phantom	Q35439	real
PHANTOM	child-only	Q4846	phantom	Q38403	real
PHANTOM	child-only	Q4886	phantom	Q38475	real
PHANTOM	child-only	Q4886	phantom	Q4728	real
PHANTOM	child-only	Q4886	phantom	Q4731	real
PHANTOM	child-only	Q4901	phantom	Q4864	real
PHANTOM	child-only	Q4918	phantom	Q117970	real
PHANTOM	child-only	Q4918	phantom	Q117972	real
PHANTOM	child-only	Q4918	phantom	Q117974	real
PHANTOM	child-only	Q4925	phantom	Q4900	real
PHANTOM	child-only	Q51650	phantom	Q2471	real
PHANTOM	child-only	Q52176	phantom	Q2286	real
PHANTOM	child-only	Q52188	phantom	Q2289	real
PHANTOM	child-only	Q52200	phantom	Q1993	real
PHANTOM	child-only	Q52200	phantom	Q1999	real
PHANTOM	child-only	Q52204	phantom	Q2292	real
PHANTOM	child-only	Q52216	phantom	Q2296	real
PHANTOM	child-only	Q52240	phantom	Q2302	real
PHANTOM	child-only	Q52244	phantom	Q2018	real
PHANTOM	child-only	Q52244	phantom	Q2021	real
PHANTOM	child-only	Q52264	phantom	Q28300	real
PHANTOM	child-only	Q52276	phantom	Q28308	real
PHANTOM	child-only	Q52316	phantom	Q2334	real
PHANTOM	child-only	Q52320	phantom	Q2322	real
PHANTOM	child-only	Q52332	phantom	Q2359	real
PHANTOM	child-only	Q52332	phantom	Q28364	real
PHANTOM	child-only	Q52344	phantom	Q29646	real
PHANTOM	child-only	Q52344	phantom	Q30011	real
PHANTOM	child-only	Q52392	phantom	Q28425	real
PHANTOM	child-only	Q52396	phantom	Q28429	real
PHANTOM	child-only	Q52408	phantom	Q2344	real
PHANTOM	child-only	Q52420	phantom	Q2347	real
PHANTOM	child-only	Q52436	phantom	Q26609	real
PHANTOM	child-only	Q52464	phantom	Q55966	real
PHANTOM	child-only	Q52472	phantom	Q2360	real
PHANTOM	child-only	Q52480	phantom	Q28905	real
PHANTOM	child-only	Q52488	phantom	Q28913	real
PHANTOM	child-only	Q52496	phantom	Q28921	real
PHANTOM	child-only	Q52508	phantom	Q2369	real
PHANTOM	child-only	Q52516	phantom	Q2372	real
PHANTOM	child-only	Q52524	phantom	Q2374	real
PHANTOM	child-only	Q52532	phantom	Q2376	real
PHANTOM	child-only	Q52540	phantom	Q2408	real
PHANTOM	child-only	Q52540	phantom	Q2419	real
PHANTOM	child-only	Q52540	phantom	Q2427	real
PHANTOM	child-only	Q52544	phantom	Q2378	real
PHANTOM	child-only	Q52548	phantom	Q28970	real
PHANTOM	child-only	Q52548	phantom	Q29092	real
PHANTOM	child-only	Q52552	phantom	Q2381	real
PHANTOM	child-only	Q52560	phantom	Q2384	real
PHANTOM	child-only	Q52568	phantom	Q28998	real
PHANTOM	child-only	Q52584	phantom	Q29014	real
PHANTOM	child-only	Q52588	phantom	Q2391	real
PHANTOM	child-only	Q52592	phantom	Q2392	real
PHANTOM	child-only	Q52596	phantom	Q2393	real
PHANTOM	child-only	Q52640	phantom	Q29072	real
PHANTOM	child-only	Q52644	phantom	Q29076	real
PHANTOM	child-only	Q52653	phantom	Q2447	real
PHANTOM	child-only	Q52653	phantom	Q2451	real
PHANTOM	child-only	Q52653	phantom	Q2461	real
PHANTOM	child-only	Q52661	phantom	Q2449	real
PHANTOM	child-only	Q52661	phantom	Q29108	real
PHANTOM	child-only	Q52665	phantom	Q29096	real
PHANTOM	child-only	Q52673	phantom	Q29304	real
PHANTOM	child-only	Q52677	phantom	Q29116	real
PHANTOM	child-only	Q52681	phantom	Q29120	real
PHANTOM	child-only	Q52685	phantom	Q29124	real
PHANTOM	child-only	Q52689	phantom	Q29128	real
PHANTOM	child-only	Q52697	phantom	Q2469	real
PHANTOM	child-only	Q52697	phantom	Q2488	real
PHANTOM	child-only	Q52701	phantom	Q2412	real
PHANTOM	child-only	Q52717	phantom	Q29144	real
PHANTOM	child-only	Q52721	phantom	Q29140	real
PHANTOM	child-only	Q52721	phantom	Q29152	real
PHANTOM	child-only	Q52725	phantom	Q29156	real
PHANTOM	child-only	Q52733	phantom	Q29160	real
PHANTOM	child-only	Q52737	phantom	Q29168	real
PHANTOM	child-only	Q52741	phantom	Q29172	real
PHANTOM	child-only	Q52745	phantom	Q2445	real
PHANTOM	child-only	Q52745	phantom	Q29176	real
PHANTOM	child-only	Q52749	phantom	Q29136	real
PHANTOM	child-only	Q52753	phantom	Q29184	real
PHANTOM	child-only	Q52756	phantom	Q29188	real
PHANTOM	child-only	Q52756	phantom	Q29296	real
PHANTOM	child-only	Q52760	phantom	Q29192	real
PHANTOM	child-only	Q52768	phantom	Q29196	real
PHANTOM	child-only	Q52772	phantom	Q29204	real
PHANTOM	child-only	Q52776	phantom	Q29208	real
PHANTOM	child-only	Q52780	phantom	Q29212	real
PHANTOM	child-only	Q52784	phantom	Q2440	real
PHANTOM	child-only	Q52796	phantom	Q2443	real
PHANTOM	child-only	Q52812	phantom	Q2450	real
PHANTOM	child-only	Q52820	phantom	Q2452	real
PHANTOM	child-only	Q52824	phantom	Q2513	real
PHANTOM	child-only	Q52824	phantom	Q2520	real
PHANTOM	child-only	Q52828	phantom	Q2453	real
PHANTOM	child-only	Q52832	phantom	Q2454	real
PHANTOM	child-only	Q52832	phantom	Q2455	real
PHANTOM	child-only	Q52832	phantom	Q2457	real
PHANTOM	child-only	Q52852	phantom	Q29292	real
PHANTOM	child-only	Q52864	phantom	Q2530	real
PHANTOM	child-only	Q52864	phantom	Q2541	real
PHANTOM	child-only	Q52868	phantom	Q2479	real
PHANTOM	child-only	Q52880	phantom	Q2476	real
PHANTOM	child-only	Q52888	phantom	Q2468	real
PHANTOM	child-only	Q52892	phantom	Q2470	real
PHANTOM	child-only	Q52896	phantom	Q2480	real
PHANTOM	child-only	Q52896	phantom	Q2481	real
PHANTOM	child-only	Q52896	phantom	Q2482	real
PHANTOM	child-only	Q52896	phantom	Q2483	real
PHANTOM	child-only	Q52914	phantom	Q2472	real
PHANTOM	child-only	Q52918	phantom	Q2473	real
PHANTOM	child-only	Q52922	phantom	Q2474	real
PHANTOM	child-only	Q52926	phantom	Q2475	real
PHANTOM	child-only	Q52930	phantom	Q29360	real
PHANTOM	child-only	Q52950	phantom	Q152998	real
PHANTOM	child-only	Q52982	phantom	Q2496	real
PHANTOM	child-only	Q52982	phantom	Q2505	real
PHANTOM	child-only	Q53010	phantom	Q2502	real
PHANTOM	child-only	Q53010	phantom	Q2503	real
PHANTOM	child-only	Q53010	phantom	Q29473	real
PHANTOM	child-only	Q53014	phantom	Q153405	real
PHANTOM	child-only	Q53018	phantom	Q2494	real
PHANTOM	child-only	Q53018	phantom	Q2498	real
PHANTOM	child-only	Q53018	phantom	Q2506	real
PHANTOM	child-only	Q53018	phantom	Q29453	real
PHANTOM	child-only	Q53018	phantom	Q29457	real
PHANTOM	child-only	Q53018	phantom	Q29461	real
PHANTOM	child-only	Q53018	phantom	Q4881	real
PHANTOM	child-only	Q53018	phantom	Q51870	real
PHANTOM	child-only	Q53018	phantom	Q51894	real
PHANTOM	child-only	Q53018	phantom	Q51910	real
PHANTOM	child-only	Q53018	phantom	Q51914	real
PHANTOM	child-only	Q53034	phantom	Q2510	real
PHANTOM	child-only	Q53050	phantom	Q153052	real
PHANTOM	child-only	Q53050	phantom	Q51655	real
PHANTOM	child-only	Q53090	phantom	Q2514	real
PHANTOM	child-only	Q53090	phantom	Q2516	real
PHANTOM	child-only	Q53090	phantom	Q29525	real
PHANTOM	child-only	Q53113	phantom	Q2522	real
PHANTOM	child-only	Q53113	phantom	Q29529	real
PHANTOM	child-only	Q53129	phantom	Q28376	real
PHANTOM	child-only	Q53133	phantom	Q29558	real
PHANTOM	child-only	Q53137	phantom	Q29562	real
PHANTOM	child-only	Q53141	phantom	Q29566	real
PHANTOM	child-only	Q53145	phantom	Q29570	real
PHANTOM	child-only	Q53153	phantom	Q29574	real
PHANTOM	child-only	Q53157	phantom	Q29582	real
PHANTOM	child-only	Q53161	phantom	Q29586	real
PHANTOM	child-only	Q53165	phantom	Q29590	real
PHANTOM	child-only	Q53169	phantom	Q29594	real
PHANTOM	child-only	Q53173	phantom	Q29598	real
PHANTOM	child-only	Q53177	phantom	Q29602	real
PHANTOM	child-only	Q53181	phantom	Q29606	real
PHANTOM	child-only	Q53185	phantom	Q29610	real
PHANTOM	child-only	Q53189	phantom	Q29614	real
PHANTOM	child-only	Q53197	phantom	Q29618	real
PHANTOM	child-only	Q53201	phantom	Q29626	real
PHANTOM	child-only	Q53205	phantom	Q29630	real
PHANTOM	child-only	Q53209	phantom	Q29634	real
PHANTOM	child-only	Q53213	phantom	Q29638	real
PHANTOM	child-only	Q53217	phantom	Q29642	real
PHANTOM	child-only	Q53233	phantom	Q2553	real
PHANTOM	child-only	Q53233	phantom	Q2554	real
PHANTOM	child-only	Q53241	phantom	Q2557	real
PHANTOM	child-only	Q53241	phantom	Q2558	real
PHANTOM	child-only	Q53245	phantom	Q2555	real
PHANTOM	child-only	Q53245	phantom	Q2556	real
PHANTOM	child-only	Q53257	phantom	Q2559	real
PHANTOM	child-only	Q53257	phantom	Q2560	real
PHANTOM	child-only	Q53257	phantom	Q2562	real
PHANTOM	child-only	Q53257	phantom	Q29702	real
PHANTOM	child-only	Q53298	phantom	Q2568	real
PHANTOM	child-only	Q53298	phantom	Q2569	real
PHANTOM	child-only	Q53302	phantom	Q53356	real
PHANTOM	child-only	Q53302	phantom	Q53400	real
PHANTOM	child-only	Q53302	phantom	Q53440	real
PHANTOM	child-only	Q53306	phantom	Q2570	real
PHANTOM	child-only	Q53306	phantom	Q52909	real
PHANTOM	child-only	Q53310	phantom	Q2571	real
PHANTOM	child-only	Q53310	phantom	Q2572	real
PHANTOM	child-only	Q53318	phantom	Q52857	real
PHANTOM	child-only	Q53318	phantom	Q52899	real
PHANTOM	child-only	Q53330	phantom	Q29762	real
PHANTOM	child-only	Q53334	phantom	Q29778	real
PHANTOM	child-only	Q53342	phantom	Q29766	real
PHANTOM	child-only	Q53350	phantom	Q29774	real
PHANTOM	child-only	Q53354	phantom	Q29766	real
PHANTOM	child-only	Q53362	phantom	Q29834	real
PHANTOM	child-only	Q53370	phantom	Q29794	real
PHANTOM	child-only	Q53374	phantom	Q29798	real
PHANTOM	child-only	Q53378	phantom	Q29802	real
PHANTOM	child-only	Q53382	phantom	Q29806	real
PHANTOM	child-only	Q53386	phantom	Q29898	real
PHANTOM	child-only	Q53390	phantom	Q29814	real
PHANTOM	child-only	Q53394	phantom	Q29818	real
PHANTOM	child-only	Q53398	phantom	Q29822	real
PHANTOM	child-only	Q53402	phantom	Q29826	real
PHANTOM	child-only	Q53406	phantom	Q29830	real
PHANTOM	child-only	Q53414	phantom	Q29838	real
PHANTOM	child-only	Q53418	phantom	Q29842	real
PHANTOM	child-only	Q53422	phantom	Q29846	real
PHANTOM	child-only	Q53426	phantom	Q29850	real
PHANTOM	child-only	Q53430	phantom	Q29854	real
PHANTOM	child-only	Q53434	phantom	Q29858	real
PHANTOM	child-only	Q53438	phantom	Q29862	real
PHANTOM	child-only	Q53442	phantom	Q29866	real
PHANTOM	child-only	Q53446	phantom	Q29870	real
PHANTOM	child-only	Q53450	phantom	Q29874	real
PHANTOM	child-only	Q53454	phantom	Q29878	real
PHANTOM	child-only	Q53458	phantom	Q29882	real
PHANTOM	child-only	Q53462	phantom	Q29886	real
PHANTOM	child-only	Q53466	phantom	Q29890	real
PHANTOM	child-only	Q53470	phantom	Q29894	real
PHANTOM	child-only	Q53490	phantom	Q2614	real
PHANTOM	child-only	Q53494	phantom	Q2615	real
PHANTOM	child-only	Q53498	phantom	Q2616	real
PHANTOM	child-only	Q53502	phantom	Q29926	real
PHANTOM	child-only	Q53506	phantom	Q2618	real
PHANTOM	child-only	Q53514	phantom	Q29939	real
PHANTOM	child-only	Q53518	phantom	Q28308	real
PHANTOM	child-only	Q53522	phantom	Q153485	real
PHANTOM	child-only	Q53526	phantom	Q153548	real
PHANTOM	child-only	Q53530	phantom	Q153447	real
PHANTOM	child-only	Q53538	phantom	Q2227	real
PHANTOM	child-only	Q53542	phantom	Q153578	real
PHANTOM	child-only	Q53546	phantom	Q153495	real
PHANTOM	child-only	Q53550	phantom	Q29971	real
PHANTOM	child-only	Q53554	phantom	Q2137	real
PHANTOM	child-only	Q53559	phantom	Q153494	real
PHANTOM	child-only	Q53579	phantom	Q153509	real
PHANTOM	child-only	Q53583	phantom	Q2359	real
PHANTOM	child-only	Q53583	phantom	Q28364	real
PHANTOM	child-only	Q53587	phantom	Q153520	real
PHANTOM	child-only	Q53995	phantom	Q30437	real
PHANTOM	child-only	Q54007	phantom	Q30510	real
PHANTOM	child-only	Q54011	phantom	Q30457	real
PHANTOM	child-only	Q54031	phantom	Q30469	real
PHANTOM	child-only	Q54031	phantom	Q30473	real
PHANTOM	child-only	Q54031	phantom	Q30477	real
PHANTOM	child-only	Q54039	phantom	Q30481	real
PHANTOM	child-only	Q54039	phantom	Q30485	real
PHANTOM	child-only	Q54051	phantom	Q30489	real
PHANTOM	child-only	Q54051	phantom	Q30494	real
PHANTOM	child-only	Q54079	phantom	Q30514	real
PHANTOM	child-only	Q54132	phantom	Q30570	real
PHANTOM	child-only	Q54140	phantom	Q30574	real
PHANTOM	child-only	Q54140	phantom	Q30578	real
PHANTOM	child-only	Q54148	phantom	Q30582	real
PHANTOM	child-only	Q54152	phantom	Q30586	real
PHANTOM	child-only	Q54152	phantom	Q30590	real
PHANTOM	child-only	Q54160	phantom	Q30594	real
PHANTOM	child-only	Q54160	phantom	Q30598	real
PHANTOM	child-only	Q54168	phantom	Q30602	real
PHANTOM	child-only	Q54168	phantom	Q30606	real
PHANTOM	child-only	Q54176	phantom	Q30610	real
PHANTOM	child-only	Q54180	phantom	Q30614	real
PHANTOM	child-only	Q54184	phantom	Q152902	real
PHANTOM	child-only	Q54192	phantom	Q30626	real
PHANTOM	child-only	Q54192	phantom	Q30630	real
PHANTOM	child-only	Q54248	phantom	Q317	real
PHANTOM	child-only	Q54260	phantom	Q30699	real
PHANTOM	child-only	Q54260	phantom	Q30703	real
PHANTOM	child-only	Q54268	phantom	Q152921	real
PHANTOM	child-only	Q54268	phantom	Q152922	real
PHANTOM	child-only	Q54268	phantom	Q152923	real
PHANTOM	child-only	Q54272	phantom	Q152924	real
PHANTOM	child-only	Q54272	phantom	Q152925	real
PHANTOM	child-only	Q54276	phantom	Q152926	real
PHANTOM	child-only	Q54276	phantom	Q152927	real
PHANTOM	child-only	Q54284	phantom	Q30719	real
PHANTOM	child-only	Q54284	phantom	Q30723	real
PHANTOM	child-only	Q54292	phantom	Q30727	real
PHANTOM	child-only	Q54296	phantom	Q275	real
PHANTOM	child-only	Q54296	phantom	Q30731	real
PHANTOM	child-only	Q54300	phantom	Q276	real
PHANTOM	child-only	Q54300	phantom	Q30735	real
PHANTOM	child-only	Q54304	phantom	Q30739	real
PHANTOM	child-only	Q54304	phantom	Q30743	real
PHANTOM	child-only	Q54308	phantom	Q30747	real
PHANTOM	child-only	Q54308	phantom	Q30751	real
PHANTOM	child-only	Q54312	phantom	Q30755	real
PHANTOM	child-only	Q54312	phantom	Q30759	real
PHANTOM	child-only	Q54336	phantom	Q152945	real
PHANTOM	child-only	Q54340	phantom	Q30775	real
PHANTOM	child-only	Q54340	phantom	Q30779	real
PHANTOM	child-only	Q54352	phantom	Q1010	real
PHANTOM	child-only	Q54360	phantom	Q30804	real
PHANTOM	child-only	Q54364	phantom	Q30804	real
PHANTOM	child-only	Q54436	phantom	Q1117	real
PHANTOM	child-only	Q54436	phantom	Q1118	real
PHANTOM	child-only	Q54436	phantom	Q1119	real
PHANTOM	child-only	Q54436	phantom	Q1120	real
PHANTOM	child-only	Q5482	phantom	Q153143	real
PHANTOM	child-only	Q5482	phantom	Q40900	real
PHANTOM	child-only	Q55195	phantom	Q3043	real
PHANTOM	child-only	Q55592	phantom	Q3197	real
PHANTOM	child-only	Q55592	phantom	Q3207	real
PHANTOM	child-only	Q55635	phantom	Q3153	real
PHANTOM	child-only	Q55635	phantom	Q32158	real
PHANTOM	child-only	Q55725	phantom	Q3175	real
PHANTOM	child-only	Q55725	phantom	Q3186	real
PHANTOM	child-only	Q55936	phantom	Q32897	real
PHANTOM	child-only	Q55980	phantom	Q32459	real
PHANTOM	child-only	Q56024	phantom	Q32548	real
PHANTOM	child-only	Q56024	phantom	Q3271	real
PHANTOM	child-only	Q56112	phantom	Q32632	real
PHANTOM	child-only	Q56112	phantom	Q3293	real
PHANTOM	child-only	Q56190	phantom	Q3304	real
PHANTOM	child-only	Q56190	phantom	Q3315	real
PHANTOM	child-only	Q56256	phantom	Q32808	real
PHANTOM	child-only	Q56256	phantom	Q3337	real
PHANTOM	child-only	Q56387	phantom	Q32985	real
PHANTOM	child-only	Q56387	phantom	Q3381	real
PHANTOM	child-only	Q56453	phantom	Q33117	real
PHANTOM	child-only	Q56519	phantom	Q33249	real
PHANTOM	child-only	Q56519	phantom	Q3447	real
PHANTOM	child-only	Q56684	phantom	Q3458	real
PHANTOM	child-only	Q56684	phantom	Q3469	real
PHANTOM	child-only	Q56949	phantom	Q3546	real
PHANTOM	child-only	Q56949	phantom	Q3557	real
PHANTOM	child-only	Q57049	phantom	Q3590	real
PHANTOM	child-only	Q57115	phantom	Q3654	real
PHANTOM	child-only	Q57115	phantom	Q3665	real
PHANTOM	child-only	Q57148	phantom	Q33959	real
PHANTOM	child-only	Q57306	phantom	Q4301	real
PHANTOM	child-only	Q57306	phantom	Q4311	real
PHANTOM	child-only	Q57339	phantom	Q4188	real
PHANTOM	child-only	Q58873	phantom	Q36322	real
PHANTOM	child-only	Q58873	phantom	Q36367	real
PHANTOM	child-only	Q59131	phantom	Q4285	real
PHANTOM	child-only	Q59131	phantom	Q4296	real
PHANTOM	child-only	Q59247	phantom	Q4322	real
PHANTOM	child-only	Q59247	phantom	Q4333	real
PHANTOM	child-only	Q59310	phantom	Q4344	real
PHANTOM	child-only	Q59310	phantom	Q4355	real
PHANTOM	child-only	Q59374	phantom	Q4366	real
PHANTOM	child-only	Q59374	phantom	Q4377	real
PHANTOM	child-only	Q59440	phantom	Q4388	real
PHANTOM	child-only	Q59440	phantom	Q4399	real
PHANTOM	child-only	Q59506	phantom	Q4410	real
PHANTOM	child-only	Q59506	phantom	Q4421	real
PHANTOM	child-only	Q59572	phantom	Q4432	real
PHANTOM	child-only	Q59572	phantom	Q4443	real
PHANTOM	child-only	Q59605	phantom	Q46261	real
PHANTOM	child-only	Q59605	phantom	Q46305	real
PHANTOM	child-only	Q59638	phantom	Q46703	real
PHANTOM	child-only	Q59638	phantom	Q46748	real
PHANTOM	child-only	Q60195	phantom	Q4626	real
PHANTOM	child-only	Q60198	phantom	Q135539	real
PHANTOM	child-only	Q6022	phantom	Q43637	real
PHANTOM	child-only	Q60237	phantom	Q4630	real
PHANTOM	child-only	Q60243	phantom	Q135184	real
PHANTOM	child-only	Q60372	phantom	Q129331	real
PHANTOM	child-only	Q60372	phantom	Q129333	real
PHANTOM	child-only	Q60372	phantom	Q129335	real
PHANTOM	child-only	Q60372	phantom	Q129337	real
PHANTOM	child-only	Q60372	phantom	Q129339	real
PHANTOM	child-only	Q60372	phantom	Q129341	real
PHANTOM	child-only	Q60372	phantom	Q129345	real
PHANTOM	child-only	Q60372	phantom	Q38238	real
PHANTOM	child-only	Q6083	phantom	Q42760	real
PHANTOM	child-only	Q6083	phantom	Q43125	real
PHANTOM	child-only	Q61891	phantom	Q61532	real
PHANTOM	child-only	Q62693	phantom	Q1607	real
PHANTOM	child-only	Q62693	phantom	Q44127	real
PHANTOM	child-only	Q62759	phantom	Q42760	real
PHANTOM	child-only	Q62759	phantom	Q43125	real
PHANTOM	child-only	Q6354	phantom	Q1607	real
PHANTOM	child-only	Q6354	phantom	Q44127	real
PHANTOM	child-only	Q70685	phantom	Q144247	real
PHANTOM	child-only	Q70685	phantom	Q69972	real
PHANTOM	child-only	Q70685	phantom	Q70122	real
PHANTOM	child-only	Q74317	phantom	Q74252	real
PHANTOM	child-only	Q74509	phantom	Q74201	real
PHANTOM	child-only	Q90592	phantom	Q90562	real
PHANTOM	child-only	Q99372	phantom	Q73026	real
PHANTOM	child-only	Q99374	phantom	Q73026	real
PHANTOM	child-only	Q99378	phantom	Q151485	real
PHANTOM	child-only	Q99378	phantom	Q73101	real
PHANTOM	child-only	Q99378	phantom	Q73296	real
PHANTOM	parent-only	Q106557	real	Q5631	phantom
PHANTOM	parent-only	Q112695	real	Q106776	phantom
PHANTOM	parent-only	Q1145	real	Q4067	phantom
PHANTOM	parent-only	Q114530	real	Q106776	phantom
PHANTOM	parent-only	Q1163	real	Q53290	phantom
PHANTOM	parent-only	Q118436	real	Q74509	phantom
PHANTOM	parent-only	Q1186	real	Q52316	phantom
PHANTOM	parent-only	Q130392	real	Q131438	phantom
PHANTOM	parent-only	Q130392	real	Q131440	phantom
PHANTOM	parent-only	Q130452	real	Q131516	phantom
PHANTOM	parent-only	Q130456	real	Q131516	phantom
PHANTOM	parent-only	Q130496	real	Q130498	phantom
PHANTOM	parent-only	Q130496	real	Q130652	phantom
PHANTOM	parent-only	Q131024	real	Q132255	phantom
PHANTOM	parent-only	Q131430	real	Q131438	phantom
PHANTOM	parent-only	Q131430	real	Q131440	phantom
PHANTOM	parent-only	Q132730	real	Q131428	phantom
PHANTOM	parent-only	Q132823	real	Q133344	phantom
PHANTOM	parent-only	Q1341	real	Q52745	phantom
PHANTOM	parent-only	Q135183	real	Q60252	phantom
PHANTOM	parent-only	Q1462	real	Q1477	phantom
PHANTOM	parent-only	Q1478	real	Q1486	phantom
PHANTOM	parent-only	Q151476	real	Q148206	phantom
PHANTOM	parent-only	Q152943	real	Q54336	phantom
PHANTOM	parent-only	Q152946	real	Q54340	phantom
PHANTOM	parent-only	Q152956	real	Q54360	phantom
PHANTOM	parent-only	Q152981	real	Q53330	phantom
PHANTOM	parent-only	Q152982	real	Q53221	phantom
PHANTOM	parent-only	Q152982	real	Q53225	phantom
PHANTOM	parent-only	Q152984	real	Q53286	phantom
PHANTOM	parent-only	Q152988	real	Q53298	phantom
PHANTOM	parent-only	Q153053	real	Q53113	phantom
PHANTOM	parent-only	Q153133	real	Q1498	phantom
PHANTOM	parent-only	Q153142	real	Q5482	phantom
PHANTOM	parent-only	Q153152	real	Q1557	phantom
PHANTOM	parent-only	Q153163	real	Q1580	phantom
PHANTOM	parent-only	Q153369	real	Q1942	phantom
PHANTOM	parent-only	Q153399	real	Q52276	phantom
PHANTOM	parent-only	Q153399	real	Q53518	phantom
PHANTOM	parent-only	Q153437	real	Q52244	phantom
PHANTOM	parent-only	Q153462	real	Q53530	phantom
PHANTOM	parent-only	Q153498	real	Q52272	phantom
PHANTOM	parent-only	Q153507	real	Q53579	phantom
PHANTOM	parent-only	Q153511	real	Q52272	phantom
PHANTOM	parent-only	Q153533	real	Q53554	phantom
PHANTOM	parent-only	Q153556	real	Q53526	phantom
PHANTOM	parent-only	Q153563	real	Q1942	phantom
PHANTOM	parent-only	Q153567	real	Q1982	phantom
PHANTOM	parent-only	Q153691	real	Q52200	phantom
PHANTOM	parent-only	Q1595	real	Q52304	phantom
PHANTOM	parent-only	Q1595	real	Q54896	phantom
PHANTOM	parent-only	Q1952	real	Q53595	phantom
PHANTOM	parent-only	Q2123	real	Q53522	phantom
PHANTOM	parent-only	Q2137	real	Q53546	phantom
PHANTOM	parent-only	Q2151	real	Q53563	phantom
PHANTOM	parent-only	Q2152	real	Q53567	phantom
PHANTOM	parent-only	Q2188	real	Q53514	phantom
PHANTOM	parent-only	Q2234	real	Q53538	phantom
PHANTOM	parent-only	Q2250	real	Q53550	phantom
PHANTOM	parent-only	Q2292	real	Q52176	phantom
PHANTOM	parent-only	Q2296	real	Q52188	phantom
PHANTOM	parent-only	Q2299	real	Q52204	phantom
PHANTOM	parent-only	Q2302	real	Q52216	phantom
PHANTOM	parent-only	Q2318	real	Q52464	phantom
PHANTOM	parent-only	Q2324	real	Q52356	phantom
PHANTOM	parent-only	Q2327	real	Q52320	phantom
PHANTOM	parent-only	Q2335	real	Q52344	phantom
PHANTOM	parent-only	Q2346	real	Q52392	phantom
PHANTOM	parent-only	Q2347	real	Q52396	phantom
PHANTOM	parent-only	Q2354	real	Q52420	phantom
PHANTOM	parent-only	Q2357	real	Q52436	phantom
PHANTOM	parent-only	Q2369	real	Q52488	phantom
PHANTOM	parent-only	Q2372	real	Q52496	phantom
PHANTOM	parent-only	Q2374	real	Q52508	phantom
PHANTOM	parent-only	Q2376	real	Q52516	phantom
PHANTOM	parent-only	Q2378	real	Q52524	phantom
PHANTOM	parent-only	Q2380	real	Q2436	phantom
PHANTOM	parent-only	Q2380	real	Q52608	phantom
PHANTOM	parent-only	Q2380	real	Q52653	phantom
PHANTOM	parent-only	Q2380	real	Q52697	phantom
PHANTOM	parent-only	Q2380	real	Q52729	phantom
PHANTOM	parent-only	Q2381	real	Q52532	phantom
PHANTOM	parent-only	Q2384	real	Q52552	phantom
PHANTOM	parent-only	Q2389	real	Q52568	phantom
PHANTOM	parent-only	Q2392	real	Q52584	phantom
PHANTOM	parent-only	Q2393	real	Q52588	phantom
PHANTOM	parent-only	Q2394	real	Q52592	phantom
PHANTOM	parent-only	Q2395	real	Q52596	phantom
PHANTOM	parent-only	Q2408	real	Q52808	phantom
PHANTOM	parent-only	Q2408	real	Q52824	phantom
PHANTOM	parent-only	Q2408	real	Q52864	phantom
PHANTOM	parent-only	Q2412	real	Q52673	phantom
PHANTOM	parent-only	Q2419	real	Q52896	phantom
PHANTOM	parent-only	Q2419	real	Q52982	phantom
PHANTOM	parent-only	Q2440	real	Q52776	phantom
PHANTOM	parent-only	Q2441	real	Q52780	phantom
PHANTOM	parent-only	Q2442	real	Q52784	phantom
PHANTOM	parent-only	Q2445	real	Q52796	phantom
PHANTOM	parent-only	Q2446	real	Q52812	phantom
PHANTOM	parent-only	Q2448	real	Q52820	phantom
PHANTOM	parent-only	Q2450	real	Q52828	phantom
PHANTOM	parent-only	Q2451	real	Q53082	phantom
PHANTOM	parent-only	Q2451	real	Q53109	phantom
PHANTOM	parent-only	Q2452	real	Q52832	phantom
PHANTOM	parent-only	Q2453	real	Q52836	phantom
PHANTOM	parent-only	Q2453	real	Q52840	phantom
PHANTOM	parent-only	Q2453	real	Q52844	phantom
PHANTOM	parent-only	Q2453	real	Q52848	phantom
PHANTOM	parent-only	Q246	real	Q54232	phantom
PHANTOM	parent-only	Q246	real	Q54236	phantom
PHANTOM	parent-only	Q2461	real	Q53149	phantom
PHANTOM	parent-only	Q2461	real	Q53193	phantom
PHANTOM	parent-only	Q2467	real	Q52892	phantom
PHANTOM	parent-only	Q2468	real	Q51650	phantom
PHANTOM	parent-only	Q2469	real	Q52950	phantom
PHANTOM	parent-only	Q2469	real	Q52954	phantom
PHANTOM	parent-only	Q2469	real	Q52958	phantom
PHANTOM	parent-only	Q2469	real	Q52962	phantom
PHANTOM	parent-only	Q2470	real	Q52914	phantom
PHANTOM	parent-only	Q2471	real	Q52918	phantom
PHANTOM	parent-only	Q2472	real	Q52922	phantom
PHANTOM	parent-only	Q2473	real	Q52926	phantom
PHANTOM	parent-only	Q2474	real	Q52930	phantom
PHANTOM	parent-only	Q2475	real	Q52934	phantom
PHANTOM	parent-only	Q2476	real	Q52888	phantom
PHANTOM	parent-only	Q248	real	Q54240	phantom
PHANTOM	parent-only	Q2485	real	Q52966	phantom
PHANTOM	parent-only	Q2488	real	Q53014	phantom
PHANTOM	parent-only	Q2488	real	Q53050	phantom
PHANTOM	parent-only	Q2489	real	Q52990	phantom
PHANTOM	parent-only	Q2489	real	Q52994	phantom
PHANTOM	parent-only	Q2489	real	Q53002	phantom
PHANTOM	parent-only	Q2494	real	Q53010	phantom
PHANTOM	parent-only	Q2495	real	Q53038	phantom
PHANTOM	parent-only	Q2495	real	Q53042	phantom
PHANTOM	parent-only	Q2495	real	Q53046	phantom
PHANTOM	parent-only	Q2497	real	Q53022	phantom
PHANTOM	parent-only	Q2497	real	Q53034	phantom
PHANTOM	parent-only	Q2497	real	Q53054	phantom
PHANTOM	parent-only	Q2497	real	Q53058	phantom
PHANTOM	parent-only	Q2508	real	Q53018	phantom
PHANTOM	parent-only	Q2521	real	Q53117	phantom
PHANTOM	parent-only	Q2551	real	Q53241	phantom
PHANTOM	parent-only	Q2551	real	Q53245	phantom
PHANTOM	parent-only	Q2553	real	Q53257	phantom
PHANTOM	parent-only	Q2553	real	Q53261	phantom
PHANTOM	parent-only	Q2554	real	Q53249	phantom
PHANTOM	parent-only	Q2554	real	Q53253	phantom
PHANTOM	parent-only	Q2557	real	Q53265	phantom
PHANTOM	parent-only	Q2557	real	Q53269	phantom
PHANTOM	parent-only	Q2557	real	Q53274	phantom
PHANTOM	parent-only	Q2557	real	Q53278	phantom
PHANTOM	parent-only	Q2569	real	Q53310	phantom
PHANTOM	parent-only	Q2570	real	Q53314	phantom
PHANTOM	parent-only	Q2570	real	Q53318	phantom
PHANTOM	parent-only	Q2614	real	Q53482	phantom
PHANTOM	parent-only	Q2616	real	Q53490	phantom
PHANTOM	parent-only	Q2618	real	Q53498	phantom
PHANTOM	parent-only	Q26609	real	Q52408	phantom
PHANTOM	parent-only	Q28223	real	Q2633	phantom
PHANTOM	parent-only	Q28223	real	Q53575	phantom
PHANTOM	parent-only	Q28235	real	Q52180	phantom
PHANTOM	parent-only	Q28300	real	Q52240	phantom
PHANTOM	parent-only	Q28320	real	Q52264	phantom
PHANTOM	parent-only	Q28376	real	Q52320	phantom
PHANTOM	parent-only	Q28388	real	Q53217	phantom
PHANTOM	parent-only	Q28388	real	Q53583	phantom
PHANTOM	parent-only	Q28469	real	Q52540	phantom
PHANTOM	parent-only	Q28913	real	Q52472	phantom
PHANTOM	parent-only	Q28921	real	Q52480	phantom
PHANTOM	parent-only	Q28986	real	Q52544	phantom
PHANTOM	parent-only	Q28998	real	Q52560	phantom
PHANTOM	parent-only	Q29080	real	Q52640	phantom
PHANTOM	parent-only	Q29084	real	Q52644	phantom
PHANTOM	parent-only	Q29096	real	Q52673	phantom
PHANTOM	parent-only	Q2910	real	Q4049	phantom
PHANTOM	parent-only	Q29100	real	Q52661	phantom
PHANTOM	parent-only	Q29108	real	Q52677	phantom
PHANTOM	parent-only	Q29108	real	Q52868	phantom
PHANTOM	parent-only	Q29116	real	Q52685	phantom
PHANTOM	parent-only	Q29120	real	Q52689	phantom
PHANTOM	parent-only	Q29124	real	Q52693	phantom
PHANTOM	parent-only	Q29140	real	Q52665	phantom
PHANTOM	parent-only	Q29140	real	Q52852	phantom
PHANTOM	parent-only	Q29156	real	Q52717	phantom
PHANTOM	parent-only	Q29160	real	Q52721	phantom
PHANTOM	parent-only	Q29168	real	Q52725	phantom
PHANTOM	parent-only	Q29172	real	Q52733	phantom
PHANTOM	parent-only	Q29176	real	Q52737	phantom
PHANTOM	parent-only	Q29180	real	Q52741	phantom
PHANTOM	parent-only	Q29184	real	Q52701	phantom
PHANTOM	parent-only	Q29188	real	Q52749	phantom
PHANTOM	parent-only	Q29192	real	Q52753	phantom
PHANTOM	parent-only	Q29192	real	Q52860	phantom
PHANTOM	parent-only	Q29196	real	Q52756	phantom
PHANTOM	parent-only	Q29204	real	Q52760	phantom
PHANTOM	parent-only	Q29208	real	Q52768	phantom
PHANTOM	parent-only	Q29212	real	Q52772	phantom
PHANTOM	parent-only	Q29288	real	Q52856	phantom
PHANTOM	parent-only	Q29360	real	Q52938	phantom
PHANTOM	parent-only	Q29529	real	Q53090	phantom
PHANTOM	parent-only	Q29558	real	Q52332	phantom
PHANTOM	parent-only	Q29562	real	Q53129	phantom
PHANTOM	parent-only	Q29566	real	Q53133	phantom
PHANTOM	parent-only	Q29570	real	Q53137	phantom
PHANTOM	parent-only	Q29574	real	Q53141	phantom
PHANTOM	parent-only	Q29582	real	Q53145	phantom
PHANTOM	parent-only	Q29586	real	Q53153	phantom
PHANTOM	parent-only	Q29590	real	Q53157	phantom
PHANTOM	parent-only	Q29594	real	Q53161	phantom
PHANTOM	parent-only	Q29598	real	Q53165	phantom
PHANTOM	parent-only	Q29602	real	Q53169	phantom
PHANTOM	parent-only	Q29606	real	Q53173	phantom
PHANTOM	parent-only	Q29610	real	Q53177	phantom
PHANTOM	parent-only	Q29614	real	Q53181	phantom
PHANTOM	parent-only	Q29618	real	Q53185	phantom
PHANTOM	parent-only	Q29626	real	Q53189	phantom
PHANTOM	parent-only	Q29630	real	Q53197	phantom
PHANTOM	parent-only	Q29634	real	Q53201	phantom
PHANTOM	parent-only	Q29638	real	Q53205	phantom
PHANTOM	parent-only	Q29642	real	Q53209	phantom
PHANTOM	parent-only	Q29646	real	Q53213	phantom
PHANTOM	parent-only	Q29658	real	Q53233	phantom
PHANTOM	parent-only	Q29658	real	Q53237	phantom
PHANTOM	parent-only	Q29710	real	Q53382	phantom
PHANTOM	parent-only	Q29726	real	Q53302	phantom
PHANTOM	parent-only	Q29726	real	Q53306	phantom
PHANTOM	parent-only	Q29758	real	Q53334	phantom
PHANTOM	parent-only	Q29762	real	Q53350	phantom
PHANTOM	parent-only	Q29766	real	Q53362	phantom
PHANTOM	parent-only	Q29774	real	Q53342	phantom
PHANTOM	parent-only	Q29778	real	Q53346	phantom
PHANTOM	parent-only	Q29786	real	Q53354	phantom
PHANTOM	parent-only	Q29790	real	Q53406	phantom
PHANTOM	parent-only	Q29798	real	Q53366	phantom
PHANTOM	parent-only	Q298	real	Q54132	phantom
PHANTOM	parent-only	Q298	real	Q54136	phantom
PHANTOM	parent-only	Q29802	real	Q53370	phantom
PHANTOM	parent-only	Q29806	real	Q53374	phantom
PHANTOM	parent-only	Q29810	real	Q53378	phantom
PHANTOM	parent-only	Q29814	real	Q53470	phantom
PHANTOM	parent-only	Q29818	real	Q53386	phantom
PHANTOM	parent-only	Q29822	real	Q53390	phantom
PHANTOM	parent-only	Q29826	real	Q53394	phantom
PHANTOM	parent-only	Q29830	real	Q53398	phantom
PHANTOM	parent-only	Q29834	real	Q53402	phantom
PHANTOM	parent-only	Q29842	real	Q53410	phantom
PHANTOM	parent-only	Q29846	real	Q53414	phantom
PHANTOM	parent-only	Q29850	real	Q53418	phantom
PHANTOM	parent-only	Q29854	real	Q53422	phantom
PHANTOM	parent-only	Q29858	real	Q53426	phantom
PHANTOM	parent-only	Q29862	real	Q53430	phantom
PHANTOM	parent-only	Q29866	real	Q53434	phantom
PHANTOM	parent-only	Q29870	real	Q53438	phantom
PHANTOM	parent-only	Q29874	real	Q53442	phantom
PHANTOM	parent-only	Q29878	real	Q53446	phantom
PHANTOM	parent-only	Q29882	real	Q53450	phantom
PHANTOM	parent-only	Q29886	real	Q53454	phantom
PHANTOM	parent-only	Q29890	real	Q53458	phantom
PHANTOM	parent-only	Q29894	real	Q53462	phantom
PHANTOM	parent-only	Q29898	real	Q53466	phantom
PHANTOM	parent-only	Q29926	real	Q53494	phantom
PHANTOM	parent-only	Q29939	real	Q53506	phantom
PHANTOM	parent-only	Q29943	real	Q53510	phantom
PHANTOM	parent-only	Q29963	real	Q52548	phantom
PHANTOM	parent-only	Q29979	real	Q53542	phantom
PHANTOM	parent-only	Q30011	real	Q52320	phantom
PHANTOM	parent-only	Q30381	real	Q54087	phantom
PHANTOM	parent-only	Q30397	real	Q53975	phantom
PHANTOM	parent-only	Q30401	real	Q53983	phantom
PHANTOM	parent-only	Q30409	real	Q53991	phantom
PHANTOM	parent-only	Q30417	real	Q53995	phantom
PHANTOM	parent-only	Q30425	real	Q54007	phantom
PHANTOM	parent-only	Q30437	real	Q54079	phantom
PHANTOM	parent-only	Q30457	real	Q54031	phantom
PHANTOM	parent-only	Q30457	real	Q54035	phantom
PHANTOM	parent-only	Q30461	real	Q54039	phantom
PHANTOM	parent-only	Q30461	real	Q54043	phantom
PHANTOM	parent-only	Q30461	real	Q54047	phantom
PHANTOM	parent-only	Q30469	real	Q54051	phantom
PHANTOM	parent-only	Q30469	real	Q54055	phantom
PHANTOM	parent-only	Q30481	real	Q54059	phantom
PHANTOM	parent-only	Q30481	real	Q54063	phantom
PHANTOM	parent-only	Q30510	real	Q54083	phantom
PHANTOM	parent-only	Q30562	real	Q54140	phantom
PHANTOM	parent-only	Q30570	real	Q54144	phantom
PHANTOM	parent-only	Q30570	real	Q54148	phantom
PHANTOM	parent-only	Q30578	real	Q54152	phantom
PHANTOM	parent-only	Q30582	real	Q54156	phantom
PHANTOM	parent-only	Q30582	real	Q54160	phantom
PHANTOM	parent-only	Q30590	real	Q54164	phantom
PHANTOM	parent-only	Q30590	real	Q54168	phantom
PHANTOM	parent-only	Q30598	real	Q54172	phantom
PHANTOM	parent-only	Q30598	real	Q54176	phantom
PHANTOM	parent-only	Q30606	real	Q54180	phantom
PHANTOM	parent-only	Q30610	real	Q54184	phantom
PHANTOM	parent-only	Q30622	real	Q54200	phantom
PHANTOM	parent-only	Q30626	real	Q54284	phantom
PHANTOM	parent-only	Q30691	real	Q54268	phantom
PHANTOM	parent-only	Q30691	real	Q54272	phantom
PHANTOM	parent-only	Q30695	real	Q54276	phantom
PHANTOM	parent-only	Q30715	real	Q54288	phantom
PHANTOM	parent-only	Q30715	real	Q54292	phantom
PHANTOM	parent-only	Q30723	real	Q54296	phantom
PHANTOM	parent-only	Q30727	real	Q54300	phantom
PHANTOM	parent-only	Q30731	real	Q54304	phantom
PHANTOM	parent-only	Q30735	real	Q54308	phantom
PHANTOM	parent-only	Q30735	real	Q54312	phantom
PHANTOM	parent-only	Q30739	real	Q54316	phantom
PHANTOM	parent-only	Q30739	real	Q54320	phantom
PHANTOM	parent-only	Q30743	real	Q54324	phantom
PHANTOM	parent-only	Q30743	real	Q54328	phantom
PHANTOM	parent-only	Q30771	real	Q54344	phantom
PHANTOM	parent-only	Q30771	real	Q54348	phantom
PHANTOM	parent-only	Q30792	real	Q54372	phantom
PHANTOM	parent-only	Q30796	real	Q54372	phantom
PHANTOM	parent-only	Q30808	real	Q54380	phantom
PHANTOM	parent-only	Q3087	real	Q55592	phantom
PHANTOM	parent-only	Q3087	real	Q55635	phantom
PHANTOM	parent-only	Q30896	real	Q4067	phantom
PHANTOM	parent-only	Q310	real	Q54248	phantom
PHANTOM	parent-only	Q3142	real	Q55680	phantom
PHANTOM	parent-only	Q3142	real	Q55725	phantom
PHANTOM	parent-only	Q3197	real	Q3282	phantom
PHANTOM	parent-only	Q3197	real	Q3403	phantom
PHANTOM	parent-only	Q3197	real	Q55936	phantom
PHANTOM	parent-only	Q3197	real	Q55980	phantom
PHANTOM	parent-only	Q31986	real	Q4583	phantom
PHANTOM	parent-only	Q32026	real	Q55856	phantom
PHANTOM	parent-only	Q32026	real	Q55896	phantom
PHANTOM	parent-only	Q32158	real	Q55768	phantom
PHANTOM	parent-only	Q32158	real	Q55812	phantom
PHANTOM	parent-only	Q32459	real	Q56112	phantom
PHANTOM	parent-only	Q32459	real	Q56152	phantom
PHANTOM	parent-only	Q32548	real	Q56190	phantom
PHANTOM	parent-only	Q32548	real	Q56223	phantom
PHANTOM	parent-only	Q32632	real	Q56256	phantom
PHANTOM	parent-only	Q32632	real	Q56289	phantom
PHANTOM	parent-only	Q32897	real	Q56453	phantom
PHANTOM	parent-only	Q32897	real	Q56486	phantom
PHANTOM	parent-only	Q32985	real	Q3524	phantom
PHANTOM	parent-only	Q32985	real	Q56519	phantom
PHANTOM	parent-only	Q3304	real	Q56321	phantom
PHANTOM	parent-only	Q3304	real	Q56354	phantom
PHANTOM	parent-only	Q33117	real	Q56585	phantom
PHANTOM	parent-only	Q33117	real	Q56618	phantom
PHANTOM	parent-only	Q33249	real	Q56817	phantom
PHANTOM	parent-only	Q33426	real	Q56883	phantom
PHANTOM	parent-only	Q33514	real	Q56949	phantom
PHANTOM	parent-only	Q336	real	Q54120	phantom
PHANTOM	parent-only	Q336	real	Q54124	phantom
PHANTOM	parent-only	Q33604	real	Q57049	phantom
PHANTOM	parent-only	Q33604	real	Q57082	phantom
PHANTOM	parent-only	Q33959	real	Q57244	phantom
PHANTOM	parent-only	Q33959	real	Q57276	phantom
PHANTOM	parent-only	Q3447	real	Q56717	phantom
PHANTOM	parent-only	Q3447	real	Q56750	phantom
PHANTOM	parent-only	Q3527	real	Q4049	phantom
PHANTOM	parent-only	Q35272	real	Q4918	phantom
PHANTOM	parent-only	Q3535	real	Q56982	phantom
PHANTOM	parent-only	Q3535	real	Q57015	phantom
PHANTOM	parent-only	Q3568	real	Q3612	phantom
PHANTOM	parent-only	Q3568	real	Q57115	phantom
PHANTOM	parent-only	Q3568	real	Q57148	phantom
PHANTOM	parent-only	Q3590	real	Q57306	phantom
PHANTOM	parent-only	Q3590	real	Q57339	phantom
PHANTOM	parent-only	Q36322	real	Q59131	phantom
PHANTOM	parent-only	Q36322	real	Q59164	phantom
PHANTOM	parent-only	Q36367	real	Q59071	phantom
PHANTOM	parent-only	Q36367	real	Q59098	phantom
PHANTOM	parent-only	Q3654	real	Q59247	phantom
PHANTOM	parent-only	Q3654	real	Q59277	phantom
PHANTOM	parent-only	Q3665	real	Q4210	phantom
PHANTOM	parent-only	Q3665	real	Q58873	phantom
PHANTOM	parent-only	Q3665	real	Q58906	phantom
PHANTOM	parent-only	Q36682	real	Q3536	phantom
PHANTOM	parent-only	Q38131	real	Q60275	phantom
PHANTOM	parent-only	Q38158	real	Q60300	phantom
PHANTOM	parent-only	Q38403	real	Q4886	phantom
PHANTOM	parent-only	Q38847	real	Q4901	phantom
PHANTOM	parent-only	Q41307	real	Q62693	phantom
PHANTOM	parent-only	Q41307	real	Q6354	phantom
PHANTOM	parent-only	Q41395	real	Q6083	phantom
PHANTOM	parent-only	Q41395	real	Q62759	phantom
PHANTOM	parent-only	Q4263	real	Q59198	phantom
PHANTOM	parent-only	Q4263	real	Q59231	phantom
PHANTOM	parent-only	Q42760	real	Q1580	phantom
PHANTOM	parent-only	Q4301	real	Q59310	phantom
PHANTOM	parent-only	Q4301	real	Q59342	phantom
PHANTOM	parent-only	Q4322	real	Q59374	phantom
PHANTOM	parent-only	Q4322	real	Q59407	phantom
PHANTOM	parent-only	Q4344	real	Q59440	phantom
PHANTOM	parent-only	Q4344	real	Q59473	phantom
PHANTOM	parent-only	Q4366	real	Q59506	phantom
PHANTOM	parent-only	Q4366	real	Q59539	phantom
PHANTOM	parent-only	Q4388	real	Q59572	phantom
PHANTOM	parent-only	Q4388	real	Q59605	phantom
PHANTOM	parent-only	Q4410	real	Q59638	phantom
PHANTOM	parent-only	Q4410	real	Q59672	phantom
PHANTOM	parent-only	Q4709	real	Q4886	phantom
PHANTOM	parent-only	Q4812	real	Q4925	phantom
PHANTOM	parent-only	Q50184	real	Q52548	phantom
PHANTOM	parent-only	Q50697	real	Q53554	phantom
PHANTOM	parent-only	Q51341	real	Q52264	phantom
PHANTOM	parent-only	Q51352	real	Q52276	phantom
PHANTOM	parent-only	Q51352	real	Q53518	phantom
PHANTOM	parent-only	Q51412	real	Q53217	phantom
PHANTOM	parent-only	Q51412	real	Q53583	phantom
PHANTOM	parent-only	Q51417	real	Q52344	phantom
PHANTOM	parent-only	Q51432	real	Q52464	phantom
PHANTOM	parent-only	Q51471	real	Q52480	phantom
PHANTOM	parent-only	Q51516	real	Q2436	phantom
PHANTOM	parent-only	Q51516	real	Q52608	phantom
PHANTOM	parent-only	Q51516	real	Q52653	phantom
PHANTOM	parent-only	Q51516	real	Q52697	phantom
PHANTOM	parent-only	Q51516	real	Q52729	phantom
PHANTOM	parent-only	Q51520	real	Q52568	phantom
PHANTOM	parent-only	Q51580	real	Q52701	phantom
PHANTOM	parent-only	Q51890	real	Q53022	phantom
PHANTOM	parent-only	Q51890	real	Q53034	phantom
PHANTOM	parent-only	Q51906	real	Q53054	phantom
PHANTOM	parent-only	Q51906	real	Q53058	phantom
PHANTOM	parent-only	Q51934	real	Q53090	phantom
PHANTOM	parent-only	Q52328	real	Q52320	phantom
PHANTOM	parent-only	Q5938	real	Q6022	phantom
PHANTOM	parent-only	Q61400	real	Q137789	phantom
PHANTOM	parent-only	Q64615	real	Q60381	phantom
PHANTOM	parent-only	Q64615	real	Q60384	phantom
PHANTOM	parent-only	Q64906	real	Q82726	phantom
PHANTOM	parent-only	Q65702	real	Q82726	phantom
PHANTOM	parent-only	Q73338	real	Q99372	phantom
PHANTOM	parent-only	Q73341	real	Q99374	phantom
PHANTOM	parent-only	Q73359	real	Q135914	phantom
PHANTOM	parent-only	Q73362	real	Q135914	phantom
PHANTOM	parent-only	Q73413	real	Q99378	phantom
PHANTOM	parent-only	Q73470	real	Q99410	phantom
PHANTOM	parent-only	Q74326	real	Q74509	phantom
PHANTOM	parent-only	Q74677	real	Q132032	phantom
PHANTOM	parent-only	Q74680	real	Q132032	phantom
PHANTOM	parent-only	Q74698	real	Q132028	phantom
PHANTOM	parent-only	Q74698	real	Q132029	phantom
PHANTOM	parent-only	Q74701	real	Q132028	phantom
PHANTOM	parent-only	Q74701	real	Q132029	phantom
PHANTOM	parent-only	Q74717	real	Q130498	phantom
PHANTOM	parent-only	Q74717	real	Q130652	phantom
PHANTOM	parent-only	Q78603	real	Q136745	phantom
PHANTOM	parent-only	Q78836	real	Q151286	phantom
PHANTOM	parent-only	Q89997	real	Q5631	phantom
PHANTOM	parent-only	Q90163	real	Q4257	phantom
PHANTOM	parent-only	Q90289	real	Q133344	phantom
PHANTOM	parent-only	Q90576	real	Q132255	phantom
PHANTOM	parent-only	Q90600	real	Q90592	phantom
PHANTOM	parent-only	Q92833	real	Q4583	phantom
