qid	label	wikidata_qid	wikidata_name	name_score
Q6465	常宜	Q10279892	常宜	0.00
Q6482	Taisi	Q10915782	台玺	0.00
Q6486	老童	Q10483675	老童	0.00
Q41477	祐慶	Q110087229	祐慶	0.00
Q31051	園基国	Q110084999	園基国	0.00
Q12619	sataegwanghu	Q6764999	사택왕후	0.00
Q32132	小早川敬平	Q11460848	小早川敬平	0.00
Q39402	内藤盛世	Q108076116	内藤盛世	0.00
Q39739	鷲尾隆量	Q11676245	鷲尾隆量	0.00
Q31915	持明院基時	Q108841142	持明院基時	0.00
Q39298	橋本季景	Q108855674	橋本季景	0.00
Q13955	seungmanbuin	Q12603843	승만부인	0.00
Q13956	bohwagongju	Q28526819	寶華公主	0.00
Q13962	부여덕장	Q19657284	부여덕장	0.00
Q35354	冷泉為治	Q110885306	冷泉為治	0.00
Q14459	부여태비	Q12598947	부여태비	0.00
Q42621	難波宗種	Q109923719	難波宗種	0.00
Q36942	四辻季賢	Q108840279	四辻季賢	0.00
Q14834	김원훈	Q28777857	金元訓	0.00
Q40259	阿野実惟	Q110142729	阿野実惟	0.00
Q15246	光明夫人	Q28503377	光明夫人	0.00
Q15249	김효방	Q28527713	김효방	0.00
Q15254	김탈지	Q12589015	김탈지	0.00
Q28550	仁木義政	Q113196489	仁木義政	0.00
Q43675	五辻済仲	Q109939927	五辻済仲	0.00
Q15709	광명부인	Q85875588	光明夫人	0.00
Q16452	具足王后	Q84764619	具足王后	0.00
Q28520	Uesugi Norifusa	Q11359177	上杉憲房	0.00
Q26419	戸村義倭	Q106806723	戸村義倭	0.00
Q26424	那須氏資	Q11642933	那須氏資	0.00
Q26430	高師行	Q110859863	高師行	0.00
Q26436	山名常豊	Q61058051	山名常豊	0.00
Q26439	山名致豊	Q11467624	山名致豊	0.00
Q26448	相馬憲胤	Q108913851	相馬憲胤	0.00
Q26457	那須政資	Q11642926	那須政資	0.00
Q26460	佐竹義里	Q11383477	佐竹義里	0.00
Q26469	宇留野義元の娘 (大関高増の正室)	Q108603536	宇留野義元の娘 (大関高増の正室)	0.00
Q26478	Akinori Siba	Q11500877	斯波詮教	0.00
Q26481	渋川義鏡	Q11561600	渋川義鏡	0.00
Q26497	Akamatsu Akinori	Q108657626	赤松顕則	0.00
Q26500	Akamatsu Yorinori	Q108657636	赤松頼則	0.00
Q26509	赤松時勝	Q11635695	赤松時勝	0.00
Q26518	渋川満行	Q110904234	渋川満行	0.00
Q26524	本光院秀本	Q108906873	本光院秀本	0.00
Q26530	吉良頼高	Q107150684	吉良頼高	0.00
Q26533	小鹿範頼	Q109291100	小鹿範頼	0.00
Q26536	宇都宮等綱	Q11449806	宇都宮等綱	0.00
Q26557	木野親則の娘 (大友親治の妻)	Q109323759	木野親則の娘 (大友親治の妻)	0.00
Q26581	芳賀成高	Q106806192	芳賀成高	0.00
Q26584	宇都宮持綱の娘 (芳賀成高の室)	Q106806209	宇都宮持綱の娘 (芳賀成高の室)	0.00
Q26587	上杉房顕の娘 (宇都宮正綱の継室)	Q106806930	上杉房顕の娘 (宇都宮正綱の継室)	0.00
Q26593	結城政朝	Q11606587	結城政朝	0.00
Q26596	南呂院	Q11407589	南呂院	0.00
Q26602	益子勝清	Q11581176	益子勝清	0.00
Q26605	真里谷信勝の娘 (簗田政助の室)	Q106916733	真里谷信勝の娘 (簗田政助の室)	0.00
Q26614	小笠原持清	Q108498945	小笠原持清	0.00
Q26632	福島正成	Q11593158	福島正成	0.00
Q26638	浄光院殿 (遠山隼人佐の室)	Q107151875	浄光院殿 (遠山隼人佐の室)	0.00
Q26640	吉良成高	Q107150747	吉良成高	0.00
Q26651	岩倉具堯	Q11474140	岩倉具堯	0.00
Q26654	久我三休	Q85875699	久我三休	0.00
Q26660	瑞光院 (西園寺実益の妻)	Q110118848	瑞光院 (西園寺実益の妻)	0.00
Q26663	興春院	Q110118920	興春院	0.00
Q26666	奈多直基	Q110127168	奈多直基	0.00
Q26672	久我慶子	Q106729108	久我慶子	0.00
Q26681	渓江院	Q109016507	渓江院	0.00
Q26684	大陽院	Q115587262	大陽院	0.00
Q26696	大浦阿久	Q108695084	大浦阿久	0.00
Q26705	板部岡江雪斎	Q11532725	板部岡江雪斎	0.00
Q26708	正木時通	Q11545508	正木時通	0.00
Q26711	遠山直景 (丹波守)	Q11642053	遠山直景 (丹波守)	0.00
Q26726	東の局	Q108909796	東の局	0.00
Q26729	千葉俊胤	Q108910088	千葉俊胤	0.00
Q26735	Sadanaka Ooysi	Q11438190	大石定仲	0.00
Q26742	山中頼次	Q96715822	山中頼次	0.00
Q26745	藤田信吉	Q11624705	藤田信吉	0.00
Q26748	用土重連	Q11575085	用土重連	0.00
Q26760	今川直房の娘 (大久保忠高の正室)	Q109852558	今川直房の娘 (大久保忠高の正室)	0.00
Q26775	佐久間盛氏の娘 (里見実堯の妻)	Q107167427	佐久間盛氏の娘 (里見実堯の妻)	0.00
Q26781	土岐為頼の娘 (里見義堯の継室)	Q107167543	土岐為頼の娘 (里見義堯の継室)	0.00
Q26790	後藤平太夫の娘 (吉良義堯の妻)	Q108906798	後藤平太夫の娘 (吉良義堯の妻)	0.00
Q26793	吉良義昭	Q11414263	吉良義昭	0.00
Q26796	小笠原長高	Q20039168	小笠原長高	0.00
Q26799	小笠原清広	Q20039165	小笠原清広	0.00
Q26802	小笠原義頼	Q20039170	小笠原義頼	0.00
Q26805	鵜殿長将	Q106669204	鵜殿長将	0.00
Q26811	井伊直氏	Q110816694	井伊直氏	0.00
Q26820	吉田兼倶の娘 (中御門宣秀の妻)	Q109795616	吉田兼倶の娘 (中御門宣秀の妻)	0.00
Q26823	中御門宣綱	Q109795365	中御門宣綱	0.00
Q26826	四条隆重	Q108850141	四条隆重	0.00
Q26832	南松院 (穴山信友の正室)	Q109683160	南松院 (穴山信友の正室)	0.00
Q26835	亀御料人	Q109683319	亀御料人	0.00
Q26838	下条信氏の妻	Q109683388	下条信氏の妻	0.00
Q26841	武田信虎の娘 (禰津神平の妻)	Q109683569	武田信虎の娘 (禰津神平の妻)	0.00
Q26844	菊御料人	Q109683598	菊御料人	0.00
Q26850	栄松院 (小出秀政の正室)	Q106650818	栄松院 (小出秀政の正室)	0.00
Q26853	松雲院 (福島正信の正室)	Q106650832	松雲院 (福島正信の正室)	0.00
Q26856	大恩院	Q106650721	大恩院	0.00
Q26868	小上﨟	Q108850460	小上﨟	0.00
Q26883	杉原家利	Q106673226	杉原家利	0.00
Q26886	雲照院	Q11660072	雲照院	0.00
Q26889	木下利房	Q8513853	기노시타 도시후사	0.00
Q37127	浅野長忠	Q109936718	浅野長忠	0.00
Q26895	栄雲院	Q108796803	栄雲院	0.00
Q26898	養梅院	Q108796868	養梅院	0.00
Q26920	安毛高政	Q110656065	安毛高政	0.00
Q26941	京極常子	Q110817702	京極常子	0.00
Q26959	榮頌院	Q109328363	榮頌院	0.00
Q26962	山名豊定	Q11467631	山名豊定	0.00
Q26965	細川高国の娘 (山名豊定の正室)	Q109014270	細川高国の娘 (山名豊定の正室)	0.00
Q26968	山名豊政	Q11467635	山名豊政	0.00
Q26971	山名豊国の娘 (土岐頼勝の妻)	Q109012793	山名豊国の娘 (土岐頼勝の妻)	0.00
Q26974	山名豊義	Q109012928	山名豊義	0.00
Q26986	細川徳	Q113163850	細川徳	0.00
Q26989	細川福	Q113163898	細川福	0.00
Q26995	長栗	Q110086338	長栗	0.00
Q27001	京極方	Q110086678	京極方	0.00
Q27004	前田春姫	Q110085825	前田春姫	0.00
Q27010	粟屋元子	Q109853582	粟屋元子	0.00
Q27013	毛利秀頼の娘 (万里小路充房の正室)	Q109015657	毛利秀頼の娘 (万里小路充房の正室)	0.00
Q27043	蒲生賢秀の娘 (布施忠兵衛の妻のち関一政の正室)	Q109028055	蒲生賢秀の娘 (布施忠兵衛の妻のち関一政の正室)	0.00
Q27046	蒲生賢秀の娘 (田丸直昌の正室)	Q109028216	蒲生賢秀の娘 (田丸直昌の正室)	0.00
Q27050	蒲生賢秀の娘 (小倉行春の正室)	Q109028345	蒲生賢秀の娘 (小倉行春の正室)	0.00
Q27053	俊継尼	Q106317321	俊継尼	0.00
Q27056	碓井姫	Q106703044	碓井姫	0.00
Q27062	成誉	Q118697870	成誉	0.00
Q27065	松平乗正	Q106313638	松平乗正	0.00
Q27068	松平長清	Q108843386	松平長清	0.00
Q27071	嶋田景信	Q108453479	嶋田景信	0.00
Q27080	水野賢勝	Q106680073	水野賢勝	0.00
Q27083	水野清忠	Q106680332	水野清忠	0.00
Q27086	松平昌安の娘 (水野忠政の正室)	Q108451997	松平昌安の娘 (水野忠政の正室)	0.00
Q27089	於丈の方	Q109648856	於丈の方	0.00
Q27092	妙春尼	Q109650475	妙春尼	0.00
Q27095	水野近信	Q118697835	水野近信	0.00
Q27098	妙舜尼	Q110270074	妙舜尼	0.00
Q27110	水野守忠	Q109650409	水野守忠	0.00
Q27107	水野為則	Q106679764	水野為則	0.00
Q27119	久松俊勝の娘 (一色詮勝の妻)	Q108745090	久松俊勝の娘 (一色詮勝の妻)	0.00
Q27125	松平諷	Q110286909	松平諷	0.00
Q27134	保科正重	Q108807733	保科正重	0.00
Q27137	保科正直の娘 (小日向源太左衛門の妻)	Q108807752	保科正直の娘 (小日向源太左衛門の妻)	0.00
Q27140	織田長益の娘 (松平忠頼の正室)	Q110901931	織田長益の娘 (松平忠頼の正室)	0.00
Q27143	松平忠久 (桜井松平家)	Q110902517	松平忠久 (桜井松平家)	0.00
Q27146	黒田徳	Q111197168	黒田徳	0.00
Q27149	杉原長房の娘 (北条氏重の正室)	Q109936632	杉原長房の娘 (北条氏重の正室)	0.00
Q27155	Daughter of Sakai Ietsugu (lawful wife of Matsudaira Tadayoshi)	Q111143171	酒井家次の娘 (松平忠良の正室)	0.00
Q27161	長寿院 (松平定行の正室)	Q110049745	長寿院 (松平定行の正室)	0.00
Q27164	松平おまん	Q108887518	松平おまん	0.00
Q27356	松平駒姫	Q108140338	松平駒姫	0.00
Q27170	智相院	Q108797007	智相院	0.00
Q27179	長栄院	Q111019415	長栄院	0.00
Q27183	松平定澄	Q134551946	松平定澄	0.00
Q27186	秋山信藤	Q106701765	秋山信藤	0.00
Q27192	秋山昌秀	Q115587132	秋山昌秀	0.00
Q27198	西郷元正	Q106702626	西郷元正	0.00
Q27201	山田勝重	Q111009249	山田勝重	0.00
Q27210	小山高朝の娘 (江戸重通の正室)	Q107172343	小山高朝の娘 (江戸重通の正室)	0.00
Q27219	山口弘定の娘 (松平正綱の正室)	Q106650506	山口弘定の娘 (松平正綱の正室)	0.00
Q27222	松平正綱の娘 (堀直輝の正室)	Q108092168	松平正綱の娘 (堀直輝の正室)	0.00
Q27225	松平正綱の娘 (本多利長の正室)	Q108900773	松平正綱の娘 (本多利長の正室)	0.00
Q27228	勢光院 (松平重正の正室)	Q110968054	勢光院 (松平重正の正室)	0.00
Q27231	松平正綱の娘 (溝口重雄の正室)	Q110968078	松平正綱の娘 (溝口重雄の正室)	0.00
Q27234	法秀院 (三宅康勝の正室)	Q110968095	法秀院 (三宅康勝の正室)	0.00
Q27237	松平正綱の娘 (稲葉正能の妻)	Q110968698	松平正綱の娘 (稲葉正能の妻)	0.00
Q27240	松平正綱の娘 (榊原照清の妻)	Q110968763	松平正綱の娘 (榊原照清の妻)	0.00
Q27242	松平正綱の娘 (神保茂明の正室)	Q110968788	松平正綱の娘 (神保茂明の正室)	0.00
Q27248	三井吉正の娘 (北条氏治の母)	Q108824320	三井吉正の娘 (北条氏治の母)	0.00
Q27254	間宮信高	Q68185454	間宮信高	0.00
Q27257	酒井重忠の娘 (本多正純の正室)	Q108088108	酒井重忠の娘 (本多正純の正室)	0.00
Q27260	松平重親	Q109658416	松平重親	0.00
Q27263	松平親長の娘 (松平重吉の妻)	Q111134255	松平親長の娘 (松平重吉の妻)	0.00
Q27266	松平重吉の娘 (石川康正の妻のち松平康親の継室)	Q109658479	松平重吉の娘 (石川康正の妻のち松平康親の継室)	0.00
Q27269	松平重茂	Q115587410	松平重茂	0.00
Q27314	内藤菊姫	Q111023967	内藤菊姫	0.00
Q27323	保科摩須	Q111023971	保科摩須	0.00
Q27326	石姫	Q11585497	石姫	0.00
Q27329	保科正純	Q79732095	保科正純	0.00
Q27335	蕙林院	Q108896881	蕙林院	0.00
Q27338	浅野花姫	Q108900703	浅野花姫	0.00
Q27341	白石幾久	Q109923855	白石幾久	0.00
Q27344	松平万姫	Q109923884	松平万姫	0.00
Q27347	松平国姫 (松平忠昌の娘)	Q109924101	松平国姫 (松平忠昌の娘)	0.00
Q27350	松平千姫	Q110653000	松平千姫	0.00
Q27359	宝明院	Q108140470	宝明院	0.00
Q27368	大江竹子	Q110653558	大江竹子	0.00
Q27371	広幡新君	Q110994829	広幡新君	0.00
Q27380	照子女王	Q56059940	照子女王	0.00
Q27383	徳川光姫	Q109678554	徳川光姫	0.00
Q27386	徳川栄姫	Q110901161	徳川栄姫	0.00
Q27389	徳川育姫	Q110901310	徳川育姫	0.00
Q27392	清性院 (松平頼純正室)	Q111020125	清性院 (松平頼純正室)	0.00
Q27398	光善寺長然	Q110624972	光善寺長然	0.00
Q27401	小笠原嘉禰	Q108496198	小笠原嘉禰	0.00
Q27404	松平胤姫	Q110969159	松平胤姫	0.00
Q27407	松平頼隆の娘 (水谷勝美の正室のち毛利元次の継室)	Q111130923	松平頼隆の娘 (水谷勝美の正室のち毛利元次の継室)	0.00
Q27422	奥平おふう	Q105260083	奥平おふう	0.00
Q27425	奥平忠昌	Q11445771	奥平忠昌	0.00
Q27428	小出吉政の娘 (松平忠明の継室)	Q109327459	小出吉政の娘 (松平忠明の継室)	0.00
Q27434	松平梅子 (松平忠明の次女)	Q110249723	松平梅子 (松平忠明の次女)	0.00
Q27437	松平通子	Q110249745	松平通子	0.00
Q27449	森お菊	Q111015706	森お菊	0.00
Q27452	天正院 (池田輝澄の正室)	Q111133920	天正院 (池田輝澄の正室)	0.00
Q27458	池田輝澄の娘 (九鬼隆昌の正室)	Q111197109	池田輝澄の娘 (九鬼隆昌の正室)	0.00
Q27465	浅野長治	Q11557430	浅野長治	0.00
Q27469	高松院 (蒲生忠郷の正室のち専修寺堯朝の妻)	Q110155234	高松院 (蒲生忠郷の正室のち専修寺堯朝の妻)	0.00
Q27473	正寿院	Q111023915	正寿院	0.00
Q27481	浅野市	Q110047595	浅野市	0.00
Q27485	浅野亀	Q110047624	浅野亀	0.00
Q27489	浅野久	Q110048346	浅野久	0.00
Q27497	石川康通の娘 (松平康重の正室)	Q108454046	石川康通の娘 (松平康重の正室)	0.00
Q27501	徳永寿昌の娘 (松平康重の継室)	Q108454130	徳永寿昌の娘 (松平康重の継室)	0.00
Q27505	松平林	Q108454191	松平林	0.00
Q27509	慶寿院 (松平康重の娘)	Q108454330	慶寿院 (松平康重の娘)	0.00
Q27518	清泉院	Q118697810	清泉院	0.00
Q27527	長尾定景 (足利長尾氏)	Q11651823	長尾定景 (足利長尾氏)	0.00
Q27534	長尾定景または長尾景人の娘 (長尾景春の妻)	Q106648359	長尾定景または長尾景人の娘 (長尾景春の妻)	0.00
Q27537	長野業正の姉あるいは長尾景人の娘? (長尾景英の正室)	Q106814337	長野業正の姉あるいは長尾景人の娘? (長尾景英の正室)	0.00
Q27540	小山義政の娘 (長尾景仲の室)	Q106703998	小山義政の娘 (長尾景仲の室)	0.00
Q27543	長尾景信	Q11651851	長尾景信	0.00
Q27546	長尾景仲の娘 (太田道真の正室)	Q106703953	長尾景仲の娘 (太田道真の正室)	0.00
Q27549	長尾能景	Q11651891	長尾能景	0.00
Q27552	長尾重景の娘 (山吉能盛の正室)	Q108565228	長尾重景の娘 (山吉能盛の正室)	0.00
Q27555	大石憲儀	Q108909227	大石憲儀	0.00
Q27558	大石房重	Q108909238	大石房重	0.00
Q27561	水無瀬兼子	Q108780063	水無瀬兼子	0.00
Q27567	東坊城益長	Q11526400	東坊城益長	0.00
Q27570	Shiba Yoshihiro	Q11500861	斯波義寛	0.00
Q27576	斯波義雄	Q11500873	斯波義雄	0.00
Q27579	菅沼定忠 (菅沼定信の子)	Q106680492	菅沼定忠 (菅沼定信の子)	0.00
Q27582	一色義有の娘 (山名祐豊の正室)	Q110822533	一色義有の娘 (山名祐豊の正室)	0.00
Q27585	Inaba Michinori	Q108893123	稲葉通則	0.00
Q27588	宝岸寺殿	Q108893181	宝岸寺殿	0.00
Q27594	斎藤典明	Q110069952	斎藤典明	0.00
Q27606	六角定頼の娘 (細川晴元の継室)	Q108146287	六角定頼の娘 (細川晴元の継室)	0.00
Q27609	土岐頼忠 (紀州)	Q110845257	土岐頼忠 (紀州)	0.00
Q27615	進士晴舎	Q109922233	進士晴舎	0.00
Q27618	蜷川親順の娘 (斎藤利賢室・石谷光政継室)	Q106652338	蜷川親順の娘 (斎藤利賢室・石谷光政継室)	0.00
Q27621	明智定明	Q110946608	明智定明	0.00
Q27630	花渓眞英大姉	Q109920225	花渓眞英大姉	0.00
Q27639	土岐頼勝	Q109012789	土岐頼勝	0.00
Q27646	明智光秀の七女 (井戸三十郎の妻)	Q113226840	明智光秀の七女 (井戸三十郎の妻)	0.00
Q27652	小山田信澄の娘 (武田信満の妻)	Q106916949	小山田信澄の娘 (武田信満の妻)	0.00
Q30939	今井信経	Q108129884	今井信経	0.00
Q27661	畠山政栄	Q111367688	畠山政栄	0.00
Q27667	林通忠	Q110069083	林通忠	0.00
Q27670	稲葉通以	Q109123083	稲葉通以	0.00
Q27676	高辻秋長	Q108935639	高辻秋長	0.00
Q27685	蒲生秀胤	Q109116384	蒲生秀胤	0.00
Q27694	近衛教基	Q17222028	近衛教基	0.00
Q27700	近衛増運	Q130730803	近衛増運	0.00
Q27703	近衛政深	Q130730822	近衛政深	0.00
Q27706	白川資益王	Q108842136	白川資益王	0.00
Q27712	中山親通	Q110010062	中山親通	0.00
Q27721	庭田盈子	Q108840936	庭田盈子	0.00
Q27730	道永入道親王	Q110268744	道永入道親王	0.00
Q27733	覚円法親王	Q110268819	覚円法親王	0.00
Q27736	覚胤法親王	Q110268833	覚胤法親王	0.00
Q27742	道応法親王	Q110268893	道応法親王	0.00
Q28241	園基福	Q11422785	園基福	0.00
Q27748	長谷範昌	Q110308451	長谷範昌	0.00
Q27754	仁木義高	Q113165558	仁木義高	0.00
Q27760	仁木長興	Q113197908	仁木長興	0.00
Q27763	仁木頼夏	Q109776951	仁木頼夏	0.00
Q27767	春日局 (足利義満の乳母)	Q106644943	春日局 (足利義満の乳母)	0.00
Q27770	細川義之	Q17218721	細川義之	0.00
Q27773	細川頼長	Q102247176	細川頼長	0.00
Q27776	細川頼重	Q107178512	細川頼重	0.00
Q27779	細川満久	Q17218716	細川満久	0.00
Q27782	細川基之	Q102246639	細川基之	0.00
Q27785	細川持常	Q11605896	細川持常	0.00
Q27797	正親町実胤	Q109176411	正親町実胤	0.00
Q27800	清水谷実久	Q108853246	清水谷実久	0.00
Q27815	三条西実隆の次女 (正親町実胤の妻)	Q109176566	三条西実隆の次女 (正親町実胤の妻)	0.00
Q27830	日野資親	Q109259273	日野資親	0.00
Q27833	日野西資宗	Q109932657	日野西資宗	0.00
Q27836	Suketsuna Yanagivara	Q11534161	柳原資綱	0.00
Q27839	五辻富仲	Q109447177	五辻富仲	0.00
Q27848	西園寺公宣 (伊予西園寺氏)	Q109447090	西園寺公宣 (伊予西園寺氏)	0.00
Q27851	津野基高	Q109447131	津野基高	0.00
Q27857	大友義鑑の娘 (一条房基の正室)	Q108892643	大友義鑑の娘 (一条房基の正室)	0.00
Q27863	五条季長	Q109308565	五条季長	0.00
Q27875	冷泉為益の娘 (山科言経の妻)	Q109680949	冷泉為益の娘 (山科言経の妻)	0.00
Q27878	高倉永豊	Q109129558	高倉永豊	0.00
Q27881	烏丸益光	Q109785879	烏丸益光	0.00
Q27884	高倉永継の娘 (甘露寺元長の妻)	Q109132078	高倉永継の娘 (甘露寺元長の妻)	0.00
Q27887	甘露寺伊長	Q109123267	甘露寺伊長	0.00
Q27894	時詔	Q109170063	時詔	0.00
Q27897	甘露寺元長の娘 (三条西公条の正室)	Q109123253	甘露寺元長の娘 (三条西公条の正室)	0.00
Q27900	斎藤妙椿の養女 (織田敏広の妻)	Q110007370	斎藤妙椿の養女 (織田敏広の妻)	0.00
Q27906	庭田重有	Q108840904	庭田重有	0.00
Q27909	五辻朝仲	Q109260244	五辻朝仲	0.00
Q27912	西園寺公家	Q109447082	西園寺公家	0.00
Q27918	正親町三条公綱	Q108657593	正親町三条公綱	0.00
Q27924	持明院基孝	Q108840852	持明院基孝	0.00
Q27927	五辻教仲	Q109260302	五辻教仲	0.00
Q27930	高倉永藤	Q109129313	高倉永藤	0.00
Q27936	慧厳院	Q106767548	慧厳院	0.00
Q27939	伊達尚宗	Q10885145	伊達尚宗	0.00
Q27942	摂津之親	Q110900322	摂津之親	0.00
Q27948	清雲院 (足利義稙の正室)	Q110635516	清雲院	0.00
Q27951	武衛娘	Q108600788	武衛娘	0.00
Q31470	尊映入道親王	Q110597414	尊映入道親王	0.00
Q28245	中御門尚良の娘 (園基福の妻)	Q109798651	中御門尚良の娘 (園基福の妻)	0.00
Q28257	園基勝の娘 (五条為範の妻)	Q110138001	園基勝の娘 (五条為範の妻)	0.00
Q28281	持明院基輔	Q108841184	持明院基輔	0.00
Q28289	久野久 (五条為範の妻)	Q110601654	久野久 (五条為範の妻)	0.00
Q28293	持明院基輔の娘 (五条為範の妻)	Q110884847	持明院基輔の娘 (五条為範の妻)	0.00
Q28297	五条為成	Q110137078	五条為成	0.00
Q28305	清岡長香	Q110601497	清岡長香	0.00
Q17708	賀蘭僧伽	Q48890506	賀蘭僧伽	0.00
Q17723	李氏	Q133447392	李氏	0.00
Q28422	和気邦成	Q109931890	和気邦成	0.00
Q28426	月輪家輔	Q110055904	月輪家輔	0.00
Q28442	小早川義春	Q108883580	小早川義春	0.00
Q28446	小早川煕平	Q11460860	小早川煕平	0.00
Q28454	紀俊文の娘 (楠木正勝の妻)	Q110874133	紀俊文の娘 (楠木正勝の妻)	0.00
Q28458	楠木正顕	Q11541206	楠木正顕	0.00
Q28462	池田充正	Q108781994	池田充正	0.00
Q28470	高倉永行	Q109128827	高倉永行	0.00
Q28474	上杉朝寧	Q106807505	上杉朝寧	0.00
Q28478	Uesug'i Tomoiosi	Q11359210	上杉朝良	0.00
Q28482	上杉朝昌の娘 (上杉憲房の正室・後室)	Q106807498	上杉朝昌の娘 (上杉憲房の正室・後室)	0.00
Q29113	上杉憲盛	Q11359181	上杉憲盛	0.00
Q28494	大森氏頼の娘 (三浦高救の正室)	Q106704671	大森氏頼の娘 (三浦高救の正室)	0.00
Q28498	長尾景信の娘 (上杉定正の正室)	Q106808043	長尾景信の娘 (上杉定正の正室)	0.00
Q28510	上杉房定の娘 (畠山義元の室)	Q106768540	上杉房定の娘 (畠山義元の室)	0.00
Q28514	積翠院	Q11597158	積翠院	0.00
Q32269	那須資実	Q11642957	那須資実	0.00
Q28529	那須明資	Q11642928	那須明資	0.00
Q28532	高師秋	Q11669871	高師秋	0.00
Q28538	山名氏の娘 (渋川義鏡の妻)	Q107239502	山名氏の娘 (渋川義鏡の妻)	0.00
Q28544	六角高頼の娘 (今出川季孝の妻)	Q108792592	六角高頼の娘 (今出川季孝の妻)	0.00
Q28547	六角高頼の娘 (京極材宗の妻)	Q108792596	六角高頼の娘 (京極材宗の妻)	0.00
Q28553	今小路	Q107639523	今小路	0.00
Q28565	相馬胤弘	Q108913857	相馬胤弘	0.00
Q28571	小田持家の娘 (結城氏広の妻)	Q106786359	小田持家の娘 (結城氏広の妻)	0.00
Q28574	清厳?	Q106774792	清厳?	0.00
Q28577	今宮永義	Q108603647	今宮永義	0.00
Q28580	江戸但馬守の娘 (岩城重隆の妻)	Q106775298	江戸但馬守の娘 (岩城重隆の妻)	0.00
Q28583	宮山玉芳	Q106775435	宮山玉芳	0.00
Q28586	田村盛顕	Q106712409	田村盛顕	0.00
Q28590	田村行顕	Q108913869	田村行顕	0.00
Q28593	那須資房	Q11642960	那須資房	0.00
Q28596	大田原資清の娘 (那須政資の室)	Q106775195	大田原資清の娘 (那須政資の室)	0.00
Q28599	那須資郡	Q11642970	那須資郡	0.00
Q28603	南臺妙香大姉	Q106774995	南臺妙香大姉	0.00
Q28611	小場義宗	Q107177919	小場義宗	0.00
Q28615	桂樹院	Q108182169	桂樹院	0.00
Q28627	大関清増	Q11439899	大関清増	0.00
Q28631	大関資増	Q11439901	大関資増	0.00
Q28635	斯波詮勝	Q110903928	斯波詮勝	0.00
Q28639	斯波郷長	Q11500882	斯波郷長	0.00
Q28643	多賀高家	Q109740832	多賀高家	0.00
Q28647	片岡次大夫	Q109740919	片岡次大夫	0.00
Q28663	京極持清の娘 (畠山政長の妻)	Q109666432	京極持清の娘 (畠山政長の妻)	0.00
Q28667	京極持清の娘 (織田信定の母)	Q109666451	京極持清の娘 (織田信定の母)	0.00
Q28675	Akamatsu Mitsunori	Q11635662	赤松光範	0.00
Q28679	赤松持貞	Q11635684	赤松持貞	0.00
Q28683	赤松満則 (赤松頼則の子)	Q111166299	赤松満貞	0.00
Q28687	赤松政則	Q11256999	아카마쓰 마사노리	0.00
Q28691	九条稙通の娘 (十河一存の正室)	Q108782671	九条稙通の娘 (十河一存の正室)	0.00
Q28699	小鹿範満の母	Q109291206	小鹿範満の母	0.00
Q28703	小鹿範満	Q11464501	小鹿範満	0.00
Q28711	水女	Q106307327	水女	0.00
Q28715	松平信光の娘	Q106313304	松平信光の娘	0.00
Q28719	松平光親	Q106313735	松平光親	0.00
Q28723	松平親則	Q106317034	松平親則	0.00
Q28727	存牛	Q11448007	存牛	0.00
Q33375	松平親広	Q106317216	松平親広	0.00
Q28735	松平乗清	Q109250116	松平乗清	0.00
Q28739	松平親房	Q111292353	松平親房	0.00
Q28743	松平長家	Q115596117	松平長家	0.00
Q28747	宇都宮持綱の娘 (蘆名盛詮の正室)	Q106768109	宇都宮持綱の娘 (蘆名盛詮の正室)	0.00
Q28755	千葉守胤	Q108908545	千葉守胤	0.00
Q28759	長尾景信の娘 (千葉自胤の妻)	Q108909592	長尾景信の娘 (千葉自胤の妻)	0.00
Q28763	阿蘇惟憲の娘 (大友義長の正室)	Q109323737	阿蘇惟憲の娘 (大友義長の正室)	0.00
Q28775	柿並弘慶	Q54867691	柿並弘慶	0.00
Q28779	山口任世	Q109250378	山口任世	0.00
Q28783	芳賀高益	Q17219300	芳賀高益	0.00
Q28787	小田顕家 (常陸国)	Q11463204	小田顕家 (常陸国)	0.00
Q28800	小少将 (宇都宮国綱の正室)	Q110889919	小少将 (宇都宮国綱の正室)	0.00
Q28804	益子勝家	Q11581174	益子勝家	0.00
Q28808	益子勝宗	Q11581173	益子勝宗	0.00
Q28812	簗田持助の娘 (結城成朝の室)	Q106916722	簗田持助の娘 (結城成朝の室)	0.00
Q28816	一色義直の娘 (杉浦直為の妻)	Q110155077	一色義直の娘 (杉浦直為の妻)	0.00
Q28820	久芳院	Q110155139	久芳院	0.00
Q28824	伊勢貞経	Q102246609	伊勢貞経	0.00
Q28828	蜷川親俊の娘 (伊勢貞国の妻)	Q106652378	蜷川親俊の娘 (伊勢貞国の妻)	0.00
Q28832	高橋統種	Q108902435	高橋統種	0.00
Q28836	畠山政長の娘 (高橋高種の母)	Q108902905	畠山政長の娘 (高橋高種の母)	0.00
Q28848	高昌院殿妙印日久信女	Q108902993	高昌院殿妙印日久信女	0.00
Q28856	三浦義同の娘 (太田資康の正室)	Q106704248	三浦義同の娘 (太田資康の正室)	0.00
Q28860	Ota Sukemoto	Q134305584	Ота Сукэмото	0.00
Q28868	都築秀綱の娘 (太田重正の妻)	Q108900231	都築秀綱の娘 (太田重正の妻)	0.00
Q28880	遠山隼人佐	Q97176778	遠山隼人佐	0.00
Q28884	久我敦通	Q11369367	久我敦通	0.00
Q28892	久我俊子	Q11369356	久我俊子	0.00
Q28896	久我通廉	Q109318943	久我通廉	0.00
Q28900	園基継の娘 (岩倉具堯の正室)	Q110089075	園基継の娘 (岩倉具堯の正室)	0.00
Q28904	大友テクラ	Q108892811	大友テクラ	0.00
Q28908	一尾通春	Q109323908	一尾通春	0.00
Q28912	小倉季藤	Q110118939	小倉季藤	0.00
Q28916	清泰院斉月妙光	Q110127389	清泰院斉月妙光	0.00
Q28920	貞寿院実全妙操	Q110155535	貞寿院実全妙操	0.00
Q28924	愛宕通福	Q109306780	愛宕通福	0.00
Q28928	亮有	Q110138831	亮有	0.00
Q28936	大舘尚氏の娘 (足利義晴の側室)	Q108695163	大舘尚氏の娘 (足利義晴の側室)	0.00
Q28940	一色晴具の娘 (足利義晴の側室)	Q111375244	一色晴具の娘 (足利義晴の側室)	0.00
Q28948	足利義晴の娘 (武田義統の正室)	Q108782994	足利義晴の娘 (武田義統の正室)	0.00
Q28952	足利義晴の娘 (三好義継の正室)	Q108783097	足利義晴の娘 (三好義継の正室)	0.00
Q28956	足利義晴の娘 (烏丸光宣の妻)	Q108783392	足利義晴の娘 (烏丸光宣の妻)	0.00
Q28960	小侍従局 (進士晴舎の娘)	Q109922373	小侍従局 (進士晴舎の娘)	0.00
Q28968	兼平盛純	Q108695071	兼平盛純	0.00
Q28972	久我通言の娘 (西園寺実宣の室)	Q106706221	久我通言の娘 (西園寺実宣の室)	0.00
Q28976	岡野房恒	Q40182899	岡野房恒	0.00
Q28984	遠山景保	Q108798295	遠山景保	0.00
Q29008	岩松守純	Q11475184	岩松守純	0.00
Q29013	千葉定胤	Q62601555	千葉定胤	0.00
Q29021	山中氏頼	Q96715833	山中氏頼	0.00
Q29033	慈運	Q108086903	慈運	0.00
Q29041	頼兼	Q109852529	頼兼	0.00
Q29049	大炊御門経孝の娘 (大久保忠高の継室)	Q109852540	大炊御門経孝の娘 (大久保忠高の継室)	0.00
Q29065	長尾景隆	Q11651869	長尾景隆	0.00
Q29073	玉江正輝	Q106764130	玉江正輝	0.00
Q29085	猪熊教利	Q11265545	이노쿠마 노리토시	0.00
Q29093	生善院 (上杉定勝の側室)	Q111019947	生善院 (上杉定勝の側室)	0.00
Q29121	三浦横須賀連秀の娘	Q107167338	三浦横須賀連秀の娘	0.00
Q29133	加賀介藤原某の娘	Q108084058	加賀介藤原某の娘	0.00
Q29145	松陰居士	Q108084238	松陰居士	0.00
Q29153	吉良義元の女 (小笠原長高の正室)	Q106664499	吉良義元の女 (小笠原長高の正室)	0.00
Q29157	武田氏の女 (小笠原長高の母)	Q106664452	武田氏の女 (小笠原長高の母)	0.00
Q29161	鵜殿長祐	Q106669227	鵜殿長祐	0.00
Q29173	甘露寺俊長	Q109795732	甘露寺俊長	0.00
Q29177	東坊城盛長	Q109308556	東坊城盛長	0.00
Q29181	中御門宣教	Q55527002	中御門宣教	0.00
Q29189	四条隆益	Q108850152	四条隆益	0.00
Q29193	山科言国	Q11470818	山科言国	0.00
Q29209	下条信氏	Q11361001	下条信氏	0.00
Q29221	武藤信堯	Q22127185	武藤信堯	0.00
Q29229	青木矩貞	Q106651438	青木矩貞	0.00
Q29253	松渓妙寿	Q110968498	松渓妙寿	0.00
Q29257	正福院 (毛利秀元側室)	Q110968623	正福院 (毛利秀元側室)	0.00
Q29261	毛利松菊子	Q62601375	毛利松菊子	0.00
Q29273	毛利千菊子	Q110968239	毛利千菊子	0.00
Q29277	毛利万菊子	Q110968614	毛利万菊子	0.00
Q29281	名古屋高久	Q109117404	名古屋高久	0.00
Q29285	養雲院	Q109120191	養雲院	0.00
Q29290	森お宮	Q111015738	森お宮	0.00
Q29310	杉原源七郎	Q106678509	杉原源七郎	0.00
Q29314	Moriume	Q109179606	森うめ	0.00
Q29318	智光院 (山崎家治の継室)	Q110141741	智光院 (山崎家治の継室)	0.00
Q29322	木下勝俊の娘 (阿野公業の妻)	Q110141809	木下勝俊の娘 (阿野公業の妻)	0.00
Q29326	浅野長詮の娘 (安井重継の正室)	Q106673511	浅野長詮の娘 (安井重継の正室)	0.00
Q29338	尼子馨庵	Q109776058	尼子馨庵	0.00
Q29358	乃夫殿	Q17215815	乃夫殿	0.00
Q29362	遠山直廉夫人	Q17221127	遠山直廉夫人	0.00
Q29366	丹羽氏勝継室	Q17213928	丹羽氏勝継室	0.00
Q29370	津田出雲守室	Q17215758	津田出雲守室	0.00
Q29374	斎藤秀龍側室	Q17228582	斎藤秀龍側室	0.00
Q29378	神保・稲葉夫人	Q17218006	神保・稲葉夫人	0.00
Q29382	織田信秀の十女 (飯尾尚清の妻)	Q109667270	織田信秀の十女 (飯尾尚清の妻)	0.00
Q29386	小幡殿	Q17225988	小幡殿	0.00
Q29394	細川元勝	Q11605846	細川元勝	0.00
Q29402	織田七条	Q108686204	織田七条	0.00
Q37210	柴田勝重	Q11534764	柴田勝重	0.00
Q29414	斎藤妙純の娘 (京極高清の正室)	Q110070078	斎藤妙純の娘 (京極高清の正室)	0.00
Q29418	文英尼	Q11500099	文英尼	0.00
Q29434	養仙院 (京極高広の長女)	Q110049279	養仙院 (京極高広の長女)	0.00
Q29450	珠光院 (西本願寺良如の継室)	Q110820288	珠光院 (西本願寺良如の継室)	0.00
Q29458	成田親泰	Q11495733	成田親泰	0.00
Q29462	成田長忠	Q11495747	成田長忠	0.00
Q29466	小山秀綱	Q11459966	小山秀綱	0.00
Q29470	相馬於北	Q109352930	相馬於北	0.00
Q29478	伊達宗純	Q11380735	伊達宗純	0.00
Q29490	三田村ふさ	Q109681945	三田村ふさ	0.00
Q29494	瑞昌院	Q109682113	瑞昌院	0.00
Q29498	山戸たけ	Q109682299	山戸たけ	0.00
Q29506	飯坂宗章	Q109682539	飯坂宗章	0.00
Q29510	原田宗資	Q11409810	原田宗資	0.00
Q29514	山名豊数	Q11467636	山名豊数	0.00
Q29522	前田利玄	Q118697898	前田利玄	0.00
Q29526	西園寺実晴	Q11627453	西園寺実晴	0.00
Q29531	久世通式	Q11368916	久世通式	0.00
Q29535	久世通俊	Q113163757	久世通俊	0.00
Q29539	竹島殿	Q111309352	竹島殿	0.00
Q29543	春誉妙澄大姉	Q109120514	春誉妙澄大姉	0.00
Q29551	経海	Q99517132	経海	0.00
Q29555	冷泉為清	Q108856020	冷泉為清	0.00
Q29559	本多勢幾	Q111020660	本多勢幾	0.00
Q29567	前田菊姫 (松平信庸継室)	Q111023840	前田菊姫 (松平信庸継室)	0.00
Q29571	前田松	Q111023845	前田松	0.00
Q29579	前田佐野	Q111023854	前田佐野	0.00
Q29583	勧修寺尹豊	Q11400597	勧修寺尹豊	0.00
Q29599	勧修寺晴秀の娘 (正親町三条公仲の妻)	Q110068432	勧修寺晴秀の娘 (正親町三条公仲の妻)	0.00
Q29607	万里小路綱房	Q108852816	万里小路綱房	0.00
Q29611	葉室頼業	Q109849406	葉室頼業	0.00
Q29615	津川義近の娘 (織田信重の妻)	Q109120175	津川義近の娘 (織田信重の妻)	0.00
Q29619	宇喜多能家	Q11449185	宇喜多能家	0.00
Q29631	蒲生武姫	Q109235830	蒲生武姫	0.00
Q29635	小倉行春	Q11459023	小倉行春	0.00
Q29639	池田奈阿	Q110176348	池田奈阿	0.00
Q29643	水野忠政の姉 (松平信忠の継室)	Q106680380	水野忠政の姉 (松平信忠の継室)	0.00
Q29647	随念院	Q85884368	随念院	0.00
Q29651	瀬戸之大房	Q108452305	瀬戸之大房	0.00
Q29655	松平昌久	Q115745935	松平昌久	0.00
Q29659	戸田政光	Q106313352	戸田政光	0.00
Q29663	戸田宣光	Q112058082	戸田宣光	0.00
Q29667	松平乗勝	Q111254752	松平乗勝	0.00
Q29671	松平信重 (長沢松平家)	Q108843797	松平信重 (長沢松平家)	0.00
Q29703	水野成政	Q110271548	水野成政	0.00
Q29711	水野信政	Q109650418	水野信政	0.00
Q29719	水野成清	Q110271561	水野成清	0.00
Q29723	水野長勝	Q110271569	水野長勝	0.00
Q29731	三村お珊	Q110271717	三村お珊	0.00
Q29756	水野忠清の娘 (菅沼定実の正室)	Q110271469	水野忠清の娘 (菅沼定実の正室)	0.00
Q29760	水野忠顕	Q110271595	水野忠顕	0.00
Q29764	水野貞守	Q106679747	水野貞守	0.00
Q29768	一色詮勝	Q108745082	一色詮勝	0.00
Q29772	戸田忠重	Q112058076	戸田忠重	0.00
Q29780	戸田氏経	Q110285305	戸田氏経	0.00
Q29812	小日向源太左衛門	Q108807754	小日向源太左衛門	0.00
Q29816	保科左源太	Q108807765	保科左源太	0.00
Q29820	松平忠国の娘 (内藤義概の正室)	Q109649776	松平忠国の娘 (内藤義概の正室)	0.00
Q29824	松平忠国の娘 (松浦重信の正室)	Q109649780	松平忠国の娘 (松浦重信の正室)	0.00
Q29828	翠松院 (保科正景の正室)	Q109656209	翠松院 (保科正景の正室)	0.00
Q29832	松平忠国の娘 (本多忠将の正室)	Q109656346	松平忠国の娘 (本多忠将の正室)	0.00
Q29836	栄昌院 (松平忠昭の正室)	Q109656349	栄昌院 (松平忠昭の正室)	0.00
Q29840	Tyotoku-in	Q110903090	長徳院 (黒田長政側室)	0.00
Q29852	青峰院	Q110645520	青峰院	0.00
Q29876	Okabe Masatsuna	Q11048952	岡部正綱	0.00
Q29900	菅沼定昭	Q11619294	菅沼定昭	0.00
Q37936	菅沼定氏	Q57538639	菅沼定氏	0.00
Q30041	奥平貞治	Q11445794	奥平貞治	0.00
Q29928	服部正辰	Q11516957	服部正辰	0.00
Q29936	真修院殿	Q109233981	真修院殿	0.00
Q29940	松平振君	Q109235490	松平振君	0.00
Q29944	松平万君	Q109235768	松平万君	0.00
Q29948	松平久君	Q109235934	松平久君	0.00
Q29956	青岸院	Q109339639	青岸院	0.00
Q29972	秋山信任	Q106701495	秋山信任	0.00
Q29984	花井義雄	Q110894905	花井義雄	0.00
Q29996	龍泉院殿 (深井好秀の娘)	Q106650419	龍泉院殿 (深井好秀の娘)	0.00
Q30000	山口弘定	Q11466828	山口弘定	0.00
Q30025	稲葉正直	Q110968686	稲葉正直	0.00
Q30029	榊原照清	Q110825119	榊原照清	0.00
Q30033	神保茂明	Q22127101	神保茂明	0.00
Q30049	大久保藤十郎	Q98734485	大久保藤十郎	0.00
Q30053	大久保美香	Q109657076	大久保美香	0.00
Q30057	大久保外記	Q109657136	大久保外記	0.00
Q30061	大久保長安の娘 (花井義雄の妻)	Q110894940	大久保長安の娘 (花井義雄の妻)	0.00
Q30065	大久保長清	Q110894972	大久保長清	0.00
Q30069	宮内卿局	Q11453292	宮内卿局	0.00
Q30073	寿林尼	Q118746924	寿林尼	0.00
Q30077	阿知和玄鉄	Q109595830	阿知和玄鉄	0.00
Q30085	石川康正	Q109658471	石川康正	0.00
Q30110	那須藤	Q108496270	那須藤	0.00
Q30191	岡吉右衛門	Q110450461	岡吉右衛門	0.00
Q30195	おたあ	Q108056731	おたあ	0.00
Q30199	青木利長	Q110967963	青木利長	0.00
Q30227	東久世津麿	Q109319091	東久世津麿	0.00
Q30239	阿部竹姫	Q111018721	阿部竹姫	0.00
Q30251	外嶋佐久	Q111024331	外嶋佐久	0.00
Q30255	松平常姫	Q111024333	松平常姫	0.00
Q30259	松平容章	Q111024400	松平容章	0.00
Q30263	毛利登佐姫	Q110653327	毛利登佐姫	0.00
Q30271	烏丸光賢	Q109900851	烏丸光賢	0.00
Q30275	勘解由小路資忠	Q11400105	勘解由小路資忠	0.00
Q30284	広橋兼賢	Q109924248	広橋兼賢	0.00
Q30292	松平昌勝の娘 (諏訪忠虎の正室)	Q108887622	松平昌勝の娘 (諏訪忠虎の正室)	0.00
Q30296	国姫 (松平光通正室)	Q11420696	国姫 (松平光通正室)	0.00
Q30300	森万姫	Q109680475	森万姫	0.00
Q34084	飛鳥井雅知	Q109919803	飛鳥井雅知	0.00
Q30308	飛鳥井雅豊	Q109923770	飛鳥井雅豊	0.00
Q30316	細川初	Q110155903	細川初	0.00
Q30320	東園丁	Q109805806	東園丁	0.00
Q30336	梨木房子	Q110653040	梨木房子	0.00
Q30348	毛利良	Q109669623	毛利良	0.00
Q30356	毛利勘	Q109670102	毛利勘	0.00
Q30364	本寿院 (徳川吉通の生母)	Q11520156	本寿院 (徳川吉通の生母)	0.00
Q30376	聖林院 (加藤清正の母)	Q106672357	聖林院 (加藤清正の母)	0.00
Q30388	山崎片家の娘 (加藤清正の正室)	Q108747110	山崎片家の娘 (加藤清正の正室)	0.00
Q30428	清性院 (松平頼渡正室)	Q110738091	清性院 (松平頼渡正室)	0.00
Q30432	有馬氏久	Q11516798	有馬氏久	0.00
Q30436	上野勾姫	Q111097357	上野勾姫	0.00
Q30444	光善寺寂然	Q110624971	光善寺寂然	0.00
Q30448	樋口七姫	Q110641594	樋口七姫	0.00
Q30452	酒井松姫	Q111021138	酒井松姫	0.00
Q30460	相馬品	Q110969119	相馬品	0.00
Q30476	松平染姫	Q111107368	松平染姫	0.00
Q30484	池田振子	Q111307006	池田振子	0.00
Q30504	密姫	Q11455741	密姫	0.00
Q30508	奥平昌能	Q8515360	오쿠다이라 마사요시	0.00
Q30512	奥平忠昌の娘 (内藤信良の正室)	Q109936519	奥平忠昌の娘 (内藤信良の正室)	0.00
Q30516	奥平てい	Q109936539	奥平てい	0.00
Q30520	奥平忠昌の娘 (由良頼繁の妻)	Q134625595	奥平忠昌の娘 (由良頼繁の妻)	0.00
Q30524	奥平アキ	Q134625733	奥平アキ	0.00
Q30532	稲葉紀通	Q11596973	稲葉紀通	0.00
Q30536	四条隆術	Q108850859	四条隆術	0.00
Q30544	天球院	Q108860940	天球院	0.00
Q30548	荒尾空善の娘 (荒尾善次の正室)	Q111043024	荒尾空善の娘 (荒尾善次の正室)	0.00
Q30552	伊勢貞良の娘 (池田元助の正室)	Q109330502	伊勢貞良の娘 (池田元助の正室)	0.00
Q30556	塩川長満の娘 (池田元助の継室)	Q111203103	塩川長満の娘 (池田元助の継室)	0.00
Q30560	池田元信	Q111203738	池田元信	0.00
Q30565	伊木忠次の長女 (池田長吉の正室)	Q111158630	伊木忠次の長女 (池田長吉の正室)	0.00
Q30581	加藤嘉明の次女 (池田長政の正室のち日野光慶の妻)	Q111217523	加藤嘉明の次女 (池田長政の正室のち日野光慶の妻)	0.00
Q30585	池田長明	Q11552189	池田長明	0.00
Q30589	池田長政の娘 (片桐采女の妻)	Q110141706	池田長政の娘 (片桐采女の妻)	0.00
Q30593	池田長吉の養女 (山崎家治の正室)	Q110141717	池田長吉の養女 (山崎家治の正室)	0.00
Q30597	池田政貞 (利隆三男)	Q11551935	池田政貞 (利隆三男)	0.00
Q30601	池田政広 (栗池池田家初代)	Q111081648	池田政広 (栗池池田家初代)	0.00
Q30609	池田知利	Q11552071	池田知利	0.00
Q30613	森昌院 (池田長泰の正室)	Q111175125	森昌院 (池田長泰の正室)	0.00
Q30617	心珠院 (日置忠治の正室)	Q111202425	心珠院 (日置忠治の正室)	0.00
Q30625	姉小路公景の娘 (池田政直の正室)	Q111021173	姉小路公景の娘 (池田政直の正室)	0.00
Q30633	安部信之の娘 (池田政武の正室)	Q111143639	安部信之の娘 (池田政武の正室)	0.00
Q30637	赤羽氏 (池田政武の妻)	Q111143782	赤羽氏 (池田政武の妻)	0.00
Q30649	浅野長治の娘 (河鰭季縁の妻)	Q110308933	浅野長治の娘 (河鰭季縁の妻)	0.00
Q30657	松寿院 (藤堂高虎の継室)	Q110155176	松寿院 (藤堂高虎の継室)	0.00
Q30661	専修寺堯朝	Q110154886	専修寺堯朝	0.00
Q30665	九条愛姫	Q110599290	九条愛姫	0.00
Q30673	福島高晴	Q11593772	福島高晴	0.00
Q30677	照雲院	Q108747061	照雲院	0.00
Q30721	松平康起	Q128865514	松平康起	0.00
Q30730	大森実頼	Q11436344	大森実頼	0.00
Q30738	長尾景英 (白井長尾氏)	Q11651864	長尾景英 (白井長尾氏)	0.00
Q30746	長尾景信の娘 (大石憲儀の妻)	Q108909252	長尾景信の娘 (大石憲儀の妻)	0.00
Q30750	成田顕泰	Q11495754	成田顕泰	0.00
Q30754	長尾景致	Q106809077	長尾景致	0.00
Q30758	長尾能景の娘 (上杉定実の継室)	Q106764599	長尾能景の娘 (上杉定実の継室)	0.00
Q30766	長尾景忠 (白井長尾氏)	Q106650315	長尾景忠 (白井長尾氏)	0.00
Q30770	大石憲重	Q108909224	大石憲重	0.00
Q30778	東坊城長清	Q109130659	東坊城長清	0.00
Q30782	東坊城益長の娘 (高倉永継の妻)	Q109130899	東坊城益長の娘 (高倉永継の妻)	0.00
Q30786	Shiba Yoshitatsu	Q11500870	斯波義達	0.00
Q30790	菅沼定成 (菅沼定忠の子)	Q106680510	菅沼定成 (菅沼定忠の子)	0.00
Q30806	稲葉貞通	Q11596984	稻葉貞通	0.00
Q30810	稲葉安	Q110068994	稲葉安	0.00
Q30818	稲葉良通の娘 (山村良勝の妻)	Q110948513	稲葉良通の娘 (山村良勝の妻)	0.00
Q30826	斎藤利貫	Q110070100	斎藤利貫	0.00
Q30830	斎藤利親	Q11500478	斎藤利親	0.00
Q30838	Khikosiro Saito	Q11500556	斎藤彦四郎	0.00
Q30842	祥山禎公大姉	Q110070055	祥山禎公大姉	0.00
Q30846	斎藤利胤	Q110069974	斎藤利胤	0.00
Q30850	長井利隆	Q11651444	長井利隆	0.00
Q30854	斎藤利匡	Q110069999	斎藤利匡	0.00
Q30862	土岐一圭	Q115586990	土岐一圭	0.00
Q30866	土岐満蔵	Q115587148	土岐満蔵	0.00
Q30878	蜷川親順	Q106652306	蜷川親順	0.00
Q30882	石谷光政	Q27917325	石谷光政	0.00
Q30886	石谷頼辰	Q11587213	石谷頼辰	0.00
Q30898	斎藤利賢の娘 (蜷川親長正室)	Q109331256	斎藤利賢の娘 (蜷川親長正室)	0.00
Q30902	明智頼明	Q109921507	明智頼明	0.00
Q30906	妻木広忠	Q11447194	妻木広忠	0.00
Q30919	井戸治秀	Q113226894	井戸治秀	0.00
Q30927	小山田信澄	Q106916906	小山田信澄	0.00
Q30931	穴山信介	Q110854943	穴山信介	0.00
Q30935	武田信長の娘 (里見義実の室)	Q107166859	武田信長の娘 (里見義実の室)	0.00
Q30943	Yosimune Khatakeyama	Q11578686	畠山義統	0.00
Q30951	Hayashi Michitomo	Q11106813	林美作守	0.00
Q30955	林通政 (織田信長の家臣)	Q11107033	林通政	0.00
Q30963	林正長	Q110249944	林正長	0.00
Q30975	久松定長	Q108935693	久松定長	0.00
Q30979	有胤	Q110116888	有胤	0.00
Q30983	有信	Q110116948	有信	0.00
Q30991	蒲生秀兼	Q109116406	蒲生秀兼	0.00
Q30995	佐竹義知 (山入佐竹氏)	Q11383458	佐竹義知 (山入佐竹氏)	0.00
Q30999	佐竹義真 (山入佐竹氏)	Q108184549	佐竹義真 (山入佐竹氏)	0.00
Q31007	佐竹義盛の娘 (那須資重の室)	Q106774665	佐竹義盛の娘 (那須資重の室)	0.00
Q31011	白川資氏王	Q108842299	白川資氏王	0.00
Q31015	白川忠富王の娘 (白川雅業王の妻)	Q109790395	白川忠富王の娘 (白川雅業王の妻)	0.00
Q31019	中山宣親	Q108057833	中山宣親	0.00
Q31023	中山親通の娘 (下冷泉政為の妻)	Q110010064	中山親通の娘 (下冷泉政為の妻)	0.00
Q31031	小山満泰	Q107172274	小山満泰	0.00
Q31035	小山広朝	Q107172278	小山広朝	0.00
Q31039	山川氏義	Q107172280	山川氏義	0.00
Q31055	河鰭実陳	Q109305036	河鰭実陳	0.00
Q31059	仁木義春	Q113166568	仁木義春	0.00
Q31063	向長宗	Q113198077	向長宗	0.00
Q31067	細川持有	Q110882115	細川持有	0.00
Q31071	細川氏久	Q126006445	細川氏久	0.00
Q31075	細川教祐	Q104539060	細川教祐	0.00
Q31079	小寺政隆	Q111200552	小寺政隆	0.00
Q31083	八代道慶の娘 (小寺則職の側室)	Q111199850	八代道慶の娘 (小寺則職の側室)	0.00
Q31087	小寺則職の娘 (赤松義祐の妻)	Q111199967	小寺則職の娘 (赤松義祐の妻)	0.00
Q31091	小寺則職の娘 (魚住吉長の妻)	Q111200190	小寺則職の娘 (魚住吉長の妻)	0.00
Q31095	Daughter of Kodera Norimoto (wife of Kasuya Noriyori)	Q111200271	小寺則職の娘 (糟屋則頼の妻)	0.00
Q31099	中山康親	Q108057859	中山康親	0.00
Q31103	橋本公夏	Q108853265	橋本公夏	0.00
Q31115	水無瀬兼成	Q109321480	水無瀬兼成	0.00
Q31119	三条西公条の娘 (中院通為の妻)	Q109950230	三条西公条の娘 (中院通為の妻)	0.00
Q31123	酒井忠則の娘 (松平親氏の妻)	Q111288569	酒井忠則の娘 (松平親氏の妻)	0.00
Q31127	酒井広親	Q106701773	酒井広親	0.00
Q31131	葉室頼継	Q108968697	葉室頼継	0.00
Q31135	五条為清の娘 (烏丸資任の妻)	Q109830642	五条為清の娘 (烏丸資任の妻)	0.00
Q31139	日野西朝光	Q109934067	日野西朝光	0.00
Q31143	柳原量光	Q110079891	柳原量光	0.00
Q31147	町広光の娘 (高辻章長の妻)	Q109252603	町広光の娘 (高辻章長の妻)	0.00
Q31151	広橋守光	Q134437546	広橋守光	0.00
Q31155	五辻泰仲	Q109447174	五辻泰仲	0.00
Q31159	五辻諸仲	Q102246950	五辻諸仲	0.00
Q31164	東向殿	Q17223845	東向殿	0.00
Q31168	畠山尚順の娘 (大内義興の妻)	Q111374059	畠山尚順の娘 (大内義興の妻)	0.00
Q31172	大宮姫 (大内義興の娘)	Q18457811	大宮姫 (大内義興の娘)	0.00
Q31180	大内義興の娘 (大友義鑑の正室)	Q108819051	大内義興の娘 (大友義鑑の正室)	0.00
Q31184	大内義興の娘 (細川氏之の正室)	Q108819073	大内義興の娘 (細川氏之の正室)	0.00
Q31196	宇都宮豊綱の娘 (一条兼定の正室)	Q108892498	宇都宮豊綱の娘 (一条兼定の正室)	0.00
Q31200	大友ジェスタ	Q108892519	大友ジェスタ	0.00
Q31208	坊城長冬	Q109789172	坊城長冬	0.00
Q31212	五条為視	Q109830798	五条為視	0.00
Q31224	津守国繁の娘 (冷泉為満の妻)	Q109782580	津守国繁の娘 (冷泉為満の妻)	0.00
Q31228	冷泉為頼	Q108856186	冷泉為頼	0.00
Q31236	山科言緒	Q109680941	山科言緒	0.00
Q31244	高倉永豊の娘 (今出川教季の正室)	Q109129916	高倉永豊の娘 (今出川教季の正室)	0.00
Q31248	畠山尚順の娘 (徳大寺公胤の妻)	Q111374418	畠山尚順の娘 (徳大寺公胤の妻)	0.00
Q31252	畠山尚順の娘 (日野内光の正室)	Q111374894	畠山尚順の娘 (日野内光の正室)	0.00
Q31256	細川教春の娘 (日野政資の妻)	Q108780142	細川教春の娘 (日野政資の妻)	0.00
Q31268	五辻諸仲の娘 (甘露寺伊長の妻)	Q109946891	五辻諸仲の娘 (甘露寺伊長の妻)	0.00
Q31272	甘露寺伊長の娘 (正親町公叙の妻)	Q110256325	甘露寺伊長の娘 (正親町公叙の妻)	0.00
Q31276	庭田長賢	Q108840940	庭田長賢	0.00
Q35398	浅井忠政	Q109672291	浅井忠政	0.00
Q31296	伊予局 (後奈良天皇の宮人)	Q134437840	伊予局 (後奈良天皇の宮人)	0.00
Q31300	恒直親王の娘 (後奈良天皇の宮人)	Q134438401	恒直親王の娘 (後奈良天皇の宮人)	0.00
Q31312	Kitakouji Mitsuko	Q108436047	北小路苗子	0.00
Q31316	日野政資	Q108780117	日野政資	0.00
Q31320	烏丸冬光	Q108783307	烏丸冬光	0.00
Q31328	五辻重仲	Q109447173	五辻重仲	0.00
Q31336	伊達尚宗の娘 (最上義定の継室)	Q108356210	伊達尚宗の娘 (最上義定の継室)	0.00
Q31340	摂津政親	Q110900335	摂津政親	0.00
Q31345	永俊	Q108532794	永俊	0.00
Q31349	西念	Q123406244	西念	0.00
Q31361	右京局	Q110140329	右京局	0.00
Q31393	坊城俊広	Q109303528	坊城俊広	0.00
Q31397	五条為庸	Q109307097	五条為庸	0.00
Q31405	西洞院時良	Q109319168	西洞院時良	0.00
Q31409	今城定淳	Q109320513	今城定淳	0.00
Q31413	松平寧	Q109320543	松平寧	0.00
Q31417	入江相尚	Q109320646	入江相尚	0.00
Q31421	倉橋泰貞	Q109322771	倉橋泰貞	0.00
Q31425	土御門隆俊の娘 (倉橋泰貞の妻)	Q109322843	土御門隆俊の娘 (倉橋泰貞の妻)	0.00
Q31437	松木宗条の娘 (池尻勝房の妻)	Q109796182	松木宗条の娘 (池尻勝房の妻)	0.00
Q31441	土御門泰重の娘 (河鰭基秀の正室)	Q109937414	土御門泰重の娘 (河鰭基秀の正室)	0.00
Q31454	鷹司基子	Q110596625	鷹司基子	0.00
Q31458	北小路雅子	Q110596809	北小路雅子	0.00
Q31534	園池実卿	Q109337959	園池実卿	0.00
Q31542	園池公屋	Q109339827	園池公屋	0.00
Q31546	綾小路俊景	Q109352340	綾小路俊景	0.00
Q31554	久我通名の娘 (櫛笥隆兼の妻)	Q109352460	久我通名の娘 (櫛笥隆兼の妻)	0.00
Q31558	吉田兼敬の娘 (八条隆英の妻)	Q110168398	吉田兼敬の娘 (八条隆英の妻)	0.00
Q31562	三条実治の娘 (八条隆英の妻)	Q110308308	三条実治の娘 (八条隆英の妻)	0.00
Q31566	西洞院時成の娘 (八条隆英の妻)	Q110308333	西洞院時成の娘 (八条隆英の妻)	0.00
Q31570	櫛笥隆周	Q110168387	櫛笥隆周	0.00
Q31574	高野隆古	Q110167780	高野隆古	0.00
Q31822	水無瀬氏信	Q109831407	水無瀬氏信	0.00
Q31826	町尻兼重	Q110064877	町尻兼重	0.00
Q31830	堤為量	Q110067374	堤為量	0.00
Q31834	町尻兼久	Q110068011	町尻兼久	0.00
Q31858	杉原長房の娘 (堀親昌の正室)	Q109936926	杉原長房の娘 (堀親昌の正室)	0.00
Q31863	青山幸成の娘 (堀親昌の継室)	Q109937017	青山幸成の娘 (堀親昌の継室)	0.00
Q31871	清水谷公栄	Q109947454	清水谷公栄	0.00
Q31875	阿野公緒の娘 (清水谷雅季の妻)	Q110973923	阿野公緒の娘 (清水谷雅季の妻)	0.00
Q31879	清水谷実栄	Q110973909	清水谷実栄	0.00
Q31883	中御門尚良	Q109194146	中御門尚良	0.00
Q31887	池尻勝房	Q109790106	池尻勝房	0.00
Q31891	白川雅喬王	Q108842651	白川雅喬王	0.00
Q31919	持明院基雄	Q108841196	持明院基雄	0.00
Q31923	四辻公尚	Q108841214	四辻公尚	0.00
Q31927	恵孝院	Q110143600	恵孝院	0.00
Q31931	五条為俊	Q110138034	五条為俊	0.00
Q31935	五条千代子	Q110143829	五条千代子	0.00
Q31955	午定君	Q26218440	午定君	0.00
Q19241	석구추	Q28501056	昔仇鄒	0.00
Q31959	昔成遠	Q24856637	석성원	0.00
Q19250	원예영	Q28775925	金禮英	0.00
Q19280	王仁表	Q26121262	王仁表	0.00
Q19304	楊氏	Q134079944	楊氏	0.00
Q31983	陰世師	Q4022409	阴世师	0.00
Q31987	殷宏智	Q15921481	陰弘智	0.00
Q19339	餘姚縣主	Q38976840	餘姚縣主	0.00
Q19390	周氏	Q133447479	周氏	0.00
Q32087	独孤諶	Q10410419	獨孤諶	0.00
Q19395	薛顗	Q10513994	薛顗	0.00
Q19399	贺兰瑾	Q66235068	贺兰瑾	0.00
Q19438	魏氏	Q134081021	魏氏	0.00
Q32116	和気郷成	Q109931964	和気郷成	0.00
Q32120	月輪季尹	Q110055571	月輪季尹	0.00
Q32124	藤原家尹	Q110055498	藤原家尹	0.00
Q32128	小早川仲義	Q108883587	小早川仲義	0.00
Q32136	乃美是景	Q108875734	乃美是景	0.00
Q32140	紀俊文	Q110874105	紀俊文	0.00
Q32144	池田貞正	Q108782035	池田貞正	0.00
Q32153	上杉朝良の娘 (長野業正の正室)	Q106814389	上杉朝良の娘 (長野業正の正室)	0.00
Q32161	上杉房能の娘 (上杉定実の正室)	Q106764586	上杉房能の娘 (上杉定実の正室)	0.00
Q32165	蘆名盛高	Q11625151	蘆名盛高	0.00
Q32169	畠山義元	Q11578672	畠山義元	0.00
Q32172	上杉定実の娘 (長尾晴景の正室)	Q106766562	上杉定実の娘 (長尾晴景の正室)	0.00
Q32176	上杉定実の娘 (蘆名氏の室)	Q106766667	上杉定実の娘 (蘆名氏の室)	0.00
Q32192	今宮周義	Q108603646	今宮周義	0.00
Q32196	那須資重 (下那須家当主)	Q11642971	那須資重 (下那須家当主)	0.00
Q32200	那須明資の娘 (那須資実の室)	Q106774426	那須明資の娘 (那須資実の室)	0.00
Q32204	高師有	Q11669869	高師有	0.00
Q32208	Yamana Takakhiro	Q11467573	山名堯熙	0.00
Q32212	山名棟豊	Q115587383	山名棟豊	0.00
Q32216	今出川季孝	Q11376752	今出川季孝	0.00
Q32244	鏡清院	Q106807367	鏡清院	0.00
Q32248	益穂姫	Q108302281	益穂姫	0.00
Q32256	杉目直宗	Q11522329	杉目直宗	0.00
Q32261	田村顕頼	Q11577040	田村顕頼	0.00
Q32265	伊達稙宗の娘 (田村隆顕の妻)	Q108321082	伊達稙宗の娘 (田村隆顕の妻)	0.00
Q32272	大田原資清	Q11437902	大田原資清	0.00
Q32276	牧野顕高	Q109290193	牧野顕高	0.00
Q32280	正洞院	Q109290226	正洞院	0.00
Q32284	福原資郡の娘 (福原資孝の正室)	Q108616539	福原資郡の娘 (福原資孝の正室)	0.00
Q32292	佐竹義重の娘 (江戸実通の妻のち高倉永慶の妻)	Q108616170	佐竹義重の娘 (江戸実通の妻のち高倉永慶の妻)	0.00
Q32300	大関高増の娘 (千本資政の正室のち蘆野盛泰の妻)	Q108603897	大関高増の娘 (千本資政の正室のち蘆野盛泰の妻)	0.00
Q32304	大田原綱清の娘 (大関清増の正室)	Q108616341	大田原綱清の娘 (大関清増の正室)	0.00
Q32308	佐竹義久の娘 (大関資増の正室)	Q110889462	佐竹義久の娘 (大関資増の正室)	0.00
Q32312	斯波詮重	Q110903937	斯波詮重	0.00
Q32316	本阿弥光二	Q109741116	本阿弥光二	0.00
Q32324	細川賢春	Q118747035	細川賢春	0.00
Q32328	伊勢貞親の娘 (赤松政則の正室)	Q107637255	伊勢貞親の娘 (赤松政則の正室)	0.00
Q32344	上杉政憲	Q11359196	上杉政憲	0.00
Q32348	一色秀勝	Q110825561	一色秀勝	0.00
Q32360	三光清春大姉	Q111134235	三光清春大姉	0.00
Q32364	松平乗次	Q108056317	松平乗次	0.00
Q32368	月華清暈大禅定尼	Q111292371	月華清暈大禅定尼	0.00
Q32372	千葉胤利	Q108908561	千葉胤利	0.00
Q32392	山口盛幸	Q109250431	山口盛幸	0.00
Q32396	山口教仲	Q134513363	山口教仲	0.00
Q32400	芳賀景高	Q17219267	芳賀景高	0.00
Q32404	岡本保忠	Q11473065	岡本保忠	0.00
Q32408	結城明朝	Q11606593	結城明朝	0.00
Q32412	結城小藤姫	Q107177490	結城小藤姫	0.00
Q32416	富岡秀高	Q11456912	富岡秀高	0.00
Q32424	榎本高綱	Q28689514	榎本高綱	0.00
Q32432	簗田良助	Q106916650	簗田良助	0.00
Q32436	那須氏の娘 (簗田満助の母)	Q106916694	那須氏の娘 (簗田満助の母)	0.00
Q32444	真里谷信勝の娘 (三浦義意の妻)	Q108524175	真里谷信勝の娘 (三浦義意の妻)	0.00
Q32448	杉浦直為	Q110821578	杉浦直為	0.00
Q32464	小笠原元長	Q108499782	小笠原元長	0.00
Q32472	Ota Sukenori	Q134305594	Ота Сукэнори	0.00
Q32476	遠山藤九郎	Q97031362	遠山藤九郎	0.00
Q32480	遠山綱景の娘 (大道寺政繁の室)	Q107157802	遠山綱景の娘 (大道寺政繁の室)	0.00
Q32485	板倉坂	Q108900873	板倉坂	0.00
Q32493	細川澄元の娘 (武田元光の妻)	Q107637401	細川澄元の娘 (武田元光の妻)	0.00
Q32505	東久世博高	Q109319017	東久世博高	0.00
Q32509	園基継	Q110085093	園基継	0.00
Q32513	岩倉具詮	Q11474148	岩倉具詮	0.00
Q32517	大友義統の娘 (一尾通春の妻)	Q110156069	大友義統の娘 (一尾通春の妻)	0.00
Q32521	万里小路秀房の娘 (西園寺公朝の妻)	Q108855761	万里小路秀房の娘 (西園寺公朝の妻)	0.00
Q32525	忠宥	Q108957773	忠宥	0.00
Q32529	昌千代	Q110090250	昌千代	0.00
Q32533	大光院 (花山院定好の正室)	Q110153321	大光院 (花山院定好の正室)	0.00
Q32537	広有	Q110155624	広有	0.00
Q32541	松野親清	Q110157549	松野親清	0.00
Q32549	愛宕通晴	Q109306783	愛宕通晴	0.00
Q32565	細川晴元の娘 (朝倉義景の正室)	Q108146316	細川晴元の娘 (朝倉義景の正室)	0.00
Q32577	朝倉四葩	Q109914772	朝倉四葩	0.00
Q32585	波多野元秀の娘 (赤井直正の正室)	Q109016492	波多野元秀の娘 (赤井直正の正室)	0.00
Q32589	荻野直信	Q128851679	荻野直信	0.00
Q32597	里見義通の妹 (正木通綱の正室)	Q107167486	里見義通の妹 (正木通綱の正室)	0.00
Q32601	正木通綱の娘 (里見義堯の室)	Q107167498	正木通綱の娘 (里見義堯の室)	0.00
Q32605	遠山景成	Q108798314	遠山景成	0.00
Q32613	顕能尼	Q110270033	顕能尼	0.00
Q32617	栄寿院教応	Q110950620	栄寿院教応	0.00
Q32625	穴山彦九郎	Q118697896	穴山彦九郎	0.00
Q32629	木曾義在	Q11518600	木曾義在	0.00
Q32633	上松義豊	Q11359377	上松義豊	0.00
Q32637	岩松氏純	Q11475197	岩松氏純	0.00
Q32641	岩松豊純	Q97706289	岩松豊純	0.00
Q32645	吉良義弥	Q11414262	吉良義弥	0.00
Q32649	甘露寺熙長	Q109794514	甘露寺熙長	0.00
Q32653	花山院定誠	Q11615286	花山院定誠	0.00
Q32657	橋本公綱	Q109852486	橋本公綱	0.00
Q32669	好心贇公大禅尼	Q106764511	好心贇公大禅尼	0.00
Q32673	光室妙智大姉	Q106764523	光室妙智大姉	0.00
Q32677	長尾房景 (古志長尾氏)	Q11651843	長尾房景 (古志長尾氏)	0.00
Q32685	鷲尾隆尚	Q108840112	鷲尾隆尚	0.00
Q32689	猪熊季光	Q108840118	猪熊季光	0.00
Q32693	藪嗣良	Q108857338	藪嗣良	0.00
Q32697	四辻公理	Q108840137	四辻公理	0.00
Q32701	太田資常	Q108900388	太田資常	0.00
Q32705	長野尚業	Q106814279	長野尚業	0.00
Q32713	滋野井季国	Q109945151	滋野井季国	0.00
Q32717	慶福院	Q106729070	慶福院	0.00
Q32721	Sanjonishi Kinkuni	Q108084303	三条西公国	0.00
Q32741	Kaname Yosida	Q109321337	吉田兼名	0.00
Q32745	吉田兼致	Q109321358	吉田兼致	0.00
Q32749	卜部兼永	Q109795531	卜部兼永	0.00
Q32753	富小路氏直	Q109830252	富小路氏直	0.00
Q32757	五条為康	Q109308450	五条為康	0.00
Q32765	吉田兼満	Q109321367	吉田兼満	0.00
Q32781	下条頼安	Q109594950	下条頼安	0.00
Q32785	今出川季持	Q11376753	今出川季持	0.00
Q32801	福島長則	Q109665695	福島長則	0.00
Q32805	織田三吉郎信秀の生母	Q109123196	織田三吉郎信秀の生母	0.00
Q32818	毛利宮鶴丸	Q128852055	毛利宮鶴丸	0.00
Q32822	毛利宮吉丸	Q128852058	毛利宮吉丸	0.00
Q32854	稲葉正員	Q110968223	稲葉正員	0.00
Q32862	織田刑部大輔	Q97196953	織田刑部大輔	0.00
Q32866	Nakagava Tibo	Q109177805	中川チボ	0.00
Q32870	森於松	Q111015667	森於松	0.00
Q32874	森黒	Q111015697	森黒	0.00
Q32878	森於郷	Q111015901	森於郷	0.00
Q32882	池田鶴	Q111015869	池田鶴	0.00
Q32886	高倉熙子	Q110819309	高倉熙子	0.00
Q32894	貞梁院 (良如の内室)	Q110820199	貞梁院 (良如の内室)	0.00
Q32902	九条梅姫	Q110599784	九条梅姫	0.00
Q32906	九条待姫	Q110599917	九条待姫	0.00
Q32910	阿野公業	Q110129611	阿野公業	0.00
Q32914	安井重幸	Q106678455	安井重幸	0.00
Q32918	浅野長詮	Q106673371	浅野長詮	0.00
Q32926	長晴院	Q109936899	長晴院	0.00
Q32934	浅井高政	Q109776132	浅井高政	0.00
Q32942	織田信定の娘 (松平信定の夫人)	Q111292398	織田信定の娘 (松平信定の夫人)	0.00
Q32946	長栄寺殿	Q111292521	長栄寺殿	0.00
Q32950	織田良頼	Q11608422	織田良頼	0.00
Q32954	Masakhide Ikeda	Q108782012	池田政秀	0.00
Q32962	津田元嘉	Q11556259	津田元嘉	0.00
Q32966	Toyama Naokado	Q11642052	遠山直廉	0.00
Q32970	神保氏張	Q11588733	神保氏張	0.00
Q32974	定光院 (稲葉典通の正室)	Q109971355	定光院 (稲葉典通の正室)	0.00
Q32978	織田長定	Q11608443	織田長定	0.00
Q32982	織田政時	Q11608381	織田政時	0.00
Q32998	織田長好	Q11608448	織田長好	0.00
Q33014	飯尾敏成の娘 (日置忠俊の正室)	Q109657149	飯尾敏成の娘 (日置忠俊の正室)	0.00
Q33018	柴田勝家の姉 (佐久間盛次の妻)	Q108693299	柴田勝家の姉 (佐久間盛次の妻)	0.00
Q33026	藤堂市子	Q110155388	藤堂市子	0.00
Q33034	京極阿久里	Q110657057	京極阿久里	0.00
Q33038	京極宮子	Q110657314	京極宮子	0.00
Q33054	九条兼孝の娘 (八条宮智仁親王の側室)	Q110819454	九条兼孝の娘 (八条宮智仁親王の側室)	0.00
Q33070	成田泰直	Q118724914	成田泰直	0.00
Q33074	泰心院	Q106768607	泰心院	0.00
Q33082	最上家親	Q8514439	모가미 이에치카	0.00
Q33090	屋形御前	Q106768629	屋形御前	0.00
Q33094	桑折景長の娘 (飯坂宗康正室)	Q109352902	桑折景長の娘 (飯坂宗康正室)	0.00
Q33114	三田村又右衛門	Q109288119	三田村又右衛門	0.00
Q33126	亘理元宗	Q17219432	亘理元宗	0.00
Q33130	真如院 (亘理重宗の正室)	Q108320807	真如院 (亘理重宗の正室)	0.00
Q33134	Vatari-godzen	Q108320954	亘理御前	0.00
Q33142	細川稙国	Q11605967	細川稙国	0.00
Q33146	細川高国の娘 (北畠晴具の正室)	Q109014124	細川高国の娘 (北畠晴具の正室)	0.00
Q33170	前田種利	Q108056668	前田種利	0.00
Q33158	郡藤	Q109901858	郡藤	0.00
Q33182	長好連	Q23986621	長好連	0.00
Q33186	東園基賢	Q109799434	東園基賢	0.00
Q33190	葉川基起	Q110074414	葉川基起	0.00
Q33194	園基音の娘 (柳原資行の妻)	Q110086839	園基音の娘 (柳原資行の妻)	0.00
Q33198	冷泉為綱	Q113206438	冷泉為綱	0.00
Q33210	伊勢貞遠	Q109287985	伊勢貞遠	0.00
Q33214	空性法親王	Q109180045	空性法親王	0.00
Q33218	良恕法親王	Q109180067	良恕法親王	0.00
Q33226	土御門有脩の娘 (勧修寺晴豊の妻)	Q110256339	土御門有脩の娘 (勧修寺晴豊の妻)	0.00
Q33234	伊達行源	Q108781475	伊達行源	0.00
Q33254	万里小路雅房	Q108852846	万里小路雅房	0.00
Q33257	裏辻実景	Q108855851	裏辻実景	0.00
Q33261	橋本実村の娘 (葉室頼業の妻)	Q109851399	橋本実村の娘 (葉室頼業の妻)	0.00
Q33265	葉室頼孝	Q109851198	葉室頼孝	0.00
Q33298	田丸具忠	Q110266294	田丸具忠	0.00
Q33302	田丸直綱	Q110266214	田丸直綱	0.00
Q33306	和田国	Q111028852	和田国	0.00
Q33310	池田富幾	Q111028268	池田富幾	0.00
Q33314	池田左阿	Q111028407	池田左阿	0.00
Q33318	池田房姫	Q111202982	池田房姫	0.00
Q33326	丹羽千子	Q111027971	丹羽千子	0.00
Q33330	水原幸品	Q111028118	水原幸品	0.00
Q33338	土倉一明	Q110884255	土倉一明	0.00
Q33342	池田松	Q111306136	池田松	0.00
Q33347	池田品子	Q111307108	池田品子	0.00
Q33351	池田菊	Q111307327	池田菊	0.00
Q33355	池田春子	Q111307344	池田春子	0.00
Q33387	松平久恒	Q106703139	松平久恒	0.00
Q33391	酒井忠知	Q106703145	酒井忠知	0.00
Q33395	松平三光	Q115587375	松平三光	0.00
Q33399	戸田憲光	Q106313293	戸田憲光	0.00
Q33407	松平信次	Q108843886	松平信次	0.00
Q33411	内藤重清	Q113232073	内藤重清	0.00
Q33420	内藤忠郷	Q58139879	内藤忠郷	0.00
Q33428	金森重次	Q109832283	金森重次	0.00
Q33432	水野忠貞	Q110271583	水野忠貞	0.00
Q33436	石川一政	Q118697902	石川一政	0.00
Q33440	山内忠直	Q11466407	山内忠直	0.00
Q33448	水野政祖	Q106679770	水野政祖	0.00
Q33452	一色範直	Q108745075	一色範直	0.00
Q33465	戸田氏鉄の長女 (直江景明の正室のち板倉重宗の継室)	Q110288343	戸田氏鉄の長女 (直江景明の正室のち板倉重宗の継室)	0.00
Q33469	戸田氏利	Q110296435	戸田氏利	0.00
Q33473	梵光院	Q109921917	梵光院	0.00
Q33477	三宅長閑	Q109921740	三宅長閑	0.00
Q33501	図妙院 (保科正賢の正室)	Q111131076	図妙院 (保科正賢の正室)	0.00
Q33509	明石岩姫	Q110741091	明石岩姫	0.00
Q33517	井上庸名	Q108495417	井上庸名	0.00
Q33525	黒田筑	Q110874673	黒田筑	0.00
Q33529	黒田悦子 (伊達宗景の正室)	Q110901795	黒田悦子 (伊達宗景の正室)	0.00
Q33533	黒田富貴	Q110902813	黒田富貴	0.00
Q33553	松平七子	Q111023788	松平七子	0.00
Q33557	桑山元晴の娘 (岡部宣勝の正室)	Q111019186	桑山元晴の娘 (岡部宣勝の正室)	0.00
Q33561	岡部高成	Q111023531	岡部高成	0.00
Q33565	岡部正敦	Q111023545	岡部正敦	0.00
Q33569	Nabesima Tsuru	Q111019652	鍋島鶴	0.00
Q33573	Khodzyo-in	Q111019795	宝乗院 (鍋島勝茂三女)	0.00
Q33581	Kumasiro Naonaga	Q134299942	Кумасиро Наонага	0.00
Q33585	道家氏	Q109679213	道家氏	0.00
Q33597	菅沼定村	Q11619296	菅沼定村	0.00
Q33609	奥平貞政	Q134695278	奥平貞政	0.00
Q33613	奥平貞久	Q134615750	奥平貞久	0.00
Q33617	奥平貞行	Q110780860	奥平貞行	0.00
Q33621	奥平貞昌の娘 (阿知波定基の妻)	Q110780943	奥平貞昌の娘 (阿知波定基の妻)	0.00
Q33625	本多重純	Q110781129	本多重純	0.00
Q33629	黒田之勝	Q11678561	黒田之勝	0.00
Q33633	小笠原姫松	Q108488823	小笠原姫松	0.00
Q33641	酒井忠寛 (伊勢崎藩主)	Q11644125	酒井忠寛 (伊勢崎藩主)	0.00
Q33645	酒井長姫	Q111021216	酒井長姫	0.00
Q33649	酒井紀伊姫	Q111021381	酒井紀伊姫	0.00
Q33653	酒井奈阿姫	Q111023627	酒井奈阿姫	0.00
Q33657	酒井彦姫	Q111023634	酒井彦姫	0.00
Q33665	酒井市子	Q110656868	酒井市子	0.00
Q33670	酒井槌姫	Q110874766	酒井槌姫	0.00
Q33674	山内盛豊	Q11466447	山内盛豊	0.00
Q33710	内藤政長の娘 (平岡頼資の継室)	Q111018824	内藤政長の娘 (平岡頼資の継室)	0.00
Q33714	内藤松子	Q111019402	内藤松子	0.00
Q33718	臨川院	Q108088004	臨川院	0.00
Q33722	深達院	Q109830458	深達院	0.00
Q33726	阿部正長	Q111131074	阿部正長	0.00
Q33730	盛徳院 (秋山正重の正室)	Q108134185	盛徳院 (秋山正重の正室)	0.00
Q33734	秋山正房	Q115586853	秋山正房	0.00
Q33738	酒井忠次の妹 (西郷清員の室)	Q106703027	酒井忠次の妹 (西郷清員の室)	0.00
Q33742	西郷家員	Q11629657	西郷家員	0.00
Q33746	芳賀高経の娘 (江戸通泰の正室)	Q106774949	芳賀高経の娘 (江戸通泰の正室)	0.00
Q33754	Yamaguchi Munenaga	Q11466763	山口宗永	0.00
Q33770	板倉鍋	Q108900827	板倉鍋	0.00
Q33774	松平重則の娘 (神保茂明の継室)	Q110968818	松平重則の娘 (神保茂明の継室)	0.00
Q33778	菅沼定広	Q106680421	菅沼定広	0.00
Q33786	下間頼龍の娘 (大久保外記の妻)	Q109657298	下間頼龍の娘 (大久保外記の妻)	0.00
Q33802	阿知和於久の方	Q110086132	阿知和於久の方	0.00
Q33806	松平重長の娘 (品川高如の正室)	Q110968861	松平重長の娘 (品川高如の正室)	0.00
Q33810	松平重則の娘 (西郷延員の正室)	Q110968010	松平重則の娘 (西郷延員の正室)	0.00
Q33814	松平重則の娘 (伊東長治の正室)	Q110968840	松平重則の娘 (伊東長治の正室)	0.00
Q33818	石川小隼人	Q118727172	石川小隼人	0.00
Q33826	生駒家宗の娘 (坪内利定の妻)	Q108703347	生駒家宗の娘 (坪内利定の妻)	0.00
Q33830	松平乗寿の娘 (小笠原長宣の正室)	Q110968898	松平乗寿の娘 (小笠原長宣の正室)	0.00
Q33842	本多忠義の娘 (金森頼直正室)	Q111020139	本多忠義の娘 (金森頼直正室)	0.00
Q33846	心涼院 (水野忠盈正室)	Q111020252	心涼院 (水野忠盈正室)	0.00
Q33850	本多忠義の娘 (石川総良側室)	Q111020369	本多忠義の娘 (石川総良側室)	0.00
Q33854	北畠親成	Q11403865	北畠親成	0.00
Q33968	近衛長君	Q110154324	近衛長君	0.00
Q33976	西洞院時直の娘 (一条昭良の側室)	Q109776325	西洞院時直の娘 (一条昭良の側室)	0.00
Q33980	水無瀬氏成	Q109821349	水無瀬氏成	0.00
Q33984	松平米姫	Q109247716	松平米姫	0.00
Q33992	青木利長の娘 (品川高如の継室)	Q110968869	青木利長の娘 (品川高如の継室)	0.00
Q33996	那須資弥	Q11642959	那須資弥	0.00
Q34012	堀田正元	Q108428763	堀田正元	0.00
Q34016	貞了院	Q109853153	貞了院	0.00
Q34020	松平登茂	Q110168908	松平登茂	0.00
Q34028	烏丸光康	Q108783328	烏丸光康	0.00
Q34032	裏松資清	Q109901492	裏松資清	0.00
Q34036	烏丸光賢の娘 (飛鳥井雅章の妻)	Q109919885	烏丸光賢の娘 (飛鳥井雅章の妻)	0.00
Q34040	広橋総光	Q109924214	広橋総光	0.00
Q34044	杉若越後守の娘 (広橋総光の妻)	Q109924253	杉若越後守の娘 (広橋総光の妻)	0.00
Q34052	広橋綏光	Q109924260	広橋綏光	0.00
Q34056	日野西国豊	Q109947092	日野西国豊	0.00
Q34064	隔芳院	Q108093418	隔芳院	0.00
Q34068	照光院	Q108093290	照光院	0.00
Q34076	飛鳥井雅庸	Q11665946	飛鳥井雅庸	0.00
Q34088	難波宗量	Q109923295	難波宗量	0.00
Q34092	難波宗尚	Q109954272	難波宗尚	0.00
Q34104	常勤の妹 (飛鳥井雅豊の妻)	Q110974460	常勤の妹 (飛鳥井雅豊の妻)	0.00
Q34120	佐竹岩	Q110965882	佐竹岩	0.00
Q34124	養真院	Q110965949	養真院	0.00
Q34129	幻体院	Q110966008	幻体院	0.00
Q34153	毛利就豊	Q109670075	毛利就豊	0.00
Q34157	鷹司房輔の家女房	Q111310224	鷹司房輔の家女房	0.00
Q34161	鷹司田鶴君	Q111310276	鷹司田鶴君	0.00
Q34165	鷹司小若君	Q111310442	鷹司小若君	0.00
Q34170	九条輔姫	Q110994404	九条輔姫	0.00
Q34182	徳川三姫	Q113236226	徳川三姫	0.00
Q34186	宝蓮院	Q118697781	徳川三姫	0.00
Q34190	海津 (徳川宗春の側室)	Q109649791	海津 (徳川宗春の側室)	0.00
Q43183	池田徽子	Q111127149	池田徽子	0.00
Q34334	池田定就	Q11551811	池田定就	0.00
Q34338	池田之茂	Q111078534	池田之茂	0.00
Q34342	内藤興盛の娘 (宍戸元秀の妻)	Q109085571	内藤興盛の娘 (宍戸元秀の妻)	0.00
Q34350	宍戸元秀の娘 (三沢為虎の正室)	Q108883955	宍戸元秀の娘 (三沢為虎の正室)	0.00
Q34354	宍戸元真	Q108915095	宍戸元真	0.00
Q34362	栴檀院	Q110620971	栴檀院	0.00
Q34370	松平春姫 (松平頼桓の正室)	Q110168769	松平春姫 (松平頼桓の正室)	0.00
Q34374	松平八十	Q110169007	松平八十	0.00
Q34378	松平金姫	Q110640766	松平金姫	0.00
Q34390	相馬尊胤	Q8515901	소마 다카타네	0.00
Q34394	松平幾姫	Q109235956	松平幾姫	0.00
Q34399	烏丸光栄の娘 (松平定賢の継室)	Q109228253	烏丸光栄の娘 (松平定賢の継室)	0.00
Q34403	細川花姫	Q108485742	細川花姫	0.00
Q34407	鈴木ルセ	Q108485756	鈴木ルセ	0.00
Q34415	松平嘉代	Q108485787	松平嘉代	0.00
Q34419	松平元	Q108485874	松平元	0.00
Q34443	毛利元尭	Q11547539	毛利元尭	0.00
Q34451	鏑木民	Q111025077	鏑木民	0.00
Q34455	真如院 (前田吉徳の側室)	Q17217897	真如院 (前田吉徳の側室)	0.00
Q34459	寿清院 (前田吉徳の側室)	Q111025918	寿清院 (前田吉徳の側室)	0.00
Q34463	前田喜代姫	Q111024861	前田喜代姫	0.00
Q34467	前田総姫	Q111025267	前田総姫	0.00
Q34471	前田楊姫	Q111025542	前田楊姫	0.00
Q34479	前田暢姫	Q111025923	前田暢姫	0.00
Q34483	本多忠利の娘 (太田資次の正室)	Q109442418	本多忠利の娘 (太田資次の正室)	0.00
Q34511	奥平昌章	Q8515354	오쿠다이라 마사아키라	0.00
Q34515	鍋島於千代	Q109327211	鍋島於千代	0.00
Q34523	四条隆音	Q108850997	四条隆音	0.00
Q34535	荒尾善久	Q111043007	荒尾善久	0.00
Q34539	荒尾成房	Q11618466	荒尾成房	0.00
Q34543	荒尾空善	Q111043021	荒尾空善	0.00
Q34551	即心院	Q17995658	即心院	0.00
Q34555	蜂須賀玄寅	Q11625687	蜂須賀玄寅	0.00
Q34559	池田竹子	Q111203046	池田竹子	0.00
Q34563	池田信成	Q111203763	池田信成	0.00
Q34568	伊木忠次	Q11379408	伊木忠次	0.00
Q34576	池田長泰	Q11552191	池田長泰	0.00
Q34580	高島長親	Q111307703	高島長親	0.00
Q34596	日野光慶	Q109202336	日野光慶	0.00
Q34600	日野弘資	Q109202716	日野弘資	0.00
Q34604	片桐采女	Q110141678	片桐采女	0.00
Q34608	Nakagava Sigekiyo	Q108689628	中川重清	0.00
Q34612	中川清村の娘 (中川重清の妻)	Q111087111	中川清村の娘 (中川重清の妻)	0.00
Q34616	大島光盛	Q111182269	大島光盛	0.00
Q34620	荒尾成利の娘 (池田知利の正室)	Q111097223	荒尾成利の娘 (池田知利の正室)	0.00
Q34624	日置忠治	Q11510236	日置忠治	0.00
Q34628	生駒正俊の娘 (藤堂高義の妻)	Q111133723	生駒正俊の娘 (藤堂高義の妻)	0.00
Q34636	長谷川正尚の娘 (安部信之の継室)	Q111143526	長谷川正尚の娘 (安部信之の継室)	0.00
Q34640	永雲院 (立花直次の継室)	Q110903076	永雲院 (立花直次の継室)	0.00
Q34645	永井長姫	Q109679599	永井長姫	0.00
Q34649	河鰭季縁	Q110026658	河鰭季縁	0.00
Q34662	専修寺堯秀	Q110154817	専修寺堯秀	0.00
Q34674	浅野梅	Q110047588	浅野梅	0.00
Q34690	浅野於三	Q110050451	浅野於三	0.00
Q34703	福島正長	Q115586814	福島正長	0.00
Q34707	水無瀬兼俊	Q109821784	水無瀬兼俊	0.00
Q34711	水無瀬兼俊の娘 (霊瑞院の妻)	Q109833753	水無瀬兼俊の娘 (霊瑞院の妻)	0.00
Q34731	石川松樹	Q134513753	石川松樹	0.00
Q34739	石川忠義	Q134515147	石川忠義	0.00
Q34743	徳永昌純	Q109984441	徳永昌純	0.00
Q34747	脇坂世伊	Q111023360	脇坂世伊	0.00
Q34755	小笠原長宥	Q108456336	小笠原長宥	0.00
Q34759	小笠原梅	Q108488166	小笠原梅	0.00
Q34763	小笠原源姫	Q108488344	小笠原源姫	0.00
Q34772	小山氏政	Q11459904	小山氏政	0.00
Q34776	Yosikhime Oyama	Q11459779	小山よし姫	0.00
Q34780	小山若犬丸	Q11459980	小山若犬丸	0.00
Q34784	豊島泰経	Q11633545	豊島泰経	0.00
Q34788	長尾顕忠の娘 (長尾顕方の正室)	Q106809168	長尾顕忠の娘 (長尾顕方の正室)	0.00
Q34792	深井景考	Q106650328	深井景考	0.00
Q34804	高倉永康 (高倉永継の子)	Q109131772	高倉永康	0.00
Q34808	多々良氏 (斯波義達の家女房)	Q112046051	多々良氏 (斯波義達の家女房)	0.00
Q34847	斎藤道三の娘 (稲葉貞通の正室)	Q109666506	斎藤道三の娘 (稲葉貞通の正室)	0.00
Q34851	稲葉通重	Q11596987	稲葉通重	0.00
Q34855	稲葉道通	Q11596988	稲葉道通	0.00
Q34859	稲葉重通の娘 (稲葉正成の正室)	Q110069717	稲葉重通の娘 (稲葉正成の正室)	0.00
Q34863	前田玄以の娘 (稲葉貞通の継々室)	Q110946198	前田玄以の娘 (稲葉貞通の継々室)	0.00
Q34903	大友レジナ	Q108893419	大友レジナ	0.00
Q34911	斎藤三続	Q109331135	斎藤三続	0.00
Q34915	細川晴元の娘 (飯尾定宗の室)	Q108146338	細川晴元の娘 (飯尾定宗の室)	0.00
Q34923	土岐義虎	Q115586786	土岐義虎	0.00
Q34927	明智頼尚	Q109921380	明智頼尚	0.00
Q34943	明智光継の娘 (岸信周の後妻)	Q109653178	明智光継の娘 (岸信周の後妻)	0.00
Q34947	明智光久	Q111221518	明智光久	0.00
Q34963	蜷川親孝	Q108818907	蜷川親孝	0.00
Q34967	石谷光政の娘 (石谷頼辰の正室)	Q108811325	石谷光政の娘 (石谷頼辰の正室)	0.00
Q34971	石谷夫人	Q108865747	石谷夫人	0.00
Q34979	斎藤利三の娘 (柴田勝全の前室)	Q108134225	斎藤利三の娘 (柴田勝全の前室)	0.00
Q34983	斎藤利三の次女 (柴田勝全の継室)	Q108134236	斎藤利三の次女 (柴田勝全の継室)	0.00
Q35011	前野景定	Q11397843	前野景定	0.00
Q35015	杉大方	Q11521808	杉大方	0.00
Q35027	見付元氏	Q126006382	見付元氏	0.00
Q35031	相合大方	Q128843793	相合大方	0.00
Q35039	今井信慶	Q108129908	今井信慶	0.00
Q35043	今井信乂	Q98082960	今井信乂	0.00
Q35047	勧修寺政顕の娘 (畠山家俊の妻)	Q110087306	勧修寺政顕の娘 (畠山家俊の妻)	0.00
Q35055	畠山慶致	Q11578635	畠山慶致	0.00
Q35059	畠山長経	Q11578703	畠山長経	0.00
Q35063	畠山晴熙	Q105711391	畠山晴熙	0.00
Q35067	和束屋形	Q111375055	和束屋形	0.00
Q35069	細川晴宣	Q119343261	細川晴宣	0.00
Q35077	林政秀	Q110249784	林政秀	0.00
Q35081	高辻定範	Q108935782	高辻定範	0.00
Q35085	連有	Q110090455	連有	0.00
Q35089	前野正義	Q115587432	前野正義	0.00
Q35093	Gamo Hidetada	Q109116467	蒲生秀貞	0.00
Q35097	佐竹義顕 (山入佐竹氏)	Q108184564	佐竹義顕 (山入佐竹氏)	0.00
Q35101	佐竹義藤	Q11383470	佐竹義藤	0.00
Q35105	祐心 (蓮如の七女)	Q96715719	祐心 (蓮如の七女)	0.00
Q35109	白川雅業王	Q96715438	白川雅業王	0.00
Q35125	庭田重親	Q45830381	庭田重親	0.00
Q35129	冷泉政為	Q110009965	冷泉政為	0.00
Q35133	冷泉為孝	Q110009967	冷泉為孝	0.00
Q35137	山川景胤	Q107177679	山川景胤	0.00
Q35141	山川景貞	Q107177773	山川景貞	0.00
Q35145	庭田源子	Q115596170	庭田源子	0.00
Q35149	高倉継子	Q115596169	高倉継子	0.00
Q35165	河鰭実詮	Q110026736	河鰭実詮	0.00
Q35173	仁木義久	Q113166573	仁木義久	0.00
Q35181	細川常有	Q110882564	細川常有	0.00
Q35185	細川義春の娘 (細川政賢の妻)	Q108780200	細川義春の娘 (細川政賢の妻)	0.00
Q35193	横山義祐	Q11542621	横山義祐	0.00
Q35197	母里能登守の娘 (黒田職隆の側室)	Q110741214	母里能登守の娘 (黒田職隆の側室)	0.00
Q35201	Kuroda Tosinori	Q11179314	黒田利則	0.00
Q35205	香山妙春	Q110741001	香山妙春	0.00
Q35209	妙円尼	Q30927644	妙円尼	0.00
Q35213	心誉春勢	Q110741057	心誉春勢	0.00
Q35217	清水谷公松	Q108855657	清水谷公松	0.00
Q35221	橋本季宗	Q108855670	橋本季宗	0.00
Q35241	万里小路賢房	Q108852206	万里小路賢房	0.00
Q35245	松殿忠顕	Q110008297	松殿忠顕	0.00
Q35266	酒井家忠	Q106702876	酒井家忠	0.00
Q35274	古市胤栄	Q11411235	古市胤栄	0.00
Q35286	津野勝興	Q108813233	津野勝興	0.00
Q35294	吉見正頼	Q10917380	吉見正賴	0.00
Q35298	吉見広頼	Q11414294	吉見広頼	0.00
Q35306	小槻おさい	Q17224819	小槻おさい	0.00
Q35310	問田殿	Q109085288	問田殿	0.00
Q35314	広徳院御新造	Q17218913	広徳院御新造	0.00
Q35326	珠光	Q17214792	珠光	0.00
Q35334	宇都宮豊綱	Q11263282	우쓰노미야 도요쓰나	0.00
Q35338	Sigetada Kiyota	Q24868193	清田鎮忠	0.00
Q35346	藤谷為条	Q108856017	藤谷為条	0.00
Q35350	津守国繁	Q109781663	津守国繁	0.00
Q35366	綾小路高有	Q109352306	綾小路高有	0.00
Q35370	山科言総	Q109680986	山科言総	0.00
Q35374	今出川教季	Q11376760	今出川教季	0.00
Q35382	春日局（陽春院）	Q106644955	春日局（陽春院）	0.00
Q35386	細川尹賢	Q11605879	細川尹賢	0.00
Q35394	庭田雅行	Q108840944	庭田雅行	0.00
Q35402	薄以緒	Q67498327	薄以緒	0.00
Q35406	壬生雅久	Q118697913	壬生雅久	0.00
Q35410	壬生晴富	Q85878527	壬生晴富	0.00
Q35422	目々典侍	Q108747704	目々典侍	0.00
Q35434	鴨信祐の娘 (烏丸冬光の妻)	Q109785166	鴨信祐の娘 (烏丸冬光の妻)	0.00
Q35442	大崎持兼	Q17219024	大崎持兼	0.00
Q35446	大崎政兼	Q106767984	大崎政兼	0.00
Q35474	Daughter of Date Tanemune (wife of Nikaido Teruyuki)	Q108320500	伊達稙宗の娘 (二階堂照行の妻)	0.00
Q35478	伊達稙宗の次女 (懸田俊宗の継室)	Q108321292	伊達稙宗の次女 (懸田俊宗の継室)	0.00
Q35482	亘理綱宗	Q108326320	亘理綱宗	0.00
Q35486	桑折宗貞	Q108335791	桑折宗貞	0.00
Q35490	葛西晴清	Q17223365	葛西晴清	0.00
Q35494	越河御前	Q108355772	越河御前	0.00
Q35498	最上義定	Q11515460	最上義定	0.00
Q35502	摂津元親	Q110900376	摂津元親	0.00
Q35506	庭田重秀	Q109260457	庭田重秀	0.00
Q35510	清閑寺共綱	Q109789875	清閑寺共綱	0.00
Q35514	富小路頼直	Q110072262	富小路頼直	0.00
Q35518	高辻豊長	Q109315825	高辻豊長	0.00
Q35542	坊城俊方	Q109303618	坊城俊方	0.00
Q35550	坊城俊広の娘 (中御門宣顕の妻)	Q109303670	坊城俊広の娘 (中御門宣顕の妻)	0.00
Q35554	坊城正姫	Q109303806	坊城正姫	0.00
Q35558	小倉公連	Q109304401	小倉公連	0.00
Q35562	小倉熙季	Q109304583	小倉熙季	0.00
Q35570	唐橋在庸	Q109307129	唐橋在庸	0.00
Q35574	清岡長時	Q109307131	清岡長時	0.00
Q35578	桒原長義	Q109307147	桒原長義	0.00
Q35582	唐橋在隆	Q109307176	唐橋在隆	0.00
Q35586	五条為房	Q109307323	五条為房	0.00
Q35590	宗賀	Q109318642	宗賀	0.00
Q35602	西洞院時成	Q109319177	西洞院時成	0.00
Q35606	中山冷泉為尚	Q96714646	中山冷泉為尚	0.00
Q35610	今城定経	Q109320564	今城定経	0.00
Q35614	吉田兼則の娘 (入江相尚の妻)	Q109322713	吉田兼則の娘 (入江相尚の妻)	0.00
Q35618	入江相敬	Q109322718	入江相敬	0.00
Q35623	倉橋泰房	Q109322766	倉橋泰房	0.00
Q35627	土御門泰福の娘 (倉橋泰貞の妻)	Q109322808	土御門泰福の娘 (倉橋泰貞の妻)	0.00
Q35631	倉橋泰貞の娘 (愛宕通晴の妻)	Q109322780	倉橋泰貞の娘 (愛宕通晴の妻)	0.00
Q35635	倉橋泰章	Q109322814	倉橋泰章	0.00
Q35639	土御門隆俊	Q109322838	土御門隆俊	0.00
Q35643	池尻共条	Q109796046	池尻共条	0.00
Q35651	河鰭基秀の娘 (高辻豊長の妻)	Q110950816	河鰭基秀の娘 (高辻豊長の妻)	0.00
Q35655	河鰭基秀の娘 (野宮定逸の妻)	Q110950821	河鰭基秀の娘 (野宮定逸の妻)	0.00
Q35659	正親町三条実彦	Q11545667	正親町三条実彦	0.00
Q35663	滋野井公澄の娘 (堀河冬輔の妻)	Q110966656	滋野井公澄の娘 (堀河冬輔の妻)	0.00
Q35687	櫛笥隆朝	Q109337228	櫛笥隆朝	0.00
Q35691	鷲尾隆尹	Q109338750	鷲尾隆尹	0.00
Q35699	櫛笥隆成	Q109352219	櫛笥隆成	0.00
Q35703	園池実守	Q110886456	園池実守	0.00
Q35707	綾小路有胤	Q109352393	綾小路有胤	0.00
Q35711	綾小路俊景の娘 (七条信方の妻)	Q109836107	綾小路俊景の娘 (七条信方の妻)	0.00
Q35715	三条西公勝	Q109936164	三条西公勝	0.00
Q35719	三条西公福	Q110089328	三条西公福	0.00
Q35723	慈光寺具仲	Q110817816	慈光寺具仲	0.00
Q35731	染町	Q110167712	染町	0.00
Q35936	水無瀬兼豊	Q109832354	水無瀬兼豊	0.00
Q35940	水無瀬孝源	Q110061133	水無瀬孝源	0.00
Q35944	後水尾院右衛門佐局	Q6139694	右卫门佐	0.00
Q35948	水無瀬氏信の娘 (水無瀬兼豊の妻)	Q110065069	水無瀬氏信の娘 (水無瀬兼豊の妻)	0.00
Q35952	水無瀬氏信の娘 (堤輝長の妻)	Q110066587	水無瀬氏信の娘 (堤輝長の妻)	0.00
Q35956	水無瀬氏孝	Q110060996	水無瀬氏孝	0.00
Q35964	堤為任	Q110067110	堤為任	0.00
Q35968	吉良鶴姫	Q109247766	吉良鶴姫	0.00
Q35972	お豊の方	Q110192763	お豊の方	0.00
Q35976	お重の方	Q110192975	お重の方	0.00
Q35980	島津久東	Q110603887	島津久東	0.00
Q35984	島津久福 (島津綱貴の九男)	Q110607868	島津久福 (島津綱貴の九男)	0.00
Q35988	島津忠紀	Q60991044	島津忠紀	0.00
Q36004	島津久亮	Q115586605	島津久亮	0.00
Q35996	島津貴澄	Q60613828	島津貴澄	0.00
Q36024	前田玄以の娘 (三条西実条の正室)	Q108884325	前田玄以の娘 (三条西実条の正室)	0.00
Q36028	武者小路公種	Q109936215	武者小路公種	0.00
Q36032	三条西泰長	Q109936270	三条西泰長	0.00
Q36036	西郊実号	Q109936377	西郊実号	0.00
Q36040	松平和泉守の養女 (最上義智の正室)	Q109936463	松平和泉守の養女 (最上義智の正室)	0.00
Q36048	光深	Q109937245	光深	0.00
Q36056	阿野公緒	Q110142508	阿野公緒	0.00
Q36064	清水谷公美	Q110976722	清水谷公美	0.00
Q36068	清水谷陳季	Q110976394	清水谷陳季	0.00
Q36072	中御門宣順	Q109194598	中御門宣順	0.00
Q36076	岡崎宣持	Q109796907	岡崎宣持	0.00
Q36080	池尻共孝	Q109790038	池尻共孝	0.00
Q36084	五条為適の娘 (池尻共孝の妻)	Q109790157	五条為適の娘 (池尻共孝の妻)	0.00
Q36088	梅園久季	Q109796564	梅園久季	0.00
Q36092	池尻勝房の娘 (今城定経の妻)	Q109806637	池尻勝房の娘 (今城定経の妻)	0.00
Q36096	池尻勝房の娘 (松平勝以の継室)	Q109819295	池尻勝房の娘 (松平勝以の継室)	0.00
Q36100	池尻勝房の娘 (東坊城資長の妻)	Q109819495	池尻勝房の娘 (東坊城資長の妻)	0.00
Q36104	白川雅陳王	Q96715869	白川雅陳王	0.00
Q36108	四辻公理の娘 (白川雅喬王の妻)	Q109806575	四辻公理の娘 (白川雅喬王の妻)	0.00
Q36112	白川雅光王	Q108842661	白川雅光王	0.00
Q36116	白川雅冬王	Q109799287	白川雅冬王	0.00
Q36120	高倉永重	Q110079290	高倉永重	0.00
Q36141	石野基棟	Q110249706	石野基棟	0.00
Q36145	石野基綱	Q110250670	石野基綱	0.00
Q36149	野宮定縁	Q110948999	野宮定縁	0.00
Q36157	野宮定基の娘 (野宮定俊の妻)	Q110733581	野宮定基の娘 (野宮定俊の妻)	0.00
Q36165	久世経式	Q110884781	久世経式	0.00
Q36189	持明院基久の娘 (持明院基定の正室)	Q108841156	持明院基久の娘 (持明院基定の正室)	0.00
Q36193	石野基顕	Q110249587	石野基顕	0.00
Q36197	久野俊純	Q11369729	久野俊純	0.00
Q36201	高辻総長	Q110138095	高辻総長	0.00
Q36205	花園公晴	Q109867221	花園公晴	0.00
Q21068	摩貞夫人	Q84511240	摩貞夫人	0.00
Q36253	金崇斌	Q16176054	김숭빈	0.00
Q21118	獨孤開遠	Q73515795	獨孤開遠	0.00
Q21119	独孤机	Q26156591	独孤机	0.00
Q21138	王方翼	Q15904891	王方翼	0.00
Q21144	义安公主	Q16603307	义安公主	0.00
Q21145	平原公主	Q16603402	平原公主	0.00
Q21146	永富公主	Q16603466	永富公主	0.00
Q21147	義歸公主	Q16603569	義歸公主	0.00
Q21148	西河公主	Q16603627	西河公主	0.00
Q36281	順陽公主	Q16603731	顺阳公主	0.00
Q21153	宇文俭	Q10946174	宇文俭	0.00
Q36284	宇文盛	Q10946199	宇文盛	0.00
Q36288	宇文直	Q10143399	宇文直	0.00
Q36292	宇文純	Q10946204	宇文纯	0.00
Q21159	宇文逌	Q10946220	宇文逌	0.00
Q21160	宇文通	Q10946221	宇文通	0.00
Q21161	宇文震	Q10946226	宇文震	0.00
Q21162	宜都公主	Q67989342	宜都公主	0.00
Q21163	义阳公主	Q16603308	义阳公主	0.00
Q36308	崔氏 (煬帝の側室)	Q108686048	崔氏 (煬帝の側室)	0.00
Q21226	崔妃	Q11053526	崔妃	0.00
Q21257	燕郡公主	Q16603511	燕郡公主	0.00
Q21309	豆卢贵妃	Q8251286	豆卢贵妃	0.00
Q21330	陆氏	Q15902545	陆氏	0.00
Q21334	李氏	Q133447420	李氏	0.00
Q21372	独孤修法	Q26156592	独孤修法	0.00
Q21384	贺兰让	Q66235054	贺兰让	0.00
Q36465	和気保家	Q109932236	和気保家	0.00
Q36469	月輪尹賢	Q110055607	月輪尹賢	0.00
Q36473	藤原成基	Q110055740	藤原成基	0.00
Q36477	小早川弘景 (初代)	Q11460845	小早川弘景 (初代)	0.00
Q36481	小早川扶平	Q11460847	小早川扶平	0.00
Q36485	乃美家氏	Q108875747	乃美家氏	0.00
Q36489	紀親文	Q110874112	紀親文	0.00
Q36493	蘆名盛滋	Q11625149	蘆名盛滋	0.00
Q36497	蘆名氏方	Q11625142	蘆名氏方	0.00
Q36501	蘆名盛舜の娘 (相馬盛胤の正室)	Q106768643	蘆名盛舜の娘 (相馬盛胤の正室)	0.00
Q36505	蘆名氏某	Q106766669	蘆名氏某	0.00
Q36509	上杉憲武	Q55521590	上杉憲武	0.00
Q36517	那須資持	Q11642962	那須資持	0.00
Q36521	高師英	Q104204175	高師英	0.00
Q36525	山名堯政	Q115587149	山名堯政	0.00
Q36533	朝倉景明	Q111201574	朝倉景明	0.00
Q36549	Ivaki-godzen	Q108320738	岩城御前	0.00
Q36553	小梁川盛宗 (戦国時代)	Q108302255	小梁川盛宗 (戦国時代)	0.00
Q36561	天童重頼	Q109681544	天童重頼	0.00
Q36565	石川仲光	Q106995179	石川仲光	0.00
Q36569	小杉山御台	Q108302938	小杉山御台	0.00
Q36573	岩瀬御台	Q109290462	岩瀬御台	0.00
Q36577	蘆名亀王丸	Q11625140	蘆名亀王丸	0.00
Q36581	江戸崎御前	Q109279781	江戸崎御前	0.00
Q36589	大田原資清の娘 (佐久山義隆の室)	Q106775150	大田原資清の娘 (佐久山義隆の室)	0.00
Q36597	陽月貞春大姉	Q107177820	陽月貞春大姉	0.00
Q36601	芳賀高勝	Q17219281	芳賀高勝	0.00
Q36605	大寿院	Q109290368	大寿院	0.00
Q36609	高倉永敦	Q109853074	高倉永敦	0.00
Q36613	佐竹義隣	Q11383480	佐竹義隣	0.00
Q36617	佐竹義寛	Q110949081	佐竹義寛	0.00
Q36629	佐竹義久の養女 (小場義成の正室)	Q110889814	佐竹義久の養女 (小場義成の正室)	0.00
Q36633	佐竹義重の養女 (岩城常隆の継室)	Q108906979	佐竹義重の養女 (岩城常隆の継室)	0.00
Q36636	蘆野盛泰	Q11625162	蘆野盛泰	0.00
Q36640	斯波詮好	Q110903942	斯波詮好	0.00
Q36644	本阿弥妙秀	Q109732835	本阿弥妙秀	0.00
Q36652	本阿弥法秀	Q109741306	本阿弥法秀	0.00
Q36656	本阿弥妙光	Q109741740	本阿弥妙光	0.00
Q36664	Amago Sanehisa	Q11464925	尼子誠久	0.00
Q36668	尼子豊久	Q10265646	尼子豊久	0.00
Q36672	尼子敬久	Q10265626	尼子敬久	0.00
Q36676	尼子国久の娘 (宍道経慶の妻)	Q110943329	尼子国久の娘 (宍道経慶の妻)	0.00
Q36681	尼子国久の娘 (湯原信綱の妻)	Q110943421	尼子国久の娘 (湯原信綱の妻)	0.00
Q36689	和束屋形の娘 (一色晴具の妻)	Q111375067	和束屋形の娘 (一色晴具の妻)	0.00
Q36701	戸田実光	Q110284147	戸田実光	0.00
Q36705	戸田綱光	Q110284102	戸田綱光	0.00
Q36713	阿蘇惟豊	Q11657652	阿蘇惟豊	0.00
Q36717	菊池武経	Q11619805	菊池武経	0.00
Q36729	山口盛仲	Q134513378	山口盛仲	0.00
Q36733	山口教房	Q134513382	山口教房	0.00
Q36741	水谷正村の娘 (結城晴朝の正室)	Q107172394	水谷正村の娘 (結城晴朝の正室)	0.00
Q36745	大塚権之介	Q110889133	大塚権之介	0.00
Q36749	佐竹義賢	Q110889167	佐竹義賢	0.00
Q36753	小野崎宣政	Q110889403	小野崎宣政	0.00
Q36757	一色直房	Q110821666	一色直房	0.00
Q36761	一色直武	Q110822169	一色直武	0.00
Q36765	蜷川親朝	Q108818834	蜷川親朝	0.00
Q36769	江馬左馬助	Q110068506	江馬左馬助	0.00
Q36777	Ota Sigetsura	Q108805859	太田茂連	0.00
Q36785	武田元度	Q28689809	武田元度	0.00
Q36789	久我堯通	Q11369359	久我堯通	0.00
Q36793	岩倉乗具	Q11474137	岩倉乗具	0.00
Q36797	西園寺公朝の娘 (松木宗満の妻)	Q110057064	西園寺公朝の娘 (松木宗満の妻)	0.00
Q36801	万里小路秀房	Q108852630	万里小路秀房	0.00
Q36805	津守国繁の娘 (日野輝資の妻)	Q108956739	津守国繁の娘 (日野輝資の妻)	0.00
Q36809	冷光院斉月貞雲	Q110135191	冷光院斉月貞雲	0.00
Q36813	瑞泉院齢仲芳寿大姉	Q110090348	瑞泉院齢仲芳寿大姉	0.00
Q36817	花山院忠広	Q110153071	花山院忠広	0.00
Q36821	花山院定教 (左近衛中将)	Q11615284	花山院定教 (左近衛中将)	0.00
Q36825	花山院万子	Q110153274	花山院万子	0.00
Q36829	専修寺堯円	Q110154574	専修寺堯円	0.00
Q36833	三室戸誠光	Q110086904	三室戸誠光	0.00
Q36837	三室戸資順	Q110086926	三室戸資順	0.00
Q36841	北小路徳光	Q111170803	北小路徳光	0.00
Q36845	柳原資基	Q111170784	柳原資基	0.00
Q36849	愛宕通晴の娘 (伊東祐隆の正室)	Q109322988	愛宕通晴の娘 (伊東祐隆の正室)	0.00
Q36853	斎藤兵部少輔	Q11500468	斎藤兵部少輔	0.00
Q36857	足利嗣知	Q110821340	足利嗣知	0.00
Q36861	赤井家清	Q23986626	赤井家清	0.00
Q36865	赤井幸家	Q134522976	赤井幸家	0.00
Q36881	栄芳院宣通	Q109833630	栄芳院宣通	0.00
Q36885	宣政 (本願寺)	Q109833722	宣政 (本願寺)	0.00
Q36889	霊瑞院	Q109833743	霊瑞院	0.00
Q36897	野宮定逸	Q110949125	野宮定逸	0.00
Q36901	Siokava Kunimitsu	Q108778915	塩川国満	0.00
Q36905	龍照院 (塩川国満の妻)	Q111203649	龍照院 (塩川国満の妻)	0.00
Q36909	碧松院	Q109179069	碧松院	0.00
Q36918	中山慶親	Q96714772	中山慶親	0.00
Q36922	中山冷泉為親	Q96714609	中山冷泉為親	0.00
Q36930	四辻公音	Q108840097	四辻公音	0.00
Q36934	四辻実仲の娘 (四辻季遠の母)	Q108840101	四辻実仲の娘 (四辻季遠の母)	0.00
Q36938	藪嗣孝	Q108857448	藪嗣孝	0.00
Q36946	四辻季輔	Q108840282	四辻季輔	0.00
Q36950	鍋島乙成姫	Q111019903	鍋島乙成姫	0.00
Q36954	上冷泉為和の養女 (滋野井季国の妻)	Q109945585	上冷泉為和の養女 (滋野井季国の妻)	0.00
Q36958	滋野井公古	Q109945329	滋野井公古	0.00
Q36962	五辻為仲	Q109946273	五辻為仲	0.00
Q36978	久野与次郎	Q108490859	久野与次郎	0.00
Q36982	鳥居康忠	Q108490918	鳥居康忠	0.00
Q36990	Kanetomi Yosida	Q109321328	吉田兼富	0.00
Q36994	清原業賢	Q110393619	清原業賢	0.00
Q36998	吉田兼将	Q109321555	吉田兼将	0.00
Q37002	富小路資直	Q102246945	富小路資直	0.00
Q37006	富小路種直	Q109830280	富小路種直	0.00
Q37014	五条為経	Q109308583	五条為経	0.00
Q37018	岩手信盛	Q119344823	岩手信盛	0.00
Q37030	福島正鎮	Q11593159	福島正鎮	0.00
Q37034	佐久間正勝の娘 (織田貞置の正室)	Q111182087	佐久間正勝の娘 (織田貞置の正室)	0.00
Q37046	津和野局	Q111215399	津和野局	0.00
Q37050	毛利徳鶴丸	Q126006391	毛利徳鶴丸	0.00
Q37083	稲葉正倚	Q110968151	稲葉正倚	0.00
Q37087	織田善右衛門	Q95511949	織田善右衛門	0.00
Q37091	関成次	Q11655795	関成次	0.00
Q37099	浅野氏次	Q106678619	浅野氏次	0.00
Q37103	阿野実顕	Q11657994	阿野実顕	0.00
Q37107	吉田兼治の娘 (阿野実顕の妻)	Q109896485	吉田兼治の娘 (阿野実顕の妻)	0.00
Q37111	高力隆長の娘 (阿野実藤の妻)	Q110142164	高力隆長の娘 (阿野実藤の妻)	0.00
Q37115	阿野実字	Q110142256	阿野実字	0.00
Q37119	安井御前	Q18235830	安井御前	0.00
Q37123	安井重知	Q106678497	安井重知	0.00
Q37131	浅野長継	Q109936736	浅野長継	0.00
Q37135	船越永景	Q98734487	船越永景	0.00
Q37139	近藤重直	Q18758751	近藤重直	0.00
Q37151	朝倉教景の娘 (織田久長の正室)	Q111134365	朝倉教景の娘 (織田久長の正室)	0.00
Q37159	織田敏宗	Q11608385	織田敏宗	0.00
Q37163	Nagayosi Maki	Q11570630	牧長義	0.00
Q37167	Toyama Kageto	Q11642033	遠山景任	0.00
Q37171	Oda Nobuyasu	Q11608276	織田信安	0.00
Q37175	飯尾尚清の娘 (長谷川秀一の妻)	Q108760953	飯尾尚清の娘 (長谷川秀一の妻)	0.00
Q37179	丹羽長政	Q115596087	丹羽長政	0.00
Q37187	蜂屋直政	Q109966347	蜂屋直政	0.00
Q37191	丹羽長次 (旗本)	Q109966601	丹羽長次 (旗本)	0.00
Q37195	決光院	Q109966697	決光院	0.00
Q37199	撃林院	Q109966803	撃林院	0.00
Q37218	下間頼龍の娘 (日置忠俊の妻)	Q109657158	下間頼龍の娘 (日置忠俊の妻)	0.00
Q37234	柴田義宣	Q108991081	柴田義宣	0.00
Q37238	東園基教	Q109799521	東園基教	0.00
Q37242	園基任の娘 (柳原茂光の妻)	Q110081113	園基任の娘 (柳原茂光の妻)	0.00
Q37246	山内玉姫	Q110656819	山内玉姫	0.00
Q37254	京極菊姫	Q108101043	京極菊姫	0.00
Q37266	今出川公規	Q11376748	今出川公規	0.00
Q37270	今出川伊季	Q11376741	今出川伊季	0.00
Q37274	蜂屋謙入	Q115587250	蜂屋謙入	0.00
Q37278	津川義冬	Q11556112	津川義冬	0.00
Q37286	心月女王	Q134436065	心月女王	0.00
Q37298	桑折景長	Q11537555	桑折景長	0.00
Q37302	桑折政長	Q11537553	桑折政長	0.00
Q37306	三沢於常	Q108907479	三沢於常	0.00
Q37310	伊達村倫	Q11380784	伊達村倫	0.00
Q37322	相如院	Q108907505	相如院	0.00
Q37326	三沢宗直の娘 (伊達村興の正室)	Q108907549	三沢宗直の娘 (伊達村興の正室)	0.00
Q37334	岡村於隆の方	Q109352490	岡村於隆の方	0.00
Q37338	高橋倫	Q110883548	高橋倫	0.00
Q37346	伊達和姫	Q110883636	伊達和姫	0.00
Q37358	月光院 (亘理元宗の正室)	Q109327887	月光院 (亘理元宗の正室)	0.00
Q37378	東園基量	Q109806342	東園基量	0.00
Q37382	東園基賢の娘 (京極高住の正室)	Q109806490	東園基賢の娘 (京極高住の正室)	0.00
Q37386	東園基賢の娘 (白川雅光王の妻)	Q109806524	東園基賢の娘 (白川雅光王の妻)	0.00
Q37391	葉川基淳	Q110074521	葉川基淳	0.00
Q37395	波多基維	Q110074670	波多基維	0.00
Q37399	柳原資行	Q110080938	柳原資行	0.00
Q37403	日野光茂	Q113206530	日野光茂	0.00
Q37419	伊勢貞房	Q108960859	伊勢貞房	0.00
Q37423	伊勢貞助	Q62601439	伊勢貞助	0.00
Q37439	松倉重政の娘 (坊城俊昌の妻)	Q109864672	松倉重政の娘 (坊城俊昌の妻)	0.00
Q37447	甘露寺時長	Q110058891	甘露寺時長	0.00
Q37451	甘露寺嗣長	Q110059102	甘露寺嗣長	0.00
Q37455	橋本実村	Q108855679	橋本実村	0.00
Q37459	万里小路淳房	Q109854191	万里小路淳房	0.00
Q37467	裏辻季盛	Q108855870	裏辻季盛	0.00
Q37475	葉室頼重	Q109852009	葉室頼重	0.00
Q37479	橋本実松	Q109852460	橋本実松	0.00
Q37483	斯波義康	Q20040540	斯波義康	0.00
Q37487	津川近利	Q11556115	津川近利	0.00
Q37491	津川近治	Q11556117	津川近治	0.00
Q37515	和田政秀	Q109116522	和田政秀	0.00
Q37519	Daughter of Gamo Hidetsuna (legal wife of Gamo Sadahide)	Q109116531	蒲生秀綱の娘 (蒲生貞秀の正室)	0.00
Q37527	慈照院 (南部信直の後室)	Q110074315	慈照院 (南部信直の後室)	0.00
Q37531	仙寿院 (南部利直の側室)	Q29411039	仙寿院 (南部利直の側室)	0.00
Q37543	関盛吉	Q22131468	関盛吉	0.00
Q37547	関一利	Q119380356	関一利	0.00
Q37550	北畠材親	Q11403859	北畠材親	0.00
Q37554	Wada Korenaga	Q11418009	和田惟長	0.00
Q37558	安藤重長の娘 (丹羽光重正室)	Q111027821	安藤重長の娘 (丹羽光重正室)	0.00
Q37566	池田美恵子	Q111192640	池田美恵子	0.00
Q37570	池田唯子	Q111196347	池田唯子	0.00
Q37574	松平親俊	Q115587300	松平親俊	0.00
Q37578	西尾吉次	Q11627721	西尾吉次	0.00
Q37582	松平一忠	Q106317211	松平一忠	0.00
Q37586	酒井康忠	Q106702943	酒井康忠	0.00
Q37590	酒井忠善	Q115596126	酒井忠善	0.00
Q37594	酒井恒城	Q115587147	酒井恒城	0.00
Q37598	稲垣重綱の娘 (本多忠相の正室)	Q110050858	稲垣重綱の娘 (本多忠相の正室)	0.00
Q37602	松平勝宗	Q106317197	松平勝宗	0.00
Q37606	内藤宗清	Q113232056	内藤宗清	0.00
Q37618	水野鶴	Q111021241	水野鶴	0.00
Q37622	有馬清純	Q11516808	有馬清純	0.00
Q37626	一色氏勝	Q108745029	一色氏勝	0.00
Q37630	板倉久	Q110727182	板倉久	0.00
Q37638	直江景明	Q11581800	直江景明	0.00
Q37646	植村家政の娘 (安部信之の正室)	Q111143495	植村家政の娘 (安部信之の正室)	0.00
Q37650	安部信世	Q111143617	安部信世	0.00
Q37658	星覚院 (松下重綱の正室)	Q111216504	星覚院 (松下重綱の正室)	0.00
Q37682	明石正風	Q18989874	明石正風	0.00
Q37686	浦上誠宗	Q11558120	浦上誠宗	0.00
Q37690	斎藤長実の娘 (筑紫広門の妻)	Q110903023	斎藤長実の娘 (筑紫広門の妻)	0.00
Q37694	筑紫信門	Q79737485	筑紫信門	0.00
Q37698	養福院 (立花直次の正室)	Q110903054	養福院 (立花直次の正室)	0.00
Q37706	小笠原賀留	Q111027288	小笠原賀留	0.00
Q37710	小笠原伊予	Q111027487	小笠原伊予	0.00
Q37714	黒田利	Q110901613	黒田利	0.00
Q37718	大関高増	Q11439903	大関高増	0.00
Q37722	常覚院	Q108884522	常覚院	0.00
Q37726	酒井忠恒	Q8515187	사카이 다다쓰네	0.00
Q37730	岡部親綱	Q11473868	岡部親綱	0.00
Q37734	Sadatsuna Tsutiya	Q11473873	土屋貞綱	0.00
Q37738	岡部元信の娘	Q106056828	岡部元信の娘	0.00
Q37742	岡部真堯	Q126006454	岡部真堯	0.00
Q37746	岡部行隆の娘 (有馬清純の正室)	Q111023306	岡部行隆の娘 (有馬清純の正室)	0.00
Q37758	Nabesima Oman	Q134298867	Набэсима Оман	0.00
Q37762	Nabesima Naotaka	Q59552275	鍋島直堯	0.00
Q37767	Taku Sigetoki	Q11430609	多久茂辰	0.00
Q37771	Taku Sigenori	Q11430610	多久茂矩	0.00
Q37775	Isakhaya Sigeyosi	Q11632021	諫早茂敬	0.00
Q37779	Kumasiro Iseman	Q134300058	Кумасиро Исэман	0.00
Q37783	Kumasiro Onari	Q134299962	Кумасиро Онари	0.00
Q37787	奥平義政	Q134695467	奥平義政	0.00
Q37791	奥平貞次	Q134699753	奥平貞次	0.00
Q37795	長坂信宅	Q24867249	長坂信宅	0.00
Q37799	法雲院 (山内豊昌の側室)	Q111307255	法雲院 (山内豊昌の側室)	0.00
Q37803	山内多代	Q110656129	山内多代	0.00
Q37811	姉小路安姫	Q110136258	姉小路安姫	0.00
Q37815	内藤元長	Q118697839	内藤元長	0.00
Q37823	内藤忠興の娘 (土方雄次の正室)	Q113244689	内藤忠興の娘 (土方雄次の正室)	0.00
Q37835	蒲生郷喜	Q111018799	蒲生郷喜	0.00
Q37839	土方雄重	Q8514867	히지카타 가쓰시게	0.00
Q37843	平岡頼資	Q11482630	平岡頼資	0.00
Q37847	栄久院 (阿部正鎮の正室)	Q111254668	栄久院 (阿部正鎮の正室)	0.00
Q37855	阿部正鎮の娘 (戸田光邦の正室)	Q111260902	阿部正鎮の娘 (戸田光邦の正室)	0.00
Q37863	酒井忠雄	Q87869620	酒井忠雄	0.00
Q37867	秋山虎繁の娘 (秋山昌詮の妻)	Q111296225	秋山虎繁の娘 (秋山昌詮の妻)	0.00
Q37871	柴田勝全	Q108134238	柴田勝全	0.00
Q37875	西郷忠員	Q11629667	西郷忠員	0.00
Q37887	近藤忠吉	Q111253747	近藤忠吉	0.00
Q37891	Mitimasa Edo	Q11551122	江戸通雅	0.00
Q37895	板倉慶	Q110727644	板倉慶	0.00
Q37903	山口秀景	Q95400574	山口秀景	0.00
Q37911	日野福	Q109917846	日野福	0.00
Q37915	本多康慶の娘 (本多康文の正室)	Q110969211	本多康慶の娘 (本多康文の正室)	0.00
Q37919	榊原久政	Q110825129	榊原久政	0.00
Q37923	榊原久近	Q110825146	榊原久近	0.00
Q37928	榊原久通	Q110825167	榊原久通	0.00
Q37932	菅沼定継	Q11619298	菅沼定継	0.00
Q37940	菅沼定仙	Q106680683	菅沼定仙	0.00
Q37948	Sadasige Kimura	Q11518807	木村定重	0.00
Q37964	品川高如	Q11418433	品川高如	0.00
Q37968	西郷延員	Q11629664	西郷延員	0.00
Q37976	石川成綱	Q118747099	石川成綱	0.00
Q37988	Ikoma Yosinaga	Q11574909	生駒善長	0.00
Q37992	坪内家定	Q55973368	坪内家定	0.00
Q38000	慈光院 (蜂須賀家政の正室)	Q17992523	慈光院 (蜂須賀家政の正室)	0.00
Q38004	阿喜姫	Q17988308	阿喜姫	0.00
Q38008	小笠原満	Q111027354	小笠原満	0.00
Q38020	稲垣重綱の娘 (真田信政の正室)	Q110050864	稲垣重綱の娘 (真田信政の正室)	0.00
Q38718	池田千子	Q111050998	池田千子	0.00
Q38164	庭田重具	Q108841005	庭田重具	0.00
Q38168	葉室頼宣	Q108972167	葉室頼宣	0.00
Q38176	葛岡玄仲の娘 (西洞院時慶の正室)	Q109983934	葛岡玄仲の娘 (西洞院時慶の正室)	0.00
Q38180	近衛綱姫	Q134560613	近衛綱姫	0.00
Q38184	高倉永相の娘 (水無瀬氏成の妻)	Q109822018	高倉永相の娘 (水無瀬氏成の妻)	0.00
Q38188	七条隆脩	Q109822750	七条隆脩	0.00
Q38192	水無瀬氏成の娘 (甘露寺嗣長の妻)	Q110060795	水無瀬氏成の娘 (甘露寺嗣長の妻)	0.00
Q38196	森大姫	Q111132137	森大姫	0.00
Q38200	伊勢貞敦	Q109330461	伊勢貞敦	0.00
Q38205	松平乗寿の娘 (増山正利の正室)	Q110967960	松平乗寿の娘 (増山正利の正室)	0.00
Q38209	六角広安	Q110875164	六角広安	0.00
Q38213	堀田正元の娘 (白須正休の妻)	Q110281520	堀田正元の娘 (白須正休の妻)	0.00
Q38217	清閑寺熙定	Q11561445	清閑寺熙定	0.00
Q38233	阿部正晴	Q24861352	阿部正晴	0.00
Q38237	阿部正府	Q24872635	阿部正府	0.00
Q38241	前田頴	Q111018666	前田頴	0.00
Q38245	烏丸光康の娘 (広橋国光の妻)	Q109784593	烏丸光康の娘 (広橋国光の妻)	0.00
Q38249	烏丸光康の娘 (正親町季秀の正室)	Q109788083	烏丸光康の娘 (正親町季秀の正室)	0.00
Q38257	烏丸光康の娘 (広橋兼勝の妻)	Q109924223	烏丸光康の娘 (広橋兼勝の妻)	0.00
Q38265	清閑寺共房の娘 (烏丸資慶の正室)	Q109830197	清閑寺共房の娘 (烏丸資慶の正室)	0.00
Q38269	烏丸光雄	Q109829662	烏丸光雄	0.00
Q38273	烏丸資慶の娘 (七条隆豊の妻)	Q109830472	烏丸資慶の娘 (七条隆豊の妻)	0.00
Q38277	稲葉景通の娘 (裏松資清の妻)	Q109916379	稲葉景通の娘 (裏松資清の妻)	0.00
Q42568	裏松益光	Q109916944	裏松益光	0.00
Q38285	竹屋光長	Q109934197	竹屋光長	0.00
Q38289	日野西総盛	Q109934149	日野西総盛	0.00
Q38293	西大路隆郷	Q109935389	西大路隆郷	0.00
Q38297	日野西光氏	Q109935369	日野西光氏	0.00
Q38301	正親町季康	Q109924270	正親町季康	0.00
Q38305	三条西公勝の娘 (広橋綏光の妻)	Q109950015	三条西公勝の娘 (広橋綏光の妻)	0.00
Q38309	広橋兼茂	Q109935746	広橋兼茂	0.00
Q38313	広橋綏尚	Q109935998	広橋綏尚	0.00
Q38317	広橋貞光	Q109947219	広橋貞光	0.00
Q38321	西大路隆平	Q109952105	西大路隆平	0.00
Q38325	内藤忠興の養女 (諏訪忠晴の正室)	Q108896781	内藤忠興の養女 (諏訪忠晴の正室)	0.00
Q38329	諏訪於栄	Q108884757	諏訪於栄	0.00
Q38333	森長基	Q109680412	森長基	0.00
Q38337	森長継の娘 (鳥居忠則の正室)	Q109680525	森長継の娘 (鳥居忠則の正室)	0.00
Q38341	森兼	Q111015390	森兼	0.00
Q38345	森長継の娘 (松平康雄の正室)	Q111133485	森長継の娘 (松平康雄の正室)	0.00
Q38349	難波宗勝	Q11659535	難波宗勝	0.00
Q38353	平松時量	Q109917132	平松時量	0.00
Q38357	平松時広	Q109919678	平松時広	0.00
Q38361	平松時方	Q109957368	平松時方	0.00
Q38365	常勤 (僧)	Q110974458	常勤 (僧)	0.00
Q38373	松平遊	Q111142856	松平遊	0.00
Q38377	明鏡院 (佐竹義道の正室)	Q111289175	明鏡院 (佐竹義道の正室)	0.00
Q38393	児玉元次	Q45830176	児玉元次	0.00
Q38401	毛利就詮	Q11547611	毛利就詮	0.00
Q38409	飛鳥井雅香	Q110951926	飛鳥井雅香	0.00
Q38429	加藤百助	Q108747126	加藤百助	0.00
Q38457	吉良阿久利姫	Q109247958	吉良阿久利姫	0.00
Q38518	池田定得	Q11551813	池田定得	0.00
Q38530	綾木大方	Q41699074	綾木大方	0.00
Q38554	堀河康胤の娘 (樋口信康の正室)	Q109899433	堀河康胤の娘 (樋口信康の正室)	0.00
Q38558	樋口康勝	Q109899405	樋口康勝	0.00
Q38562	樋口康資	Q109899776	樋口康資	0.00
Q38574	本多康慶の娘 (相馬尊胤の正室)	Q110969026	本多康慶の娘 (相馬尊胤の正室)	0.00
Q38578	安野民	Q108485729	安野民	0.00
Q38586	大久保頼郁	Q110251060	大久保頼郁	0.00
Q38590	松平菊	Q110251081	松平菊	0.00
Q38602	雲鏡院	Q108917265	雲鏡院	0.00
Q38606	清光院 (毛利広豊の妻)	Q108917291	清光院 (毛利広豊の妻)	0.00
Q38622	毛利美代子	Q110684831	毛利美代子	0.00
Q38626	毛利久米子	Q110686879	毛利久米子	0.00
Q38634	鏑木政幸	Q111025117	鏑木政幸	0.00
Q38642	本多忠統の娘 (本多忠英の正室のち吉田良延の妻)	Q110973638	本多忠統の娘 (本多忠英の正室のち吉田良延の妻)	0.00
Q38646	亀姫 (細川利重の正室)	Q108485575	亀姫 (細川利重の正室)	0.00
Q38650	清涼院 (細川有孝の正室)	Q108799349	清涼院 (細川有孝の正室)	0.00
Q38654	細川綱利の養女 (久我惟通の妻)	Q110155728	細川綱利の養女 (久我惟通の妻)	0.00
Q38658	奥平昌章の娘 (秋元喬房の正室)	Q134625300	奥平昌章の娘 (秋元喬房の正室)	0.00
Q38662	Nabesima Nio	Q134688750	Набэсима Нио	0.00
Q38666	Nabesima Naoyosi	Q11650687	鍋島直能	0.00
Q38670	Kyosyo-in	Q109327406	興祥院	0.00
Q38674	鍋島於千百	Q111172894	鍋島於千百	0.00
Q38682	大久保忠成	Q115586953	大久保忠成	0.00
Q38690	前田玄以の娘 (石川忠総の継室)	Q110086720	前田玄以の娘 (石川忠総の継室)	0.00
Q38702	荒尾嵩就	Q11618439	荒尾嵩就	0.00
Q38710	阿古御局	Q11657342	阿古御局	0.00
Q38714	池田由貞	Q11552038	池田由貞	0.00
Q38722	池田夏子	Q111203778	池田夏子	0.00
Q38726	盛寿院 (伊木忠次の継室)	Q111180860	盛寿院 (伊木忠次の継室)	0.00
Q38730	伊木忠繁	Q11379414	伊木忠繁	0.00
Q38734	脇坂安信の娘	Q111206256	脇坂安信の娘	0.00
Q38742	森寺忠勝	Q111187704	森寺忠勝	0.00
Q38746	久留島通春	Q11369498	久留島通春	0.00
Q38758	日野資勝	Q108957356	日野資勝	0.00
Q38762	日野資茂	Q109202775	日野資茂	0.00
Q38766	豊岡有尚	Q109202972	豊岡有尚	0.00
Q38770	豊岡弘昌	Q109203013	豊岡弘昌	0.00
Q38774	日野輝光	Q109202892	日野輝光	0.00
Q38782	池田長喬 (片桐池田家)	Q11552182	池田長喬 (片桐池田家)	0.00
Q38786	Takayama Sigetosi	Q108689599	高山重利	0.00
Q38790	中川清村	Q111087128	中川清村	0.00
Q38814	日置金子	Q111159114	日置金子	0.00
Q38818	池田太寅	Q11551788	池田太寅	0.00
Q38822	日置忠明	Q11510235	日置忠明	0.00
Q38826	藤堂高義 (藤堂内匠家)	Q111133692	藤堂高義 (藤堂内匠家)	0.00
Q38830	西洞院時慶の娘 (姉小路公景の妻)	Q110090209	西洞院時慶の娘 (姉小路公景の妻)	0.00
Q38834	姉小路実道	Q110089674	姉小路実道	0.00
Q38838	風早実種	Q110861076	風早実種	0.00
Q38842	山本実富	Q110892782	山本実富	0.00
Q38846	大宮実勝	Q110894015	大宮実勝	0.00
Q38858	藤堂忠高の娘 (藤堂虎高の正室)	Q109775633	藤堂忠高の娘 (藤堂虎高の正室)	0.00
Q38886	藤堂正高	Q111133680	藤堂正高	0.00
Q38894	藤堂高堅	Q11623744	藤堂高堅	0.00
Q38914	専修寺尭真	Q109788860	専修寺尭真	0.00
Q38926	河鰭輝季	Q110026797	河鰭輝季	0.00
Q38934	町尻具英	Q109832384	町尻具英	0.00
Q38938	桜井兼里	Q109832621	桜井兼里	0.00
Q38942	水無瀬則俊	Q109834880	水無瀬則俊	0.00
Q38958	大久保忠隣の養女 (山口重信の正室)	Q134515366	大久保忠隣の養女 (山口重信の正室)	0.00
Q38966	月光院 (脇坂安政の側室)	Q111023614	月光院 (脇坂安政の側室)	0.00
Q38970	脇坂左牟	Q111023608	脇坂左牟	0.00
Q38974	小笠原長丘	Q108456388	小笠原長丘	0.00
Q38994	井伊房	Q110089194	井伊房	0.00
Q38998	小山秀朝	Q11459965	小山秀朝	0.00
Q39002	豊島経祐	Q109292519	豊島経祐	0.00
Q39006	木曽家教	Q106762527	木曽家教	0.00
Q39010	東坊城長淳	Q109308672	東坊城長淳	0.00
Q39014	吉田兼英	Q109873635	吉田兼英	0.00
Q39018	吉田たま	Q109894691	吉田たま	0.00
Q39034	大友貞勝	Q110155960	大友貞勝	0.00
Q39042	奈多鎮基	Q108893354	奈多鎮基	0.00
Q39050	臼杵統尚	Q109299788	臼杵統尚	0.00
Q39054	臼杵統尚の娘	Q109323837	臼杵統尚の娘	0.00
Q39062	細川澄元の娘 (有馬重則の正室)	Q108086217	細川澄元の娘 (有馬重則の正室)	0.00
Q39066	岸信周	Q11475788	岸信周	0.00
Q39074	筒井順昭の娘 (井戸良弘の妻)	Q109923182	筒井順昭の娘 (井戸良弘の妻)	0.00
Q39111	佐竹親直	Q11383482	佐竹親直	0.00
Q39115	柴田朝意	Q11534845	柴田朝意	0.00
Q39119	稲葉一通の娘 (溝口宣直の正室)	Q109966147	稲葉一通の娘 (溝口宣直の正室)	0.00
Q39123	荒木義村	Q111191164	荒木義村	0.00
Q39127	荒木高村	Q111191156	荒木高村	0.00
Q39135	池田長正の娘 (荒木村重の正室)	Q109916351	池田長正の娘 (荒木村重の正室)	0.00
Q39139	荒木村基	Q111191209	荒木村基	0.00
Q39143	井戸覚弘 (戦国時代)	Q22124857	井戸覚弘 (戦国時代)	0.00
Q39147	高橋久光の娘 (毛利興元の正室)	Q108059984	高橋久光の娘 (毛利興元の正室)	0.00
Q39155	毛利興元の娘	Q108883864	毛利興元の娘	0.00
Q39163	今井信甫	Q98082730	今井信甫	0.00
Q39167	今井虎甫	Q98082731	今井虎甫	0.00
Q39179	島津御南	Q110689112	島津御南	0.00
Q39183	島津御隅	Q110689144	島津御隅	0.00
Q39191	島津にし	Q110689455	島津にし	0.00
Q39195	花舜夫人	Q110689660	花舜夫人	0.00
Q39199	久松道定	Q108744718	久松道定	0.00
Q39202	月輝院秋芳貞良	Q110117390	月輝院秋芳貞良	0.00
Q39206	舜有	Q110090334	舜有	0.00
Q39210	森正久	Q115596163	森正久	0.00
Q39214	Gamou Hidetsuna	Q109116516	蒲生秀綱	0.00
Q39222	興行寺蓮尭	Q109791911	興行寺蓮尭	0.00
Q39226	庭田重保	Q108840961	庭田重保	0.00
Q39230	冷泉為豊	Q110070575	冷泉為豊	0.00
Q39234	小山成長	Q11459867	小山成長	0.00
Q39246	伏見宮邦茂王	Q111308157	伏見宮邦茂王	0.00
Q39250	邦茂王	Q128852082	邦茂王	0.00
Q39254	分部信政の娘 (河鰭実詮の妻)	Q110046770	分部信政の娘 (河鰭実詮の妻)	0.00
Q39258	押小路公音	Q109949862	押小路公音	0.00
Q39262	押小路実岑	Q110952125	押小路実岑	0.00
Q39266	大野政久	Q113172229	大野政久	0.00
Q39270	杉原義久	Q113172327	杉原義久	0.00
Q39274	細川政有	Q110883062	細川政有	0.00
Q39278	細川之持の娘 (久米義広の妻)	Q108155596	細川之持の娘 (久米義広の妻)	0.00
Q39282	Akamatsu Harumasa	Q11635697	赤松晴政	0.00
Q39286	黒田高政	Q20039854	黒田高政	0.00
Q39294	橋本実勝	Q108855665	橋本実勝	0.00
Q39310	町顕量	Q110087265	町顕量	0.00
Q39314	勧修寺政顕の娘 (広橋兼秀の妻)	Q110087322	勧修寺政顕の娘 (広橋兼秀の妻)	0.00
Q39318	今出川公興	Q11376746	今出川公興	0.00
Q39326	阿野季時	Q109947590	阿野季時	0.00
Q39330	松殿家豊	Q110008396	松殿家豊	0.00
Q39334	尊俊	Q110008414	尊俊	0.00
Q39338	高倉永孝	Q108910746	高倉永孝	0.00
Q39342	伊勢貞陸の娘 (高倉永家の妻)	Q109781867	伊勢貞陸の娘 (高倉永家の妻)	0.00
Q39346	白川雅朝王	Q96715018	白川雅朝王	0.00
Q39350	北畠親顕	Q115587056	北畠親顕	0.00
Q39362	葉室定藤 (葉室頼房の子)	Q102246638	葉室定藤 (葉室頼房の子)	0.00
Q39366	葉室頼房の娘 (五辻之仲の妻)	Q109849098	葉室頼房の娘 (五辻之仲の妻)	0.00
Q39370	五条為賢	Q109830633	五条為賢	0.00
Q39374	町資将	Q11578357	町資将	0.00
Q39386	高倉永家の娘 (広橋国光の妻)	Q109782231	高倉永家の娘 (広橋国光の妻)	0.00
Q39406	内藤弘矩の娘 (内藤興盛の正室)	Q108124883	内藤弘矩の娘 (内藤興盛の正室)	0.00
Q39410	内藤弘矩の娘 (吉見頼興の妻)	Q108896072	内藤弘矩の娘 (吉見頼興の妻)	0.00
Q39414	吉見頼興	Q11414307	吉見頼興	0.00
Q39422	河原殿	Q111215441	河原殿	0.00
Q39434	細川真之	Q11605961	細川真之	0.00
Q39438	藤谷為茂	Q109320625	藤谷為茂	0.00
Q39450	山科持言	Q108851147	山科持言	0.00
Q39455	四条隆安	Q108851403	四条隆安	0.00
Q39463	正親町実豊の娘 (中川久忠の正室)	Q110958934	正親町実豊の娘 (中川久忠の正室)	0.00
Q39467	五辻之仲	Q97818987	五辻之仲	0.00
Q39475	藤原将広	Q38277719	藤原将広	0.00
Q39479	織田常勝	Q109665931	織田常勝	0.00
Q39487	庭田重経	Q108840955	庭田重経	0.00
Q39495	壬生于恒	Q118697904	壬生于恒	0.00
Q39499	壬生晨照	Q85878522	壬生晨照	0.00
Q39503	Munetaka Vatari	Q11373828	亘理宗隆	0.00
Q39507	中条定資	Q109278901	中条定資	0.00
Q39519	懸田俊宗	Q84803613	Kakeda Toshimune	0.00
Q39531	最上義淳	Q11091680	最上义淳	0.00
Q39535	庭田雅純	Q110094094	庭田雅純	0.00
Q39543	岡崎宗房	Q110602648	岡崎宗房	0.00
Q39551	富小路永貞	Q110139188	富小路永貞	0.00
Q39555	萩原員従	Q110139517	萩原員従	0.00
Q39559	富小路利直	Q110139811	富小路利直	0.00
Q39563	富小路房恕	Q110139943	富小路房恕	0.00
Q39567	東坊城長維	Q109315673	東坊城長維	0.00
Q39572	高辻豊長の娘 (高辻長量の妻)	Q110141434	高辻豊長の娘 (高辻長量の妻)	0.00
Q39584	葉室頼要	Q109852899	葉室頼要	0.00
Q39588	坊城俊清の娘 (坊城俊将の妻)	Q110068773	坊城俊清の娘 (坊城俊将の妻)	0.00
Q39592	中御門宣顕	Q109195780	中御門宣顕	0.00
Q39596	烏丸宣定	Q109303789	烏丸宣定	0.00
Q39608	若江理長	Q109784157	若江理長	0.00
Q39612	高倉永敦の娘 (清岡長時の妻)	Q110078827	高倉永敦の娘 (清岡長時の妻)	0.00
Q39616	清岡致長	Q109789417	清岡致長	0.00
Q39620	若江長統	Q109789489	若江長統	0.00
Q39628	西洞院時国	Q110168039	西洞院時国	0.00
Q39632	西洞院時光	Q110306953	西洞院時光	0.00
Q39636	長谷範量	Q110307265	長谷範量	0.00
Q39644	西洞院範篤	Q110308418	西洞院範篤	0.00
Q39652	吉田兼則	Q109322711	吉田兼則	0.00
Q39656	倉橋泰吉	Q97031325	倉橋泰吉	0.00
Q39660	乾安房知長の妹 (倉橋泰章の妻)	Q110307621	乾安房知長の妹 (倉橋泰章の妻)	0.00
Q39664	倉橋泰孝	Q110307650	倉橋泰孝	0.00
Q39676	持明院基久の娘 (萩原兼従の妻)	Q110139741	持明院基久の娘 (萩原兼従の妻)	0.00
Q39680	土御門泰広	Q109937337	土御門泰広	0.00
Q39684	兼存	Q109937503	兼存	0.00
Q39688	園池実守の娘 (滋野井実全の妻)	Q111167534	園池実守の娘 (滋野井実全の妻)	0.00
Q39692	堀河冬輔	Q111172293	堀河冬輔	0.00
Q39696	堀河康実	Q111172374	堀河康実	0.00
Q39731	櫛笥隆方	Q109337371	櫛笥隆方	0.00
Q39735	櫛笥隆胤	Q109337547	櫛笥隆胤	0.00
Q39743	裏松意光の娘 (鷲尾隆尹の妻)	Q109916670	裏松意光の娘 (鷲尾隆尹の妻)	0.00
Q39747	堀河康致	Q109351991	堀河康致	0.00
Q39751	鷲尾隆尹の娘 (阿野公緒の妻)	Q110143041	鷲尾隆尹の娘 (阿野公緒の妻)	0.00
Q39759	園池実守の娘 (柳原光綱の妻)	Q111172060	園池実守の娘 (柳原光綱の妻)	0.00
Q39763	園池房季	Q111172223	園池房季	0.00
Q39767	七条信方	Q109831137	七条信方	0.00
Q39771	七条信全	Q109836004	七条信全	0.00
Q39775	三条西実称	Q110089404	三条西実称	0.00
Q39779	花園公純	Q110147663	花園公純	0.00
Q39791	三条西延季	Q110166409	三条西延季	0.00
Q39803	花園実満の娘 (吉田兼敬の妻)	Q109867268	花園実満の娘 (吉田兼敬の妻)	0.00
Q39807	吉田兼章	Q109866632	吉田兼章	0.00
Q39811	舟橋尚賢	Q109872889	舟橋尚賢	0.00
Q40215	小倉季永	Q110137403	小倉季永	0.00
Q40219	堤晴長	Q110068241	堤晴長	0.00
Q40223	高倉永秀	Q110168629	高倉永秀	0.00
Q40227	馬場とせ	Q113241115	馬場とせ	0.00
Q40235	徳川豊姫	Q113241226	徳川豊姫	0.00
Q40243	青山幸通	Q115586939	青山幸通	0.00
Q40247	青山幸高	Q115586801	青山幸高	0.00
Q40255	清水谷実任	Q109947554	清水谷実任	0.00
Q40263	吉田良延	Q110967684	吉田良延	0.00
Q40267	中御門資熈	Q109195145	中御門資熈	0.00
Q40275	桂昭房	Q110602602	桂昭房	0.00
Q40284	東坊城資長	Q109789641	東坊城資長	0.00
Q40287	東坊城綱忠	Q109789765	東坊城綱忠	0.00
Q40291	四辻季藤	Q108842672	四辻季藤	0.00
Q40316	石野基幸	Q110249650	石野基幸	0.00
Q40328	石野基標	Q110251023	石野基標	0.00
Q40356	持明院基定の娘 (高倉永敦の妻)	Q110079394	持明院基定の娘 (高倉永敦の妻)	0.00
Q40360	持明院家胤	Q110255381	持明院家胤	0.00
Q40364	高辻長量	Q109318665	高辻長量	0.00
Q40372	高辻冬長	Q110141492	高辻冬長	0.00
Q40380	高辻家長	Q110143518	高辻家長	0.00
Q40388	高辻俊長	Q110657921	高辻俊長	0.00
Q40392	高辻以長	Q110660141	高辻以長	0.00
Q40396	花園実満	Q109867107	花園実満	0.00
Q40400	花園実廉	Q110089553	花園実廉	0.00
Q40404	Nabesima Mototake	Q11650632	鍋島元武	0.00
Q40408	鍋島於市	Q111164088	鍋島於市	0.00
Q23066	심지 (신라)	Q84895929	王妃貞氏	0.00
Q23070	Q12602472	Q12602472	소명왕후	0.00
Q23079	선헌황후	Q8255041	宣獻皇后	0.00
Q40472	李道彦	Q10339069	李道彦	0.00
Q40476	李孝逸	Q10333984	李孝逸	0.00
Q23122	Yuyven Syan	Q10946212	宇文賢	0.00
Q23123	Yuyven Chzhen	Q10946213	宇文贞	0.00
Q23124	Yuyven Shi	Q10946184	宇文寔	0.00
Q23125	printsessa Khenan	Q16603471	河南公主	0.00
Q23128	昌樂公主 (隋朝)	Q11087614	昌樂公主 (隋朝)	0.00
Q23129	安成長公主	Q10946853	安成長公主	0.00
Q40480	楊瓚	Q11118898	楊瓚	0.00
Q23131	楊嵩	Q10360211	楊嵩	0.00
Q40484	楊整	Q11118385	楊整	0.00
Q40488	弘政夫人陳氏	Q16603415	弘政夫人	0.00
Q40492	容華夫人蔡氏	Q8253505	容華夫人	0.00
Q23136	雲昭訓	Q15933175	雲昭訓	0.00
Q23138	楊裕	Q120835570	楊裕	0.00
Q23139	楊筠	Q120835572	楊筠	0.00
Q23140	楊嶷	Q109411088	楊嶷	0.00
Q23141	楊恪	Q120835573	楊恪	0.00
Q23143	楊韶	Q120835575	楊韶	0.00
Q23152	宇文协	Q71124305	宇文协	0.00
Q23153	宇文皛	Q71124312	宇文皛	0.00
Q23187	王瑨	Q26209205	王瑨	0.00
Q40536	明徳皇后	Q15897172	王氏	0.00
Q23196	建安公主	Q16603412	建安公主	0.00
Q23198	宇文连	Q10946219	宇文连	0.00
Q40540	宇文洛生	Q10142973	宇文洛生	0.00
Q40544	Vendi Yuan	Q8257568	元夫人	0.00
Q23207	Yuyven Kan	Q10946187	宇文康	0.00
Q23217	义阳公主	Q120698611	义阳公主	0.00
Q23224	襄樂公主	Q16603430	襄樂公主	0.00
Q23227	元謹	Q10889816	元謹	0.00
Q23228	元戊	Q9398049	元戊	0.00
Q23230	元俭	Q9397737	元俭	0.00
Q23231	元寧	Q9397930	元寧	0.00
Q40556	蕭妙瑜	Q16603598	萧妙瑜	0.00
Q23259	高昭仪	Q30943188	高昭仪	0.00
Q23260	临成公主	Q16603304	临成公主	0.00
Q23261	陈嶷	Q15939529	陈嶷	0.00
Q23263	陈彦	Q10565351	陈彦	0.00
Q23265	陈祗	Q10565370	陈祗	0.00
Q23267	陈蕃	Q16075352	陈蕃	0.00
Q23268	陈虔	Q10565379	陈虔	0.00
Q23269	陳兢	Q10565458	陳兢	0.00
Q23270	陳恬	Q16075382	陳恬	0.00
Q23271	陳恮	Q16075442	陳恮	0.00
Q23273	施姬	Q8250231	施姬	0.00
Q23275	武成公主	Q16603460	武成公主	0.00
Q23276	義興公主	Q16603570	義興公主	0.00
Q23277	陈叔俨	Q10565055	陈叔俨	0.00
Q23278	陈叔俭	Q10565056	陈叔俭	0.00
Q23280	陈叔匡	Q10565061	陈叔匡	0.00
Q23282	陈叔坦	Q10565065	陈叔坦	0.00
Q23284	陈叔平	Q10565075	陈叔平	0.00
Q40568	陳叔慎	Q11658315	陈叔慎	0.00
Q23286	陈叔敖	Q10565078	陈叔敖	0.00
Q40572	陳叔文	Q10565079	陳叔文	0.00
Q23288	陈叔显	Q10565080	陈叔显	0.00
Q23290	陈叔澄	Q10565081	陈叔澄	0.00
Q23292	陈叔纯	Q10565103	陈叔纯	0.00
Q23294	陈叔荣	Q10565106	陈叔荣	0.00
Q23295	陈叔虞	Q16078127	陈叔虞	0.00
Q23296	陈叔谟	Q10565107	陈叔谟	0.00
Q23298	陈叔隆	Q10565108	陈叔隆	0.00
Q23299	陈叔雄	Q10565109	陈叔雄	0.00
Q23300	陈叔韶	Q10565130	陈叔韶	0.00
Q23304	陳叔重	Q10565474	陳叔重	0.00
Q40576	陳叔陵	Q11658317	陳叔陵	0.00
Q40580	陳叔斉	Q10565476	陳叔斉	0.00
Q40584	陳叔献	Q11658316	陳叔獻	0.00
Q23369	杨恭道	Q10341857	杨恭道	0.00
Q23460	张良娣	Q28413720	张良娣	0.00
Q23495	东光公主	Q10869460	东光公主	0.00
Q23500	龐氏	Q133447882	龐氏	0.00
Q23565	金山公主	Q16603681	金山公主	0.00
Q23575	柳宫人	Q28413613	柳宫人	0.00
Q23579	李珍 (唐朝)	Q11097437	李珍 (唐朝)	0.00
Q23600	陸爽	Q133465251	陸爽	0.00
Q41057	賀蘭祥	Q11634956	贺兰祥	0.00
Q41077	安義公主	Q10946316	安义公主	0.00
Q23720	史仁表	Q9591598	史仁表	0.00
Q41168	小早川盛景	Q11460859	小早川盛景	0.00
Q41172	小早川興平	Q11460865	小早川興平	0.00
Q41176	船木常平	Q17213357	船木常平	0.00
Q41180	浦賢勝	Q108875813	浦賢勝	0.00
Q41184	乃美弘平	Q108876328	乃美弘平	0.00
Q41204	朝倉景純	Q111201589	朝倉景純	0.00
Q41212	小梁川親宗	Q108302293	小梁川親宗	0.00
Q41228	大田原綱清の娘 (福原資広の正室)	Q108616305	大田原綱清の娘 (福原資広の正室)	0.00
Q41232	大田原綱清の娘 (伊王野資友の妻)	Q108616366	大田原綱清の娘 (伊王野資友の妻)	0.00
Q41236	多賀谷重経	Q11431106	多賀谷重経	0.00
Q41240	高倉永俊	Q109853125	高倉永俊	0.00
Q41244	高倉永敦の娘 (東園基量の妻)	Q110078845	高倉永敦の娘 (東園基量の妻)	0.00
Q41248	高倉永福	Q110079369	高倉永福	0.00
Q41256	涼雲院蓮室理清	Q108907634	涼雲院蓮室理清	0.00
Q41260	蘆野資泰 (大和守)	Q11625166	蘆野資泰 (大和守)	0.00
Q41264	斯波詮房	Q110903917	斯波詮房	0.00
Q41268	本阿弥光心	Q109741399	本阿弥光心	0.00
Q41272	尾形道柏	Q109741347	尾形道柏	0.00
Q41276	本阿弥光徳	Q109741681	本阿弥光徳	0.00
Q41280	松田誠保	Q11532152	松田誠保	0.00
Q41284	野口冬長	Q17215238	野口冬長	0.00
Q41288	三好元長の娘 (一宮成助の妻)	Q108771848	三好元長の娘 (一宮成助の妻)	0.00
Q41293	三好元長の娘 (大西頼武の妻)	Q108771865	三好元長の娘 (大西頼武の妻)	0.00
Q41297	三好元長の娘 (芥川孫十郎の妻)	Q108771878	三好元長の娘 (芥川孫十郎の妻)	0.00
Q41301	波多野秀忠の娘 (三好長慶の正室)	Q108771915	波多野秀忠の娘 (三好長慶の正室)	0.00
Q41305	遊佐長教の娘 (三好長慶の継室)	Q108772542	遊佐長教の娘 (三好長慶の継室)	0.00
Q41309	久米義広の娘 (三好実休の正室)	Q108782627	久米義広の娘 (三好実休の正室)	0.00
Q41321	戸田宗忠	Q110284019	戸田宗忠	0.00
Q41325	阿蘇惟郷	Q11657651	阿蘇惟郷	0.00
Q41337	山口盛政	Q109250469	山口盛政	0.00
Q41341	山口重俊	Q134497403	山口重俊	0.00
Q47671	Yamaguchi Noriyoshi	Q11466861	山口教吉	0.00
Q41353	水谷治持	Q107177434	水谷治持	0.00
Q41357	佐竹義長（佐竹義賢の子）	Q110949107	佐竹義長（佐竹義賢の子）	0.00
Q41361	一色直与	Q110821739	一色直与	0.00
Q41365	一色直親	Q110822158	一色直親	0.00
Q41369	一色氏令	Q110822176	一色氏令	0.00
Q41373	蜷川親心	Q108818827	蜷川親心	0.00
Q41377	伊勢貞忠	Q11379131	伊勢貞忠	0.00
Q41381	伊勢貞能	Q104539005	伊勢貞能	0.00
Q41385	Dziko-in	Q108805854	慈光院 (太田茂連の妻)	0.00
Q41389	成富長利	Q108805866	成富長利	0.00
Q41393	Ota Ume	Q134305437	Ота Умэ	0.00
Q41397	成瀬正成の娘 (板倉重宗の正室)	Q110288359	成瀬正成の娘 (板倉重宗の正室)	0.00
Q41401	板倉徳	Q110727047	板倉徳	0.00
Q41405	板倉安	Q110727141	板倉安	0.00
Q41409	板倉長福	Q110727158	板倉長福	0.00
Q41413	板倉那珂	Q110727382	板倉那珂	0.00
Q41417	板倉美井	Q110727863	板倉美井	0.00
Q41421	板倉与津	Q110727974	板倉与津	0.00
Q41425	梅渓英通	Q110066079	梅渓英通	0.00
Q41429	久我広通の娘 (四辻季輔の妻)	Q110643233	久我広通の娘 (四辻季輔の妻)	0.00
Q41433	岩倉恒具	Q11474166	岩倉恒具	0.00
Q41437	松木宗保	Q108855781	松木宗保	0.00
Q41441	寛海	Q108855789	寛海	0.00
Q41445	超勝院	Q108855792	超勝院	0.00
Q41449	松木宗房	Q110056493	松木宗房	0.00
Q41453	松木宗則	Q110057044	松木宗則	0.00
Q41457	松木宗信	Q110220346	松木宗信	0.00
Q41481	山本勝忠	Q110134624	山本勝忠	0.00
Q41485	秋月オチョウ	Q110157215	秋月オチョウ	0.00
Q41489	宝鏡院孝鳳妙井尼	Q110118068	宝鏡院孝鳳妙井尼	0.00
Q41505	山口直友	Q11466982	山口直友	0.00
Q41509	波多野秀忠	Q105711337	波多野秀忠	0.00
Q41513	佐野盛綱	Q108121360	佐野盛綱	0.00
Q41517	三宅高貞の娘 (遠山景行の妻)	Q110946563	三宅高貞の娘 (遠山景行の妻)	0.00
Q41521	遠山景玄	Q108798408	遠山景玄	0.00
Q41529	Siokava Masatosi	Q108778911	塩川政年	0.00
Q41533	酒井忠吉の長女 (吉良義冬の妻)	Q111103924	酒井忠吉の長女 (吉良義冬の妻)	0.00
Q41549	中山元親	Q96714823	中山元親	0.00
Q41553	五条為経の娘 (中山冷泉為親の妻)	Q109790247	五条為経の娘 (中山冷泉為親の妻)	0.00
Q41561	四辻実仲	Q108840029	四辻実仲	0.00
Q41565	藪嗣章	Q108857468	藪嗣章	0.00
Q41569	四辻公韶	Q108840287	四辻公韶	0.00
Q41573	Ryudzodzi Kakey	Q109000964	龍造寺華渓	0.00
Q41581	Nabesima Khikokiku	Q134348803	Набэсима Хикокику	0.00
Q41585	Nabesima Iseryu	Q134688778	Набэсима Исэрю	0.00
Q41589	Renge-in	Q107157981	蓮華院 (石井常延の正室)	0.00
Q41593	Notomi Nobudzumi	Q108805760	納富信澄	0.00
Q41601	富小路俊通	Q102246935	富小路俊通	0.00
Q41605	富小路秀直	Q110072213	富小路秀直	0.00
Q41609	高辻遂長	Q109308637	高辻遂長	0.00
Q41613	梅小路定矩	Q109829695	梅小路定矩	0.00
Q41621	土方雄久の娘 (平野長泰の正室)	Q110820481	土方雄久の娘 (平野長泰の正室)	0.00
Q41629	小早川正平	Q11460854	小早川正平	0.00
Q41637	南部行信の娘 (青山幸督正室)	Q110663703	南部行信の娘 (青山幸督正室)	0.00
Q41641	南部行信の娘 (牧野英成正室)	Q110663711	南部行信の娘 (牧野英成正室)	0.00
Q41645	南部行信の娘 (南部直政正室)	Q110663719	南部行信の娘 (南部直政正室)	0.00
Q41648	南部艶姫	Q110664111	南部艶姫	0.00
Q41684	関長	Q111015968	関長	0.00
Q41692	阿野実時	Q109947755	阿野実時	0.00
Q41696	山名宗意の娘 (阿野実時の家女房)	Q109948760	山名宗意の娘 (阿野実時の家女房)	0.00
Q41704	蜂須賀正利	Q11625681	蜂須賀正利	0.00
Q41708	浅野長継の娘 (多羅尾光定の妻)	Q109936759	浅野長継の娘 (多羅尾光定の妻)	0.00
Q41712	堀利房	Q108874414	堀利房	0.00
Q41728	飯尾重宗	Q108761190	飯尾重宗	0.00
Q41732	丹羽長吉	Q110843510	丹羽長吉	0.00
Q41740	日根野高吉の娘 (柴田勝政の正室)	Q111180885	日根野高吉の娘 (柴田勝政の正室)	0.00
Q41744	日根野吉時の娘 (柴田勝重の正室)	Q111179580	日根野吉時の娘 (柴田勝重の正室)	0.00
Q41748	藤堂高経	Q109863220	藤堂高経	0.00
Q41752	柳原茂光	Q110080678	柳原茂光	0.00
Q41776	今出川伊季の娘 (西園寺公晃の妻)	Q110657523	今出川伊季の娘 (西園寺公晃の妻)	0.00
Q41780	掛田御前	Q108320901	掛田御前	0.00
Q41784	相馬隆胤	Q11582545	相馬隆胤	0.00
Q41788	桑折景長の娘 (石母田光頼の妻)	Q109352890	桑折景長の娘 (石母田光頼の妻)	0.00
Q41792	正覚院 (桑折景長の娘)	Q109352924	正覚院 (桑折景長の娘)	0.00
Q41800	島内徳風	Q110885024	島内徳風	0.00
Q41804	伊達幾	Q110885025	伊達幾	0.00
Q41808	伊達村嘉	Q11380790	伊達村嘉	0.00
Q41812	伊達村幸	Q11380797	伊達村幸	0.00
Q41824	Moriudzi Kokubun	Q11420557	国分盛氏	0.00
Q41828	伊達宗元	Q86725854	伊達宗元	0.00
Q41848	東園基雅	Q11526389	東園基雅	0.00
Q41855	柳原資堯	Q111170638	柳原資堯	0.00
Q41859	織田郁	Q111170998	織田郁	0.00
Q41863	柳原光子	Q111171189	柳原光子	0.00
Q41899	松平十子	Q113282373	松平十子	0.00
Q41887	松平阿久利	Q111023761	松平阿久利	0.00
Q41895	松平典信の娘 (真田信音の正室)	Q113281975	松平典信の娘 (真田信音の正室)	0.00
Q41907	如了	Q108960428	如了	0.00
Q41911	伊勢貞知	Q108111561	伊勢貞知	0.00
Q41919	勧修寺経敬	Q108855880	勧修寺経敬	0.00
Q41923	穂波経尚	Q11597060	穂波経尚	0.00
Q41931	橋本季村	Q108855688	橋本季村	0.00
Q41935	万里小路晴房	Q109860258	万里小路晴房	0.00
Q41939	葉室頼重の娘 (葉室頼胤の妻)	Q109852339	葉室頼重の娘 (葉室頼胤の妻)	0.00
Q41943	七条隆豊の娘 (橋本実松の妻)	Q109852788	七条隆豊の娘 (橋本実松の妻)	0.00
Q41947	橋本実文	Q109852723	橋本実文	0.00
Q41951	葉室頼胤	Q109852425	葉室頼胤	0.00
Q41955	宮庄基友	Q126006451	宮庄基友	0.00
Q41959	蒲生秀紀	Q11621352	蒲生秀紀	0.00
Q41963	南部晴政の長女 (南部信直の正室)	Q110074283	南部晴政の長女 (南部信直の正室)	0.00
Q41967	北畠政郷	Q10855758	기타바타케 마사사토	0.00
Q41975	滝川吉子	Q111043542	滝川吉子	0.00
Q41979	池田政倚の娘 (池田政晴正室)	Q111195956	池田政倚の娘 (池田政晴正室)	0.00
Q41987	黒田藤子	Q111026756	黒田藤子	0.00
Q41991	池田久子	Q111097584	池田久子	0.00
Q41995	池田ムンホかソ	Q123244361	池田ムンホかソ	0.00
Q42011	貞松院 (諏訪頼水の正室)	Q110140943	貞松院 (諏訪頼水の正室)	0.00
Q42019	酒井忠尚	Q5360094	酒井忠尚	0.00
Q42023	内藤正貞	Q58139886	内藤正貞	0.00
Q42027	内藤正成 (右京進)	Q110952754	内藤正成 (右京進)	0.00
Q42035	内藤政次	Q113285974	内藤政次	0.00
Q42067	一色範重	Q108745066	一色範重	0.00
Q42075	真田幸政	Q17226809	真田幸政	0.00
Q42087	筑紫晴門	Q110902939	筑紫晴門	0.00
Q42091	筑紫栄門	Q110902938	筑紫栄門	0.00
Q42103	斎藤長実	Q110903002	斎藤長実	0.00
Q42115	酒井忠吉の娘 (板倉重郷の正室)	Q111103961	酒井忠吉の娘 (板倉重郷の正室)	0.00
Q42119	有馬頼元の娘 (酒井忠音の正室)	Q110050444	有馬頼元の娘 (酒井忠音の正室)	0.00
Q42139	Nabesima Naomasu	Q59552316	鍋島直愈 (白石鍋島家)	0.00
Q42143	Isakhaya Sigekharu	Q59551799	諫早茂晴	0.00
Q42147	Taku Sigetomi	Q59552008	多久茂富	0.00
Q42151	Isakhaya Sigedzane	Q59135391	諫早茂真	0.00
Q42155	成富独幽	Q109327499	成富独幽	0.00
Q42159	Kumasiro Tsunetika	Q134300053	Кумасиро Цунэтика	0.00
Q42163	榊原清定	Q109679095	榊原清定	0.00
Q42167	小笠原重政	Q134695956	小笠原重政	0.00
Q42171	牧野重次	Q134695975	牧野重次	0.00
Q42175	奥平信光	Q115587054	奥平信光	0.00
Q42191	姉小路公量	Q110135720	姉小路公量	0.00
Q42195	森氏 (柳沢吉里の妻)	Q110874876	森氏 (柳沢吉里の妻)	0.00
Q42199	大原氏 (柳沢吉里の側室)	Q110874896	大原氏 (柳沢吉里の側室)	0.00
Q42203	柳沢信昌	Q110874832	柳沢信昌	0.00
Q42207	坪内定規	Q110874856	坪内定規	0.00
Q42211	柳沢信睦	Q110875361	柳沢信睦	0.00
Q42215	土方雄次	Q8515929	히지카타 가쓰쓰구	0.00
Q42219	土方雄隆	Q8514875	히지카타 가쓰타카	0.00
Q42223	土方雄賀	Q113244807	土方雄賀	0.00
Q42231	蒲生郷成	Q11621365	蒲生郷成	0.00
Q42235	平岡頼勝	Q11482629	平岡頼勝	0.00
Q42243	Mitifusa Edo	Q11551118	江戸通房	0.00
Q42247	貞照院	Q108101030	貞照院	0.00
Q42251	折井市子	Q110726910	折井市子	0.00
Q42259	樋口兼豊	Q11542075	樋口兼豊	0.00
Q42267	坪内昌家の娘 (坪内勝定の妻)	Q108703381	坪内昌家の娘 (坪内勝定の妻)	0.00
Q42271	小出有重	Q11459104	小出有重	0.00
Q42275	井上正岑	Q11373077	井上正岑	0.00
Q42279	井上正長	Q11373095	井上正長	0.00
Q42283	井上正任の長女 (金森頼業の正室)	Q108101003	井上正任の長女 (金森頼業の正室)	0.00
Q42287	金森頼業	Q11647300	金森頼業	0.00
Q42295	有馬カタリーナ (大村喜前の正室)	Q108057567	有馬カタリーナ (大村喜前の正室)	0.00
Q42315	春光院 (織田信方の正室)	Q110306073	春光院 (織田信方の正室)	0.00
Q42432	沢山昌子	Q111018554	沢山昌子	0.00
Q42436	池田広次	Q111018573	池田広次	0.00
Q42440	堀田万	Q111132467	堀田万	0.00
Q42444	堀田万理子	Q111132503	堀田万理子	0.00
Q42468	覚澄	Q108747375	覚澄	0.00
Q42472	長谷忠康	Q110090012	長谷忠康	0.00
Q42476	交野時貞	Q110090043	交野時貞	0.00
Q42480	西洞院万	Q110090104	西洞院万	0.00
Q42484	西洞院行子	Q110090196	西洞院行子	0.00
Q42492	仏光寺法印の娘 (高倉永相の妻)	Q109821938	仏光寺法印の娘 (高倉永相の妻)	0.00
Q42496	明正院御乳母	Q109829358	明正院御乳母	0.00
Q42500	七条隆豊	Q109829339	七条隆豊	0.00
Q42504	伊勢貞丈の娘 (伊勢貞敦の妻)	Q109330418	伊勢貞丈の娘 (伊勢貞敦の妻)	0.00
Q42508	白須政休	Q110285122	白須政休	0.00
Q42516	清閑寺治房	Q109948174	清閑寺治房	0.00
Q42528	清閑寺熙定の娘 (吉田兼章の妻)	Q110734031	清閑寺熙定の娘 (吉田兼章の妻)	0.00
Q42536	万里小路稙房	Q109866586	万里小路稙房	0.00
Q42548	穂波晴宣	Q109860544	穂波晴宣	0.00
Q42552	牧野信成の娘 (阿部正能の正室)	Q108485543	牧野信成の娘 (阿部正能の正室)	0.00
Q42560	勘解由小路韶光	Q109923225	勘解由小路韶光	0.00
Q42564	七条匡信	Q109829369	七条匡信	0.00
Q42572	広橋局	Q126006465	広橋局	0.00
Q42576	裏辻季福	Q108841012	裏辻季福	0.00
Q42580	広橋兼廉	Q109951399	広橋兼廉	0.00
Q42584	西大路隆業	Q109952503	西大路隆業	0.00
Q42588	西大路隆栄	Q109952255	西大路隆栄	0.00
Q42592	光範	Q109952417	光範	0.00
Q42597	日野資総	Q109203414	日野資総	0.00
Q42601	勘解由小路資望	Q109203642	勘解由小路資望	0.00
Q42605	烏丸光栄の娘 (広橋兼胤の妻)	Q109228075	烏丸光栄の娘 (広橋兼胤の妻)	0.00
Q42613	諏訪頼基	Q108896866	諏訪頼基	0.00
Q42617	伊達村信	Q11380781	伊達村信	0.00
Q42625	平松時方の娘 (裏松益光の妻)	Q109983959	平松時方の娘 (裏松益光の妻)	0.00
Q42637	清浄院 (山内豊敷の娘)	Q108823149	清浄院 (山内豊敷の娘)	0.00
Q42641	松平喜佐姫	Q108823361	松平喜佐姫	0.00
Q42649	山内直通の娘 (内藤隆春の母)	Q109093014	山内直通の娘 (内藤隆春の母)	0.00
Q42657	内藤正朝	Q66364991	内藤正朝	0.00
Q42673	出羽大方	Q109088720	出羽大方	0.00
Q42681	内藤弥二郎	Q124480356	内藤弥二郎	0.00
Q42685	山内元興	Q124480357	山内元興	0.00
Q42697	西園寺賞季	Q11627467	西園寺賞季	0.00
Q42725	黒田直侯	Q11678643	黒田直侯	0.00
Q42818	松平富子	Q111032281	松平富子	0.00
Q42826	滋野井季吉	Q97901082	滋野井季吉	0.00
Q42834	三木高之	Q110170085	三木高之	0.00
Q42838	樋口康輝	Q110620667	樋口康輝	0.00
Q42842	木村勝盛の娘 (正親町季俊の妻)	Q110620885	木村勝盛の娘 (正親町季俊の妻)	0.00
Q42866	中院通維	Q110720536	中院通維	0.00
Q42870	有隣院 (細川重賢の正室)	Q110720546	有隣院 (細川重賢の正室)	0.00
Q42874	久我通兄の娘 (千種有政の妻)	Q110720561	久我通兄の娘 (千種有政の妻)	0.00
Q42910	鳥井際	Q108485620	鳥井際	0.00
Q42918	細川喜和姫	Q108485638	細川喜和姫	0.00
Q42922	細川千代姫	Q108485651	細川千代姫	0.00
Q42926	細川龍五郎	Q108485688	細川龍五郎	0.00
Q42938	大久保佐喜	Q111182883	大久保佐喜	0.00
Q42942	堤広長	Q110251042	堤広長	0.00
Q42962	小笠原長昌	Q8515338	오가사와라 나가마사	0.00
Q42982	浄願院	Q108917216	浄願院	0.00
Q42990	吉田良倶	Q110967707	吉田良倶	0.00
Q42994	榊原考	Q111050771	榊原考	0.00
Q42998	木村豊幸 (江戸時代中期)	Q108485710	木村豊幸 (江戸時代中期)	0.00
Q43002	細川利方	Q110955680	細川利方	0.00
Q43006	奥平昌敦	Q11445775	奥平昌敦	0.00
Q43010	松平義峯	Q134624985	松平義峯	0.00
Q43014	鍋島直恒の娘 (堀河康実の妻)	Q111173226	鍋島直恒の娘 (堀河康実の妻)	0.00
Q43030	大久保忠重	Q115586905	大久保忠重	0.00
Q43042	宇津教信	Q11449546	宇津教信	0.00
Q43046	荒尾秀就	Q11618480	荒尾秀就	0.00
Q43050	荒尾成直	Q11618469	荒尾成直	0.00
Q43062	森寺忠勝の娘 (伊木忠繁の正室)	Q111272384	森寺忠勝の娘 (伊木忠繁の正室)	0.00
Q43070	安部信秀の娘 (池田友政の妻)	Q111153790	安部信秀の娘 (池田友政の妻)	0.00
Q43082	雨宮正景	Q111153765	雨宮正景	0.00
Q43086	荒尾成庸	Q111153827	荒尾成庸	0.00
Q43090	荒尾成令	Q111154357	荒尾成令	0.00
Q43094	坪内定次 (池田友政の子)	Q111154386	坪内定次 (池田友政の子)	0.00
Q43098	分部光忠	Q11396154	分部光忠	0.00
Q43102	久留島通貞	Q111302380	久留島通貞	0.00
Q43110	日野資勝の娘 (三条実秀の正室)	Q109917177	日野資勝の娘 (三条実秀の正室)	0.00
Q43114	外山光和	Q134448410	外山光和	0.00
Q43118	日野永資	Q109203146	日野永資	0.00
Q43122	伊木幸和の娘 (池田長喬の正室)	Q111150887	伊木幸和の娘 (池田長喬の正室)	0.00
Q43126	池田長處	Q11552196	池田長處	0.00
Q43130	片桐直貞	Q109657357	片桐直貞	0.00
Q43138	山口重恒	Q134511727	山口重恒	0.00
Q43142	源水院	Q111173902	源水院	0.00
Q43146	日置忠昌	Q11510234	日置忠昌	0.00
Q43151	今枝恒明	Q11377134	今枝恒明	0.00
Q43155	池田利恭	Q11551735	池田利恭	0.00
Q43159	高辻遂長の娘 (姉小路実道の妻)	Q110135749	高辻遂長の娘 (姉小路実道の妻)	0.00
Q43163	風早公長	Q110863738	風早公長	0.00
Q43171	土屋知義	Q110307841	土屋知義	0.00
Q43175	松平勝秀	Q110307965	松平勝秀	0.00
Q43179	池田政貞の娘 (池田輝名の妻)	Q111134828	池田政貞の娘 (池田輝名の妻)	0.00
Q43187	池田定興	Q11551814	池田定興	0.00
Q43191	池田奉姫	Q111140633	池田奉姫	0.00
Q43195	吉弘鑑理	Q11413126	吉弘鑑理	0.00
Q43203	内藤清成の娘 (永井尚政の正室)	Q113280891	内藤清成の娘 (永井尚政の正室)	0.00
Q43207	永井直右	Q113282593	永井直右	0.00
Q43215	藤堂忠高	Q109775628	藤堂忠高	0.00
Q43219	藤堂良連	Q109863450	藤堂良連	0.00
Q43231	藤堂高広	Q110154856	藤堂高広	0.00
Q43239	各務利直	Q111012567	各務利直	0.00
Q43243	森於嶋	Q111009600	森於嶋	0.00
Q43247	有馬氏 (各務利直の妻)	Q111012621	有馬氏 (各務利直の妻)	0.00
Q43251	正親町三条公廉	Q11545658	正親町三条公廉	0.00
Q43263	河鰭季満	Q110050526	河鰭季満	0.00
Q43279	桜井兼供	Q110063982	桜井兼供	0.00
Q43304	井伊直惟の娘 (阿部正允の正室)	Q134562818	井伊直惟の娘 (阿部正允の正室)	0.00
Q43308	井伊直惟の娘 (松平忠順の正室)	Q134564073	井伊直惟の娘 (松平忠順の正室)	0.00
Q43312	長尾定明	Q108143605	長尾定明	0.00
Q43316	長尾景孝	Q11651852	長尾景孝	0.00
Q43320	木曽家道	Q108908929	木曽家道	0.00
Q43323	木曾家定	Q108909344	木曾家定	0.00
Q43327	吉田兼治の娘 (船橋秀相の妻)	Q109896637	吉田兼治の娘 (船橋秀相の妻)	0.00
Q43331	小笠原長元	Q109894485	小笠原長元	0.00
Q43335	村井貞勝の娘 (前田玄以の正室)	Q110086812	村井貞勝の娘 (前田玄以の正室)	0.00
Q43339	Maeda Shigekatsu	Q11397719	前田茂勝	0.00
Q43343	前田秀以	Q11397695	前田秀以	0.00
Q43347	長松院 (堀尾忠氏の正室)	Q108884339	長松院 (堀尾忠氏の正室)	0.00
Q43359	松野能増	Q110157548	松野能増	0.00
Q43367	臼杵鎮尚	Q109299783	臼杵鎮尚	0.00
Q43371	有馬重則	Q11516837	有馬重則	0.00
Q43383	福住順弘	Q119380466	福住順弘	0.00
Q43395	吉良親貞	Q9605578	吉良親貞	0.00
Q43399	本山夫人	Q108810945	本山夫人	0.00
Q43403	長宗我部国親の娘 (池頼和の妻)	Q108810975	長宗我部国親の娘 (池頼和の妻)	0.00
Q43407	養甫尼	Q108810990	養甫尼	0.00
Q43411	吉松正澄の娘 (柴田朝意の継室)	Q108871831	吉松正澄の娘 (柴田朝意の継室)	0.00
Q43419	佐竹義秀 (上ノ加江城主)	Q108145706	佐竹義秀 (上ノ加江城主)	0.00
Q43423	柴田申	Q108871792	柴田申	0.00
Q43427	伊藤氏親	Q126006468	伊藤氏親	0.00
Q43431	柴田宗意	Q131552296	柴田宗意	0.00
Q43435	土岐頼殷	Q8515950	도키 요리타카	0.00
Q43439	滝川利雅	Q118697794	滝川利雅	0.00
Q43443	吹田村氏	Q111191191	吹田村氏	0.00
Q43447	荒木重元	Q111191246	荒木重元	0.00
Q43451	小早川興景	Q11460864	小早川興景	0.00
Q43455	山内豊通	Q109089714	山内豊通	0.00
Q43463	今井信隣	Q108909494	今井信隣	0.00
Q43467	近藤義甫	Q108129818	近藤義甫	0.00
Q43479	島津御平	Q118697834	島津御平	0.00
Q43483	城井興房	Q110090420	城井興房	0.00
Q43487	前野九郎兵衛	Q109316621	前野九郎兵衛	0.00
Q43491	生駒正成	Q115587267	生駒正成	0.00
Q43495	如空	Q108964188	如空	0.00
Q43499	了如	Q108964553	了如	0.00
Q43503	冷泉為純	Q11395365	冷泉為純	0.00
Q43507	小山政長	Q11459872	小山政長	0.00
Q43511	安藤定実	Q123406292	安藤定実	0.00
Q43515	小倉公映	Q110952046	小倉公映	0.00
Q43519	赤松政茂	Q11635690	赤松政茂	0.00
Q43523	赤松政之	Q11635685	赤松政之	0.00
Q43527	梅園実清	Q109796594	梅園実清	0.00
Q43535	白川顕成王	Q96715124	白川顕成王	0.00
Q43547	酒井忠俊	Q106702968	酒井忠俊	0.00
Q43551	柳原淳光	Q110008280	柳原淳光	0.00
Q43555	内藤国貞の娘 (松永長頼の正室)	Q108072862	内藤国貞の娘 (松永長頼の正室)	0.00
Q43575	竹内長治	Q109780690	竹内長治	0.00
Q43579	竹内孝治	Q109780733	竹内孝治	0.00
Q43583	吉見成頼	Q108896379	吉見成頼	0.00
Q43587	大宮時元	Q118697909	大宮時元	0.00
Q43591	小少将	Q119380332	小少将	0.00
Q43595	藤谷為信	Q109781213	藤谷為信	0.00
Q50795	竹内惟庸	Q109781116	竹内惟庸	0.00
Q43603	藤谷為茂の娘 (東園基長の継室)	Q110145785	藤谷為茂の娘 (東園基長の継室)	0.00
Q43607	入江相茂	Q110146057	入江相茂	0.00
Q43611	入江家誠	Q110146079	入江家誠	0.00
Q43615	東園基楨	Q110306442	東園基楨	0.00
Q43619	山科尭言	Q113207766	山科尭言	0.00
Q43623	四条隆文	Q108851409	四条隆文	0.00
Q43659	庭田重孝	Q111168010	庭田重孝	0.00
Q43663	花山院尊誠	Q111168198	花山院尊誠	0.00
Q43671	五辻奉仲	Q109937651	五辻奉仲	0.00
Q43683	Oda Norinobu	Q11608365	織田常昌	0.00
Q43687	薄諸光	Q22129405	薄諸光	0.00
Q43691	飛鳥井雅俊	Q105711513	飛鳥井雅俊	0.00
Q43708	Itotiyomaru Settsu	Q11498579	摂津糸千代丸	0.00
Q43712	庭田雅秀	Q110469919	庭田雅秀	0.00
Q43716	庭田重条	Q111168089	庭田重条	0.00
Q43720	錦織従久	Q113164150	錦織従久	0.00
Q43724	東坊城恒長	Q109315702	東坊城恒長	0.00
Q43740	坊城俊将	Q109852939	坊城俊将	0.00
Q43744	坊城俊逸	Q110057400	坊城俊逸	0.00
Q43748	中御門俊臣	Q110057239	中御門俊臣	0.00
Q43752	中御門経康	Q109196162	中御門経康	0.00
Q43756	中御門宣時	Q109830384	中御門宣時	0.00
Q43764	東坊城資長の娘 (清岡致長の妻)	Q109836181	東坊城資長の娘 (清岡致長の妻)	0.00
Q43768	若江登長	Q109836199	若江登長	0.00
Q43772	桜井兼供の娘 (西洞院範篤の妻)	Q110306632	桜井兼供の娘 (西洞院範篤の妻)	0.00
Q43780	西洞院時名	Q110955555	西洞院時名	0.00
Q43784	松平光煕の娘 (今城定種の妻)	Q109817115	松平光煕の娘 (今城定種の妻)	0.00
Q43788	今城定興	Q109806683	今城定興	0.00
Q43792	今城定種の娘 (冷泉為泰の妻)	Q109817851	今城定種の娘 (冷泉為泰の妻)	0.00
Q43800	吉田兼氏	Q109321569	吉田兼氏	0.00
Q43804	堀河康曉	Q111172529	堀河康曉	0.00
Q43848	鷲尾隆光	Q109338591	鷲尾隆光	0.00
Q43852	長谷忠能	Q110307376	長谷忠能	0.00
Q43864	三条西公里	Q110167125	三条西公里	0.00
Q43868	正親町三条公積	Q11545661	正親町三条公積	0.00
Q43880	裏松祐光	Q109983986	裏松祐光	0.00
Q44174	島津久濃	Q115586589	島津久濃	0.00
Q44178	徳川純姫	Q108824084	徳川純姫	0.00
Q44182	徳川勇丸	Q108824199	徳川勇丸	0.00
Q44190	上杉重定	Q8514768	우에스기 시게사다	0.00
Q44198	青山秘成	Q115586717	青山秘成	0.00
Q44202	青山幸遐	Q115586715	青山幸遐	0.00
Q44206	青山成展	Q115586708	青山成展	0.00
Q44210	青山幸覃	Q115586566	青山幸覃	0.00
Q44214	阿野公縄	Q110143260	阿野公縄	0.00
Q44227	清水谷公寿	Q110967506	清水谷公寿	0.00
Q44231	中御門宣基	Q109195336	中御門宣基	0.00
Q44235	岡崎国久	Q109195486	岡崎国久	0.00
Q44239	柳原秀光	Q109195626	柳原秀光	0.00
Q44243	梅園季保	Q109796664	梅園季保	0.00
Q44247	梅園実邦	Q109796694	梅園実邦	0.00
Q44251	東坊城長詮	Q109318687	東坊城長詮	0.00
Q44255	東坊城輝長	Q110687745	東坊城輝長	0.00
Q44275	石野基尚	Q110251574	石野基尚	0.00
Q44279	石野基安	Q110251631	石野基安	0.00
Q44339	森晃子	Q110660187	森晃子	0.00
Q44343	中院知子	Q110663142	中院知子	0.00
Q44346	花園公久	Q109866969	花園公久	0.00
Q44354	藤宰相局八千子	Q110135994	藤宰相局八千子	0.00
Q44358	花園公緒	Q110146135	花園公緒	0.00
Q44392	宝菓夫人	Q118747906	宝菓夫人	0.00
Q25253	吕双周	Q73515096	吕双周	0.00
Q25254	呂道貴	Q73515175	呂道貴	0.00
Q25257	楊靜	Q11119529	楊靜	0.00
Q25258	楊詵	Q68097747	楊詵	0.00
Q25259	楊綸	Q71057472	楊綸	0.00
Q44516	楊智積	Q11118495	楊智積	0.00
Q44520	雲定興	Q10565859	雲定興	0.00
Q25263	崔妃	Q11053522	崔妃	0.00
Q44532	宇文慶	Q17023839	宇文庆	0.00
Q25404	祭公	Q19825419	祭公	0.00
Q25442	崔穆伯	Q56570138	崔穆伯	0.00
Q25478	괄	Q11077567	括	0.00
Q25490	公子展	Q10892706	公子展	0.00
Q25491	公子益師	Q10892737	公子益师	0.00
Q25492	郈惠伯	Q17060950	郈惠伯	0.00
Q25493	姫彄	Q6727382	장희백	0.00
Q25516	声子	Q16603576	聲子	0.00
Q25522	姫尾	Q11085249	施父	0.00
Q25526	众仲	Q10885372	众仲	0.00
Q25528	臧哀伯	Q17034914	臧哀伯	0.00
Q25564	叔牙	Q10912819	叔牙	0.00
Q25570	伯氏瓶	Q10885664	伯氏瓶	0.00
Q25586	公子廖	Q9414526	公子廖	0.00
Q25590	夷仲年	Q10049081	夷仲年	0.00
Q25635	叔姜	Q16603347	叔姜	0.00
Q25637	孟任	Q16603369	孟任	0.00
Q25639	成風	Q15942023	成风	0.00
Q25645	武仲休	Q11123824	武仲休	0.00
Q25646	公孫茲	Q10892798	公孙兹	0.00
Q25656	惠孙	Q11073357	惠孙	0.00
Q25658	季亹	Q10945267	季亹	0.00
Q25664	曹羁	Q11091256	曹羁	0.00
Q25734	蔡姫	Q130362327	蔡姫	0.00
Q25754	戴己	Q10297016	戴己	0.00
Q25760	叔仲惠伯	Q10912798	叔仲惠伯	0.00
Q25762	叔孙得臣	Q10912807	叔孙得臣	0.00
Q25774	戴媯	Q16603426	戴媯	0.00
Q25776	夷姜	Q8249120	夷姜	0.00
Q25778	孝伯 (衛國)	Q10944984	孝伯 (衛國)	0.00
Q25784	右公子职	Q10916237	右公子职	0.00
Q25786	左公子泄	Q11056896	左公子泄	0.00
Q25827	太子伋	Q10941162	太子伋	0.00
Q25831	叔武	Q10912817	叔武	0.00
Q25835	子仪 (卫国)	Q10944053	子仪 (卫国)	0.00
Q25843	孟姫	Q56346772	孟姫	0.00
Q25851	子叔姫	Q16603368	子叔姬	0.00
Q25859	敬嬴	Q16603428	敬嬴	0.00
Q25863	자악	Q6799232	자악	0.00
Q25865	视	Q15935554	视	0.00
Q25867	叔肸	Q10912822	叔肸	0.00
Q25869	子家文伯	Q10944097	子家文伯	0.00
Q25871	声己	Q10931592	声己	0.00
Q25875	叔仲衍	Q16076906	叔仲衍	0.00
Q25877	叔仲皮	Q16076897	叔仲皮	0.00
Q25879	叔孫僑如	Q10912803	叔孙侨如	0.00
Q25881	虺 (叔孙氏)	Q15945177	虺 (叔孙氏)	0.00
Q25883	叔孫豹	Q10912810	叔孙豹	0.00
Q25889	臧畴	Q16906702	臧畴	0.00
Q25891	臧為	Q15952118	臧為	0.00
Q25925	顷子	Q16260581	顷子	0.00
Q25931	庆佐	Q11062706	庆佐	0.00
Q25968	公子鉏	Q10892774	公子鉏	0.00
Q25972	子叔嬰斉	Q10944073	子叔声伯	0.00
Q25974	仲孫它	Q10884571	仲孙它	0.00
Q25976	孟荘子	Q10945135	孟庄子	0.00
Q25978	子柳	Q17011385	子柳	0.00
Q25980	子硕	Q17011398	子硕	0.00
Q25984	竖牛	Q15904952	竖牛	0.00
Q25986	孟丙 (鲁国)	Q10945037	孟丙 (鲁国)	0.00
Q25988	仲壬 (鲁国)	Q10884563	仲壬 (鲁国)	0.00
Q25990	叔孙婼	Q10912805	叔孙婼	0.00
Q25992	公鉏	Q10893025	公鉏	0.00
Q25994	季公鸟	Q10945269	季公鸟	0.00
Q25996	季公若	Q10945268	季公若	0.00
Q25998	季悼子	Q10945291	季悼子	0.00
Q26000	臧賈	Q15952711	臧賈	0.00
Q26002	母弟叔孙	Q17028348	母弟叔孙	0.00
Q26004	臧昭伯	Q15933037	臧昭伯	0.00
Q26033	子臧	Q10944165	子臧	0.00
Q26035	公子士	Q10892698	公子士	0.00
Q26053	子叔黑背	Q10104682	子叔黑背	0.00
Q26067	狐突	Q16903317	狐突	0.00
Q26069	狐毛	Q11571382	狐毛	0.00
Q26074	梁嬴	Q16603453	梁嬴	0.00
Q26119	定姒	Q16603383	定姒	0.00
Q26123	公衡	Q10893000	公衡	0.00
Q26127	叔老	Q15936022	叔老	0.00
Q26128	子服恵伯	Q10944125	子服惠伯	0.00
Q26129	孺子秩	Q10945781	孺子秩	0.00
Q26130	孟孝伯	Q10945092	孟孝伯	0.00
Q26131	叔孫不敢	Q10912802	叔孙不敢	0.00
Q26132	顷伯	Q67024496	顷伯	0.00
Q26133	季甲	Q15938659	季甲	0.00
Q26134	公之	Q10892578	公之	0.00
Q26139	臧會	Q15955388	臧會	0.00
Q26143	公子燮	Q10892731	公子燮	0.00
Q26145	公子履	Q10892707	公子履	0.00
Q26217	敬姒	Q16603427	敬姒	0.00
Q26218	定姜	Q56345971	定姜	0.00
Q26219	子展	Q10944101	子展	0.00
Q26220	子鲜	Q10944202	子鲜	0.00
Q26231	狐溱	Q16904113	狐溱	0.00
Q26242	敬歸	Q16603429	敬歸	0.00
Q26243	齊歸	Q15952993	齊歸	0.00
Q26263	叔弓	Q10912815	叔弓	0.00
Q26265	子服昭伯	Q10944126	子服昭伯	0.00
Q26267	孟僖子	Q10945051	孟僖子	0.00
Q26269	叔孫州仇	Q10912806	叔孙州仇	0.00
Q26271	隐侯伯	Q67024509	隐侯伯	0.00
Q26277	季鲂侯	Q10945316	季鲂侯	0.00
Q26279	季寤	Q10945280	季寤	0.00
Q26283	臧宾如	Q17011766	臧宾如	0.00
Q26290	公子欣時	Q10892727	公子欣时	0.00
Q26302	韩无忌	Q16076176	韩无忌	0.00
Q26324	公孙段	Q10892820	公孙段	0.00
Q26357	太子角	Q10941194	太子角	0.00
Q26359	公子荆	Q10892757	公子荆	0.00
Q26380	白	Q17038243	白	0.00
Q26383	定姒	Q16603384	定姒	0.00
Q26385	公衍	Q10892999	公衍	0.00
Q26386	公为	Q10892560	公为	0.00
Q26387	公果	Q10892927	公果	0.00
Q26388	公贲	Q10893012	公贲	0.00
Q26395	叔辄	Q15941820	叔辄	0.00
Q26396	子服景伯	Q10944127	子服景伯	0.00
Q26398	仲孫何忌	Q10945166	孟懿子	0.00
Q26399	叔孙舒	Q10912808	叔孙舒	0.00
Q26400	公鉏极	Q10893026	公鉏极	0.00
Q26402	臧石	Q17011776	臧石	0.00
Q26405	公孙会	Q10892797	公孙会	0.00
Q26415	韩襄	Q17030314	韩襄	0.00
Q26416	叔禽	Q10912820	叔禽	0.00
Q26417	叔椒	Q10912816	叔椒	0.00
Q26418	子羽 (韩氏)	Q10944161	子羽 (韩氏)	0.00
Q26441	良霄	Q15897741	良霄	0.00
Q26447	罕魋	Q16906539	罕魋	0.00
Q26462	印段	Q10910440	印段	0.00
Q26463	小田成治の娘 (佐竹義篤の妻)	Q106775514	小田成治の娘 (佐竹義篤の妻)	0.00
Q26471	羽颉	Q17026079	羽颉	0.00
Q26474	驷带	Q15912773	驷带	0.00
Q26483	少西	Q11037215	少西	0.00
Q26484	蘆名詮盛の娘 (最上満直の正室)	Q110221535	蘆名詮盛の娘 (最上満直の正室)	0.00
Q26489	公叔文子	Q10892634	公叔文子	0.00
Q26492	婤姶	Q16603367	婤姶	0.00
Q26495	公孟絷	Q10892837	公孟絷	0.00
Q26505	赵获	Q15931824	赵获	0.00
Q26508	趙成	Q11636683	趙景子	0.00
Q26521	渋川義長 (渋川義行の子)	Q110904243	渋川義長 (渋川義行の子)	0.00
Q26527	細川持賢の娘 (吉良義真の室)	Q106657769	細川持賢の娘 (吉良義真の室)	0.00
Q26541	公子荆	Q10892758	公子荆	0.00
Q26544	孺子𪏆	Q10945784	孺子𪏆	0.00
Q26553	公孟彄	Q10892836	公孟彄	0.00
Q26562	公子郢	Q9415227	公子郢	0.00
Q26568	孟公期	Q10945059	孟公期	0.00
Q26571	孟武伯	Q10945190	孟武伯	0.00
Q26577	隱太子	Q16903363	隱太子	0.00
Q26604	韓不信	Q15899098	韓不信	0.00
Q26616	良	Q17028170	良	0.00
Q26622	良止	Q15933738	良止	0.00
Q26625	子齹	Q10944204	子齹	0.00
Q26645	武田元光の娘 (久我晴通の正室)	Q107178439	武田元光の娘 (久我晴通の正室)	0.00
Q26648	鴨祝秀顕の娘 (久我晴通の妻)	Q108086546	鴨祝秀顕の娘 (久我晴通の妻)	0.00
Q26650	公叔戌	Q10892633	公叔戌	0.00
Q26657	久我晴通の娘 (近衛前久の正室・北政所)	Q107178420	久我晴通の娘 (近衛前久の正室・北政所)	0.00
Q26659	叔隗	Q16603348	叔隗	0.00
Q26669	有清	Q110086977	有清	0.00
Q26674	耿君用	Q10485029	耿君用	0.00
Q26675	近衛稙家の娘 (足利義輝の正室)	Q108700043	近衛稙家の娘 (足利義輝の正室)	0.00
Q26678	近衛稙家の娘 (朝倉義景の継室)	Q108819013	近衛稙家の娘 (朝倉義景の継室)	0.00
Q26702	徳大寺実淳の娘 (久我通言の室)	Q106706189	徳大寺実淳の娘 (久我通言の室)	0.00
Q26737	呂姜	Q16603353	呂姜	0.00
Q26743	太子疾	Q10941190	太子疾	0.00
Q26746	公子青	Q10892781	公子青	0.00
Q26749	司寇惠子	Q10916515	司寇惠子	0.00
Q26758	孟敬子	Q10945168	孟敬子	0.00
Q26778	長野憲業の娘 (里見義堯の正室)	Q107161608	長野憲業の娘 (里見義堯の正室)	0.00
Q26803	絲 (駟氏)	Q15941774	絲 (駟氏)	0.00
Q26808	鵜殿長持の娘 (松平伊忠の室)	Q106698593	鵜殿長持の娘 (松平伊忠の室)	0.00
Q26836	趙伯魯	Q11636654	赵伯鲁	0.00
Q26865	三好吉房の妹 (大島親崇の室)	Q106670802	三好吉房の妹 (大島親崇の室)	0.00
Q26892	浅野長重	Q11557437	浅野長重	0.00
Q26923	津田信澄の娘 (京極高知の正室)	Q110817354	津田信澄の娘 (京極高知の正室)	0.00
Q26926	毛利秀頼の娘 (京極高知の継室)	Q110817365	毛利秀頼の娘 (京極高知の継室)	0.00
Q26984	崔恵妃	Q8250397	康靖莊和惠妃	0.00
Q26987	康懿恭穆恵妃	Q8250360	吴惠妃 (明成祖)	0.00
Q26998	五条局 (前田利常の側室)	Q110086534	五条局 (前田利常の側室)	0.00
Q27008	李茂芳	Q30944879	李茂芳	0.00
Q27011	郭氏 (明仁宗郭貴妃の妹)	Q108109279	郭氏 (明仁宗郭貴妃の妹)	0.00
Q27019	織田信包の娘 (松平忠明正室)	Q108844467	織田信包の娘 (松平忠明正室)	0.00
Q27027	朱瞻𰉠	Q15933866	朱瞻𰉠	0.00
Q27033	nalozhnitsa Li	Q8250452	李丽妃	0.00
Q27074	内藤義清の娘 (嶋田景信の妻)	Q108453423	内藤義清の娘 (嶋田景信の妻)	0.00
Q27104	水野守重	Q109650959	水野守重	0.00
Q27113	松平信定の娘 (水野信元の妻)	Q109667139	松平信定の娘 (水野信元の妻)	0.00
Q27114	虎	Q16260212	虎	0.00
Q27122	松姫	Q118697850	松姫	0.00
Q27126	孟墓	Q22813311	孟墓	0.00
Q27128	光寿院 (保科正直の側室)	Q108807741	光寿院 (保科正直の側室)	0.00
Q27131	保科正直の娘 (加藤明成の正室)	Q108807657	保科正直の娘 (加藤明成の正室)	0.00
Q27132	元	Q10889525	元	0.00
Q27135	乾	Q10879896	乾	0.00
Q27138	蔡侯朱	Q10513775	蔡侯朱	0.00
Q27152	松平親能の娘 (酒井忠勝の正室)	Q108884443	松平親能の娘 (酒井忠勝の正室)	0.00
Q27165	駟子陽	Q15915439	駟子陽	0.00
Q27167	松平菊姫	Q108887527	松平菊姫	0.00
Q27174	陳穉	Q17063199	田孟夷	0.00
Q27176	松平鶴姫 (松平定綱の娘)	Q110874444	松平鶴姫 (松平定綱の娘)	0.00
Q27189	秋山昌秀	Q106698977	秋山昌秀	0.00
Q27194	趙周	Q11636663	赵周 (东周)	0.00
Q27261	韓妃	Q30944347	韓妃	0.00
Q27304	朱濟燁	Q11094381	朱濟燁	0.00
Q27313	朱濟煥	Q11094378	朱濟煥	0.00
Q27316	朱濟烺	Q11094377	朱濟烺	0.00
Q27319	朱济熺	Q11094350	朱济熺	0.00
Q27322	朱濟熇	Q11094379	朱濟熇	0.00
Q27340	朱有𤊟	Q11094221	朱有𤊟	0.00
Q27349	達定妃	Q30943837	達定妃	0.00
Q27355	周妃	Q30944351	周妃	0.00
Q27358	朱徽焲	Q11094033	朱徽焲	0.00
Q27364	朱徽煣	Q11094036	朱徽煣	0.00
Q27367	余妃	Q30943951	余妃	0.00
Q27370	朱秩煃	Q11094564	朱秩煃	0.00
Q27373	朱秩炵	Q22829299	朱秩炵	0.00
Q27376	葛麗妃	Q30943821	葛麗妃	0.00
Q27379	朱顒炔	Q11094943	朱顒炔	0.00
Q27382	朱沖𤊨	Q11094335	朱沖𤊨	0.00
Q27388	胡順妃	Q19825763	胡順妃	0.00
Q27391	朱遜燂	Q11094854	朱遜燂	0.00
Q27397	朱遜煓	Q11094852	朱遜煓	0.00
Q27400	李賢妃	Q30944336	李贤妃	0.00
Q27409	劉恵妃	Q30943963	劉惠妃	0.00
Q27410	Matsudaira Kaneko (wife of Ikeda Nakazumi)	Q111133542	松平兼子 (池田仲澄の正室)	0.00
Q27412	朱貴烚	Q11094792	朱貴烚	0.00
Q27415	朱貴𤊐	Q11094794	朱貴𤊐	0.00
Q27418	朱悅熑	Q11094070	朱悅熑	0.00
Q27421	朱悅𤉎	Q11094071	朱悅𤉎	0.00
Q27424	朱贍焰	Q11094802	朱贍焰	0.00
Q27427	胡充妃	Q30943922	胡充妃	0.00
Q27430	朱孟焯	Q17164641	朱孟焯	0.00
Q27431	Song Ping Mou Li Ji	Q109327428	松平牟利姫	0.00
Q27436	趙貴妃	Q30943966	趙貴妃	0.00
Q27439	朱佶焞	Q11093576	朱佶焞	0.00
Q27442	朱賦灼	Q11094800	朱賦灼	0.00
Q27448	楊妃	Q30943958	杨妃	0.00
Q27538	朱祁鉦	Q22829245	朱祁鉦	0.00
Q27541	李贤妃	Q19825659	李贤妃	0.00
Q27544	朱祁銓	Q6784879	朱祁銓	0.00
Q27547	朱祁鉞	Q123329715	朱祁鉞	0.00
Q27550	朱祁鑌	Q31820862	朱祁鑌	0.00
Q27553	朱祁鎬	Q11094510	朱祁鎬	0.00
Q27559	涇陽安靖王	Q16904451	朱祁銑	0.00
Q27562	朱祁鍈	Q11094508	朱祁鍈	0.00
Q27632	孟敏 (戦国)	Q22813312	孟敏	0.00
Q27658	今井信景	Q108129853	今井信景	0.00
Q27662	陳湣	Q17063234	田孟莊	0.00
Q27664	林通安 (八郎左衛門)	Q109834262	林通安 (八郎左衛門)	0.00
Q27674	赵胜	Q17060090	赵胜	0.00
Q27679	堯有の娘 (有胤の妻)	Q110117058	堯有の娘 (有胤の妻)	0.00
Q27691	藤原朝尹の娘 (高倉永季の妻)	Q109128789	藤原朝尹の娘 (高倉永季の妻)	0.00
Q27698	ochwchun``ng	Q11093545	朱五一	0.00
Q27710	朱旺	Q18653735	朱旺	0.00
Q27717	福成公主	Q7314211	福成公主	0.00
Q27720	朱聖保	Q18653749	朱聖保	0.00
Q27745	園基富	Q110084945	園基富	0.00
Q27780	朱美圭	Q11094628	朱美圭	0.00
Q27789	朱音埑	Q11094937	朱音埑	0.00
Q27792	朱邃𡓱	Q11094859	朱邃𡓱	0.00
Q27794	正親町公兼の娘 (中山康親の妻)	Q109176040	正親町公兼の娘 (中山康親の妻)	0.00
Q27795	朱邃塀	Q11094858	朱邃塀	0.00
Q27798	朱邃墁	Q22829300	朱邃墁	0.00
Q27801	朱勉塣	Q11093654	朱勉塣	0.00
Q27804	朱範圮	Q11094576	朱範圮	0.00
Q27807	朱仕㙻	Q11093554	朱仕㙻	0.00
Q27809	勧修寺教秀の三女 (三条西実隆の正室)	Q108782890	勧修寺教秀の三女 (三条西実隆の正室)	0.00
Q27810	朱芝壐	Q11094681	朱芝壐	0.00
Q27817	朱芝坦	Q18383888	朱芝坦	0.00
Q27823	朱豪㙷	Q22829249	朱豪㙷	0.00
Q27824	阿野季遠の娘 (葉室光忠の妻)	Q108969608	阿野季遠の娘 (葉室光忠の妻)	0.00
Q27826	朱豪墭	Q11094790	朱豪墭	0.00
Q27829	朱友堉	Q11093694	朱友堉	0.00
Q27832	朱友𪤅	Q20062731	朱友𪤅	0.00
Q27835	朱友垓	Q11093693	朱友垓	0.00
Q27838	朱祿埤	Q11094544	朱祿埤	0.00
Q27841	朱季堄	Q11093832	朱季堄	0.00
Q27844	朱季埱	Q11093831	朱季埱	0.00
Q27847	朱季塛	Q22829210	朱季塛	0.00
Q27850	朱幼㙾	Q11093964	朱幼㙾	0.00
Q27856	朱泰墱	Q11094341	朱泰墱	0.00
Q27862	朱泰坾	Q22829238	朱泰坾	0.00
Q27868	朱奠壘	Q11093805	朱奠壘	0.00
Q27871	朱奠堵	Q17502317	朱奠堵	0.00
Q27874	朱奠坫	Q22829280	朱奠坫	0.00
Q27889	徐景昌	Q16905134	徐景昌	0.00
Q27890	空済	Q109132453	空済	0.00
Q27913	郭玹	Q15907709	郭玹	0.00
Q27916	朱見灂	Q11094754	朱見灂	0.00
Q27994	李惜児	Q8249528	李惜儿	0.00
Q27996	Duo Nai Jing Xiao Lu Ju	Q109319209	多奈井小路局	0.00
Q28010	朱見沔	Q22829246	朱見沔	0.00
Q28013	朱見濂	Q6784713	朱見濂	0.00
Q28016	朱見淀	Q11094753	朱見澱	0.00
Q28019	朱見潚	Q11094748	朱見潚	0.00
Q28020	Song Mu Zong Tiao	Q109305228	松木宗条	0.00
Q28022	朱見溥	Q11094745	朱見溥	0.00
Q28023	Zi Ye Jing Zhi Zi	Q110966676	滋野井直子	0.00
Q28025	朱見溢	Q16904454	朱見溢	0.00
Q28028	朱見滋	Q11094746	朱見滋	0.00
Q28029	Ren He Si Gong Shou Shu Ru Dao Qin Wang	Q110966608	仁和寺宮守恕入道親王	0.00
Q28031	朱見𣹟	Q11094755	朱見𣹟	0.00
Q28032	Jing Ji Gong Chang Zi Nu Wang	Q111310549	京極宮常子女王	0.00
Q28034	朱見濍	Q22829204	朱見濍	0.00
Q28035	Er Tiao Chun Zi	Q110592002	二条淳子	0.00
Q28038	Yue Qian (you Qi Chuan Gong Zhi Ren Qin Wang Nojia Nu Fang )	Q110593117	越前 (有栖川宮職仁親王の家女房)	0.00
Q28040	忌 (晋国)	Q10296563	忌 (晋国)	0.00
Q28041	Shobukoji (Lady-in-waiting of Prince Arisugawa Miyamoto)	Q110594836	菖蒲小路 (有栖川宮職仁親王の家女房)	0.00
Q28047	Yin Ren Qin Wang	Q110592025	音仁親王	0.00
Q28050	Jue Ren Ru Dao Qin Wang	Q110594365	覚仁入道親王	0.00
Q28054	Zeng Shang Ru Dao Qin Wang	Q110594401	増賞入道親王	0.00
Q28057	Wen Heng Nu Wang	Q110595772	文亨女王	0.00
Q28060	Rong Shu Nu Wang	Q110597213	栄恕女王	0.00
Q28068	Tai Gong Xun Zi	Q117465558	泰宮薫子	0.00
Q28070	太子禄	Q10941192	太子禄	0.00
Q28074	公子罢敌	Q10892749	公子罢敌	0.00
Q28078	子国	Q10944080	子国	0.00
Q28083	Leng Quan Wei Jing	Q11395366	冷泉為経	0.00
Q28086	Yuan Chi Zong Zhao	Q109337926	園池宗朝	0.00
Q28089	Daughter of Ayakoji Toshikage (Wife of Kushige Takaga)	Q109352450	綾小路俊景の娘 (櫛笥隆賀の妻)	0.00
Q28090	公孙宽	Q10892804	公孙宽	0.00
Q28092	Rokujo no Tsubone (Wife of Kushige Takaga)	Q110168199	六条局 (櫛笥隆賀の妻)	0.00
Q28093	平 (楚国)	Q11060624	平 (楚国)	0.00
Q28095	櫛笥隆兼	Q109352455	櫛笥隆兼	0.00
Q28096	郚公子春	Q22773901	郚公子春	0.00
Q28098	八条隆英	Q110167917	八条隆英	0.00
Q28107	Tong Quan Yuan (fu Jian Gong Zhen Jian Qin Wang Nojia Nu Fang )	Q110594673	通泉院 (伏見宮貞建親王の家女房)	0.00
Q28113	尊英入道親王	Q110594361	尊英入道親王	0.00
Q28116	Shou Zi Nu Wang	Q110594683	寿子女王	0.00
Q28122	鷹司達子	Q110590070	鷹司達子	0.00
Q28124	俠累	Q10887926	俠累	0.00
Q28146	Rite	Q110591985	りて	0.00
Q28150	Zi Yun Yuan	Q110598055	紫雲院	0.00
Q28157	Shen Ren Fa Qin Wang	Q110591986	深仁法親王	0.00
Q28160	Gong Zhang Ru Dao Qin Wang	Q110597896	公璋入道親王	0.00
Q28166	Zong Gong Nu Wang	Q110598338	宗恭女王	0.00
Q28172	Ying Ren Fa Qin Wang	Q110612146	盈仁法親王	0.00
Q28175	Mao Li Zuo Dai	Q109669534	毛利佐代	0.00
Q28184	Ying Si Fu Zi	Q110714264	鷹司富子	0.00
Q28196	Jing Ji Gong Zai Zi Nu Wang	Q110619600	京極宮在子女王	0.00
Q28265	Xiao Li Yuan Zheng Xin Nochang Nu (zhi Tian Xin Chang Nozheng Shi Nochizhong Yuan Tong Mao Nozheng Shi )	Q110884466	小笠原政信の長女 (織田信昌の正室のち中院通茂の正室)	0.00
Q28269	Jiu Shi Tong Yin Noniang (jiu Shi Tong Xia Noqi )	Q110884810	久世通音の娘 (久世通夏の妻)	0.00
Q28273	Jiu Shi Zhen Ji	Q110884687	久世貞姫	0.00
Q28351	朱恩鑙	Q11094065	朱恩鑙	0.00
Q28355	朱申鈘	Q11094470	朱申鈘	0.00
Q28359	朱申鑿	Q11094471	朱申鑿	0.00
Q28363	朱貢錝	Q11094791	朱貢錝	0.00
Q28367	朱均鈋	Q11093753	朱均鈋	0.00
Q28371	朱均鈽	Q22829261	朱均鈽	0.00
Q28375	朱詮鉦	Q11094764	朱詮鉦	0.00
Q28379	朱詮鉌	Q11094763	朱詮鉌	0.00
Q28387	朱陽鐆	Q22829241	朱陽鐆	0.00
Q28399	朱覲鐏	Q22829282	朱覲鐏	0.00
Q28435	張懋	Q11068466	張懋	0.00
Q28443	朱祐棌	Q11094523	朱祐棌	0.00
Q28486	上杉憲勝	Q11359167	上杉憲勝	0.00
Q28506	上杉房定の娘 (蘆名盛高の正室)	Q106768039	上杉房定の娘 (蘆名盛高の正室)	0.00
Q28526	那須資氏	Q106774451	那須資氏	0.00
Q28546	王惠妃	Q17362641	王惠妃	0.00
Q28552	高淑妃	Q16603747	高淑妃	0.00
Q28555	杨安妃	Q8250485	杨安妃	0.00
Q28558	魏德妃	Q30943741	魏德妃	0.00
Q28559	大内政弘の娘 (大友義右の正室)	Q108896300	大内政弘の娘 (大友義右の正室)	0.00
Q28561	朱祐檯	Q11094538	朱祐檯	0.00
Q28564	朱祐枎	Q11094514	朱祐枎	0.00
Q28567	朱祐榕	Q11094529	朱祐榕	0.00
Q28570	朱祐樒	Q11094532	朱祐樒	0.00
Q28576	朱祐材	Q11094512	朱祐材	0.00
Q28579	朱祐櫍	Q11094539	朱祐櫍	0.00
Q28582	朱祐楬	Q11094527	朱祐楬	0.00
Q28588	朱佑棨	Q6784846	朱佑棨	0.00
Q28591	朱佑楑	Q6784823	朱佑楑	0.00
Q28594	朱祐柄	Q11094518	朱祐柄	0.00
Q28597	朱祐橺	Q11094536	朱祐橺	0.00
Q28601	朱祐枔	Q11094515	朱祐枔	0.00
Q28605	朱祐檡	Q11094537	朱祐檡	0.00
Q28609	朱祐橏	Q22829206	朱祐橏	0.00
Q28623	大関晴増	Q11439894	大関晴増	0.00
Q28666	弃疾 (子南之子)	Q11066208	弃疾 (子南之子)	0.00
Q28670	幕 (楚國)	Q11060544	幕 (楚國)	0.00
Q28674	平夏	Q11060828	平夏	0.00
Q28731	松平親光	Q109250178	松平親光	0.00
Q28751	小山満泰の娘 (宇都宮等綱の室)	Q107172311	小山満泰の娘 (宇都宮等綱の室)	0.00
Q28762	陳悼太子	Q11073237	悼太子	0.00
Q28766	公子胜 (陈国)	Q10892754	公子胜 (陈国)	0.00
Q28774	赵稷	Q16907302	赵稷	0.00
Q28778	公子朝 (赵国)	Q10892723	公子朝 (赵国)	0.00
Q28806	朱賽哥	Q18653756	朱賽哥	0.00
Q28810	朱鐵哥	Q18653757	朱鐵哥	0.00
Q28814	ecchaahyingchingeching	Q11074227	慶陽公主	0.00
Q28878	朱奇源	Q11093796	朱奇源	0.00
Q28886	朱彥汰	Q11094004	朱彥汰	0.00
Q28890	朱台浤	Q11093705	朱台浤	0.00
Q28894	朱籲淵	Q11094582	朱籲淵	0.00
Q28898	朱籲淳	Q11094580	朱籲淳	0.00
Q28903	朱徵釙	Q11094013	朱徵釙	0.00
Q28907	朱聰沬	Q11094656	朱聰沬	0.00
Q28915	朱寵游	Q22829252	朱寵游	0.00
Q28919	朱寵涭	Q11093890	朱寵涭	0.00
Q28923	朱賓瀚	Q11094796	朱賓瀚	0.00
Q28927	朱真淤	Q11094482	朱真淤	0.00
Q28931	朱榮㳦	Q11094291	朱榮㳦	0.00
Q28932	Ledi Takeda	Q108694777	宝樹院 (近衛前久の妾)	0.00
Q28935	朱榮淑	Q22829263	朱榮淑	0.00
Q28939	朱勛𣴣	Q11093657	朱勛𣴣	0.00
Q28943	朱勛潪	Q11093656	朱勛潪	0.00
Q28947	朱當湄	Q18653746	朱當湄	0.00
Q28951	朱當沘	Q18653745	朱當沘	0.00
Q28959	朱當澻	Q11094473	朱當澻	0.00
Q28971	朱宸澮	Q19855834	朱宸澮	0.00
Q28992	勧修寺尚顕の娘 (三条公頼の妻)	Q108145857	勧修寺尚顕の娘 (三条公頼の妻)	0.00
Q28996	三条公頼の長女 (細川晴元の正室)	Q108145820	三条公頼の長女 (細川晴元の正室)	0.00
Q29025	五辻諸仲の娘 (中山孝親の娘)	Q108903320	五辻諸仲の娘 (中山孝親の娘)	0.00
Q29045	大炊御門経孝の娘 (最上義雅の正室)	Q109852534	大炊御門経孝の娘 (最上義雅の正室)	0.00
Q29053	大炊御門経孝の娘 (花山院定誠の正室)	Q109852590	大炊御門経孝の娘 (花山院定誠の正室)	0.00
Q29057	大炊御門経孝の娘 (橋本公綱の妻)	Q109852613	大炊御門経孝の娘 (橋本公綱の妻)	0.00
Q29077	上条上杉弾正少弼の娘 (長尾為景の正室)	Q106764331	上条上杉弾正少弼の娘 (長尾為景の正室)	0.00
Q29089	Guo Dao Shi Ji	Q111019624	鍋島市姫	0.00
Q29129	正親町三条実望の娘 (西園寺実宣の室)	Q106729022	正親町三条実望の娘 (西園寺実宣の室)	0.00
Q29149	正親町三条公兄の娘 (三条西実枝の室)	Q108084256	正親町三条公兄の娘 (三条西実枝の室)	0.00
Q29169	富小路氏直の娘 (中御門宣治の妻)	Q109830327	富小路氏直の娘 (中御門宣治の妻)	0.00
Q29185	吉田兼満の娘 (四条隆重の妻)	Q109321386	吉田兼満の娘 (四条隆重の妻)	0.00
Q29197	高倉永継の娘 (山科言国の妻)	Q134441213	高倉永継の娘 (山科言国の妻)	0.00
Q29225	武田次郎	Q128851654	武田次郎	0.00
Q29267	柏賢妃	Q8250486	柏賢妃	0.00
Q29269	Mao Li Yuan Zhi	Q11547557	毛利元知	0.00
Q29271	潘端妃	Q30943764	潘端妃	0.00
Q29275	朱厚勳	Q11093674	朱厚勳	0.00
Q29279	朱厚燆	Q11093686	朱厚燆	0.00
Q29283	楊恭妃	Q30943756	楊恭妃	0.00
Q29287	姚安妃	Q30943769	姚安妃	0.00
Q29291	王顺妃 (明宪宗)	Q8250321	王顺妃 (明宪宗)	0.00
Q29295	岳静妃 (明宪宗)	Q8250386	岳静妃 (明宪宗)	0.00
Q29299	정순혜비 곽씨	Q30943782	靖順惠妃郭氏	0.00
Q29311	朱厚𤊻	Q11093690	朱厚𤊻	0.00
Q29315	朱厚燉	Q11093687	朱厚燉	0.00
Q29319	朱厚燿	Q11093688	朱厚燿	0.00
Q29327	朱厚燽	Q6785433	朱厚燽	0.00
Q29330	慶雲院 (浅野幸長の正室)	Q109657183	慶雲院 (浅野幸長の正室)	0.00
Q29331	朱厚烇	Q11093676	朱厚烇	0.00
Q29343	朱厚煒 (明鄭王)	Q11093681	朱厚煒 (明鄭王)	0.00
Q29359	太子昭子	Q15901154	秦昭子	0.00
Q29406	柴田勝忠	Q118697837	柴田勝忠	0.00
Q29438	水野忠清の娘 (京極高三の正室)	Q108454771	水野忠清の娘 (京極高三の正室)	0.00
Q29444	趙成 (安平君)	Q16259931	赵成	0.00
Q29472	朱秉榛	Q11094554	朱秉榛	0.00
Q29492	朱表榮	Q11094730	朱表榮	0.00
Q29496	朱表椈	Q11094729	朱表椈	0.00
Q29500	朱表槏	Q11094731	朱表槏	0.00
Q29508	朱譽榮	Q11094788	朱譽榮	0.00
Q29512	朱鼒櫍	Q11094985	朱鼒櫍	0.00
Q29516	朱鼒枋	Q11094984	朱鼒枋	0.00
Q29518	前田利隆 (主膳正)	Q108056644	前田利隆 (主膳正)	0.00
Q29524	朱偕汸	Q11093592	朱偕汸	0.00
Q29528	朱偕㳘	Q11093591	朱偕㳘	0.00
Q29532	朱偕灊	Q11093593	朱偕灊	0.00
Q29536	朱俊杖	Q16904450	朱俊杖	0.00
Q29540	惠皇后 (明朝)	Q8254662	惠皇后 (明朝)	0.00
Q29548	朱致楹	Q22829253	朱致楹	0.00
Q29552	朱致格	Q11094674	朱致格	0.00
Q29560	朱弼桄	Q11093999	朱弼桄	0.00
Q29564	朱弼柿	Q11093998	朱弼柿	0.00
Q29568	朱顯槐	Q11094949	朱顯槐	0.00
Q29572	朱顯榕	Q11094947	朱顯榕	0.00
Q29575	前田友 (南部通信の正室)	Q111023851	前田友 (南部通信の正室)	0.00
Q29576	朱顯梡	Q11094945	朱顯梡	0.00
Q29580	朱胤榿	Q11094667	朱胤榿	0.00
Q29584	朱胤栘	Q11094666	朱胤栘	0.00
Q29587	伊勢貞遠の娘 (勧修寺尹豊の妻)	Q110068561	伊勢貞遠の娘 (勧修寺尹豊の妻)	0.00
Q29588	朱健栻	Q22829305	朱健栻	0.00
Q29603	長谷川重吉の娘 (万里小路孝房の妻)	Q109849770	長谷川重吉の娘 (万里小路孝房の妻)	0.00
Q29679	石川康通の娘 (内藤信正の正室)	Q108454025	石川康通の娘 (内藤信正の正室)	0.00
Q29691	内藤信正の娘 (金森重次の正室)	Q109832291	内藤信正の娘 (金森重次の正室)	0.00
Q29695	内藤信正の娘 (水無瀬氏信の妻)	Q109832315	内藤信正の娘 (水無瀬氏信の妻)	0.00
Q29699	内藤信正の娘 (堀親昌の継室)	Q109937135	内藤信正の娘 (堀親昌の継室)	0.00
Q29707	水野忠政の妹 (奥平貞勝の正室)	Q106680397	水野忠政の妹 (奥平貞勝の正室)	0.00
Q29739	水野忠清の娘 (山内忠直の正室)	Q108454778	水野忠清の娘 (山内忠直の正室)	0.00
Q29748	水野忠清の娘 (土方氏久の正室)	Q109650687	水野忠清の娘 (土方氏久の正室)	0.00
Q29752	水野忠清の娘 (有馬康純の正室)	Q110271440	水野忠清の娘 (有馬康純の正室)	0.00
Q29784	三宅長閑の娘 (桜井家次の妻)	Q109921744	三宅長閑の娘 (桜井家次の妻)	0.00
Q29788	松平家次の娘 (菅沼定盈の継室)	Q109921660	松平家次の娘 (菅沼定盈の継室)	0.00
Q29796	跡部氏 (保科正光の母)	Q108807644	跡部氏 (保科正光の母)	0.00
Q29844	小出吉英の長女 (三浦重勝の正室のち山内一唯の妻)	Q110644825	小出吉英の長女 (三浦重勝の正室のち山内一唯の妻)	0.00
Q29848	小出吉重の娘 (大関増栄の正室)	Q110644932	小出吉重の娘 (大関増栄の正室)	0.00
Q29856	小出吉重の娘 (谷衛広の正室)	Q110645524	小出吉重の娘 (谷衛広の正室)	0.00
Q29860	小出吉重の娘 (成瀬正親の正室)	Q110645536	小出吉重の娘 (成瀬正親の正室)	0.00
Q29864	酒井忠勝の長女 (建部政長の正室)	Q108884486	酒井忠勝の長女 (建部政長の正室)	0.00
Q29868	長松院 (酒井忠勝の次女)	Q108884497	長松院 (酒井忠勝の次女)	0.00
Q29877	Suk-i Kim ssi	Q28699009	숙의 김씨	0.00
Q29895	大須賀康高の娘 (榊原康政の正室)	Q108747388	大須賀康高の娘 (榊原康政の正室)	0.00
Q29904	菅沼定実	Q11619295	菅沼定実	0.00
Q29912	奥平貞直	Q110780813	奥平貞直	0.00
Q29916	奥平定能の娘 (本多重純の妻のち奥平貞友の継室)	Q110781080	奥平定能の娘 (本多重純の妻のち奥平貞友の継室)	0.00
Q29952	酒井亀姫 (藤堂高久の正室)	Q110874612	酒井亀姫 (藤堂高久の正室)	0.00
Q29964	三浦重成の娘 (阿部重次の正室)	Q111081164	三浦重成の娘 (阿部重次の正室)	0.00
Q29965	錦原君	Q97351135	錦原君	0.00
Q29974	朱載培	Q11094818	朱載培	0.00
Q29976	菅沼定則の長女 (西郷正勝の妻)	Q109652101	菅沼定則の長女 (西郷正勝の妻)	0.00
Q29978	朱載垸	Q22829212	朱載垸	0.00
Q29988	花井吉成の娘 (村上忠勝の正室)	Q110894958	花井吉成の娘 (村上忠勝の正室)	0.00
Q29992	花井吉成の娘 (大久保右京の妻)	Q110894975	花井吉成の娘 (大久保右京の妻)	0.00
Q30009	松平正信の娘 (土屋直樹の正室のち日野資政の妻)	Q110967900	松平正信の娘 (土屋直樹の正室のち日野資政の妻)	0.00
Q30013	高陽院 (堀親貞の継室)	Q110967942	高陽院 (堀親貞の継室)	0.00
Q30017	松平正信の娘 (松平乗成の正室)	Q110968962	松平正信の娘 (松平乗成の正室)	0.00
Q30021	松平正信の娘 (本多忠能の正室)	Q110968991	松平正信の娘 (本多忠能の正室)	0.00
Q30034	王丽妃	Q8250509	王丽妃	0.00
Q30037	菅沼定継の妹 (奥平貞勝の継室・後室)	Q106680410	菅沼定継の妹 (奥平貞勝の継室・後室)	0.00
Q30090	王淑妃 (明睿宗)	Q8250315	王淑妃 (明睿宗)	0.00
Q30093	池田恒興の娘 (織田勝長の正室)	Q109657534	池田恒興の娘 (織田勝長の正室)	0.00
Q30094	朱載壤	Q20062733	朱載壤	0.00
Q30101	朱載墐	Q11094821	朱載墐	0.00
Q30105	朱載圭 (衡王)	Q11094815	朱載圭 (衡王)	0.00
Q30109	朱載封 (衡王)	Q11094829	朱載封 (衡王)	0.00
Q30113	朱載埨	Q11094817	朱載埨	0.00
Q30117	朱載均	Q11094816	朱載均	0.00
Q30121	朱載墱 (德王)	Q11094825	朱載墱 (德王)	0.00
Q30125	朱載境	Q11094820	朱載境	0.00
Q30127	Mo Li Xiao Lu Mu Zi	Q111106281	万里小路睦子	0.00
Q30129	朱載堯	Q11094819	朱載堯	0.00
Q30133	朱載坮	Q6784685	朱載坮	0.00
Q30137	朱載堅	Q6784648	朱載堅	0.00
Q30141	朱載墭	Q11094823	朱載墭	0.00
Q30149	朱載壐 (明鄭王)	Q11094827	朱載壐 (明鄭王)	0.00
Q30153	秦嬴	Q8249068	秦嬴	0.00
Q30210	东宅公	Q9384015	东宅公	0.00
Q30250	子献	Q10944145	子献	0.00
Q30267	清源院 (烏丸光広の側室)	Q109901005	清源院 (烏丸光広の側室)	0.00
Q30280	立長院 (永見長頼の側室)	Q111043261	立長院 (永見長頼の側室)	0.00
Q30288	秋山氏 (松平昌勝の側室)	Q108887512	秋山氏 (松平昌勝の側室)	0.00
Q30302	朱知烊	Q11094499	朱知烊	0.00
Q30304	飛鳥井雅直	Q109923252	飛鳥井雅直	0.00
Q30306	朱知㸅	Q11094498	朱知㸅	0.00
Q30314	朱定燿	Q11093854	朱定燿	0.00
Q30318	朱倪𤏳	Q11093584	朱倪𤏳	0.00
Q30322	朱旭櫏	Q11094171	朱旭櫏	0.00
Q30326	朱充燿	Q11093607	朱充燿	0.00
Q30331	順皇后 (明朝)	Q8254651	順皇后 (明朝)	0.00
Q30339	朱憲煥	Q22829254	朱憲煥	0.00
Q30343	朱憲㸅	Q11094114	朱憲㸅	0.00
Q30347	朱承爚	Q11094128	朱承爚	0.00
Q30351	朱縉炯	Q11094601	朱縉炯	0.00
Q30352	毛利品	Q109669816	毛利品	0.00
Q30355	朱縉𤏳	Q11094602	朱縉𤏳	0.00
Q30359	朱英㷿	Q11094690	朱英㷿	0.00
Q30360	Mao Li Xing	Q109670897	毛利幸	0.00
Q30363	朱英燿	Q11094694	朱英燿	0.00
Q30367	朱恬烄	Q11094067	朱恬烄	0.00
Q30371	朱觀煐	Q18653755	朱觀煐	0.00
Q30375	朱觀𤊟	Q11094758	朱觀𤊟	0.00
Q30408	Shan Xiu Yuan	Q113203289	善修院	0.00
Q30420	Gui Xiang Yuan	Q11536919	桂香院	0.00
Q30424	De Chuan Xian Ji	Q113203644	徳川賢姫	0.00
Q30480	戒光院 (細川興生の正室)	Q111107524	戒光院 (細川興生の正室)	0.00
Q30569	伊木忠次の次女 (池田長吉の継室)	Q111158869	伊木忠次の次女 (池田長吉の継室)	0.00
Q30591	이동	Q27952689	이동	0.00
Q30595	윤승례	Q85983639	윤승례	0.00
Q30605	雪窓院 (大島光盛の妻のち池田利政の妻)	Q111182287	雪窓院 (大島光盛の妻のち池田利政の妻)	0.00
Q30629	池田政直の娘 (松平勝以の正室)	Q109818765	池田政直の娘 (松平勝以の正室)	0.00
Q30669	福島正信の娘 (別所重宗の正室)	Q108747085	福島正信の娘 (別所重宗の正室)	0.00
Q30681	福島正則の娘 (水無瀬兼俊の妻)	Q109833074	福島正則の娘 (水無瀬兼俊の妻)	0.00
Q30684	朱翊錙	Q11094636	朱翊錙	0.00
Q30688	朱翊錝	Q22829216	朱翊錝	0.00
Q30692	張氏	Q133539104	張氏	0.00
Q30709	岡部宣勝の娘 (松平康映の正室)	Q111023551	岡部宣勝の娘 (松平康映の正室)	0.00
Q30717	松仙院 (脇坂安政の正室)	Q111023508	松仙院 (脇坂安政の正室)	0.00
Q30742	長尾景信の娘 (豊島泰経の妻)	Q108908703	長尾景信の娘 (豊島泰経の妻)	0.00
Q30777	盧靖妃 (明世宗)	Q8250571	盧靖妃 (明世宗)	0.00
Q30781	江肅妃 (明世宗)	Q8250498	江肅妃 (明世宗)	0.00
Q30785	趙懿妃 (明世宗)	Q8250627	趙懿妃 (明世宗)	0.00
Q30789	陈雍妃 (明世宗)	Q8250643	陈雍妃 (明世宗)	0.00
Q30793	赵荣妃	Q30943749	赵荣妃	0.00
Q30797	王徽妃 (明世宗)	Q8250526	王徽妃 (明世宗)	0.00
Q30801	张德妃	Q30943663	张德妃	0.00
Q30802	三条西実枝の娘 (稲葉良通の正室)	Q108910764	三条西実枝の娘 (稲葉良通の正室)	0.00
Q30809	朱翊鉁	Q11094632	朱翊鉁	0.00
Q30813	朱翊鑊	Q11094644	朱翊鑊	0.00
Q30814	稲葉一鉄の娘 (丸毛兼利の妻)	Q110844725	稲葉一鉄の娘 (丸毛兼利の妻)	0.00
Q30817	朱翊鎮	Q11094638	朱翊鎮	0.00
Q30821	朱翊鑾	Q11094645	朱翊鑾	0.00
Q30825	朱翊錧	Q11094637	朱翊錧	0.00
Q30829	朱翊𨰜	Q11094649	朱翊𨰜	0.00
Q30833	朱翊銘	Q11094635	朱翊銘	0.00
Q30837	朱翊鏡	Q11094639	朱翊鏡	0.00
Q30845	朱翊鉅 (荊王)	Q11094634	朱翊鉅 (荊王)	0.00
Q30849	朱翊鐘 (鄭世子)	Q11094641	朱翊鐘 (鄭世子)	0.00
Q30853	朱翊鐸 (鄭王)	Q11094643	朱翊鐸 (鄭王)	0.00
Q30861	太子喜	Q10941170	太子喜	0.00
Q30940	诸御鞅	Q17163668	诸御鞅	0.00
Q30947	畠山政国 (総州家)	Q11578643	畠山政国 (総州家)	0.00
Q30959	林通政 (駿河守)	Q20042364	林通政 (駿河守)	0.00
Q30967	稲葉通以の娘 (斎藤利匡の妻)	Q110943655	稲葉通以の娘 (斎藤利匡の妻)	0.00
Q30968	공충	Q16159585	공충	0.00
Q31003	河越氏の娘 (佐竹義盛の母)	Q106774156	河越氏の娘 (佐竹義盛の母)	0.00
Q31012	朱新㙉	Q11094161	朱新㙉	0.00
Q31016	朱新墧	Q22829221	朱新墧	0.00
Q31020	朱朝堈	Q11094224	朱朝堈	0.00
Q31024	朱斡跬	Q11093962	朱斡跬	0.00
Q31027	小山持政	Q11459869	小山持政	0.00
Q31028	朱斡坤	Q11093961	朱斡坤	0.00
Q31032	朱伸域	Q11093569	朱伸域	0.00
Q31036	朱融燧	Q11094721	朱融燧	0.00
Q31040	朱廷埼	Q11093982	朱廷埼	0.00
Q31044	端皇后 (朱碩熿)	Q8254605	端皇后 (朱碩熿)	0.00
Q31052	朱器埈	Q132087523	朱器埈	0.00
Q31056	朱器圻	Q65052422	朱器圻	0.00
Q31060	朱術雅	Q11094723	朱術雅	0.00
Q31069	朱宣圻	Q11093856	朱宣圻	0.00
Q31073	朱紳堵	Q11094593	朱紳堵	0.00
Q31077	朱紳堯	Q11094592	朱紳堯	0.00
Q31081	朱華奎	Q11094708	朱華奎	0.00
Q31085	朱華壁	Q11094707	朱華壁	0.00
Q31089	楚王華堞	Q11094706	朱華堞	0.00
Q31093	楚王華廛	Q33113867	楚王華廛	0.00
Q31097	朱珵堯	Q11094420	朱珵堯	0.00
Q31101	朱颐封	Q18653758	朱颐封	0.00
Q31192	大内義興の娘 (足利義維の正室)	Q109680030	大内義興の娘 (足利義維の正室)	0.00
Q31216	持明院基春の娘 (後奈良天皇の宮人)	Q134438310	持明院基春の娘 (後奈良天皇の宮人)	0.00
Q31220	四条隆昌の娘 (藤谷為賢の妻)	Q108850244	四条隆昌の娘 (藤谷為賢の妻)	0.00
Q31232	冷泉為満の娘 (綾小路高有の側室)	Q109352310	冷泉為満の娘 (綾小路高有の側室)	0.00
Q31240	高倉永継	Q109129778	高倉永継	0.00
Q31258	李譿	Q16170211	서산군	0.00
Q31264	烏丸益光の娘 (烏丸冬光の母)	Q109786479	烏丸益光の娘 (烏丸冬光の母)	0.00
Q31280	浅井重政	Q109672270	浅井重政	0.00
Q31324	日野勝光の娘 (高辻章長の妻)	Q109252607	日野勝光の娘 (高辻章長の妻)	0.00
Q31353	谷衛友の娘 (園基音の正室)	Q109805562	谷衛友の娘 (園基音の正室)	0.00
Q31401	寺井氏 (久我通廉の家女房)	Q109319024	寺井氏 (久我通廉の家女房)	0.00
Q31429	Princess Fushiminomiya Mitsuko (second daughter of Prince Fushiminomiya Kuninaga)	Q110965697	伏見宮光子女王 (伏見宮邦永親王の次女)	0.00
Q31439	prints Yonson	Q12607393	영성군	0.00
Q31459	朱常清 (趙王)	Q11093951	朱常清 (趙王)	0.00
Q31462	谷野氏 (京極宮家仁親王の家女房)	Q110596877	谷野氏 (京極宮家仁親王の家女房)	0.00
Q31463	朱常㳛	Q11093942	朱常㳛	0.00
Q31467	孔尚賢	Q28419028	孔尚賢	0.00
Q31474	Zhuan Xiu Si Yuan You	Q111310210	専修寺円猷	0.00
Q31478	Tokiwagi (Lady of the Household of Prince Arisugawa Orihito)	Q110715421	常盤木 (有栖川宮織仁親王の家女房)	0.00
Q31482	Chisaka (Lady of the Household of Prince Arisugawa Orihito)	Q110715515	千坂 (有栖川宮織仁親王の家女房)	0.00
Q31502	Princess Arisugawa Sachiko (Wife of Mori Narifusa)	Q110715070	有栖川宮幸子女王 (毛利斉房の正室)	0.00
Q31506	Da Yi Wen Cheng	Q110715753	大儀文成	0.00
Q31518	Ikumiya (Fifth Daughter of Prince Arisugawa Orihito)	Q110716175	幾宮 (有栖川宮織仁親王の五女)	0.00
Q31522	You Qi Chuan Gong Xi Zi Nu Wang	Q110716298	有栖川宮熙子女王	0.00
Q31526	Ji Ren Fa Qin Wang	Q110716555	済仁法親王	0.00
Q31530	You Qi Chuan Gong Zhi Zi Nu Wang	Q110714934	有栖川宮織子女王	0.00
Q31538	園池宗朝の娘 (鷲尾隆尹の妻)	Q109339711	園池宗朝の娘 (鷲尾隆尹の妻)	0.00
Q31571	秦淑妃	Q8250582	秦淑妃 (明穆宗)	0.00
Q31575	朱常汭	Q20062732	朱常汭	0.00
Q31582	Fu Jian Gong Zhen Zhi Qin Wang Nojia Nu Fang	Q111310075	伏見宮貞致親王の家女房	0.00
Q31587	朱常溒	Q11093954	朱常溒	0.00
Q31590	member of the Sono clan (housewife of Prince Fushiminomiya Kuninaga)	Q110966246	薗氏 (伏見宮邦永親王の家女房)	0.00
Q31591	朱常㵂	Q11093943	朱常㵂	0.00
Q31594	Kondo (Lady of the Household of Prince Fushimi Kuninaga)	Q110966253	近藤氏 (伏見宮邦永親王の家女房)	0.00
Q31595	朱常淳	Q11093949	朱常淳	0.00
Q31599	朱常⿰氵⿱㓞青	Q11071797	朱常⿰氵⿱㓞青	0.00
Q31603	朱常澍	Q22829227	朱常澍	0.00
Q31606	Fu Jian Gong Fu Zi Nu Wang	Q110966212	伏見宮輔子女王	0.00
Q31607	朱常𣶏	Q11093960	朱常𣶏	0.00
Q31610	Zun Xiao Ru Dao Qin Wang	Q110966312	尊孝入道親王	0.00
Q31611	崇昭王	Q11053068	崇昭王	0.00
Q31615	朱常澄	Q11093958	朱常澄	0.00
Q31618	Ichijo Teruko (Wife of Prince Fushimi Sadatake)	Q110617668	一条輝子 (伏見宮貞敬親王の妃)	0.00
Q31623	朱常泠	Q11093945	朱常泠	0.00
Q31626	Shinjuin (Wife of Prince Fushimi Sadatake)	Q110617993	真珠院 (伏見宮貞敬親王の妻)	0.00
Q31627	朱常𣵧	Q11093959	朱常𣵧	0.00
Q31630	Oshikoji no Tsubone (Lady of the Household of Prince Fushimi Sadatake)	Q110724154	押小路局 (伏見宮貞敬親王の家女房)	0.00
Q31631	朱常泴	Q11093946	朱常泴	0.00
Q31635	朱常澂	Q11093957	朱常澂	0.00
Q31638	Fu Jian Gong Shao Zi Nu Wang	Q109780384	伏見宮韶子女王	0.00
Q31650	Ri Zun Nu Wang	Q110617797	日尊女王	0.00
Q31654	Fu Jian Gong Ying Zi Nu Wang	Q110618262	伏見宮英子女王	0.00
Q31658	Zhong Zi Nu Wang	Q110618580	種子女王	0.00
Q31659	屈重	Q17024893	屈重	0.00
Q31662	Fu Jian Gong Zeng Zi Nu Wang	Q110618761	伏見宮増子女王	0.00
Q31666	Zong Zhun Nu Wang	Q110724652	宗諄女王	0.00
Q31670	Princess Takako (Eleventh Daughter of Prince Fushimi Sadatake)	Q28688893	隆子女王 (伏見宮貞敬親王の十一女)	0.00
Q31678	Huai Gong	Q110740061	懐宮	0.00
Q31694	Jin Wei Yin Zi	Q109779872	近衛因子	0.00
Q31700	田白	Q16259854	田莊子	0.00
Q31702	Xian Yuan Gong Xuan Zi Nu Wang	Q110664967	閑院宮宣子女王	0.00
Q31706	Xian Yuan Gong Zhen Zi Nu Wang	Q110733024	閑院宮貞子女王	0.00
Q31720	庐陵君	Q11062822	庐陵君	0.00
Q31724	长安君	Q17030243	长安君	0.00
Q31728	燕武成后	Q8249256	燕武成后	0.00
Q31752	朱慎鋷	Q11094108	朱慎鋷	0.00
Q31756	朱慎鏡	Q11094109	朱慎鏡	0.00
Q31760	朱在鋌	Q11093752	朱在鋌	0.00
Q31762	Feng Xu He Yi Zi	Q18011505	蜂須賀儀子	0.00
Q31764	朱小魯	Q11093901	朱小魯	0.00
Q31768	朱企鉁	Q11093565	朱企鉁	0.00
Q31770	Ying Si Yi Zi	Q109669176	鷹司依子	0.00
Q31772	朱企𨰘	Q16904341	朱企𨰘	0.00
Q31774	Ying Si Ji Zi	Q109669243	鷹司吉子	0.00
Q31776	朱帥鋅	Q11093940	朱帥鋅	0.00
Q31778	Jin Chu Chuan He Wan	Q110619133	今出川賀丸	0.00
Q31780	朱謨㙉	Q11094786	朱謨㙉	0.00
Q31782	Ying Si Ding Zi	Q110741437	鷹司定子	0.00
Q31784	代世子 (朱廷埼四子)	Q10884389	代世子 (朱廷埼四子)	0.00
Q31786	Ying Si Gao Zi	Q111102322	鷹司皐子	0.00
Q31788	朱鼐鉉	Q11094983	朱鼐鉉	0.00
Q31790	Ying Si Dao Zi	Q111102945	鷹司道子	0.00
Q31792	朱鼐鈞 (代王)	Q11094982	朱鼐鈞 (代王)	0.00
Q31794	Ying Si Chen Zi	Q111103145	鷹司辰子	0.00
Q31798	Ying Si Xiang Zi	Q111103199	鷹司祥子	0.00
Q31800	光華陳妃	Q130570307	光華陳妃	0.00
Q31802	Jin Wei Bei Zi	Q111101629	近衛備子	0.00
Q31806	Ti Hu Xin Zi	Q108857103	醍醐信子	0.00
Q31808	朱聿鏼	Q11094661	朱聿鏼	0.00
Q31810	Si Sip Gong Ji	Q108847422	四辻公績	0.00
Q31814	Jin Chu Chuan Shang Ji	Q11376759	今出川尚季	0.00
Q31816	朱聿鍔	Q11094658	朱聿鍔	0.00
Q31820	朱聿𨧨	Q17025683	朱聿𨧨	0.00
Q31824	朱奉銓	Q11093798	朱奉銓	0.00
Q31828	朱識鋐	Q11094787	朱識鋐	0.00
Q31832	朱效鏞	Q11094136	朱效鏞	0.00
Q31836	朱壽𨰜	Q11093778	朱壽𨰜	0.00
Q31838	De Chuan Sheng Zi	Q109649835	徳川勝子	0.00
Q31840	朱壽鏳	Q11093777	朱壽鏳	0.00
Q31842	daughter of Matsudaira Yoritoyo (wife of Konoe no Uchimae)	Q110169261	松平頼豊の娘 (近衛内前の妻)	0.00
Q31844	朱壽鋐	Q11093775	朱壽鋐	0.00
Q31846	daughter of Takakura Nagafusa (wife of Konoe no Uchimae)	Q110168721	高倉永房の娘 (近衛内前の妻)	0.00
Q31850	De Chuan Zhong Ji	Q108915776	徳川仲姫	0.00
Q31854	田安節子	Q108915786	田安節子	0.00
Q31895	daughter of Takakura Nagashige (wife of Sono Motoka)	Q110143723	高倉永重の娘 (園基香の妻)	0.00
Q31899	Sono Motohira	Q110078690	園基衡	0.00
Q31903	daughter of Sono Motohira (wife of Ishino Motomune)	Q110168492	園基衡の娘 (石野基棟の妻)	0.00
Q31907	高倉永慶の娘 (中院通純の妻)	Q110949118	高倉永慶の娘 (中院通純の妻)	0.00
Q31911	Jiu Shi Tong Yin	Q110884778	久世通音	0.00
Q31936	jongyigun	Q16184707	종의군	0.00
Q31939	五条為成の娘 (花園公晴の妻)	Q110143834	五条為成の娘 (花園公晴の妻)	0.00
Q31940	jinnamgun (wangjog)	Q12618180	진남군 (왕족)	0.00
Q31943	Guo Dao Zhi Yi	Q11650666	鍋島直宜	0.00
Q32013	선혜옹주	Q55737306	선혜옹주	0.00
Q32145	朱由松	Q11094446	朱由松	0.00
Q32148	長尾顕忠の娘 (上杉朝良の正室?)	Q106809033	長尾顕忠の娘 (上杉朝良の正室?)	0.00
Q32149	朱由桂 (趙王)	Q11094451	朱由桂 (趙王)	0.00
Q32152	朱由棪	Q11094452	朱由棪	0.00
Q32156	孔貞幹	Q28419029	孔貞幹	0.00
Q32224	賀茂神社社家竹内氏の娘 (今小路の生母)	Q107639515	賀茂神社社家竹内氏の娘 (今小路の生母)	0.00
Q32257	王栄妃	Q8250535	王榮妃 (明神宗)	0.00
Q32260	孝誠恭皇后	Q8254632	孝誠恭皇后	0.00
Q32264	각정태후	Q8258965	恪貞仁壽皇后	0.00
Q32273	周端妃	Q8250372	周端妃	0.00
Q32317	朱由楨	Q11094455	朱由楨	0.00
Q32321	朱由枵	Q11094447	朱由枵	0.00
Q32325	朱由檡	Q11094466	朱由檡	0.00
Q32329	朱由棷	Q11094453	朱由棷	0.00
Q32333	朱由楝	Q11094454	朱由楝	0.00
Q32337	朱由樞	Q11094460	朱由樞	0.00
Q32341	朱由𣒻	Q11094468	朱由𣒻	0.00
Q32345	朱由櫟	Q11094467	朱由櫟	0.00
Q32349	朱由樻	Q11094463	朱由樻	0.00
Q32353	朱由樊	Q11094459	朱由樊	0.00
Q32369	公子少官	Q10892705	公子少官	0.00
Q32449	春平君	Q11088788	春平君	0.00
Q32456	蜷川親俊 (帯刀先生)	Q108818849	蜷川親俊 (帯刀先生)	0.00
Q32478	朱敏淳	Q11094140	朱敏淳	0.00
Q32482	朱肅溱	Q16904453	朱肅溱	0.00
Q32486	朱其美	Q22829311	朱其美	0.00
Q32490	朱禋洪	Q11094545	朱禋洪	0.00
Q32494	朱禋⿰氵純	Q11051062	朱禋⿰氵純	0.00
Q32498	朱倬㴶	Q11093588	朱倬㴶	0.00
Q32502	朱朗錡	Q11094223	朱朗錡	0.00
Q32506	朱鼎莎	Q11094979	朱鼎莎	0.00
Q32510	朱鼎渭	Q11094975	朱鼎渭	0.00
Q32522	朱至澍	Q11094673	朱至澍	0.00
Q32526	朱迥洪	Q11094837	朱迥洪	0.00
Q32545	亮有の娘 (三室戸誠光の妻)	Q110157636	亮有の娘 (三室戸誠光の妻)	0.00
Q32581	赤井時家	Q23986625	赤井時家	0.00
Q32723	朱慈𢣴	Q11094105	朱慈𢣴	0.00
Q32733	松平清宗の娘 (久野与次郎の正室)	Q108490882	松平清宗の娘 (久野与次郎の正室)	0.00
Q32737	松平清宗の娘 (鳥居康忠の正室)	Q108490938	松平清宗の娘 (鳥居康忠の正室)	0.00
Q32761	中御門宣教の娘 (中御門資胤の妻)	Q109830218	中御門宣教の娘 (中御門資胤の妻)	0.00
Q32769	武田信昌の娘 (小笠原清宗の妻)	Q106664323	武田信昌の娘 (小笠原清宗の妻)	0.00
Q32789	長春院 (小出吉政の正室)	Q111042873	長春院 (小出吉政の正室)	0.00
Q32793	法眼院 (加藤貞泰の継室)	Q108745968	法眼院 (加藤貞泰の継室)	0.00
Q32797	福島正信の娘 (別所吉治の妻)	Q108747289	福島正信の娘 (別所吉治の妻)	0.00
Q32819	鞏永固	Q30943035	鞏永固	0.00
Q32826	清殊院 (毛利光広正室)	Q111020269	清殊院 (毛利光広正室)	0.00
Q32834	清浄院 (毛利光広の娘)	Q108823132	清浄院 (毛利光広の娘)	0.00
Q32838	Rengein (wife of Mori Mototomo)	Q110268724	蓮華院 (毛利元知の正室)	0.00
Q32843	朱慈炜	Q11094082	朱慈炜	0.00
Q32847	朱慈焯	Q11094089	朱慈焯	0.00
Q32851	朱慈𤇥	Q11094106	朱慈𤇥	0.00
Q32855	朱慈𤇥	Q11094099	朱慈熠	0.00
Q32858	名護屋高久の娘 (津田織部の妻のち金森可重の継室)	Q109120279	名護屋高久の娘 (津田織部の妻のち金森可重の継室)	0.00
Q32867	朱慈炤 (明榮王)	Q11094086	朱慈炤 (明榮王)	0.00
Q32871	朱慈爚	Q11094104	朱慈爚	0.00
Q32875	朱慈㷑	Q11094095	朱慈㷑	0.00
Q32890	成等院 (宣如の内室)	Q110820014	成等院 (宣如の内室)	0.00
Q32895	公子池	Q9414826	公子池	0.00
Q32898	Jiu Tiao Ling Ji	Q110599663	九条令姫	0.00
Q32899	公子繇	Q9415053	公子繇	0.00
Q32919	公子雍 (秦国)	Q10892779	公子雍	0.00
Q32922	杉原長房の娘 (船越永景の正室)	Q109936660	杉原長房の娘 (船越永景の正室)	0.00
Q32923	公子壮	Q10892699	公子壮	0.00
Q32931	燕文夫人	Q8249226	燕文夫人	0.00
Q32938	織田信正 (掃部頭)	Q111289128	織田信正 (掃部頭)	0.00
Q32951	荘姪	Q56347631	荘姪	0.00
Q32967	太子奐	Q76632388	太子奂	0.00
Q32986	織田長政の長女 (大田原政清の正室)	Q111181807	織田長政の長女 (大田原政清の正室)	0.00
Q32990	織田長政の次女 (織田貞置の継室)	Q111182153	織田長政の次女 (織田貞置の継室)	0.00
Q32994	織田長政の娘 (柴田勝重の継室)	Q111182170	織田長政の娘 (柴田勝重の継室)	0.00
Q33002	織田頼長の長女 (一条昭良の正室)	Q109739466	織田頼長の長女 (一条昭良の正室)	0.00
Q33006	織田信清の娘 (藤堂高刑の妻)	Q111018968	織田信清の娘 (藤堂高刑の妻)	0.00
Q33022	柴田勝家の妹 (柴田勝敏の母)	Q109002215	柴田勝家の妹 (柴田勝敏の母)	0.00
Q33044	朱存⿰木釡	Q16075472	朱存⿰木釡	0.00
Q33056	朱存𣑚	Q11093824	朱存𣑚	0.00
Q33064	朱求桂	Q11094321	朱求桂	0.00
Q33067	朱恭枵	Q11094068	朱恭枵	0.00
Q33071	朱雍松	Q22829312	朱雍松	0.00
Q33075	岷十二世	Q11051064	岷王 (明朝第十二任)	0.00
Q33079	朱璟浤	Q11094436	朱璟浤	0.00
Q33083	代王 (明朝第十任)	Q10884433	代王 (明朝第十任)	0.00
Q33087	朱平樻	Q16904342	朱平樻	0.00
Q33096	魯王公主	Q15936528	魯王公主	0.00
Q33098	飯坂宗康の長女 (桑折政長の妻)	Q109681265	飯坂宗康の長女 (桑折政長の妻)	0.00
Q33106	伊達宗純の娘 (池田由道の正室)	Q111094678	伊達宗純の娘 (池田由道の正室)	0.00
Q33110	姉小路公景の四女 (伊達宗興の正室)	Q111021154	姉小路公景の四女 (伊達宗興の正室)	0.00
Q33138	細川政賢の娘 (細川高国の妻)	Q108780182	細川政賢の娘 (細川高国の妻)	0.00
Q33150	前田仲利	Q108056632	前田仲利	0.00
Q33250	橋本実村の娘 (万里小路綱房の妻)	Q108855813	橋本実村の娘 (万里小路綱房の妻)	0.00
Q33259	衞氏	Q133277936	衞氏	0.00
Q33275	寧妃 (朱慈烺)	Q10955556	寧妃 (朱慈烺)	0.00
Q33281	An Teng Ding Zi	Q111308478	安藤定子	0.00
Q33283	楊貴人	Q30943766	楊貴人	0.00
Q33312	葉陽后	Q8258364	葉陽后	0.00
Q33334	梅辻 (池田綱政の側室)	Q111307194	梅辻 (池田綱政の側室)	0.00
Q33359	松平信定の娘 (松平親乗の妻)	Q109667050	松平信定の娘 (松平親乗の妻)	0.00
Q33367	松平義春の娘 (本多広孝の正室)	Q110140808	松平義春の娘 (本多広孝の正室)	0.00
Q33372	虮虱	Q17036669	虮虱	0.00
Q33379	松平政忠の娘 (菅沼定盈の正室)	Q109921620	松平政忠の娘 (菅沼定盈の正室)	0.00
Q33392	阏父	Q10564879	阏父	0.00
Q33400	孺子喜	Q10129644	孺子喜	0.00
Q33403	松平親清 (長沢松平家)	Q106317179	松平親清 (長沢松平家)	0.00
Q33423	朱审烜	Q11093855	朱审烜	0.00
Q33424	内藤義清の三女 (石川数正の正室)	Q108453407	内藤義清の三女 (石川数正の正室)	0.00
Q33427	朱紹烔	Q22829192	朱紹烔	0.00
Q33431	朱崇相	Q22829313	朱崇相	0.00
Q33435	朱逵𣏌	Q11094843	朱逵𣏌	0.00
Q33439	朱傳齌	Q11093597	朱傳齌	0.00
Q33444	水野忠職の娘 (小笠原長章の正室)	Q108454792	水野忠職の娘 (小笠原長章の正室)	0.00
Q33483	임성군	Q18381261	臨城君	0.00
Q33505	瑞光院 (保科正賢の継室)	Q111131105	瑞光院 (保科正賢の継室)	0.00
Q33513	黒田職隆の娘 (浦上誠宗の妻)	Q110741326	黒田職隆の娘 (浦上誠宗の妻)	0.00
Q33521	村上氏 (黒田光之の側室)	Q110902796	村上氏 (黒田光之の側室)	0.00
Q33523	王氏	Q133277945	王氏	0.00
Q33531	衛璋	Q133277937	衛璋	0.00
Q33577	永春院殿 (松平忠房正室)	Q111019853	永春院殿 (松平忠房正室)	0.00
Q33589	聖興院 (酒井忠世の正室)	Q111079889	聖興院 (酒井忠世の正室)	0.00
Q33601	三宅長閑の娘 (菅沼定盈の妻)	Q109921741	三宅長閑の娘 (菅沼定盈の妻)	0.00
Q33605	奥平貞直の娘 (阿知波定直の前室)	Q110781000	奥平貞直の娘 (阿知波定直の前室)	0.00
Q33637	清岸院 (酒井忠清の継室)	Q111021191	清岸院 (酒井忠清の継室)	0.00
Q33659	朱倫奎	Q11093586	朱倫奎	0.00
Q33663	朱理泰	Q22829314	朱理泰	0.00
Q33678	法秀院 (山内盛豊の妻)	Q17217121	法秀院 (山内盛豊の妻)	0.00
Q33698	内藤政長の娘 (蒲生郷喜の妻)	Q111018806	内藤政長の娘 (蒲生郷喜の妻)	0.00
Q33702	内藤政長の娘 (土方雄重の正室)	Q111018808	内藤政長の娘 (土方雄重の正室)	0.00
Q33706	内藤政長の娘 (西尾嘉教の正室のち横山興知の正室)	Q111018811	内藤政長の娘 (西尾嘉教の正室のち横山興知の正室)	0.00
Q33758	木村重茲の娘 (山口弘定の妻)	Q106650784	木村重茲の娘 (山口弘定の妻)	0.00
Q33766	本多忠敞 (旗本)	Q110967813	本多忠敞 (旗本)	0.00
Q33803	宮廄尹棄疾	Q10950651	宮廄尹棄疾	0.00
Q33819	齊宣王后	Q24836542	齊宣王后	0.00
Q33832	田通	Q66311357	田通	0.00
Q33838	本多忠義の娘 (井上正任正室)	Q111020134	本多忠義の娘 (井上正任正室)	0.00
Q33852	朱原善	Q22829315	朱原善	0.00
Q33856	朱韶䐾	Q11094938	朱韶䐾	0.00
Q33866	Wai Shan Bu Zi	Q109236055	外山補子	0.00
Q33882	Shan Ye Bian Zhi	Q111099915	山野辺直	0.00
Q33886	Song Bo Zhen Zi	Q111100048	松波貞子	0.00
Q33890	Liu Yuan Deng Wen	Q111105198	柳原登聞	0.00
Q33894	Li Yuan Li Zi	Q111105831	立原利子	0.00
Q33899	Gao Qiu De Zi	Q111106883	高丘徳子	0.00
Q33903	Gao Qiao Dao Zi	Q111107307	高橋道子	0.00
Q33907	Gao Qiao Yue Zi	Q111107316	高橋悦子	0.00
Q33911	De Chuan Zhu Ji	Q111099695	徳川祝姫	0.00
Q33915	Tokugawa Matsuhime (wife of Nanbu Toshitake)	Q111100066	徳川松姫 (南部利剛正室)	0.00
Q33919	De Chuan Ba Dai Ji	Q111104656	徳川八代姫	0.00
Q33924	Tokugawa Aihime (wife of Inoue Masatsugu)	Q111107140	徳川愛姫 (井上正順の妻)	0.00
Q33928	Tokugawa Masako (wife of Ikeda Tokuzumi)	Q111107327	徳川正子 (池田徳澄正室)	0.00
Q33940	Chi Tian Wan Shou Zi	Q111018368	池田萬寿子	0.00
Q33944	Chi Tian Sheng Ji	Q111018378	池田勝吉	0.00
Q33948	Xi Wei Sheng Shun	Q111018635	西尾勝順	0.00
Q33972	Jin Wei Hao Jun	Q110154224	近衛好君	0.00
Q34025	鬬韦龟	Q15912665	鬬韦龟	0.00
Q34037	韩孺	Q66922824	韩孺	0.00
Q34048	正親町季康の娘 (広橋兼賢の妻)	Q109924345	正親町季康の娘 (広橋兼賢の妻)	0.00
Q34053	陆发	Q66311359	陆发	0.00
Q34060	瑞応院 (烏丸光栄の正室)	Q109200598	瑞応院 (烏丸光栄の正室)	0.00
Q34070	朱諮桂	Q22829316	朱諮桂	0.00
Q34072	甘露寺嗣長の娘 (本多重昭の継室)	Q110065553	甘露寺嗣長の娘 (本多重昭の継室)	0.00
Q34080	四辻公遠の孫娘 (飛鳥井雅章の妻)	Q109923740	四辻公遠の孫娘 (飛鳥井雅章の妻)	0.00
Q34096	飛鳥井雅章の娘 (中院通躬の正室）	Q109956872	飛鳥井雅章の娘 (中院通躬の正室）	0.00
Q34100	飛鳥井雅章の娘 (平松時量の妻）	Q109956967	飛鳥井雅章の娘 (平松時量の妻）	0.00
Q34108	酒井亀姫 (毛利吉就の正室)	Q108824501	酒井亀姫 (毛利吉就の正室)	0.00
Q34133	本多氏 (松平知清の側室)	Q111043915	本多氏 (松平知清の側室)	0.00
Q34185	孔公镗	Q61721598	孔公镗	0.00
Q34193	Zhang Shi	Q111431737	張氏	0.00
Q34194	民部 (徳川宗春の側室)	Q109649795	民部 (徳川宗春の側室)	0.00
Q34201	孔氏	Q13655983	孔氏	0.00
Q34202	Xiang Quan Yuan	Q108915516	香詮院	0.00
Q34205	孔传钲	Q22812717	孔传钲	0.00
Q34206	Mori clan (Concubine of Tokugawa Munetake)	Q108915519	毛利氏 (徳川宗武の側室)	0.00
Q34210	Hayashi clan (Concubine of Tokugawa Munetake)	Q108915709	林氏 (徳川宗武の側室)	0.00
Q34218	Xiu Ji	Q108915724	脩姫	0.00
Q34222	De Chuan Ding Ji	Q108915736	徳川定姫	0.00
Q34225	蔓成然	Q15909868	蔓成然	0.00
Q34226	De Chuan Shu Ji	Q108915742	徳川淑姫	0.00
Q34230	Yi Tiao Xian Zi	Q110895742	一条顕子	0.00
Q34233	韓嫣	Q10566077	韓嫣	0.00
Q34234	Xi Tian You Ge	Q110899104	細田遊歌	0.00
Q34237	韓説	Q10948739	韓説	0.00
Q34238	Daughter of Hosokawa Tokutoki (Concubine of Tokugawa Munetada)	Q110899542	細川徳時の娘 (徳川宗尹の側室)	0.00
Q34246	森長継の娘 (一条冬経の継室)	Q109680677	森長継の娘 (一条冬経の継室)	0.00
Q34250	山科言行の娘 (一条冬経の継々室)	Q109680846	山科言行の娘 (一条冬経の継々室)	0.00
Q34253	田角	Q16077221	田角	0.00
Q34254	Jin Chu Chuan De Zi	Q109191435	今出川徳子	0.00
Q34257	陆皐	Q66311364	陆皐	0.00
Q34258	Yi Tiao Zhong Zi	Q113204149	一条重子	0.00
Q34261	陆万	Q66311369	陆万	0.00
Q34262	Yoshida clan (concubine of Tokugawa Munemasa)	Q113204744	吉田氏 (徳川宗将の側室)	0.00
Q34266	Murakami clan (concubine of Tokugawa Munemasa)	Q113204860	村上氏 (徳川宗将の側室)	0.00
Q34270	De Chuan Qian Jian Ji	Q109191792	徳川千間姫	0.00
Q34277	이궁진	Q112027810	이궁진	0.00
Q34294	De Chuan Zhi Ji	Q113204398	徳川致姫	0.00
Q34298	De Chuan Cong Ji	Q113204576	徳川従姫	0.00
Q34322	Chi Tian Hui Zi	Q111097276	池田輝子	0.00
Q34326	Chi Tian Li Jiu	Q111097348	池田利久	0.00
Q34330	Ti Dian Yang Yao	Q111097286	鵜殿央堯	0.00
Q34353	孔彦绍	Q61721601	孔彦绍	0.00
Q34357	王氏	Q13668765	王氏	0.00
Q34358	Mei Dai Ji	Q17216296	美代姫	0.00
Q34361	孔氏	Q13668817	孔氏	0.00
Q34366	Jue Liao Yuan	Q110620817	覚了院	0.00
Q34369	孔继澍	Q13671983	孔继澍	0.00
Q34373	孔继泂	Q26156554	孔继泂	0.00
Q34382	Song Ping Sheng Ji	Q110643094	松平升姫	0.00
Q34405	鬬辛	Q15931288	鬬辛	0.00
Q34409	鬬怀	Q15941239	鬬怀	0.00
Q34413	鬬巢	Q16075641	鬬巢	0.00
Q34423	松平頼恭の娘 (戸沢正産の正室、のち堀直教の正室)	Q108485932	松平頼恭の娘 (戸沢正産の正室、のち堀直教の正室)	0.00
Q34425	太史敫	Q10941103	太史敫	0.00
Q34427	松平頼恭の娘 (小笠原長堯の正室)	Q108485949	松平頼恭の娘 (小笠原長堯の正室)	0.00
Q34431	石川愛姫	Q113203600	石川愛姫	0.00
Q34435	森長継の娘 (毛利元次の正室)	Q111131037	森長継の娘 (毛利元次の正室)	0.00
Q34447	毛利元次の娘 (内田正偏の正室)	Q111131003	毛利元次の娘 (内田正偏の正室)	0.00
Q34495	太田資次の娘 (内藤弌信の正室)	Q109669748	太田資次の娘 (内藤弌信の正室)	0.00
Q34522	孔承敏	Q61721603	孔承敏	0.00
Q34530	Wang Kechang	Q13668769	王克昌	0.00
Q34534	Wang Zezeng	Q13668776	王则曾	0.00
Q34538	N.N. Wang	Q13669039	王氏	0.00
Q34546	孔氏	Q13672094	孔氏	0.00
Q34550	孔广秀	Q26156555	孔广秀	0.00
Q34554	孔廣枚	Q133697525	孔廣枚	0.00
Q34566	黄氏	Q13656186	黄氏	0.00
Q34572	森田氏 (伊木忠次の正室)	Q111180796	森田氏 (伊木忠次の正室)	0.00
Q34584	森寺忠勝の娘 (森寺長貞の正室のち能勢頼隆の妻)	Q111187734	森寺忠勝の娘 (森寺長貞の正室のち能勢頼隆の妻)	0.00
Q34588	久留島通春の娘 (池田長頼の妻)	Q111302547	久留島通春の娘 (池田長頼の妻)	0.00
Q34592	内藤忠重の娘 (池田長賢の正室)	Q111212762	内藤忠重の娘 (池田長賢の正室)	0.00
Q34670	浅野長賢 (広島新田藩主)	Q11557435	浅野長賢 (広島新田藩主)	0.00
Q34678	浅野綱長の娘 (九条師孝の妻)	Q110050424	浅野綱長の娘 (九条師孝の妻)	0.00
Q34682	Qian Ye Tai Ji	Q110050428	浅野泰姫	0.00
Q34686	浅野綱長の娘 (松平資訓の継室)	Q110050448	浅野綱長の娘 (松平資訓の継室)	0.00
Q34695	浅野綱長の娘 (水野忠幹の正室のち森長生の正室のち河鰭輝季の妻)	Q110050468	浅野綱長の娘 (水野忠幹の正室のち森長生の正室のち河鰭輝季の妻)	0.00
Q34699	山崎片家の娘 (別所吉治の正室)	Q108747268	山崎片家の娘 (別所吉治の正室)	0.00
Q34734	孔宏上	Q61721605	孔宏上	0.00
Q34735	石川康通の娘 (皆川隆庸の正室)	Q134513891	石川康通の娘 (皆川隆庸の正室)	0.00
Q34742	N.N. Wang	Q13669277	王氏	0.00
Q34750	纪汝俨	Q13672044	纪汝俨	0.00
Q34754	孔昭煃	Q26156556	孔昭煃	0.00
Q34758	孔昭燾	Q133697524	孔昭燾	0.00
Q34812	奥平貞昌の養女 (菅沼定則の正室)	Q109658003	奥平貞昌の養女 (菅沼定則の正室)	0.00
Q34887	大友義鎮の娘 (一萬田鎮実の妻)	Q108892872	大友義鎮の娘 (一萬田鎮実の妻)	0.00
Q34891	大友宗麟の娘 (母里友信の妻)	Q108892905	大友宗麟の娘 (母里友信の妻)	0.00
Q34899	大友義鎮の娘 (奈多鎮元の妻)	Q108893353	大友義鎮の娘 (奈多鎮元の妻)	0.00
Q34907	大友義鎮の娘 (臼杵統尚の妻)	Q109299856	大友義鎮の娘 (臼杵統尚の妻)	0.00
Q34919	細川晴元の娘 (赤松義祐の正室)	Q111199929	細川晴元の娘 (赤松義祐の正室)	0.00
Q34931	武田信豊の娘 (明智光継の正室)	Q111221338	武田信豊の娘 (明智光継の正室)	0.00
Q34939	明智光継の娘 (岸信周の妻)	Q109653177	明智光継の娘 (岸信周の妻)	0.00
Q34954	Q12586207	Q12586207	귀인 이씨 (내안당)	0.00
Q34970	Q6678012	Q6678012	삼축당 김씨	0.00
Q34974	Q16178031	Q16178031	정화당 김씨	0.00
Q34975	石谷頼辰の娘 (斎藤三続の妻)	Q109331188	石谷頼辰の娘 (斎藤三続の妻)	0.00
Q35010	孔闻字	Q61721606	孔闻字	0.00
Q35014	陈克镐	Q13669234	陈克镐	0.00
Q35018	何慶霄	Q133277873	何慶霄	0.00
Q35038	孔宪怡	Q26156559	孔宪怡	0.00
Q35042	孔憲豐	Q133697523	孔憲豐	0.00
Q35051	賀茂神社社家竹内氏の娘 (畠山義統の生母)	Q107639514	賀茂神社社家竹内氏の娘 (畠山義統の生母)	0.00
Q35073	林秀貞の娘 (林通政の妻)	Q110069201	林秀貞の娘 (林通政の妻)	0.00
Q35113	白川資氏王の娘 (興行寺蓮尭の妻)	Q109791913	白川資氏王の娘 (興行寺蓮尭の妻)	0.00
Q35117	慈恵院 (白川雅業王の娘)	Q109790808	慈恵院 (白川雅業王の娘)	0.00
Q35121	祐心 (蓮如の十女)	Q108965484	祐心 (蓮如の十女)	0.00
Q35130	임유	Q27953940	임유	0.00
Q35134	임항	Q27953939	임항	0.00
Q35169	河鰭実陳の娘 (押小路公音の妻)	Q110952152	河鰭実陳の娘 (押小路公音の妻)	0.00
Q35179	邵城侯	Q19359952	소성후	0.00
Q35227	王𣏌	Q67591766	王𣏌	0.00
Q35231	王璟	Q65054219	王璟	0.00
Q35233	勧修寺教秀の娘 (今出川公興の妻)	Q108782851	勧修寺教秀の娘 (今出川公興の妻)	0.00
Q35237	勧修寺教秀の娘 (蓮綱兼祐の妻)	Q108782865	勧修寺教秀の娘 (蓮綱兼祐の妻)	0.00
Q35249	吉田兼満の娘 (三条西実枝の妻)	Q109321453	吉田兼満の娘 (三条西実枝の妻)	0.00
Q35254	三条西実枝の娘 (高倉永孝の妻)	Q108910781	三条西実枝の娘 (高倉永孝の妻)	0.00
Q35259	제안공	Q16179847	제안공	0.00
Q35262	高倉永家の娘 (水無瀬兼成の妻)	Q110817826	高倉永家の娘 (水無瀬兼成の妻)	0.00
Q35282	滋野井公古の娘 (五辻諸仲の妻)	Q109946534	滋野井公古の娘 (五辻諸仲の妻)	0.00
Q35291	이진완	Q12612821	이진완	0.00
Q35299	Yan Zhen San	Q49253313	엄진삼	0.00
Q35322	問田亀鶴丸	Q11418830	問田亀鶴丸	0.00
Q35358	Daughter of Tamekata Fujitani (wife of Sanetoyo Masagimachi)	Q108856124	藤谷為賢の娘 (正親町実豊の妻)	0.00
Q35362	藤谷為賢の娘 (綾小路俊景の妻)	Q109352385	藤谷為賢の娘 (綾小路俊景の妻)	0.00
Q35378	吉田兼満の娘 (徳大寺実通の妻)	Q109321445	吉田兼満の娘 (徳大寺実通の妻)	0.00
Q35385	孔贞智	Q61721607	孔贞智	0.00
Q35405	孔庆銮	Q22812726	孔庆銮	0.00
Q35426	大典侍 (正親町天皇の典侍)	Q110820603	大典侍 (正親町天皇の典侍)	0.00
Q35433	张氏	Q13671825	张氏	0.00
Q35437	孔庆霄	Q26156562	孔庆霄	0.00
Q35450	下館氏 (伊達稙宗の側室)	Q108320324	下館氏 (伊達稙宗の側室)	0.00
Q35454	亘理宗隆の娘 (伊達稙宗の側室)	Q108332324	亘理宗隆の娘 (伊達稙宗の側室)	0.00
Q35457	畢懷珠	Q133277779	畢懷珠	0.00
Q35458	某氏 (伊達稙宗の側室)	Q108332503	某氏 (伊達稙宗の側室)	0.00
Q35461	畢鄂珠	Q133277785	畢鄂珠	0.00
Q35462	中条定資の娘 (伊達稙宗の側室)	Q109278906	中条定資の娘 (伊達稙宗の側室)	0.00
Q35466	伊達稙宗の娘 (蘆名盛氏の正室)	Q106768669	伊達稙宗の娘 (蘆名盛氏の正室)	0.00
Q35546	Fang Cheng Jun Qing	Q109303623	坊城俊清	0.00
Q35573	임의	Q61091619	임의	0.00
Q35581	시안공 왕인	Q16906177	王絪	0.00
Q35585	王瑜	Q67600450	王瑜	0.00
Q35589	王氏	Q67600455	王氏	0.00
Q35598	川勝秀氏の娘 (西洞院時直の正室)	Q109319155	川勝秀氏の娘 (西洞院時直の正室)	0.00
Q35649	광평공 (고려 후기)	Q12585203	광평공 (고려 후기)	0.00
Q35661	왕정	Q65054100	王禎	0.00
Q35665	王温	Q6752077	왕온 (승화후)	0.00
Q35667	Enmyoin (housewife of Prince Arisugawa Shonin)	Q110733013	円明院 (有栖川宮韶仁親王の家女房)	0.00
Q35675	Ci Xing Ru Dao Qin Wang	Q110725792	慈性入道親王	0.00
Q35679	Gong Shao Ru Dao Qin Wang	Q110739838	公紹入道親王	0.00
Q35735	Fu Jian Gong Zhi Zi Nu Wang	Q111310053	伏見宮致子女王	0.00
Q35739	Prince Hideyoshi (son of Prince Fushimi Sadatoshi)	Q111310086	英宮 (伏見宮貞致親王の子)	0.00
Q35751	Teng Mu Shou Zi	Q109779703	藤木寿子	0.00
Q35779	Bao Ru	Q110741530	宝如	0.00
Q35787	Xian Yuan Gong Jia Zi Nu Wang	Q110962984	閑院宮佳子女王	0.00
Q35791	De Chuan Jin Ji	Q110664712	徳川近姫	0.00
Q35794	孔尚举	Q61721608	孔尚举	0.00
Q35795	De Chuan You Ji	Q110740936	徳川猶姫	0.00
Q35802	袁氏	Q134737646	袁氏	0.00
Q35803	Chi Tian Shu Ji Zi	Q110700818	池田数計子	0.00
Q35807	Xie Shi Lai Xi	Q109836337	葉室頼熙	0.00
Q35810	孔繁蓮	Q133313643	孔繁蓮	0.00
Q35812	Takano Yasuka	Q110167635	高野保香	0.00
Q35814	孔繁沂	Q22812727	孔繁沂	0.00
Q35816	Zi Xiao Lu Gong Cong	Q110670514	姉小路公聡	0.00
Q35820	Dong Fang Cheng Yi Liang	Q110646244	東坊城益良	0.00
Q35824	Daughter of Ogura Yoshiki (wife of Tobojo Masayoshi)	Q110688436	小倉宜季の娘 (東坊城益良の妻)	0.00
Q35840	Shozen-in (concubine of Mori Masahiro)	Q109671273	性善院 (毛利匡広側室)	0.00
Q35860	Mao Li You	Q109669400	毛利友	0.00
Q35864	Mao Li Shi Dai	Q109669437	毛利勢代	0.00
Q35868	Mao Li Hao	Q109669491	毛利好	0.00
Q35871	张氏	Q13669919	张氏	0.00
Q35872	De Chuan Qing Zi	Q109245022	徳川清子	0.00
Q35875	张氏	Q13653206	张氏	0.00
Q35879	孔繁淦	Q26156563	孔繁淦	0.00
Q35880	Shibui Gu Jiao Ying	Q109668756	渋谷教応	0.00
Q35884	Ying Si Jie Zi	Q109668813	鷹司介子	0.00
Q35888	Ying Si Xing Zi	Q109668979	鷹司興子	0.00
Q35891	畢景恒	Q133277782	畢景恒	0.00
Q35892	Ying Si Li Zi	Q109669047	鷹司麗子	0.00
Q35895	畢長慶	Q134778989	畢長慶	0.00
Q35896	Ying Si Ji Zi	Q109669115	鷹司積子	0.00
Q35900	Guang Fan Ji Li	Q11485395	広幡基豊	0.00
Q35908	Feng Xu He Xing Zi	Q18011586	蜂須賀幸子	0.00
Q35912	Si Sip Gong Jian	Q108857138	四辻公健	0.00
Q35915	孔寿	Q10944294	孔寿	0.00
Q35916	Bei He Yuan Gong Xian	Q108857177	北河原公憲	0.00
Q35920	Shi Ting Gong Kang	Q108857202	室町公康	0.00
Q35924	De Chuan Guo Ji	Q110962651	徳川国姫	0.00
Q35926	楽浪国大夫人	Q67590595	樂浪國大夫人	0.00
Q35928	Jin Chu Chuan Gong Jiu	Q11376742	今出川公久	0.00
Q35932	Xiao Cang Sui Ji	Q110962022	小倉随季	0.00
Q35960	daughter of Takano Yasuharu (wife of Machijiri Kaneshige)	Q110068140	高野保春の娘 (町尻兼重の妻)	0.00
Q35992	島津久亮	Q110607943	島津久亮	0.00
Q36006	鶏林国大夫人	Q67590478	鷄林國大夫人	0.00
Q36008	Gao Cang Yong Fang	Q110143721	高倉永房	0.00
Q36016	貞安院 (堀親貞の正室)	Q110968909	貞安院 (堀親貞の正室)	0.00
Q36018	仁節賢妃	Q16188698	인절현비	0.00
Q36020	西園寺公朝の娘 (三条西公国の妻)	Q110068822	西園寺公朝の娘 (三条西公国の妻)	0.00
Q36022	韶顕	Q12602626	소현	0.00
Q36044	三条西実条の次女 (最上義智の後室)	Q109936556	三条西実条の次女 (最上義智の後室)	0.00
Q36052	清水谷実任の娘 (清水谷公栄の妻)	Q110185572	清水谷実任の娘 (清水谷公栄の妻)	0.00
Q36060	吉田良延の娘 (清水谷実栄の妻)	Q110973882	吉田良延の娘 (清水谷実栄の妻)	0.00
Q36124	daughter of Takakura Nagafusa (wife of Sono Motohira)	Q110174305	高倉永房の娘 (園基衡の妻)	0.00
Q36128	園基村	Q110086869	園基村	0.00
Q36132	杲観	Q110167216	杲観	0.00
Q36136	daughter of Sono Motohira (wife of Senge Toshihide)	Q110167471	園基衡の娘 (千家俊秀の妻)	0.00
Q36153	清閑寺熙房の娘 (野宮定基の正室)	Q109860320	清閑寺熙房の娘 (野宮定基の正室)	0.00
Q36161	野宮定基の娘 (庭田重孝の妻)	Q110733613	野宮定基の娘 (庭田重孝の妻)	0.00
Q36169	Xiao Dai Xue	Q110884917	小代雪	0.00
Q36173	Guo Dao Hu Ji	Q110884921	鍋島護姫	0.00
Q36174	Q12610471	Q12610471	윤철구	0.00
Q36181	Guo Dao Shu Zi	Q111172658	鍋島数子	0.00
Q36209	Qian Zhong Zi	Q134349598	Таку Тиэко	0.00
Q36213	Guo Dao Mei Nong	Q111161102	鍋島美濃	0.00
Q36217	Guo Dao Qin	Q111166593	鍋島親	0.00
Q36225	Guo Dao Du Zi	Q134578071	Набэсима Ацуко	0.00
Q36226	孔元用	Q28418427	孔元用	0.00
Q36229	Guo Dao Cheng	Q134366359	Набэсима Суми	0.00
Q36230	孔衍良	Q61721611	孔衍良	0.00
Q36233	池田智子	Q111043595	池田智子	0.00
Q36237	Yi Tiao Xuan Jun	Q110962102	一条絢君	0.00
Q36238	袁守詮	Q134737649	袁守詮	0.00
Q36245	Chi Tian Jing Zi	Q111043337	池田静子	0.00
Q36246	孔祥玑	Q10944418	孔祥玑	0.00
Q36249	Ichijo Yashiro-kun	Q111043714	一条八代君	0.00
Q36250	張師劬	Q133313567	張師劬	0.00
Q36254	孔祥桢	Q22812728	孔祥桢	0.00
Q36303	张氏	Q13671200	张氏	0.00
Q36327	孔祥柯	Q10944413	孔祥柯	0.00
Q36331	孔祥榕	Q19825266	孔祥榕	0.00
Q36335	孔祥勉	Q133697494	孔祥勉	0.00
Q36360	李璆	Q15939823	李璆	0.00
Q36362	金元晃	Q67590544	金元晃	0.00
Q36366	李預	Q67589681	李預	0.00
Q36378	서흥후 왕전	Q30944750	王琠	0.00
Q36382	익양후 왕분	Q16904067	王玢	0.00
Q36478	李子祥	Q67589648	李子祥	0.00
Q36490	李資義	Q12612424	이자의	0.00
Q36623	高倉永慶の娘 (一柳直家の妻)	Q110949115	高倉永慶の娘 (一柳直家の妻)	0.00
Q36660	多胡忠重の娘 (尼子国久の正室)	Q110943255	多胡忠重の娘 (尼子国久の正室)	0.00
Q36725	山口盛重	Q109250449	山口盛重	0.00
Q36840	Quan Ting Jing Zhi Zi	Q108777469	泉亭静枝子	0.00
Q36860	Zhi Tian Chun Zi	Q48755672	織田純子	0.00
Q36869	山口直之	Q134523871	山口直之	0.00
Q36914	doch Mori Yosinari	Q109179217	森可成の娘 (増田長盛の妻)	0.00
Q36973	Guo Dao Bin	Q117474097	Набэсима Хама	0.00
Q36985	Mei Tani Yin Zi	Q134593803	Умэтани Танэко	0.00
Q37001	rice (wife of Hirohashi Taneyasu)	Q113164386	米 (広橋胤保の家女房)	0.00
Q37029	孔之全	Q28418430	孔之全	0.00
Q37033	孔兴来	Q61721612	孔兴来	0.00
Q37053	張佩蘅	Q133313557	張佩蘅	0.00
Q37057	孔令煜	Q22812729	孔令煜	0.00
Q37062	Mao Li Ping Ji	Q108824470	毛利平姫	0.00
Q37066	Yan Chang Yuan	Q108824513	演暢院	0.00
Q37071	Mao Li Shi Jiu	Q11547616	毛利師就	0.00
Q37160	张庆长	Q13670392	张庆长	0.00
Q37168	张氏	Q13671429	张氏	0.00
Q37172	张氏	Q13670487	张氏	0.00
Q37201	勞緗	Q133697551	勞緗	0.00
Q37205	孔令朋	Q97350460	孔令朋	0.00
Q37222	下間頼龍の娘 (建部光重の妻)	Q109657166	下間頼龍の娘 (建部光重の妻)	0.00
Q37225	순화후 왕유	Q16904072	王瑈	0.00
Q37226	下間頼龍の娘 (徳永昌重の正室)	Q109657261	下間頼龍の娘 (徳永昌重の正室)	0.00
Q37230	下間頼龍の娘 (丹羽幸元の妻)	Q109657425	下間頼龍の娘 (丹羽幸元の妻)	0.00
Q37314	Yi Da Cun Nian	Q10885152	伊達村年	0.00
Q37330	Choshoin (wife of Date Yoshimura)	Q17214605	長松院 (伊達吉村正室)	0.00
Q37350	Yi Da Fu Ji	Q110884452	伊達富姫	0.00
Q37354	桑折宗長の娘 (石母田景頼正室)	Q109681609	桑折宗長の娘 (石母田景頼正室)	0.00
Q37389	한조	Q67591343	韓祚	0.00
Q37407	宝光院 (前田利道の正室)	Q110875561	宝光院 (前田利道の正室)	0.00
Q37411	前田幸 (藤堂高雅の正室)	Q110876531	前田幸 (藤堂高雅の正室)	0.00
Q37435	勧修寺光豊の娘 (勧修寺経広の妻)	Q111021303	勧修寺光豊の娘 (勧修寺経広の妻)	0.00
Q37463	裏辻季勝	Q108855861	裏辻季勝	0.00
Q37507	万里小路惟房の娘 (伏見宮貞康親王の御息所)	Q111307904	万里小路惟房の娘 (伏見宮貞康親王の御息所)	0.00
Q37562	An Teng Li Zi	Q111043274	安藤豊子	0.00
Q37678	松浦重信の娘 (松平乗政の継室)	Q134567447	松浦重信の娘 (松平乗政の継室)	0.00
Q37705	ソナム・サンポ	Q24832109	锁南藏卜	0.00
Q37725	不花帖木儿	Q80576456	不花帖木儿	0.00
Q37737	阿鲁	Q30947861	阿鲁	0.00
Q37827	内藤忠興の娘 (本堂親栄の正室)	Q113244817	内藤忠興の娘 (本堂親栄の正室)	0.00
Q37851	徳相院 (阿部正興の正室)	Q111257454	徳相院 (阿部正興の正室)	0.00
Q37899	龍泉院 (板倉重宗の十一女)	Q106650403	龍泉院 (板倉重宗の十一女)	0.00
Q37996	小笠原長隆 (信濃小笠原氏)	Q20039167	小笠原長隆 (信濃小笠原氏)	0.00
Q37997	篤仁王	Q111328777	篤仁王	0.00
Q38021	Zhao De Wang	Q128842988	昭徳王	0.00
Q38060	De Chuan Fang Ji	Q109190470	徳川方姫	0.00
Q38064	Dao Tian Ran Pu	Q109192359	島田染浦	0.00
Q38068	Zhong Shan Ba Zhong Qi	Q109244734	中山八重崎	0.00
Q38072	De Chuan Gui Ji	Q134459484	徳川規姫	0.00
Q38073	Ying Si Ming Zi	Q109669304	鷹司明子	0.00
Q38076	De Chuan Bao Ji	Q134459580	徳川苞姫	0.00
Q38080	Ting Zi Bu	Q109236033	町資補	0.00
Q38120	Chi Tian Heng Zi	Q111034625	池田亨子	0.00
Q38156	Chi Tian Wu Zi	Q111018385	池田武子	0.00
Q38160	Chi Tian Zheng Guang	Q111018382	池田正広	0.00
Q38221	Mo Li Xiao Lu Shang Fang	Q109853059	万里小路尚房	0.00
Q38225	daughter of Seikanji Hisafusa (wife of Kanshuji Yintaka)	Q109860331	清閑寺熙房の娘 (勧修寺尹隆の妻)	0.00
Q38253	烏丸光康の娘 (五条為経の妻)	Q109788270	烏丸光康の娘 (五条為経の妻)	0.00
Q38261	村上頼勝の娘 (戸田内記の正室のち織田忠辰の妻)	Q109900918	村上頼勝の娘 (戸田内記の正室のち織田忠辰の妻)	0.00
Q38281	裏松意光	Q109916424	裏松意光	0.00
Q38336	Chi Tian Xing	Q108916028	池田幸	0.00
Q38360	Guo Dao Mao Xiang	Q117474074	Набэсима Сигэсато	0.00
Q38364	Guo Dao Hui Zi	Q134609976	Набэсима Тэруко	0.00
Q38372	Guo Dao Zhi He	Q109453915	鍋島直和	0.00
Q38380	Mei Xi Tong Shan	Q134509149	梅溪通善	0.00
Q38396	Guang Qiao Guang Cheng	Q11485457	広橋光成	0.00
Q38400	Toyo (wife of Hirohashi Inayasu)	Q115858172	豊 (広橋胤保の家女房)	0.00
Q38413	Xiao Cang Yi Ji	Q110951863	小倉宜季	0.00
Q38441	Sakaki Yuan Gui Ji	Q110900827	榊原亀姫	0.00
Q38444	孔毓祥	Q61721613	孔毓祥	0.00
Q38456	彭氏	Q133277758	彭氏	0.00
Q38461	De Chuan Yi Ji	Q108915981	徳川懿姫	0.00
Q38464	孔德懋	Q133288661	孔德懋	0.00
Q38465	De Chuan Cheng Ji	Q108915992	徳川丞姫	0.00
Q38468	袁氏	Q133313587	袁氏	0.00
Q38473	Chi Tian Ben Zi	Q111120838	池田本子	0.00
Q38476	孔德墉	Q22812730	孔德墉	0.00
Q38477	Shozenin (concubine of Date Munemura)	Q17228910	性善院 (伊達宗村側室)	0.00
Q38481	Yi Da Kai Ji	Q110720512	伊達愷姫	0.00
Q38485	Song Ping Lu Ji	Q108915770	松平律姫	0.00
Q38489	Murakami (concubine of Ikeda Shigehiro)	Q111034949	村上氏 (池田重寛の側室)	0.00
Q38497	Chi Tian Si Zi	Q111097557	池田絲子	0.00
Q38505	松平忠雅の娘 (松平武元の正室)	Q110738238	松平忠雅の娘 (松平武元の正室)	0.00
Q38510	松平忠雅の娘 (真田幸詮の正室)	Q110738447	松平忠雅の娘 (真田幸詮の正室)	0.00
Q38514	Kosoin (wife of Mori Masanae)	Q110738488	光相院 (毛利政苗の正室)	0.00
Q38522	宍戸元家 (宍戸元源の嫡子)	Q109091295	宍戸元家 (宍戸元源の嫡子)	0.00
Q38526	山内直通の娘 (宍戸元家の妻、馬来乗綱の妻)	Q109092110	山内直通の娘 (宍戸元家の妻、馬来乗綱の妻)	0.00
Q38538	佐世元嘉の娘 (宍戸元真の妻)	Q108915103	佐世元嘉の娘 (宍戸元真の妻)	0.00
Q38542	武佐 (徳川頼房乳母)	Q11545796	武佐 (徳川頼房乳母)	0.00
Q38546	三木之次の娘 (滋野井季吉の妻)	Q110170250	三木之次の娘 (滋野井季吉の妻)	0.00
Q38550	三木之次の娘 (伊藤友玄の妻)	Q110170371	三木之次の娘 (伊藤友玄の妻)	0.00
Q38566	Tong Kou Kang Xi	Q109900174	樋口康熙	0.00
Q38585	紀樹磐	Q134176918	紀樹磐	0.00
Q38609	史氏	Q13655236	史氏	0.00
Q38617	王氏	Q13654732	王氏	0.00
Q38621	朱氏	Q13655569	朱氏	0.00
Q38630	Mao Li Yao Zi	Q110687015	毛利要子	0.00
Q38641	于苹薌	Q133697547	于苹薌	0.00
Q38678	Ceng Xiong	Q134349723	Таку Со	0.00
Q38686	堀尾吉晴の娘 (石川忠総の正室)	Q110086715	堀尾吉晴の娘 (石川忠総の正室)	0.00
Q38738	朝比奈氏 (池田長信の妻)	Q111153508	朝比奈氏 (池田長信の妻)	0.00
Q38778	加藤泰義の娘 (池田長久の正室)	Q111272332	加藤泰義の娘 (池田長久の正室)	0.00
Q38794	佐久間勝之の娘 (秋月種春の正室)	Q111175186	佐久間勝之の娘 (秋月種春の正室)	0.00
Q38798	青樟院 (立花種次の正室)	Q111175191	青樟院 (立花種次の正室)	0.00
Q38802	佐久間勝之の娘 (山口重恒の妻)	Q111179518	佐久間勝之の娘 (山口重恒の妻)	0.00
Q38806	佐久間勝之の娘 (岡田善政の正室)	Q111179525	佐久間勝之の娘 (岡田善政の正室)	0.00
Q38810	佐久間勝之の娘 (柴田勝重の継室)	Q111182228	佐久間勝之の娘 (柴田勝重の継室)	0.00
Q38850	宋雲院 (高橋紹運の正室)	Q110903033	宋雲院 (高橋紹運の正室)	0.00
Q38854	Li Hua Mao Gao	Q108916800	立花茂高	0.00
Q38862	宮崎一郎左衛門の娘 (藤堂虎高の側室)	Q109862994	宮崎一郎左衛門の娘 (藤堂虎高の側室)	0.00
Q38866	藤堂虎高の娘 (鈴木弥右衛門の妻)	Q108871084	藤堂虎高の娘 (鈴木弥右衛門の妻)	0.00
Q38878	藤堂虎高の娘 (藤堂高経の妻)	Q109863165	藤堂虎高の娘 (藤堂高経の妻)	0.00
Q38882	藤堂虎高の娘 (藤堂良連の妻)	Q109863500	藤堂虎高の娘 (藤堂良連の妻)	0.00
Q38906	藤堂高次の娘 (安藤重之の正室)	Q110155399	藤堂高次の娘 (安藤重之の正室)	0.00
Q38910	藤堂高次の娘 (専修寺堯円の妻)	Q110155412	藤堂高次の娘 (専修寺堯円の妻)	0.00
Q38918	専修寺堯秀の娘 (藤堂高広の妻)	Q110154864	専修寺堯秀の娘 (藤堂高広の妻)	0.00
Q38962	徳永昌純の娘 (勧修寺経広の妻)	Q109984444	徳永昌純の娘 (勧修寺経広の妻)	0.00
Q38986	井伊直興の娘 (井伊直朝の正室)	Q110089125	井伊直興の娘 (井伊直朝の正室)	0.00
Q38990	井伊直興の娘 (阿部正喬の正室)	Q110089144	井伊直興の娘 (阿部正喬の正室)	0.00
Q39001	昂灰皇后	Q123329479	昂灰皇后	0.00
Q39022	稲葉典通の娘 (諏訪忠恒の正室)	Q108896732	稲葉典通の娘 (諏訪忠恒の正室)	0.00
Q39026	遠山友忠の娘 (山村良勝の妻)	Q110948306	遠山友忠の娘 (山村良勝の妻)	0.00
Q39038	吉弘鎮信の娘 (大友親家の妻)	Q109298967	吉弘鎮信の娘 (大友親家の妻)	0.00
Q39058	細川澄元の娘 (畠山義堯の正室)	Q108086159	細川澄元の娘 (畠山義堯の正室)	0.00
Q39150	ジュルマ・キュレゲン	Q108758661	ジュルマ・キュレゲン	0.00
Q39218	蓮祐	Q108960950	蓮祐	0.00
Q39231	阿魯禿	Q48900262	阿鲁秃	0.00
Q39356	曲列魯	Q79243783	曲列魯	0.00
Q39368	タイピヌ・テギン	Q10941319	太平奴	0.00
Q39378	広橋兼秀の娘 (庭田重保の妻)	Q108851604	広橋兼秀の娘 (庭田重保の妻)	0.00
Q39418	吉見隆頼の娘 (内藤隆春の正室)	Q108896603	吉見隆頼の娘 (内藤隆春の正室)	0.00
Q39430	Sister of Hosokawa Ujiyuki (wife of Akamatsu Harumasa)	Q108819118	細川氏之の姉妹 (赤松晴政の妻)	0.00
Q39442	藤谷為条の娘 (花園公晴の妻)	Q110144058	藤谷為条の娘 (花園公晴の妻)	0.00
Q39446	藤谷為条の娘 (東園基長の正室)	Q110145862	藤谷為条の娘 (東園基長の正室)	0.00
Q39459	Zhong Shan Du Qin	Q108856472	中山篤親	0.00
Q39471	綾小路高有の娘 (末吉孫左衛門の妻)	Q109352413	綾小路高有の娘	0.00
Q39491	薄以緒の娘 (薄諸光の妻)	Q110087770	薄以緒の娘 (薄諸光の妻)	0.00
Q39511	蘆名盛氏の娘 (結城義親の正室)	Q108302965	蘆名盛氏の娘 (結城義親の正室)	0.00
Q39523	懸田義宗 (懸田俊宗の嫡男)	Q11495321	懸田義宗 (懸田俊宗の嫡男)	0.00
Q39539	光源寺智祐の娘 (清閑寺共房の正室)	Q109789983	光源寺智祐の娘 (清閑寺共房の正室)	0.00
Q39547	清閑寺共房の娘 (富小路頼直の妻)	Q110072290	清閑寺共房の娘 (富小路頼直の妻)	0.00
Q39580	daughter of Tsutsumi Terunaga (wife of Bojo Toshikiyo)	Q110068371	堤輝長の娘 (坊城俊清の妻)	0.00
Q39600	Zhong Yu Men Xuan Cheng	Q109196731	中御門宣誠	0.00
Q39604	尭慧の娘 (五条為経の妻)	Q109788925	尭慧の娘 (五条為経の妻)	0.00
Q39640	西洞院時成の娘 (千秋季寿の妻)	Q110308145	西洞院時成の娘 (千秋季寿の妻)	0.00
Q39648	Jin Cheng Ding Zhong	Q109795853	今城定種	0.00
Q39669	Qiao Ben Shi Jiu Nojia Nu Fang	Q110960802	橋本実久の家女房	0.00
Q39723	Ming Shan Yuan	Q108915817	明善院	0.00
Q39729	Ying Si Zhi Zi	Q109669329	鷹司治子	0.00
Q39755	長谷忠能の娘 (鷲尾隆長の妻)	Q110714040	長谷忠能の娘 (鷲尾隆長の妻)	0.00
Q39783	三条西公福の娘 (正親町三条公積の妻)	Q110166312	三条西公福の娘 (正親町三条公積の妻)	0.00
Q39787	三条西公福の娘 (四条隆叙の妻)	Q110166359	三条西公福の娘 (四条隆叙の妻)	0.00
Q39795	Daughter of Saionji Kimitsu (legal wife of Kuga Tsuna)	Q110951582	西園寺公満の娘 (久我通名の正室)	0.00
Q39799	Guang Fan Li Zhong	Q11485405	広幡豊忠	0.00
Q39815	Daughter of Yoshida Kaneyoshi (wife of Higuchi Yasuhiro)	Q109900182	吉田兼敬の娘 (樋口康熙の妻)	0.00
Q39819	吉田兼敬の娘 (裏松益光の妻)	Q109983962	吉田兼敬の娘 (裏松益光の妻)	0.00
Q39823	吉田兼敬の娘 (穂波晴宣の妻)	Q109991317	吉田兼敬の娘 (穂波晴宣の妻)	0.00
Q39827	吉田兼敬の娘 (万里小路尚房の妻)	Q109991652	吉田兼敬の娘 (万里小路尚房の妻)	0.00
Q39843	三条実治の娘 (井伊直通の正室)	Q110308278	三条実治の娘 (井伊直通の正室)	0.00
Q39847	今出川公詮の娘 (今出川誠季の正室)	Q110962912	今出川公詮の娘 (今出川誠季の正室)	0.00
Q39858	Gui Jing Zheng Zi	Q134822199	亀井正子	0.00
Q39859	Da Gu Jing Zi	Q111100150	大谷静子	0.00
Q39863	Yi Tiao He Zi	Q109671839	一条和子	0.00
Q39867	Xi Chuan Fu Zi	Q109776869	細川冨子	0.00
Q39883	Yi Tiao Zhi Jun	Q110724241	一条知君	0.00
Q39887	Yi Tiao Tong Zi	Q110724284	一条通子	0.00
Q39891	Yi Tiao Chong Zi	Q110724345	一条崇子	0.00
Q39895	Ichijo Yoshiko (daughter of Ichijo Tadayoshi)	Q110724509	一条良子 (一条忠良の娘)	0.00
Q39934	Dao Jin Qian Bai Zi	Q117343018	島津千百子	0.00
Q39952	Yagi clan (concubine of Tokugawa Narimasa)	Q110664927	八木氏 (徳川斉匡の側室)	0.00
Q39956	Xiao Qi Riwo	Q110741343	篠崎りを	0.00
Q39958	Dao Jin Zhu	Q111108856	島津寧	0.00
Q39962	Ban Cang Qi Zi	Q111109033	板倉棲子	0.00
Q39964	De Chuan Heng Ji	Q110664922	徳川鑅姫	0.00
Q39966	Dao Jin Qing Zi	Q106480877	島津清子	0.00
Q39968	De Chuan Qin Ji	Q110740807	徳川欽姫	0.00
Q39970	Dao Jin Chong Zi	Q111107348	島津充子	0.00
Q39974	De Chuan Zhi Zi	Q111108255	徳川知子	0.00
Q39976	De Chuan Qian Zhong Ji	Q110965602	徳川千重姫	0.00
Q39978	Dao Jin Zhen Zi	Q111108267	島津貞子	0.00
Q39984	Quan Xiu Si Xian Dao	Q109866382	勧修寺顕道	0.00
Q39988	daughter of Inaba Tsunemichi (wife of Kanjuji Kendo)	Q110701197	稲葉恒通の娘 (勧修寺顕道の正室)	0.00
Q39992	daughter of Asukai Masashige (wife of Kanjuji Tsuneitsu)	Q110700686	飛鳥井雅重の娘 (勧修寺経逸の正室)	0.00
Q39996	Quan Xiu Si Liang Xian	Q110701271	勧修寺良顕	0.00
Q40000	Zhi Shan Guo Li	Q110701360	芝山国豊	0.00
Q40003	Gu He Run Yi	Q108109698	古河潤一	0.00
Q40004	daughter of Kanjuji Tsuneitsu (Wife of Boshiro Toshiaki)	Q110701383	勧修寺経逸の娘 (坊城俊明の妻)	0.00
Q40008	Leng Quan Wei Qi	Q110701422	冷泉為起	0.00
Q40012	Quan Xiu Si Zhen	Q110701447	勧修寺真	0.00
Q40016	Daughter of Takeuchi Korenaga (wife of Tsutsumi Deputy Chief)	Q109782767	竹内惟永の娘 (堤代長の正室)	0.00
Q40020	Daughter of Kanshuji Kendo (wife of Hamuro Yorihisa)	Q110071743	勧修寺顕道の娘 (葉室頼熙の妻)	0.00
Q40025	Xie Shi Lai Shou	Q109861673	葉室頼寿	0.00
Q40028	Xie Shi Xi Zi	Q110665247	葉室熙子	0.00
Q40032	Adopted son of Ishino Motomune (wife of Takano Yasuka)	Q110665501	石野基棟の猶子 (高野保香の妻)	0.00
Q40036	高野保忠	Q110665540	高野保忠	0.00
Q40040	Zi Xiao Lu Gong Chun	Q110687037	姉小路公春	0.00
Q40044	Guang Qiao Sheng Yin	Q110644255	広橋勝胤	0.00
Q40048	Dong Fang Cheng Shang Chang	Q110687793	東坊城尚長	0.00
Q40068	Li Hua Song Zi	Q108916840	立花松子	0.00
Q40072	Chai Tian Jie	Q108916864	柴田結	0.00
Q40076	Li Jian Sue	Q108917050	笠間すえ	0.00
Q40080	Jiao Tian Mon	Q108917060	角田もん	0.00
Q40084	Li Hua Deng Dai	Q108917061	立花登代	0.00
Q40096	Ying Si Gu Zi	Q109668509	鷹司故子	0.00
Q40099	Mu Cun Yuan Zi	Q134593936	Мотоко Кимура	0.00
Q40104	Hua Yuan Cheng Zi	Q110967407	華園晟子	0.00
Q40112	Guang Fan Jing Li	Q11485406	広幡経豊	0.00
Q40120	Feng Xu He Zong Zi	Q111069926	蜂須賀宗子	0.00
Q40124	Ti Hu Zhong Shan	Q11644463	醍醐忠善	0.00
Q40127	Guo Dao Yu Min	Q134366343	Набэсима Отами	0.00
Q40128	Si Tiao Long Sheng	Q108857085	四条隆生	0.00
Q40132	Bei He Yuan Gong Ping	Q53764874	北河原公平	0.00
Q40135	Dian Pu Nofang	Q108916004	佃浦の方	0.00
Q40139	Wei Zheng Yuan	Q108858480	唯証院	0.00
Q40147	Guo Dao Ye Nu	Q108858635	鍋島謁女	0.00
Q40152	Guo Dao Yong	Q134384363	Набэсима Ю	0.00
Q40160	Duo Jiu Mao Yao	Q59134447	多久茂堯	0.00
Q40168	Guo Dao Zhi Fang	Q109453970	鍋島直方	0.00
Q40172	Yi Da Xiu Zi	Q134610819	Хидэко Датэ	0.00
Q40188	Arima Takako	Q114556309	Арима Такако	0.00
Q40211	Er Tiao Long Zi	Q110663618	二条隆子	0.00
Q40228	Song Ping Heng Zhong	Q117353440	松平恒忠	0.00
Q40249	孔思誠	Q28419018	孔思誠	0.00
Q40251	daughter of Horio Yasunaga (wife of Masagimachi Kinmichi)	Q110950915	堀尾泰長の娘 (正親町公通の妻)	0.00
Q40253	孔传文	Q61721614	孔传文	0.00
Q40257	彭祖芬	Q133277762	彭祖芬	0.00
Q40271	正親町季俊の娘 (岡崎宣持の妻)	Q110602699	正親町季俊の娘 (岡崎宣持の妻)	0.00
Q40273	柯兰	Q114690252	柯兰	0.00
Q40279	池尻共孝の娘 (梅園季保の妻)	Q109796717	池尻共孝の娘 (梅園季保の妻)	0.00
Q40293	孔众	Q8979208	孔众	0.00
Q40295	Yuan Ji Li	Q110174324	園基利	0.00
Q40299	Yuan Ji Mao	Q110174337	園基茂	0.00
Q40303	Yuan Li Zi	Q110665699	園理子	0.00
Q40308	Hua Yuan Shi Lu	Q110668738	花園実路	0.00
Q40312	Yuan Dian Zi	Q110670286	園槙子	0.00
Q40320	daughter of Tsutsumi Taronaga (wife of Ishino Mototsuna)	Q110250912	堤代長の娘 (石野基綱の妻)	0.00
Q40324	石野基憲	Q110250743	石野基憲	0.00
Q40344	Guo Dao Yu Bian	Q134300195	Набэсима Охэн	0.00
Q40348	Yu Zhe	Q134350021	Набэсима Отэцу	0.00
Q40368	梅小路共方の養女 (高辻総長の妻)	Q110164002	梅小路共方の養女 (高辻総長の妻)	0.00
Q40376	高辻総長の娘 (阿野実惟の妻)	Q110143145	高辻総長の娘 (阿野実惟の妻)	0.00
Q40384	土御門泰邦の娘 (高辻福長の正室)	Q110657999	土御門泰邦の娘 (高辻福長の正室)	0.00
Q40409	朱氏	Q13652505	朱氏	0.00
Q40413	朱氏	Q13652817	朱氏	0.00
Q40416	Guo Dao Zhi Yao Noniang (guo Dao Zhi Ji Nozheng Shi )	Q108858639	鍋島直堯の娘 (鍋島直紀の正室)	0.00
Q40420	Guo Dao Zhi Qing	Q11650673	鍋島直晴	0.00
Q40424	Jian Zao Mao Hong	Q59551829	諫早茂洪	0.00
Q40428	Jian Zao Mao Qiao	Q59551863	諫早茂喬	0.00
Q40606	왕경	Q61094755	왕경	0.00
Q40743	Chimbay	Q65028724	Чимбай	0.00
Q40792	ケスメズ	Q10879714	乞失马因	0.00
Q40796	サランディ・テギン	Q16903858	萨仑·的斤	0.00
Q41188	三好政長の娘 (池田信正の妻)	Q108772582	三好政長の娘 (池田信正の妻)	0.00
Q41216	吉菊	Q109681404	吉菊	0.00
Q41340	中野さち	Q109778879	中野さち	0.00
Q41345	Yamaguchi Noritsugu	Q11466862	山口教継	0.00
Q41408	津守国福	Q135405056	津守国福	0.00
Q41412	津守国美	Q135405263	津守国美	0.00
Q41461	畠山政熙の娘 (万里小路秀房の妻)	Q108855757	畠山政熙の娘 (万里小路秀房の妻)	0.00
Q41469	日野資勝の娘 (平松時庸の妻)	Q109917853	日野資勝の娘 (平松時庸の妻)	0.00
Q41473	日野資勝の娘 (花房正栄の妻)	Q110087194	日野資勝の娘 (花房正栄の妻)	0.00
Q41493	梅園季保の娘 (三室戸資順の妻)	Q110160006	梅園季保の娘 (三室戸資順の妻)	0.00
Q41497	柳原資廉の娘 (北小路徳光の妻)	Q111170845	柳原資廉の娘 (北小路徳光の妻)	0.00
Q41536	Qing Shui Gu Xian Ma	Q110976748	清水谷咸麿	0.00
Q41616	Daughter of Kazanin Tsunemasa (wife of Hashimoto Misao)	Q110961400	花山院常雅の娘 (橋本実誠の正室)	0.00
Q41620	Eiko Hashimoto	Q110960808	橋本婉子	0.00
Q41624	Kimiatsu Ura-tsuji	Q110960817	裏辻公篤	0.00
Q41628	Xiao Cang Chang Ji	Q110961313	小倉長季	0.00
Q41656	Imai clan (concubine of Mori Masanae)	Q110738803	今井氏 (毛利政苗の側室)	0.00
Q41664	Daughter of Mori Masanae (wife of Mori Hiromaru)	Q110738707	毛利政苗の娘 (毛利広圓の正室)	0.00
Q41668	Daughter of Mori Masanae (wife of Reizei Tamei)	Q110738757	毛利政苗の娘 (冷泉為栄の妻)	0.00
Q41672	室町殿 (金森可重の正室)	Q109120270	室町殿 (金森可重の正室)	0.00
Q41676	金森可重の娘 (末次平蔵の妻)	Q109832052	金森可重の娘 (末次平蔵の妻)	0.00
Q41688	日根野弘就の娘 (浅野氏次の妻)	Q111180942	日根野弘就の娘 (浅野氏次の妻)	0.00
Q41759	Song Ping Li Zi	Q117353417	松平豊子	0.00
Q41779	Shan Nei Mei Shou	Q109668346	山内眉寿	0.00
Q41867	柳原光綱の娘 (伏原宣条の妻)	Q111171302	柳原光綱の娘 (伏原宣条の妻)	0.00
Q41871	柳原光綱の娘 (吉田良倶の妻)	Q110973781	柳原光綱の娘 (吉田良倶の妻)	0.00
Q41879	松平市子	Q111023647	松平市子	0.00
Q41883	松平典信の娘 (内藤忠次の正室のち中山信行の継室)	Q111023719	松平典信の娘 (内藤忠次の正室のち中山信行の継室)	0.00
Q41891	松平梅子 (松平典信の娘)	Q111023832	松平梅子 (松平典信の娘)	0.00
Q41927	甘露寺嗣長の娘 (梅溪英通の妻)	Q110066090	甘露寺嗣長の娘 (梅溪英通の妻)	0.00
Q41952	Si Sip Gong Heng	Q108842699	四辻公亨	0.00
Q42003	池田長興 (徳島藩家老)	Q11552195	池田長興 (徳島藩家老)	0.00
Q42020	Dao Jin Dian Ji	Q111108611	島津典姫	0.00
Q42055	蓮淳の娘 (実玄の妻)	Q109915104	蓮淳の娘 (実玄の妻)	0.00
Q42059	蓮淳の娘 (実顕の妻)	Q109915107	蓮淳の娘 (実顕の妻)	0.00
Q42063	Quan Xiu Si Yin Long	Q108855885	勧修寺尹隆	0.00
Q42095	筑紫惟門の娘 (宗像氏貞の妻)	Q110902943	筑紫惟門の娘 (宗像氏貞の妻)	0.00
Q42111	杉浦正友の娘 (酒井忠吉の妻)	Q111103915	杉浦正友の娘 (酒井忠吉の妻)	0.00
Q42135	Nabesima Sigetsuna	Q11650703	鍋島茂綱	0.00
Q42184	Mu Cun Zheng Wen	Q134593925	Масафуми Кимура	0.00
Q42220	Er Tiao Sui Zi	Q134609905	Нидзё Суйко	0.00
Q42232	Jian Zao Wu Chun	Q59551856	諫早武春	0.00
Q42239	小堀政一の娘 (平岡頼資の正室)	Q111019393	小堀政一の娘 (平岡頼資の正室)	0.00
Q42244	伊達生姫	Q108915897	伊達生姫	0.00
Q42253	San Zhai Yu San Bao Nofang	Q108916000	三宅於三保の方	0.00
Q42269	Chi Tian San Jin	Q108916044	池田三津	0.00
Q42273	Chi Tian Dao Yi	Q109326712	池田道一	0.00
Q42291	石川廉勝の娘 (石川総良正室)	Q111020320	石川廉勝の娘 (石川総良正室)	0.00
Q42293	多久乾一郎	Q134366087	Таку Кэнъитиро	0.00
Q42323	Sakaki Yuan Mei Wei	Q110962139	榊原美衛	0.00
Q42327	Tu Wu Qin Zi	Q134392087	Цутия Кинко	0.00
Q42335	Song Ping Xuan	Q108094748	松平宣	0.00
Q42340	Wu Wan Guang Yin	Q109197764	烏丸光胤	0.00
Q42344	Adopted daughter of Shinnyo (second wife of Karasuma Mitsutane)	Q134560696	真如の養女 (烏丸光胤の継室)	0.00
Q42376	Daughter of Matsudaira Nariatsu (wife of Matsudaira Takeaki)	Q108095811	松平斉厚の娘 (松平武揚正室)	0.00
Q42392	Song Ping Bao Shou	Q110962518	松平保受	0.00
Q42404	Chi Tian Zhong Shi	Q111097521	池田仲諟	0.00
Q42416	Ji Zi Nu Wang	Q108780735	績子女王	0.00
Q42424	Shi Ye Zhang Zi	Q110255271	石野彰子	0.00
Q42425	Duo Jiu Mao Ming	Q59134441	多久茂明	0.00
Q42437	Duo Jiu Mao Lin	Q59134490	多久茂鄰	0.00
Q42445	Guo Dao Du Zi	Q134384188	Набэсима Ацуко	0.00
Q42448	Fei Ji	Q63131415	斐姫	0.00
Q42449	Yi Tiao Gui Zi	Q109453979	一条圭子	0.00
Q42456	Shan Gang Ling Zi	Q113094033	山岡鈴子	0.00
Q42457	Liu Shou Ju Mei	Q134610907	Коумэ Русу	0.00
Q42460	Song Ping Chu Zi	Q113094084	松平初子	0.00
Q42464	Song Ping Ding Qing	Q118465911	松平定晴	0.00
Q42489	Mao Li Yuan Xiu	Q115530988	毛利元秀	0.00
Q42497	Hu Tian Jing Zi	Q134392147	Тода Кэйко	0.00
Q42520	清閑寺熙定の娘 (一柳直昌の正室)	Q110733799	清閑寺熙定の娘 (一柳直昌の正室)	0.00
Q42532	清閑寺熙定の娘 (冷泉宗家の妻)	Q110734045	清閑寺熙定の娘 (冷泉宗家の妻)	0.00
Q42540	Daughter of Manrikoji Hisafusa (wife of Kanshuji Takaaki)	Q109992103	万里小路尚房の娘 (勧修寺高顕の妻)	0.00
Q42544	Quan Xiu Si Gao Xian	Q109852990	勧修寺高顕	0.00
Q42554	De Chuan Dian Zi	Q117353470	徳川典子	0.00
Q42570	孔若拙	Q10944451	孔若拙	0.00
Q42574	孔若虛	Q28418230	孔若虛	0.00
Q42578	孔若蒙	Q28418229	孔若蒙	0.00
Q42582	孔克欽	Q61720099	孔克欽	0.00
Q42586	孔继成	Q61721616	孔继成	0.00
Q42594	徐氏	Q134264697	徐氏	0.00
Q42598	彭達孫	Q11069972	彭達孫	0.00
Q42602	孫多煃	Q133277702	孫多煃	0.00
Q42609	Daughter of Karasuma Mitsuyoshi (wife of Karasuma Mitsutane)	Q109228137	烏丸光栄の娘 (烏丸光胤の正室)	0.00
Q42610	柯昌汾	Q133288660	柯昌汾	0.00
Q42629	常勤の娘 (清閑寺秀定の妻)	Q110974491	常勤の娘 (清閑寺秀定の妻)	0.00
Q42669	内藤興盛の娘 (和智元郷の妻)	Q109088354	内藤興盛の娘 (和智元郷の妻)	0.00
Q42693	佐世元嘉の娘 (児玉元次の妻)	Q108915112	佐世元嘉の娘 (児玉元次の妻)	0.00
Q42701	daughter of Hirohata Toyotada (wife of Ogura Nobuyuki)	Q110951820	広幡豊忠の娘 (小倉宣季の妻)	0.00
Q42705	Xiao Cang Gong Ji	Q110952240	小倉貢季	0.00
Q42731	紀堪鉞	Q134176913	紀堪鉞	0.00
Q42737	Jin Ji	Q128843237	謹姫	0.00
Q42749	Gan Lu Si Ling Ji	Q110251174	甘露寺綾姫	0.00
Q42761	Guan Xin Yuan	Q17209501	観心院	0.00
Q42765	An Tian Yu Qian He Nofang	Q108915864	安田於千賀の方	0.00
Q42769	Yi Da Shun Ji	Q108915876	伊達順姫	0.00
Q42773	Yi Da Man Ji	Q108915882	伊達満姫	0.00
Q42782	Gou Kou Bi Zi	Q111035916	溝口筆子	0.00
Q42786	Chi Tian Ying Zi	Q111034446	池田英子	0.00
Q42790	Chi Tian Qing Zhi	Q11552014	池田清直	0.00
Q42794	Chi Tian Li	Q111099287	池田栗	0.00
Q42846	Shan Ben Lai Chuan	Q110962525	山本瀬川	0.00
Q42850	Miyake clan (concubine of Tokugawa Munekan)	Q110962533	三宅氏 (徳川宗翰の側室)	0.00
Q42854	Song Ping Lai Tu	Q110962465	松平頼図	0.00
Q42858	Song Ping Bao Fu	Q110962542	松平保福	0.00
Q42862	De Chuan Shi Ji	Q110962562	徳川時姫	0.00
Q42875	Q28776434	Q28776434	義成王后	0.00
Q42878	久我通兄の娘 (酒井忠貫の継室)	Q110723942	久我通兄の娘 (酒井忠貫の継室)	0.00
Q42882	Tong Kou Xin Zi	Q105961589	樋口信子	0.00
Q42886	Tong Kou Dong Kang	Q110643127	樋口冬康	0.00
Q42890	Ri Ye Xi Yan Guang	Q110643130	日野西延光	0.00
Q42894	Shi Jing Xing Xuan	Q110644084	石井行宣	0.00
Q42898	Shi Jing Xing Hong	Q110646784	石井行弘	0.00
Q42902	Feng Xu He Sheng	Q111069519	蜂須賀盛	0.00
Q42906	Chi Tian Zhao Xun	Q11551963	池田昭訓	0.00
Q42907	势都儿	Q38963192	势都儿	0.00
Q42919	瓮吉剌台	Q38962821	瓮吉剌台	0.00
Q42930	Qian Tian Teng Ji	Q111024563	前田藤姫	0.00
Q42934	Chi Tian Qing Ji	Q111026026	池田晴姫	0.00
Q42966	小笠原長堯の娘 (北条氏喬の正室)	Q108486091	小笠原長堯の娘 (北条氏喬の正室)	0.00
Q42970	小笠原長堯の娘 (小笠原長保の正室)	Q108486203	小笠原長堯の娘 (小笠原長保の正室)	0.00
Q42974	Shi Chuan Zong Bin	Q128852799	石川総彬	0.00
Q43066	岡部佳深の娘 (池田利重の妻)	Q111158411	岡部佳深の娘 (池田利重の妻)	0.00
Q43067	アフマド	Q24864368	アフマド	0.00
Q43071	アジキ	Q24868285	アジキ	0.00
Q43075	アビシュカ	Q24864333	アビシュカ	0.00
Q43144	耶律阿不里	Q16078446	耶律阿不里	0.00
Q43235	有馬頼元の娘 (本庄資訓の正室)	Q110050446	有馬頼元の娘 (本庄資訓の正室)	0.00
Q43255	土方豊義の娘 (河鰭輝季の妻)	Q110306146	土方豊義の娘 (河鰭輝季の妻)	0.00
Q43259	東園基雅の娘 (河鰭輝季の妻)	Q110306176	東園基雅の娘 (河鰭輝季の妻)	0.00
Q43275	水無瀬兼俊の孫娘 (桜井兼里の妻)	Q110063985	水無瀬兼俊の孫娘 (桜井兼里の妻)	0.00
Q43292	姉小路公量の娘 (小笠原長丘の妻)	Q110136344	姉小路公量の娘 (小笠原長丘の妻)	0.00
Q43355	田北親員の娘 (奈多鑑基の妻)	Q110223686	田北親員の娘 (奈多鑑基の妻)	0.00
Q43586	윤순	Q67881565	尹純	0.00
Q43599	Zhu Nei Wei Yong	Q109781266	竹内惟永	0.00
Q43627	Zheng Qin Ting Gong Cheng	Q108856004	正親町公成	0.00
Q43631	Zheng Qin Ting Gong Liang	Q108856005	正親町公梁	0.00
Q43635	Li Sip Shi Ben	Q108856923	裏辻実本	0.00
Q43639	Si Tiao Long Xu	Q108856956	四条隆叙	0.00
Q43643	Ye Gong Ding Jun	Q110950836	野宮定俊	0.00
Q43651	Daughter of Masayoshimachi Kinmichi (wife of Yamashina Yorikoto)	Q113207883	正親町公通の娘 (山科頼言の妻)	0.00
Q43655	Zhong Shan Jian Qin	Q108856762	中山兼親	0.00
Q43667	中山篤親の娘 (柳原資堯の妻)	Q111168218	中山篤親の娘 (柳原資堯の妻)	0.00
Q43695	飛鳥井雅綱の娘 (朽木晴綱の正室)	Q108747602	飛鳥井雅綱の娘 (朽木晴綱の正室)	0.00
Q43702	Qing Song Yuan	Q11661910	青松院	0.00
Q43728	Di Rong Chang	Q109783290	堤栄長	0.00
Q43731	Ying Si Tong Zi	Q111103283	鷹司通子	0.00
Q43732	Ruo Jiang Chang Shan	Q109783409	若江長山	0.00
Q43735	Yoshiko Ichijo (third daughter of Ichijo Saneyoshi)	Q109778960	一条良子 (一条実良の三女)	0.00
Q43736	Yu Ze	Q59134839	玉沢	0.00
Q43747	左衛門佐讃岐	Q109778738	左衛門佐讃岐	0.00
Q43751	治子女王	Q110598505	治子女王	0.00
Q43759	尊信女王	Q110610036	尊信女王	0.00
Q43763	室子女王	Q110611381	室子女王	0.00
Q43767	博山元敝	Q110611681	博山元敝	0.00
Q43776	龍松院 (西洞院範篤の後妻)	Q110309098	龍松院 (西洞院範篤の後妻)	0.00
Q43796	Daughter of Imashiro Sadatane (wife of Nakayama Aichika)	Q109818295	今城定種の娘 (中山愛親の正室)	0.00
Q43808	堀河康実の娘 (鍋島直温の妻)	Q111173320	堀河康実の娘 (鍋島直温の妻)	0.00
Q43828	Shui Ye Xia	Q126722759	水野遐	0.00
Q43856	東坊城資長の娘 (七条信全の妻)	Q109836151	東坊城資長の娘 (七条信全の妻)	0.00
Q43860	三条実顕の娘 (三条西実称の妻)	Q110166987	三条実顕の娘 (三条西実称の妻)	0.00
Q43876	Daughter of Hirohata Toyotada (wife of Masagimachi Sanetora)	Q110952533	広幡豊忠の娘 (正親町実連の妻)	0.00
Q43915	津守国礼	Q135368568	津守国礼	0.00
Q43964	Jian Zao Min Zi	Q134561054	Исахая Тосико	0.00
Q43972	Li Sip Gong Ai	Q110967393	裏辻公愛	0.00
Q43985	Daughter of Matsudaira Nariatsu (wife of Matsudaira Nariyoshi)	Q108095771	松平斉厚の娘 (松平斉良正室)	0.00
Q43989	Song Ping Liu	Q108823336	松平鉚	0.00
Q43997	Quan Xiu Si Jing Ming	Q110071017	勧修寺敬明	0.00
Q44001	Quan Xiu Si Dao Zi	Q110071185	勧修寺道子	0.00
Q44005	Jin Chu Chuan Zhong Zi	Q110966914	今出川忠子	0.00
Q44009	Quan Xiu Si Jing Ze	Q110962850	勧修寺経則	0.00
Q44013	Quan Xiu Si Wen	Q110966945	勧修寺文	0.00
Q44017	Zheng Qin Ting San Tiao Gong Ze	Q11545656	正親町三条公則	0.00
Q44025	Guang Qiao Yin Ding	Q134610061	広橋胤定	0.00
Q44033	Daughter of Anenokoji Kinharu (wife of Ishii Yukihiro)	Q110646811	姉小路公春の娘 (石井行弘の夫人)	0.00
Q44040	Song Yuan Long Wen	Q108861167	松園隆温	0.00
Q44041	Daughter of Naruse Masayuki (Wife of Matsudaira Naoyasu later wife of Hirohashi Katsutane)	Q110645815	成瀬正幸の娘 (松平尚泰の妻のち広橋勝胤の妻)	0.00
Q44044	Er Tiao Jin Zi	Q109668698	二条近子	0.00
Q44045	Guang Qiao Xi Zi	Q110646205	広橋喜子	0.00
Q44048	Er Tiao Yin Ma	Q110647335	二条胤麿	0.00
Q44049	Daughter of Hirohashi Katsutane (wife of Karasuma Koso later wife of Yabu Yasuki or Yabu Kiyonori)	Q110646255	広橋勝胤の娘 (烏丸光祖の妻のち藪保季あるいは藪季庸の妻)	0.00
Q44052	Zeng Hu	Q110647665	増護	0.00
Q44056	Dao Yong	Q110657552	道永	0.00
Q44060	Xi Gao Sip Xin Guan	Q110663491	西高辻信観	0.00
Q44080	Song Yuan Shang Jia	Q108861194	松園尚嘉	0.00
Q44090	Zhen Ling Yuan	Q108916061	真嶺院	0.00
Q44098	Mao Li Xin Shun	Q108915483	毛利信順	0.00
Q44122	Ti Hu Zhong Gao	Q109649058	醍醐忠告	0.00
Q44130	Xie Ban A Qin	Q111104483	脇坂阿琴	0.00
Q44134	Jing Song Yuan	Q17216923	勁松院	0.00
Q44146	Si Tiao Long Mei	Q109447823	四条隆美	0.00
Q44154	Nissumi (of the Zhongshan school)	Q117476863	日純 (中山門流)	0.00
Q44158	堤輝長の娘 (堤晴長の妻)	Q110068347	堤輝長の娘 (堤晴長の妻)	0.00
Q44162	Gao Ye Bao Guang	Q108842687	高野保光	0.00
Q44166	Si Sip Shi Chang	Q108842693	四辻実長	0.00
Q44170	Gao Ye Bao Fang	Q110068087	高野保房	0.00
Q44218	吉田良延の娘 (平松時升の妻)	Q110973943	吉田良延の娘 (平松時升の妻)	0.00
Q44223	吉田良延の娘 (清閑寺益房の妻)	Q110973949	吉田良延の娘 (清閑寺益房の妻)	0.00
Q44259	Zhong Shan Zhong Yin	Q109795830	中山忠尹	0.00
Q44263	Song Pu Ji Zi	Q110182359	松浦季子	0.00
Q44267	Shi Jing Xing Yuan	Q110726092	石井行遠	0.00
Q44271	堤敬長の娘 (石野基標の妻)	Q110251565	堤敬長の娘 (石野基標の妻)	0.00
Q44298	Ogura Tokiko (wife of Ogura Nagaki)	Q110967318	小倉季子 (小倉長季の夫人)	0.00
Q44303	Guo Dao Zhi Zhang	Q60230099	鍋島直章	0.00
Q44307	Guo Dao Zhi Qiao	Q59779620	鍋島直喬	0.00
Q44310	Shang Shan Fang Zi	Q106638898	上杉房子	0.00
Q44311	Jian Zao Jing Hui	Q134350009	Исахая Ёсиаки	0.00
Q44314	Song Yuan Xin Chun	Q108861254	松園信淳	0.00
Q44315	Tanaka (concubine of Datemura Lord)	Q110884988	田中氏 (伊達村候の側室)	0.00
Q44319	Yi Da De Hui	Q110884994	伊達徳輝	0.00
Q44322	Jiu Tiao Liang Zheng	Q109454151	九条良政	0.00
Q44323	Yi Da Zong Han	Q11380738	伊達宗翰	0.00
Q44331	木寺宮の娘 (大沢基胤の妻)	Q110079436	木寺宮の娘 (大沢基胤の妻)	0.00
Q44350	花園実満の娘 (庭田重条の妻)	Q111167988	花園実満の娘 (庭田重条の妻)	0.00
Q44362	Jian Zao Mao Xing	Q41698974	諫早茂行	0.00
Q44366	Cheng Shi	Q108857592	成実	0.00
Q44370	Sou Shi Si	Q108857615	藪実嗣	0.00
Q44374	Li Sip Shi Fu	Q110960790	裏辻実孚	0.00
Q44382	Jian Zao Mao Sun	Q59551909	諫早茂孫	0.00
Q44447	Jiu Tiao Dao Hong	Q108678791	九条道弘	0.00
Q44459	San Tiao Feng	Q109671674	三条峯	0.00
Q44467	Bai Zhen Yuan	Q109668304	白禎院	0.00
Q44479	Yi Tiao Shi Ji	Q109447956	一条実基	0.00
Q44487	Yi Tiao Sheng Zi	Q109454115	一条生子	0.00
Q44659	Daughter of Matsudaira Nobumichi (wife of Yotsutsuji Kintetsu)	Q108842752	松平信通の娘 (四辻公亨の妻)	0.00
Q44663	Si Sip Gong Mo	Q108842820	四辻公万	0.00
Q44667	Xi Si Sip Gong Shuo	Q108857677	西四辻公碩	0.00
Q44669	王鉷	Q11572879	王鉷	0.00
Q44671	Si Sip Gong Shuo	Q108842938	四辻公説	0.00
Q44673	王銲	Q11572873	王銲	0.00
Q44677	窦岩	Q56600496	窦岩	0.00
Q44686	You Ma Mei	Q111103364	有馬美	0.00
Q44690	You Ma Chong	Q111103393	有馬崇	0.00
Q44705	宇文韬	Q10145499	宇文韬	0.00
Q44726	Daughter of Sakai Chuza (concubine of Shimazu Nariakira)	Q111108389	酒井忠藎の娘 (島津斉彬の側室)	0.00
Q44730	Daughter of Tamiya Anchi (Concubine of Shimazu Nariakira)	Q111108939	田宮安知の娘 (島津斉彬の側室)	0.00
Q44733	平陽公主 (元懐の娘)	Q16603403	平阳公主	0.00
Q44734	Dao Jin Zhe Wan	Q111108574	島津哲丸	0.00
Q44737	新丰公主	Q16603431	新丰公主	0.00
Q44738	Dao Jin Chou Ci Lang	Q111108950	島津儔次郎	0.00
Q44741	元悌	Q10889685	元悌	0.00
Q44745	元诲	Q10889818	元诲	0.00
Q44750	Jia Teng Jiu Gan	Q66828571	加藤久幹	0.00
Q44753	元季艳	Q10889628	元季艳	0.00
Q44783	Xi Chuan Yi	Q111108199	細川冝	0.00
Q44817	元明月	Q10889697	元明月	0.00
Q44821	元寶暉	Q9397951	元寶暉	0.00
Q44825	元宝月	Q10889647	元寶月	0.00
Q44903	Ji Tian Jian Zi	Q134613604	吉田堅子	0.00
Q44915	Ru Jiang Wei Fu	Q134614106	入江為福	0.00
Q44931	Ru Jiang Xin Zi	Q134606045	入江信子	0.00
Q44950	安固公主	Q16603375	安固公主	0.00
Q44954	蕭円粛	Q73287	蕭圓肅	0.00
Q44958	蕭円照	Q16075302	蕭圓照	0.00
Q45048	Chi Tian Qi Xun	Q11551953	池田斉訓	0.00
Q45054	吕淑媛	Q30943187	吕淑媛	0.00
Q45057	Daughter of Ikeda Michikazu (Legitimate Wife of Ikeda Yoshimichi)	Q109326782	池田道一の娘 (池田喜通の正室)	0.00
Q45058	孙姬	Q30943125	孙姬	0.00
Q45062	龔貴嬪	Q30943192	龔貴嬪	0.00
Q45073	Song Ping Fang Zi	Q108858870	松平芳子	0.00
Q45074	信義公主	Q16603314	信義公主	0.00
Q45076	Song Ping Cheng Wen	Q108858945	松平乗文	0.00
Q45078	銭貴妃	Q8250213	錢貴妃	0.00
Q45082	彭貴人	Q8250222	彭貴人	0.00
Q45084	Song Yuan Cheng Guang	Q108860461	松園乗光	0.00
Q45086	曹淑华	Q8250217	曹淑华	0.00
Q45090	何淑仪	Q8250219	何淑仪	0.00
Q45092	Yi Dan Qian Zhi Zi	Q134366216	Итами Тиэко	0.00
Q45102	陈叔毅	Q94998306	陈叔毅	0.00
Q45106	陈叔忠	Q94998307	陈叔忠	0.00
Q45113	陳淨玲	Q95113649	陳淨玲	0.00
Q45117	申婕妤	Q30943164	申婕妤	0.00
Q45125	袁昭容	Q30943167	袁昭容	0.00
Q45141	秦姬	Q30943161	秦姬	0.00
Q45145	王女节	Q15939663	王女节	0.00
Q45152	Guo Dao Mao Qing	Q134349748	Набэсима Сигэкиё	0.00
Q45160	A Bu Zhen Zi	Q134384150	Садако Абэ	0.00
Q45164	Liu Shou Ji Zhi	Q134610904	Русу Мотохару	0.00
Q45173	王姬	Q30943165	王姬	0.00
Q45180	Mao Li Yuan Jing	Q115530903	毛利元靖	0.00
Q45188	Hu Tian Fu Zi	Q134605447	戸田富子	0.00
Q45197	陳孝寬	Q95142100	陳孝寬	0.00
Q45252	孔端友	Q28418232	孔端友	0.00
Q45256	孔端操	Q28418362	孔端操	0.00
Q45260	孔希章	Q61720085	孔希章	0.00
Q45264	孔广田	Q61721617	孔广田	0.00
Q45268	彭希涑	Q11069798	彭希涑	0.00
Q45272	彭慰高	Q133277843	彭慰高	0.00
Q45276	彭柱高	Q133277848	彭柱高	0.00
Q45288	孫傳楘	Q133277705	孫傳楘	0.00
Q45300	吳氏	Q133288773	吳氏	0.00
Q45321	長孫粲	Q133504169	長孫粲	0.00
Q45361	韦子迁	Q15932438	韦子迁	0.00
Q45381	郑僧覆	Q83875278	郑僧覆	0.00
Q45408	卢道悦	Q13672556	卢道悦	0.00
Q45413	韦琨	Q60991877	韦琨	0.00
Q45469	杨婕妤 (唐)	Q8251481	杨婕妤 (唐)	0.00
Q45532	Q84511436	Q84511436	長沙宅	0.00
Q45552	daejudogeum	Q12591831	대주도금	0.00
Q45604	黄兀儿	Q38963209	黄兀儿	0.00
Q45608	彻里帖木儿	Q38962839	彻里帖木儿	0.00
Q45640	완안오리보	Q16260831	完颜吾里补	0.00
Q45648	鲁国大长公主	Q134097183	鲁国大长公主	0.00
Q45660	完顏從彝	Q16078087	完顏從彝	0.00
Q45664	完顏從憲	Q10947931	完顏從憲	0.00
Q45668	完顏玠	Q10947945	完顏玠	0.00
Q45672	完顏琮	Q10947946	完顏琮	0.00
Q45676	完顏瓌	Q10947947	完顏瓌	0.00
Q45688	邢国长公主	Q16603658	邢国长公主	0.00
Q45692	張元妃	Q30950334	張元妃	0.00
Q45696	完颜璹	Q10947968	完颜璹	0.00
Q45776	Tudur-bilge	Q109929580	Тудур-билгэ	0.00
Q45829	夏昭容	Q8251250	夏氏 (耶律倍)	0.00
Q45893	卜兰奚	Q19852028	卜兰奚	0.00
Q45933	Maria Palaiologina Tornikina	Q61014344	Μαρία Παλαιολογίνα Τορνικίνα	0.00
Q45935	毘伽公主	Q108058999	毘伽公主	0.00
Q45937	Mikhael Palaiologos	Q61017906	Μιχαήλ Παλαιολόγος	0.00
Q45941	Andronikos Palaiologos	Q61018526	Ανδρόνικος Παλαιολόγος	0.00
Q46071	庞同善	Q109347473	庞同善	0.00
Q46079	杨妃	Q28413701	杨妃	0.00
Q46106	Evdokiya Neokaisaretissa	Q61330014	Ευδοκία Νεοκαισαρείτισσα	0.00
Q46561	静楽公主 (独孤氏)	Q16321548	静乐公主	0.00
Q46589	恭顺皇后	Q8255081	恭顺皇后	0.00
Q46668	冷泉経子	Q115586623	冷泉経子	0.00
Q46707	伊予局	Q110602511	伊予局	0.00
Q46774	陸立素	Q133465252	陸立素	0.00
Q46803	櫛笥隆賀	Q19825693	櫛笥隆賀	0.00
Q47028	錦小路頼尚	Q135399033	錦小路頼尚	0.00
Q47032	日野資枝の娘 (錦小路頼尚の妻)	Q135399735	日野資枝の娘 (錦小路頼尚の妻)	0.00
Q47088	Qing Shui Gu Shi Yi	Q110967491	清水谷実揖	0.00
Q47092	adopted daughter of Shimizutani Sane (wife of Uratsuji Kimiai)	Q110976800	清水谷実揖の養女 (裏辻公愛の妻)	0.00
Q47096	Li Sip Gong Ben	Q110967422	裏辻公本	0.00
Q47100	Zhi Ting Shi Zhong	Q110967430	芝亭実忠	0.00
Q47104	Li Sip Fu Wan	Q110967424	裏辻斧丸	0.00
Q47108	Li Sip Chang Zi	Q110977005	裏辻長子	0.00
Q47112	Li Sip Yan Liu Lang	Q110979940	裏辻彦六郎	0.00
Q47130	賀蘭初真	Q24836907	賀蘭初真	0.00
Q47153	Fo Guang Si Zhen Dao	Q109668699	仏光寺真導	0.00
Q47166	李氏	Q76012422	李氏	0.00
Q47193	Shi Ye Man Zi	Q110253250	石野満子	0.00
Q47197	Song Yuan Zhi Zhong	Q108861198	松園治忠	0.00
Q47421	Daughter of Kazanin Tsunemasa (wife of Higashizono Mototatsu)	Q110961396	花山院常雅の娘 (東園基辰の妻)	0.00
Q47425	Daughter of Kazanin Tsunemasa (wife of Nomiya Sadanari)	Q110961399	花山院常雅の娘 (野宮定業の妻)	0.00
Q47430	Xiao Cang Fu Ji	Q110961411	小倉輔季	0.00
Q47438	Ying Si Yu Zi	Q109245718	鷹司裕子	0.00
Q47442	Ying Si Xin Jian	Q109246213	鷹司信兼	0.00
Q47446	Yan Qi Mu Zi	Q109246300	岩崎睦子	0.00
Q47467	Daughter of Sanjo Saneaki (wife of Nakayama Tadataka)	Q110050531	三条実顕の娘 (中山忠尹の妻)	0.00
Q47471	Yuan Ji Mo	Q110174532	園基万	0.00
Q47479	Song Ping He Nian	Q110180557	松平鶴年	0.00
Q47483	Kamaoku clan (concubine of Matsuura Kiyoshi)	Q110181250	鎌奥氏 (松浦清の側室)	0.00
Q47487	Yasukawa clan (wife of Matsuura Kiyoshi)	Q110182564	安川氏 (松浦清の妻)	0.00
Q47491	Isoume clan (wife of Matsuura Kiyoshi)	Q110182324	磯目氏 (松浦清の妻)	0.00
Q47499	daughter of Yanagisawa Yasumitsu (wife of Matsuura Akira)	Q134451819	柳沢保光の娘 (松浦晧の正室)	0.00
Q47510	小早川弘景 (二代)	Q11460844	小早川弘景 (二代)	0.00
Q47514	Takayasu Khiraga	Q11483578	平賀隆保	0.00
Q47523	Kaisodein (concubine of Maeda Nariyasu)	Q111289481	馨袖院 (前田斉泰の側室)	0.00
Q47527	Meikyouin (concubine of Maeda Nariyasu)	Q111289623	明鏡院 (前田斉泰の側室)	0.00
Q47550	朝倉景近	Q111201611	朝倉景近	0.00
Q47554	朝倉景尚	Q111201622	朝倉景尚	0.00
Q47560	Song Ping Ba Bai Zi	Q134561422	Мацудайра Яоко	0.00
Q47562	小梁川親朝	Q108302288	小梁川親朝	0.00
Q47564	Song Ping San Si Zi	Q134366737	Саёко Мацудайра	0.00
Q47566	飯坂定永	Q109682350	飯坂定永	0.00
Q47607	本阿弥光刹	Q109741508	本阿弥光刹	0.00
Q47611	本阿弥妙山	Q109743145	本阿弥妙山	0.00
Q47620	Jin Wei Zhen Zi	Q115530961	近衛貞子	0.00
Q47643	坂東保長	Q11425411	坂東保長	0.00
Q47656	Teng Tang Shun	Q109668271	藤堂順	0.00
Q47676	Shan Nei Li Zhu	Q109667552	山内豊著	0.00
Q47679	蜷川親心の娘 (伊勢貞継の母)	Q108818830	蜷川親心の娘 (伊勢貞継の母)	0.00
Q47680	Shan Nei Li Rong	Q109668196	山内豊栄	0.00
Q47683	阿部定時	Q111260916	阿部定時	0.00
Q47684	Shan Nei Hou	Q109668324	山内厚	0.00
Q47687	星合氏 (阿部定吉の側室)	Q108802977	星合氏 (阿部定吉の側室)	0.00
Q47688	Ao Ping Ji Ji	Q109326809	奥平銈姫	0.00
Q47692	Zhong Jing Chun Zi	Q109326924	中井春子	0.00
Q47696	Date Munekatsu (baron)	Q109454084	伊達宗克 (男爵)	0.00
Q47707	板倉重常	Q11532525	板倉重常	0.00
Q47711	板倉隼	Q111104031	板倉隼	0.00
Q47733	梅渓通条	Q113164055	梅渓通条	0.00
Q47741	岩倉尚具	Q11474162	岩倉尚具	0.00
Q47745	松木宗通	Q110056984	松木宗通	0.00
Q47749	松木宗敦	Q110585269	松木宗敦	0.00
Q47773	波多野元清	Q11555493	波多野元清	0.00
Q47777	佐野重長	Q108121288	佐野重長	0.00
Q47781	小見是綱	Q108121390	小見是綱	0.00
Q47785	戸室親綱	Q108121401	戸室親綱	0.00
Q47788	Daughter of Ando Tsuguyoshi (wife of Masagimachi Sanetora)	Q110960740	安藤次由の娘 (正親町実連の妻)	0.00
Q47789	田沼重綱	Q108121464	田沼重綱	0.00
Q47796	Li Sip Gong Li	Q110950991	裏辻公理	0.00
Q47797	遠山方景	Q118697807	遠山方景	0.00
Q47800	Zheng Qin Ting Xiu Zi	Q110977092	正親町脩子	0.00
Q47801	zhena Masatosi Siokava	Q108779201	塩川政年の妻 (細川高国の妹または娘)	0.00
Q47812	Sou Ji Rong	Q108857631	藪季栄	0.00
Q47813	Takebee Seki	Q11656109	関武兵衛	0.00
Q47817	中山英親	Q108856011	中山英親	0.00
Q47820	Li Song Qian Guang	Q108857720	裏松謙光	0.00
Q47821	高倉範久	Q102246608	高倉範久	0.00
Q47825	藪嗣義	Q108857480	藪嗣義	0.00
Q47828	Daughter of Ikeda Masanao (wife of Yotsutsuji Kimiyoshi)	Q108847046	池田政直の娘 (四辻公万の妻)	0.00
Q47829	芝山広豊の娘 (石井行忠の妻)	Q110643349	芝山広豊の娘 (石井行忠の妻)	0.00
Q47832	Sou Gong Tong	Q108857636	藪公通	0.00
Q47836	Xi Si Sip Gong Yin	Q108857665	西四辻公尹	0.00
Q47838	Ryudzodzi Iesumi	Q11679394	龍造寺家純	0.00
Q47842	Kumasiro Ieyosi	Q134300030	Кумасиро Иэёси	0.00
Q47850	法性院 (石井常延の娘)	Q107159417	法性院 (石井常延の娘)	0.00
Q47858	石井信忠	Q11584865	石井信忠	0.00
Q47864	Mu Ye Fu Mei	Q108684389	牧野富美	0.00
Q47866	百武茂兼	Q109000144	百武茂兼	0.00
Q47868	Song Ping Ba Zhong	Q108684410	松平八重	0.00
Q47874	小笠原長将	Q106664211	小笠原長将	0.00
Q47890	Kanetsuki Yosida	Q109321304	吉田兼敦	0.00
Q47894	高辻長純	Q109308642	高辻長純	0.00
Q47898	梅小路共方	Q110157643	梅小路共方	0.00
Q47912	Princess Katsuhime (daughter of Shimazu Narinobu)	Q108093489	勝姫 (島津斉宣の娘)	0.00
Q47926	小早川繁平	Q11460863	小早川繁平	0.00
Q47940	Keijuin (concubine of Sagara Yoriyuki)	Q111091811	慶寿院 (相良頼之の側室)	0.00
Q47951	深受院	Q108824529	深受院	0.00
Q47955	有馬孝純	Q11516770	有馬孝純	0.00
Q47963	冷泉為栄	Q110733009	冷泉為栄	0.00
Q47968	Gao Mu Yi Zi	Q134614832	高木衣子	0.00
Q47987	中条持胤の娘 (水無瀬親具の妻)	Q109829288	中条持胤の娘 (水無瀬親具の妻)	0.00
Q48003	多羅尾光雅	Q58139850	多羅尾光雅	0.00
Q48011	浅井政澄	Q11556943	浅井政澄	0.00
Q48015	織田勝久	Q109666018	織田勝久	0.00
Q48023	飯尾重宗の娘 (星合具泰の妻)	Q108761194	飯尾重宗の娘 (星合具泰の妻)	0.00
Q48039	下間頼善	Q108684909	下間頼善	0.00
Q48047	下間融慶	Q109657431	下間融慶	0.00
Q48051	柳原資俊	Q110080144	柳原資俊	0.00
Q48055	松平得寿子	Q108101096	松平得寿子	0.00
Q48064	小林狭妻	Q108845633	小林狭妻	0.00
Q48084	松平多代	Q108101075	松平多代	0.00
Q48088	松平伊代	Q108101087	松平伊代	0.00
Q48092	松平留姫	Q108101144	松平留姫	0.00
Q48093	Zhong Shan Yin Zi	Q110073972	中山尹子	0.00
Q48096	松平喜尾	Q108845828	松平喜尾	0.00
Q48100	有馬喜伊	Q110050441	有馬喜伊	0.00
Q48105	Teng Gu Wei Sui	Q113208229	藤谷為遂	0.00
Q48109	Liu Yuan Liang Zi	Q134615087	柳原良子	0.00
Q48113	Ji Tian Liang Chang	Q111171446	吉田良長	0.00
Q48124	Ikeda Masanao (Lord of Kamogata Domain)	Q11551927	池田政直 (鴨方藩主)	0.00
Q48136	池田政方の娘 (大関増備の正室)	Q111141000	池田政方の娘 (大関増備の正室)	0.00
Q48144	三沢村為	Q108907575	三沢村為	0.00
Q48152	設楽貞喬	Q111127025	設楽貞喬	0.00
Q48161	久世通夏	Q110884463	久世通夏	0.00
Q48164	Tian Cun Okane	Q111104571	田村おかね	0.00
Q48180	伊達村泰	Q11380802	伊達村泰	0.00
Q48181	Guo Dao Zhi Xian	Q59779624	鍋島直賢	0.00
Q48184	細川興昌	Q11605980	細川興昌	0.00
Q48188	牧野信成の娘 (細川興隆の正室)	Q108485547	牧野信成の娘 (細川興隆の正室)	0.00
Q48192	細川興栄	Q11605983	細川興栄	0.00
Q48224	藤谷為信の娘 (上冷泉為村の正室)	Q109817708	藤谷為信の娘 (上冷泉為村の正室)	0.00
Q48228	冷泉為泰	Q109817452	冷泉為泰	0.00
Q48232	三室戸光村	Q110164785	三室戸光村	0.00
Q48236	入江為良	Q110165700	入江為良	0.00
Q48240	冷泉為村の娘 (舟橋則賢の妻)	Q110165760	冷泉為村の娘 (舟橋則賢の妻)	0.00
Q48244	冷泉為村の娘 (山科敬言の妻)	Q110165864	冷泉為村の娘 (山科敬言の妻)	0.00
Q48248	上冷泉安	Q110165872	上冷泉安	0.00
Q48264	Ji Tian Liang Lian	Q111171407	吉田良連	0.00
Q48272	柳沢千賀	Q110876587	柳沢千賀	0.00
Q48276	松平乗政の娘 (松平信孝の正室)	Q134567533	松平乗政の娘 (松平信孝の正室)	0.00
Q48297	Jian Zao Ying Xiong	Q121355415	諫早英雄	0.00
Q48308	松倉重政の娘 (藤堂嘉以の正室)	Q109862314	松倉重政の娘 (藤堂嘉以の正室)	0.00
Q48309	Xiao Li Yuan Ming Zi	Q108496964	小笠原明子	0.00
Q48312	裏辻公視	Q108855898	裏辻公視	0.00
Q48313	Duo Jiu Mei Zi	Q134366277	Харуко Таку	0.00
Q48316	本多康将の娘 (松平重栄の正室のち甘露寺方長の正室)	Q108799179	本多康将の娘 (松平重栄の正室のち甘露寺方長の正室)	0.00
Q48320	甘露寺輔長	Q110909054	甘露寺輔長	0.00
Q48324	甘露寺康隆	Q111296897	甘露寺康隆	0.00
Q48356	関長盛	Q108096916	関長盛	0.00
Q48360	大河内親忠	Q109248602	大河内親忠	0.00
Q48364	星合親泰	Q109249802	星合親泰	0.00
Q48368	田丸顕晴	Q110265753	田丸顕晴	0.00
Q48370	Guo Dao Mao Jun	Q134349758	Набэсима Сигэтоси	0.00
Q48372	和田惟助	Q108692651	和田惟助	0.00
Q48382	Mao Li Jiu Ju	Q119343174	毛利就擧	0.00
Q48389	安藤重信の娘 (本多正盛の正室)	Q110955429	安藤重信の娘 (本多正盛の正室)	0.00
Q48393	安藤重常	Q111027719	安藤重常	0.00
Q48397	正寿院 (秋田盛季の正室)	Q111081298	正寿院 (秋田盛季の正室)	0.00
Q48398	Shui Ye Gong	Q134605477	水野釭	0.00
Q48405	池田秀次郎	Q111044014	池田秀次郎	0.00
Q48409	松平利佐姫	Q111080483	松平利佐姫	0.00
Q48413	池田政房	Q54292097	池田政房	0.00
Q48417	池田政胤の娘 (池田長恵の妻)	Q111152901	池田政胤の娘 (池田長恵の妻)	0.00
Q48421	Jiu Jing Mi Ji	Q111050657	酒井米姫	0.00
Q48429	池田政芳	Q111018238	池田政芳	0.00
Q48434	孔玠	Q28418238	孔玠	0.00
Q48437	池田兼子	Q111026050	池田兼子	0.00
Q48438	孔璠	Q28418390	孔璠	0.00
Q48441	池田治政の七女 (佐野茂好正室)	Q111196304	池田治政の七女 (佐野茂好正室)	0.00
Q48442	孔詞	Q61720074	孔詞	0.00
Q48446	孔昭礼	Q61721620	孔昭礼	0.00
Q48450	彭紹咸	Q133277805	彭紹咸	0.00
Q48453	池田長興の娘 (池田昭訓の妻)	Q111187581	池田長興の娘 (池田昭訓の妻)	0.00
Q48462	彭蕓孫	Q134266600	彭蕓孫	0.00
Q48469	諏訪頼水	Q30252558	諏訪頼水	0.00
Q48473	稲垣長茂	Q11596533	稲垣長茂	0.00
Q48479	李氏	Q133288791	李氏	0.00
Q48487	柯昌济	Q11109164	柯昌济	0.00
Q48491	柯昌泗	Q112966729	柯昌泗	0.00
Q48492	安藤重元	Q110955441	安藤重元	0.00
Q48496	安藤重矩	Q110955450	安藤重矩	0.00
Q48500	内藤政季	Q113285656	内藤政季	0.00
Q48515	刘广琴	Q133805204	刘广琴	0.00
Q48519	陳梧慶	Q133858104	陳梧慶	0.00
Q48520	戸田光清	Q112045901	戸田光清	0.00
Q48536	植村政春	Q111143479	植村政春	0.00
Q48576	黒田屋世姫	Q110903188	黒田屋世姫	0.00
Q48604	酒井忠啓	Q111050032	酒井忠啓	0.00
Q48612	酒井斐姫	Q110726377	酒井斐姫	0.00
Q48636	水野しゃむ姫	Q108884546	水野しゃむ姫	0.00
Q48639	紀清蘩	Q133823632	紀清蘩	0.00
Q48643	紀氏	Q134176947	紀氏	0.00
Q48660	Goto Tsumiti	Q134298876	Гото Цумити	0.00
Q48672	Isakhaya Ofuku	Q134349792	Исахая Офуку	0.00
Q48676	Ryudzodzi Iekhira	Q134300249	Рюдзодзи Иэхира	0.00
Q48684	Ryudzodzi Iekharu	Q11679391	龍造寺家晴	0.00
Q48688	Isakhaya Kiyonao	Q65095702	諫早清直	0.00
Q48692	Isakhaya Sigekado	Q59551787	諫早茂門	0.00
Q48696	Isakhaya Sigemoto	Q41698965	諫早茂元	0.00
Q48712	小出有敬	Q111272321	小出有敬	0.00
Q48728	姉小路実紀	Q110135936	姉小路実紀	0.00
Q48732	姉小路実武	Q110135962	姉小路実武	0.00
Q48736	柳沢安忠	Q11534394	柳沢安忠	0.00
Q48744	柳沢経隆	Q11534415	柳沢経隆	0.00
Q48748	柳沢時睦	Q11534404	柳沢時睦	0.00
Q48760	柳沢春子	Q110728019	柳沢春子	0.00
Q48764	真田照	Q110885113	真田照	0.00
Q48771	Ju Tuo Zhi	Q12583370	거타지	0.00
Q48772	柳沢信復	Q110875000	柳沢信復	0.00
Q48780	六角広寿	Q110875203	六角広寿	0.00
Q48784	柳沢里之	Q8516001	야나기사와 사토유키	0.00
Q48788	柳沢信昌の娘 (柳沢信著の正室)	Q110876592	柳沢信昌の娘 (柳沢信著の正室)	0.00
Q48792	柳沢信昌の娘 (柳沢信有の正室)	Q110877111	柳沢信昌の娘 (柳沢信有の正室)	0.00
Q48796	柳沢信昌の娘 (風早実秋の妻)	Q110878611	柳沢信昌の娘 (風早実秋の妻)	0.00
Q48799	Q84511372	Q84511372	貞和太后	0.00
Q48800	柳沢信以	Q134458639	柳沢信以	0.00
Q48804	青木信周の娘 (柳沢正春の養女)	Q134458699	青木信周の娘 (柳沢正春の養女)	0.00
Q48808	青木信子	Q134458706	青木信子	0.00
Q48813	若宮友興	Q11616264	若宮友興	0.00
Q48815	玉龙帖木儿	Q38963222	玉龙帖木儿	0.00
Q48819	按浑察	Q38962866	按浑察	0.00
Q48821	土方雄信	Q113244728	土方雄信	0.00
Q48829	曽雌税子	Q110733511	曽雌税子	0.00
Q48831	察哥	Q10955145	察哥	0.00
Q48836	耶律南仙	Q8258522	耶律南仙	0.00
Q48839	任皇后 (西夏崇宗)	Q8258488	任皇后 (西夏崇宗)	0.00
Q48845	朽木久 (松平乗紀の正室)	Q134570017	朽木久 (松平乗紀の正室)	0.00
Q48857	松平義堯の養女 (松平乗紀の娘)	Q134570926	松平義堯の養女 (松平乗紀の娘)	0.00
Q48861	松平乗紀の娘 (知久久徹の妻)	Q134576575	松平乗紀の娘 (知久久徹の妻)	0.00
Q48873	本多康将の娘 (本多康慶の正室)	Q108799192	本多康将の娘 (本多康慶の正室)	0.00
Q48889	本多康慶の娘 (青山幸秀の正室)	Q110969188	本多康慶の娘 (青山幸秀の正室)	0.00
Q48905	坪内勝定の娘 (前野長康の妻)	Q108701834	坪内勝定の娘 (前野長康の妻)	0.00
Q48931	欽慈皇后	Q8258683	欽慈皇后	0.00
Q48935	乌古论谊	Q28415836	乌古论谊	0.00
Q48937	金森頼業の娘 (小出有重の正室)	Q110050839	金森頼業の娘 (小出有重の正室)	0.00
Q48945	金森頼時	Q8513845	가나모리 요리토키	0.00
Q48959	Vanyan Shouchzhun	Q10947919	完顏守忠	0.00
Q48961	安富徳円 (子)	Q18235833	安富徳円 (子)	0.00
Q48963	Vanyan Shouchun	Q10947920	完顏守純	0.00
Q48965	小西行正	Q11034669	小西行正	0.00
Q48967	Vanyan Syuanlin	Q16075399	完顏玄齡	0.00
Q48976	Vanyan Khunyuy	Q15934445	完顏洪裕	0.00
Q48980	忒隣	Q10200628	忒隣	0.00
Q48988	Vanyan Khunsi	Q16075429	完顏洪熙	0.00
Q48989	土方豊義	Q11423535	土方豊義	0.00
Q48992	Vanyan Khunyan	Q15954591	完顏洪衍	0.00
Q48996	Vanyan Khunkhuey	Q16260145	完顏洪輝	0.00
Q49025	Wu Wan Guang Zu	Q109236019	烏丸光祖	0.00
Q49029	Wai Shan Guang Shi	Q109236045	外山光実	0.00
Q49130	Chi Tian Qing Qi	Q11552015	池田清緝	0.00
Q49138	Chi Tian Xi Dai Zi	Q111130821	池田喜代子	0.00
Q49142	Ikeda Sumiko (wife of Matsumae Norio)	Q111130843	池田澄子 (松前紀男の妻)	0.00
Q49146	Chi Tian Long	Q111130852	池田隆	0.00
Q49177	余卢睹姑	Q47269866	余卢睹姑	0.00
Q49189	撒葛只迷己	Q47268397	撒葛只迷己	0.00
Q49232	石野基道	Q110253231	石野基道	0.00
Q49237	Ao Ping Qing Ji	Q109326646	奥平軽姫	0.00
Q49241	Daughter of Okuhira Masataka (wife of Kato Yasuri)	Q109326652	奥平昌高の娘 (加藤泰理の正室)	0.00
Q49245	Daughter of Okuhira Masataka (wife of Nagai Naonori)	Q109326656	奥平昌高の娘 (永井尚典の正室)	0.00
Q49248	Ao Ping Tie Ji	Q109326665	奥平鉄姫	0.00
Q49252	Daughter of Okuhira Masataka (wife of Naruse Masazumi)	Q109326672	奥平昌高の娘 (成瀬正住の正室)	0.00
Q49256	Daughter of Okuhira Masataka (Wife of Inaba Ikumichi)	Q109326678	奥平昌高の娘 (稲葉幾通の正室)	0.00
Q49260	Daughter of Okudaira Masataka (wife of Shimazu Tadahiro)	Q109326688	奥平昌高の娘 (島津忠寛の正室)	0.00
Q49264	Ao Ping Huchi	Q109326789	奥平フチ	0.00
Q49272	Daughter of Okudaira Masataka (wife of Naito Yoriyai)	Q113254698	奥平昌高の娘 (内藤頼愛の正室)	0.00
Q49276	Ao Ping Cao Ji	Q113260990	奥平操姫	0.00
Q49280	Nei Teng Zhen Ji	Q113254452	内藤鍼姫	0.00
Q49285	Mu Ye Zhong Zhi	Q134619402	牧野忠直	0.00
Q49289	奥平昌服	Q11445776	奥平昌服	0.00
Q49305	沢山精八郎	Q79017558	沢山精八郎	0.00
Q49317	Zhen Tian Zhen Zi	Q113094215	真田貞子	0.00
Q49325	藤江雅良	Q109747682	藤江雅良	0.00
Q49329	平松時庸の娘 (溝口宣直の側室のち継々室)	Q109965855	平松時庸の娘 (溝口宣直の側室のち継々室)	0.00
Q49333	平松時庸の娘 (溝口宣直の継々々室)	Q109983698	平松時庸の娘 (溝口宣直の継々々室)	0.00
Q49337	長谷時茂	Q110307503	長谷時茂	0.00
Q49341	長谷時充	Q110307539	長谷時充	0.00
Q49349	七条隆孝	Q109830888	七条隆孝	0.00
Q49353	七条隆福	Q109831013	七条隆福	0.00
Q49361	白須初姫	Q110285181	白須初姫	0.00
Q49381	Xin Hai	Q109865919	信海	0.00
Q49385	Daughter of Kanshuji Takaaki (wife of Nakayama Eichika)	Q109866096	勧修寺高顕の娘 (中山栄親の妻)	0.00
Q49394	Isak Komnin Duka Tornikii	Q61014434	Ισαάκ Τορνίκης	0.00
Q49397	三好勝時	Q108156128	三好勝時	0.00
Q49398	Andronik Komnina Duka Paleolog Tornikii	Q61313120	Ανδρόνικος Παλαιολόγος Τορνίκης	0.00
Q49405	三好長尚	Q128843760	三好長尚	0.00
Q49413	梅小路共方の娘 (西大路隆業の妻)	Q110163963	梅小路共方の娘 (西大路隆業の妻)	0.00
Q49417	西大路隆廉	Q109952639	西大路隆廉	0.00
Q49421	清涼院 (山内規重の妻)	Q108799153	清涼院 (山内規重の妻)	0.00
Q49425	中嶋氏 (諏訪忠恒の側室)	Q108896744	中嶋氏 (諏訪忠恒の側室)	0.00
Q49429	吉田氏 (諏訪忠恒の側室)	Q108896757	吉田氏 (諏訪忠恒の側室)	0.00
Q49433	諏訪忠恒の娘 (山口弘隆の正室)	Q108896717	諏訪忠恒の娘 (山口弘隆の正室)	0.00
Q49437	諏訪頼蔭	Q18460114	諏訪頼蔭	0.00
Q49449	伊達村豊	Q11380821	伊達村豊	0.00
Q49457	木谷志野	Q108887637	木谷志野	0.00
Q49461	丹波縫	Q108887703	丹波縫	0.00
Q49466	Ioannes Palaiologos Maliasenos	Q61123600	Ιωάννης Παλαιολόγος Μαλιασηνός	0.00
Q49469	森於力	Q111012654	森於力	0.00
Q49473	清閑寺益房	Q110973960	清閑寺益房	0.00
Q49481	松平定昌	Q111143048	松平定昌	0.00
Q49505	松平兼子 (黒田長韶の正室)	Q108684241	松平兼子 (黒田長韶の正室)	0.00
Q49517	松平磯子	Q108821775	松平磯子	0.00
Q49521	松平絹	Q108821776	松平絹	0.00
Q49525	松平季遠姫	Q108821783	松平季遠姫	0.00
Q49530	松平可寛	Q96273680	松平可寛	0.00
Q49538	内藤隆春の娘 (益田藤兼の側室)	Q111215241	内藤隆春の娘 (益田藤兼の側室)	0.00
Q49562	和智元郷	Q51166663	和智元郷	0.00
Q49601	黒田長貞の三女 (甘露寺規長の正室)	Q110166094	黒田長貞の三女 (甘露寺規長の正室)	0.00
Q49617	Nan Bu Rong Xin	Q11408563	南部栄信	0.00
Q49645	大炊御門家孝の娘 (酒井忠貫の継室)	Q110724010	大炊御門家孝の娘 (酒井忠貫の継室)	0.00
Q49665	Chi Tian Cong Ji	Q10564082	池田聡姫	0.00
Q49669	Chi Tian Quan Zi	Q111098758	池田銓子	0.00
Q49673	Chi Tian Qian Shi Zi	Q111119711	池田千世子	0.00
Q49697	松平武元の娘 (松平忠泰の正室)	Q110738148	松平武元の娘 (松平忠泰の正室)	0.00
Q49709	松平房姫	Q110738160	松平房姫	0.00
Q49725	松平定規	Q112057963	松平定規	0.00
Q49729	有馬允純	Q11516757	有馬允純	0.00
Q49737	山内直通の娘 (多賀山通続の妻)	Q109092890	山内直通の娘 (多賀山通続の妻)	0.00
Q49745	佐世元量	Q108914979	佐世元量	0.00
Q49749	佐世元嘉の娘 (蜷川元親の妻)	Q108915086	佐世元嘉の娘 (蜷川元親の妻)	0.00
Q49753	佐世元嘉の娘 (阿曽沼就郷の妻)	Q108915115	佐世元嘉の娘 (阿曽沼就郷の妻)	0.00
Q49757	佐世元嘉の娘 (益田就固の妻)	Q108915121	佐世元嘉の娘 (益田就固の妻)	0.00
Q49761	葉室頼隆	Q109847064	葉室頼隆	0.00
Q49765	滋野井冬晴	Q109937586	滋野井冬晴	0.00
Q49770	滋野井教広	Q109937604	滋野井教広	0.00
Q49773	五辻俊仲	Q109937632	五辻俊仲	0.00
Q49778	広橋実定	Q109942098	広橋実定	0.00
Q49782	堀河信親	Q109339880	堀河信親	0.00
Q49786	堀河則康	Q109341831	堀河則康	0.00
Q49790	烏丸光祖の長女 (石井行宣の夫人)	Q110646583	烏丸光祖の長女 (石井行宣の夫人)	0.00
Q49794	西洞院寿	Q110646761	西洞院寿	0.00
Q49798	冷泉為訓の娘 (石井行宣の妻)	Q110739032	冷泉為訓の娘 (石井行宣の妻)	0.00
Q49802	樋口八十姫	Q110647176	樋口八十姫	0.00
Q49806	冷泉為訓の娘 (石井行弘の妻)	Q110739275	冷泉為訓の娘 (石井行弘の妻)	0.00
Q49810	石井知子	Q110739395	石井知子	0.00
Q49826	池田博忠	Q11551750	池田博忠	0.00
Q49830	堤敬長	Q110079740	堤敬長	0.00
Q49834	甘露寺篤長	Q110251096	甘露寺篤長	0.00
Q49838	堤言長	Q111103091	堤言長	0.00
Q49842	西尾隆 (酒井忠実の正室)	Q111132777	西尾隆 (酒井忠実の正室)	0.00
Q49846	酒井采	Q111132700	酒井采	0.00
Q49850	彰順院 (宗義功の正室)	Q110717434	彰順院 (宗義功の正室)	0.00
Q49870	小笠原長保 (大和守)	Q108486120	小笠原長保 (大和守)	0.00
Q49898	松平忠喬の娘 (喜連川茂氏の正室)	Q108917258	松平忠喬の娘 (喜連川茂氏の正室)	0.00
Q49906	伊達種子	Q108887721	伊達種子	0.00
Q49910	秋元喜哉	Q108890154	秋元喜哉	0.00
Q49914	毛利寧子	Q108890272	毛利寧子	0.00
Q49926	毛利勅子	Q108890328	毛利勅子	0.00
Q49938	毛利広鎮の娘 (京極高聡の正室のち山崎義柄の正室)	Q108915300	毛利広鎮の娘 (京極高聡の正室のち山崎義柄の正室)	0.00
Q50022	本多忠栄	Q110967792	本多忠栄	0.00
Q50030	本多忠統の娘 (高力長昌の妻)	Q110973337	本多忠統の娘 (高力長昌の妻)	0.00
Q50034	本多忠統の娘 (松平信敏の正室)	Q110973591	本多忠統の娘 (松平信敏の正室)	0.00
Q50045	牧野菊子	Q110969416	牧野菊子	0.00
Q50065	Daykho-in	Q108911693	大宝院 (石井忠俊の娘)	0.00
Q50093	大久保忠兼	Q115586802	大久保忠兼	0.00
Q50130	池田知定	Q111097128	池田知定	0.00
Q50134	伊勢貞守	Q109330349	伊勢貞守	0.00
Q50178	日根野高継	Q56253529	日根野高継	0.00
Q50206	分部光命	Q11396148	分部光命	0.00
Q50230	外山光任	Q134450429	外山光任	0.00
Q50234	豊岡光全	Q134458870	豊岡光全	0.00
Q50238	長沢資祐	Q11653191	長沢資祐	0.00
Q50247	池田長玄	Q11552192	池田長玄	0.00
Q50251	伊木小豊	Q111261065	伊木小豊	0.00
Q50259	伊木仙	Q111183019	伊木仙	0.00
Q50266	片桐貞隆	Q11569889	片桐貞隆	0.00
Q50286	池田森英	Q111143834	池田森英	0.00
Q50290	池田博道	Q11551754	池田博道	0.00
Q50294	風早実積	Q110863785	風早実積	0.00
Q50309	吉弘鑑理の娘 (戸次鎮秀の妻)	Q110156186	吉弘鑑理の娘 (戸次鎮秀の妻)	0.00
Q50313	吉弘統幸	Q10917146	吉弘統幸	0.00
Q50317	田北鎮生	Q109298849	田北鎮生	0.00
Q50325	林クインタ	Q109298920	林クインタ	0.00
Q50329	吉弘鎮信の娘 (戸次統常の妻)	Q109299068	吉弘鎮信の娘 (戸次統常の妻)	0.00
Q50333	臼杵統久	Q109298793	臼杵統久	0.00
Q50354	永井直右の娘 (永井直敬の継室)	Q113282692	永井直右の娘 (永井直敬の継室)	0.00
Q50366	森正方	Q11539914	森正方	0.00
Q50374	正親町三条公統	Q11545663	正親町三条公統	0.00
Q50386	小笠原鈴姫	Q109186280	小笠原鈴姫	0.00
Q50394	本多俊次の娘 (牧野光成の正室)	Q110909151	本多俊次の娘 (牧野光成の正室)	0.00
Q50411	足利義辰の娘 (桜井兼供の妻)	Q110063980	足利義辰の娘 (桜井兼供の妻)	0.00
Q50415	桜井氏敦	Q110305540	桜井氏敦	0.00
Q50419	桜井兼供の娘 (松平基知の継室)	Q110305722	桜井兼供の娘 (松平基知の継室)	0.00
Q50423	桜井兼供の娘 (岡本大蔵の妻)	Q110309276	桜井兼供の娘 (岡本大蔵の妻)	0.00
Q50427	桜井兼供の娘 (西大路隆廉の妻)	Q110309351	桜井兼供の娘 (西大路隆廉の妻)	0.00
Q50431	滋岡辰長	Q110646277	滋岡辰長	0.00
Q50443	長尾憲景 (高津長尾氏)	Q108144348	長尾憲景 (高津長尾氏)	0.00
Q50447	木曾義親	Q108908952	木曾義親	0.00
Q50451	馬場家景	Q108908953	馬場家景	0.00
Q50455	木曽家頼	Q108909347	木曽家頼	0.00
Q50459	舟橋秀相	Q109873278	舟橋秀相	0.00
Q50463	舟橋相賢	Q109873491	舟橋相賢	0.00
Q50479	遠山友政	Q11642012	遠山友政	0.00
Q50483	遠山友信	Q110947596	遠山友信	0.00
Q50485	권겸	Q16219772	권겸	0.00
Q50487	田北親員	Q110223244	田北親員	0.00
Q50491	臼杵鎮順	Q109299776	臼杵鎮順	0.00
Q50499	黒川元春	Q20039839	黒川元春	0.00
Q50507	長宗我部兼序の娘 (吉田孝頼の妻)	Q108812104	長宗我部兼序の娘 (吉田孝頼の妻)	0.00
Q50511	長宗我部国康	Q108865686	長宗我部国康	0.00
Q50515	島親典	Q108866698	島親典	0.00
Q50519	香宗我部貞親	Q20039951	香宗我部貞親	0.00
Q50527	吉良宣直の娘 (吉良親貞の妻)	Q108866120	吉良宣直の娘 (吉良親貞の妻)	0.00
Q50531	如淵	Q20040673	如淵	0.00
Q50539	吉良親英	Q108866692	吉良親英	0.00
Q50547	池頼和	Q73285	池賴和	0.00
Q50575	柴田実信	Q108871762	柴田実信	0.00
Q50579	成田右衛門の娘	Q108871765	成田右衛門の娘	0.00
Q50590	滝川具英	Q118697772	滝川具英	0.00
Q50598	森川重俊の娘 (溝口宣直の継室)	Q109983669	森川重俊の娘 (溝口宣直の継室)	0.00
Q50602	荒木元清	Q17191911	荒木元清	0.00
Q50610	小早川弘平	Q11460842	小早川弘平	0.00
Q50618	円信院殿	Q11394730	円信院殿	0.00
Q50622	小侍従 (島津義久の側室)	Q110692224	小侍従 (島津義久の側室)	0.00
Q50626	島津新城	Q118697804	島津新城	0.00
Q50642	肝付兼興	Q11611479	肝付兼興	0.00
Q50646	肝付兼亮	Q11611470	肝付兼亮	0.00
Q50662	肝付兼演	Q15830872	肝付兼演	0.00
Q50702	蓮助兼孝	Q108964092	蓮助兼孝	0.00
Q50706	蓮欽	Q108964406	蓮欽	0.00
Q50714	安藤了翁	Q128852086	安藤了翁	0.00
Q50726	久米義昌	Q118747464	久米義昌	0.00
Q50737	梅園友清	Q109796661	梅園友清	0.00
Q50745	松平親長	Q115587368	松平親長	0.00
Q50749	柳原資淳	Q110008493	柳原資淳	0.00
Q50753	高倉範国	Q110008224	高倉範国	0.00
Q50790	竹内俊治	Q109780944	竹内俊治	0.00
Q50810	藤谷為香	Q109817663	藤谷為香	0.00
Q50815	入江相康	Q110165068	入江相康	0.00
Q50820	竹内惟庸の娘 (竹内惟永の妻)	Q109782710	竹内惟庸の娘 (竹内惟永の妻)	0.00
Q50825	竹内惟重	Q109782670	竹内惟重	0.00
Q50830	山科頼言	Q113207839	山科頼言	0.00
Q50835	山科尭言の娘 (藤谷為香の妻)	Q113207957	山科尭言の娘 (藤谷為香の妻)	0.00
Q50840	daughter of Ando Tsuguyoshi (wife of Uratsuji Sanemoto)	Q110958754	安藤次由の娘 (裏辻実本の妻)	0.00
Q50866	Zhong Shan Rong Qin	Q108856781	中山栄親	0.00
Q50871	織田真昌	Q109665913	織田真昌	0.00
Q50876	飛鳥井雅親	Q105711490	飛鳥井雅親	0.00
Q50901	風早実積の娘 (錦織従久の妻)	Q113164213	風早実積の娘 (錦織従久の妻)	0.00
Q50906	黒田長貞の娘 (堤栄長の妻)	Q110166157	黒田長貞の娘 (堤栄長の妻)	0.00
Q50926	川勝広尚	Q108844731	川勝広尚	0.00
Q50931	安藤次由の娘 (西洞院時名の妻)	Q110955578	安藤次由の娘 (西洞院時名の妻)	0.00
Q50936	西洞院時義	Q110955575	西洞院時義	0.00
Q50941	西洞院信庸	Q110955588	西洞院信庸	0.00
Q50951	吉田兼有	Q109321561	吉田兼有	0.00
Q50962	正親町三条実音の娘 (後円融天皇の後宮)	Q108119565	正親町三条実音の娘 (後円融天皇の後宮)	0.00
Q50967	四条今子	Q110892255	四条今子	0.00
Q50977	町尻量子	Q110067829	町尻量子	0.00
Q50981	Shui Ye Zhong Jiao	Q126722787	水野重教	0.00
Q51007	持明院基輔の娘 (久世通夏の妻)	Q110884849	持明院基輔の娘 (久世通夏の妻)	0.00
Q51012	Godzyo Tamenori	Q110137045	五条為範	0.00
Q51017	小森頼季	Q110602490	小森頼季	0.00
Q51046	新上西門院小督局	Q110307312	新上西門院小督局	0.00
Q51056	Guang Fan Qian Li	Q11485394	広幡前豊	0.00
Q51076	河鰭実祐	Q110050530	河鰭実祐	0.00
Q51086	三条実顕の娘 (藪保季の妻)	Q110646510	三条実顕の娘 (藪保季の妻)	0.00
Q51097	Jiu Jing Shu Zi	Q134384420	Ёсико Сакаи	0.00
Q51122	Eishoin (wife of Hosokawa Tateyuki)	Q109656365	栄昌院 (細川立之の正室)	0.00
Q51323	Jin Xiao Lu Shang Xiu	Q110602883	錦小路尚秀	0.00
Q51328	津守国該の娘 (錦小路尚秀の妻)	Q135399432	津守国該の娘 (錦小路尚秀の妻)	0.00
Q51333	錦小路頼理	Q135400858	錦小路頼理	0.00
Q51413	Li Sip Gong Bo	Q110980017	裏辻公博	0.00
Q51466	daughter of Inaba Tsunemichi (wife of Yagyu Shunpei)	Q110701101	稲葉恒通の娘 (柳生俊平の正室)	0.00
Q51470	Xiao Cang Li Ji	Q110967000	小倉豊季	0.00
Q51486	竹屋光棣	Q134610728	竹屋光棣	0.00
Q51490	交野時雍	Q134610965	交野時雍	0.00
Q51494	七条信敬	Q134611008	七条信敬	0.00
Q51498	藪保季	Q108857489	藪保季	0.00
Q51502	藪季庸	Q108857502	藪季庸	0.00
Q51543	Shi Ye Ji You	Q110251637	石野基佑	0.00
Q51630	Mao Li Shun Ming	Q108915489	毛利順明	0.00
Q51741	上杉治広	Q8514791	우에스기 하루히로	0.00
Q51745	竹腰正定	Q11599412	竹腰正定	0.00
Q51749	青山忠世	Q57887779	青山忠世	0.00
Q51757	青山宗祐	Q115587019	青山宗祐	0.00
Q51761	清閑寺昶定	Q110974538	清閑寺昶定	0.00
Q51765	岡崎国広	Q110602841	岡崎国広	0.00
Q51840	伊達寿光	Q110884999	伊達寿光	0.00
Q51864	Isakhaya Yukinori	Q59551815	諫早行孝	0.00
Q51869	Jin Xiao Lu Lai Yan	Q110961566	錦小路頼言	0.00
Q51873	Ba Tiao Long Bang	Q110967269	八条隆邦	0.00
Q51897	Ma Yue Shen Si	Q109246579	馬越慎思	0.00
Q51925	daughter of Sanada Nobuyasu (wife of Matsuura Masanobu and later Takebe Masakata)	Q110175143	真田信安の娘 (松浦政信の正室のち建部政賢の正室)	0.00
Q51957	Song Ping Jing Ji	Q108095873	松平敬姫	0.00
Q52020	闼卢摸末	Q24836012	闼卢摸末	0.00
Q52024	成月公主	Q65058958	成月公主	0.00
Q52049	Dao Xie Zheng Fa	Q11596953	稲葉正発	0.00
Q52065	Yi Tiao Lai Shi	Q110184707	一条頼実	0.00
Q52169	He Qi Gong Chen	Q11554302	河鰭公陳	0.00
Q52173	Zhong Shan Di Yu Zi	Q110716921	中山砥豫子	0.00
Q52181	Zhong Shan Qian Zhi	Q110717006	中山千枝	0.00
Q52185	Zhong Shan Xi Jiu	Q110717122	中山喜久	0.00
Q52187	杨爱敬	Q83875262	杨爱敬	0.00
Q52191	窦庆	Q67936918	窦庆	0.00
Q52193	Li Sip Shi He	Q110960766	裏辻実和	0.00
Q52235	宇文顕和	Q11449430	宇文顕和	0.00
Q52239	宇文神挙	Q11449427	宇文神挙	0.00
Q52241	Xi Si Sip Gong Ke	Q108857689	西四辻公恪	0.00
Q52269	Chi Tian Min Zi	Q111097847	池田民子	0.00
Q52405	Lu Ba Sui	Q109246880	盧八穂	0.00
Q52409	Yan Qi Shu Zi	Q109246958	岩崎淑子	0.00
Q52413	Yan Qi Wen Zi	Q109247065	岩崎温子	0.00
Q52425	Gui Jing Yu He	Q111091549	亀井於賀	0.00
Q52445	Xi Chuan Jia Shou	Q111108106	細川嘉寿	0.00
Q52481	Xi Xiang Cong Li	Q102246983	西郷従理	0.00
Q52497	Fang Cheng Shuo Zi	Q134606635	坊城朔子	0.00
Q52543	窦佑	Q56600494	窦佑	0.00
Q52591	宇文系	Q10144064	宇文系	0.00
Q52595	宇文阿头	Q10946225	宇文阿头	0.00
Q52611	新興公主	Q16603432	新兴公主	0.00
Q52613	Da Chui Yu Men Jing Shang	Q110074041	大炊御門経尚	0.00
Q52615	宇文亮	Q10946171	宇文亮	0.00
Q52633	Daughter of Honda Yasutomo (wife of Yoshida Yoshitsune)	Q111171625	本多康伴の娘 (吉田良連の妻)	0.00
Q52641	Qi Tiao Xin Zu	Q134613475	七条信祖	0.00
Q52676	Yi Da Min	Q110064627	伊達敏	0.00
Q52691	冯妃 (元怀)	Q8257057	冯妃 (元怀)	0.00
Q52695	李娘	Q8253740	李娘	0.00
Q52699	元賛	Q9398082	元賛	0.00
Q52703	琅邪公主	Q16603529	琅邪公主	0.00
Q52711	安徳公主	Q15936235	安德公主	0.00
Q52715	元蒺藜	Q10889807	元蒺藜	0.00
Q52719	元光基	Q16904625	元光基	0.00
Q52731	乙瑗	Q22101155	乙瑗	0.00
Q52819	阿史那职御	Q130570264	阿史那职御	0.00
Q52847	Gao Zhentszyan	Q10566674	高仁俭	0.00
Q52851	Gao Zhenguan	Q10566676	高仁光	0.00
Q52859	Gao Zhenchzhi	Q10566679	高仁直	0.00
Q52863	Gao Zhenin	Q10566681	高仁英	0.00
Q52867	Gao Zhentsyan	Q10566682	高仁谦	0.00
Q52871	Gao Zhenyun	Q10566685	高仁邕	0.00
Q52875	Gao Zhenya	Q10566687	高仁雅	0.00
Q52879	Gao Ko	Q10566765	高廓	0.00
Q52883	Gao Cho	Q11672723	高綽	0.00
Q52887	Gao Chzhen	Q10566831	高贞	0.00
Q52917	Gao Ke	Q10566773	高恪	0.00
Q52921	Gao Shande	Q10566717	高善德	0.00
Q52925	高买德	Q10566671	高买德	0.00
Q52929	高质钱	Q10566832	高质钱	0.00
Q52935	Shou Song Yuan (song Ping Cheng Qiao Nozheng Shi )	Q108858885	寿松院 (松平乗喬の正室)	0.00
Q52939	Song Ping Jing Zi	Q108858854	松平精子	0.00
Q52941	楊奥妃	Q8257488	文景皇后 (西魏)	0.00
Q52945	于妃 (元愉)	Q10880569	于妃 (元愉)	0.00
Q52995	Guo Dao Zheng Chen	Q11650656	鍋島正辰	0.00
Q53001	若干鳳	Q48890048	若干鳳	0.00
Q53003	Shang Shan Chun Zi	Q134384261	Уэсуги Дзюнко	0.00
Q53011	Xiao Li Yuan Chun Zhi	Q108497013	小笠原春枝	0.00
Q53027	Song Ping Guang Ze Noniang (hu Tian Zhong Shu Nozheng Shi )	Q108497391	松平光則の娘 (戸田忠恕の正室)	0.00
Q53051	Xian Ji	Q108094608	銑姫	0.00
Q53091	孔搢	Q28418239	孔搢	0.00
Q53095	孔拯	Q28418391	孔拯	0.00
Q53099	孔摠	Q28418399	孔摠	0.00
Q53103	孔公儼	Q61719994	孔公儼	0.00
Q53107	Kong Xian Zhi	Q61721630	孔宪知	0.00
Q53115	宋氏	Q133289745	宋氏	0.00
Q53135	袁承恕	Q134265288	袁承恕	0.00
Q53139	袁篤修	Q134265139	袁篤修	0.00
Q53143	徐氏	Q134079989	徐氏	0.00
Q53147	孫崇祖	Q134734302	孫崇祖	0.00
Q53171	吳荃	Q133288848	吳荃	0.00
Q53219	李經榘	Q133281447	李經榘	0.00
Q53247	陳溶	Q133858105	陳溶	0.00
Q53321	蕭圓普	Q95115357	蕭圓普	0.00
Q53325	蕭圓滿	Q95139853	蕭圓滿	0.00
Q53329	蕭圓正	Q95139861	蕭圓正	0.00
Q53333	鄭訳	Q16904381	郑译	0.00
Q53337	郑元璹	Q56953036	郑元璹	0.00
Q53359	伊帝建	Q119342300	伊帝建	0.00
Q53391	Q28776587	Q28776587	박성순	0.00
Q53393	蕭エイ	Q16260931	蕭璿	0.00
Q53395	Q84511503	Q84511503	朴順弘	0.00
Q53433	張綰	Q6804626	張綰	0.00
Q53457	柳盼	Q38975293	柳盼	0.00
Q53473	安皇后	Q8257669	安皇后	0.00
Q53477	陳休先	Q11658294	陈休先	0.00
Q53492	毕国公主	Q134097223	毕国公主	0.00
Q53505	陳伯智	Q11658302	陈伯智	0.00
Q53509	陳伯礼	Q11658301	陈伯礼	0.00
Q53532	完顏師姑兒	Q30950485	完顏師姑兒	0.00
Q53537	豐安公主	Q16603636	豐安公主	0.00
Q53541	富陽公主	Q16603391	富陽公主	0.00
Q53548	完顏元	Q10947914	完顏元	0.00
Q53556	完顏蒲剌	Q30950497	完顏蒲剌	0.00
Q53560	完顏習撚	Q30950503	完顏習撚	0.00
Q53564	乌古论元忠	Q28413437	乌古论元忠	0.00
Q53572	完顔鏗	Q10947957	完顏鏗	0.00
Q53576	Pan Chzhen	Q30950406	龐真妃	0.00
Q53580	李師兒	Q8253486	李師兒	0.00
Q53784	耶律盆都	Q30948629	耶律盆都	0.00
Q53788	耶律化葛里	Q48886508	耶律化葛里	0.00
Q53858	韦真憙	Q26208784	韦真憙	0.00
Q53890	楊侃	Q15984029	楊侃	0.00
Q53894	郑祖育	Q83875277	郑祖育	0.00
Q54056	Q11921175	Q11921175	Eudòxia Comnena	0.00
Q54439	武懐亮	Q109350274	武怀亮	0.00
Q54455	武氏	Q67523828	武氏	0.00
Q54647	李诗琐高	Q24834458	李诗琐高	0.00
Q54723	庞卿恽	Q16904984	庞卿恽	0.00
Q54751	崔貴妃	Q11053517	崔妃 (唐代宗)	0.00
Q54779	崔貴妃 (唐代宗)	Q16075417	崔贵妃	0.00
Q54795	华阳公主 (唐朝)	Q10905971	华阳公主 (唐朝)	0.00
Q54803	太和公主 (唐代宗)	Q10941115	太和公主 (唐代宗)	0.00
Q54839	玉清公主	Q16603514	玉清公主	0.00
Q54843	玉虚公主	Q16603515	玉虚公主	0.00
Q54847	真定公主	Q16603542	真定公主	0.00
Q54851	章宁公主	Q16603556	章宁公主	0.00
Q54855	西平公主	Q16603625	西平公主	0.00
Q55178	郭味邱	Q66310096	郭味邱	0.00
Q55858	崔模	Q17991585	崔模	0.00
Q56275	池田重長	Q111016138	池田重長	0.00
Q56293	本阿弥光磋	Q109741925	本阿弥光磋	0.00
Q56299	片桐之晴	Q110825063	片桐之晴	0.00
Q56302	榊原範武	Q110825174	榊原範武	0.00
Q56311	大内盛房	Q134519609	大内盛房	0.00
Q56320	伊勢盛継	Q106651735	伊勢盛継	0.00
Q56323	伊勢貞継	Q105711154	伊勢貞継	0.00
Q56326	阿倍定次	Q60986478	阿倍定次	0.00
Q56340	板倉重浮	Q111103822	板倉重浮	0.00
Q56349	遠藤清洲	Q110280928	遠藤清洲	0.00
Q56364	内藤正勝の娘 (水野守政の正室)	Q113263748	内藤正勝の娘 (水野守政の正室)	0.00
Q56376	梅渓通仲	Q113164094	梅渓通仲	0.00
Q56388	秋月晴種	Q11595110	秋月晴種	0.00
Q56394	佐野重久	Q108121372	佐野重久	0.00
Q56397	石井行忠	Q110603004	石井行忠	0.00
Q56400	七条隆久	Q110643858	七条隆久	0.00
Q56403	石井行文	Q110643759	石井行文	0.00
Q56406	Nabesima Tsunefusa	Q15839246	鍋島経房	0.00
Q56409	鍋島清久の娘 (大乗坊長勝の室)	Q107159595	鍋島清久の娘 (大乗坊長勝の室)	0.00
Q56412	Ryudzodzi Iekane	Q5368164	龙造寺家兼	0.00
Q56415	Ryudzodzi Iekado	Q11679395	龍造寺家門	0.00
Q56418	Ryudzodzi Tikaie	Q11679387	龍造寺周家	0.00
Q56421	石井忠義	Q29410711	石井忠義	0.00
Q56436	鳥居忠明	Q118747079	鳥居忠明	0.00
Q56442	本翁意伯	Q11520751	本翁意伯	0.00
Q56448	梅小路共慶	Q110157644	梅小路共慶	0.00
Q56451	梅小路定喬	Q110159916	梅小路定喬	0.00
Q56454	三室戸資方	Q110159932	三室戸資方	0.00
Q56466	平野長治	Q108057287	平野長治	0.00
Q56472	佐久間信晴	Q115596090	佐久間信晴	0.00
Q56475	榊原国姫	Q111050684	榊原国姫	0.00
Q56481	有馬純養	Q111032306	有馬純養	0.00
Q56487	加藤明煕の娘 (冷泉為栄の妻)	Q110726554	加藤明煕の娘 (冷泉為栄の妻)	0.00
Q56493	遠藤慶隆の娘 (遠藤胤直の妻のち粥川某の妻)	Q110280909	遠藤慶隆の娘 (遠藤胤直の妻のち粥川某の妻)	0.00
Q56499	津田孟昭	Q11556273	津田孟昭	0.00
Q56508	多羅尾光俊	Q10932887	多羅尾光俊	0.00
Q56511	松平信敏 (藤井松平家)	Q110973579	松平信敏 (藤井松平家)	0.00
Q56514	松平忠愛の娘 (板倉勝暁の継室)	Q134547318	松平忠愛の娘 (板倉勝暁の継室)	0.00
Q56517	松平忠愛の娘 (広橋勝胤の養女)	Q134560964	松平忠愛の娘 (広橋勝胤の養女)	0.00
Q56520	松平忠愛の娘 (竹屋光予の妻)	Q134561351	松平忠愛の娘 (竹屋光予の妻)	0.00
Q56526	丹羽長道	Q110821707	丹羽長道	0.00
Q56529	一色直賢	Q110821735	一色直賢	0.00
Q56532	下間玄英	Q111218884	下間玄英	0.00
Q56535	下間頼玄	Q108685843	下間頼玄	0.00
Q56538	下間頼永	Q111152234	下間頼永	0.00
Q56541	下間頼宗	Q111219807	下間頼宗	0.00
Q56544	下間光宗	Q111219795	下間光宗	0.00
Q56556	岸田蘭	Q108845414	岸田蘭	0.00
Q56565	永井左近	Q108845811	永井左近	0.00
Q56586	松平信直 (旗本)	Q108097219	松平信直 (旗本)	0.00
Q56598	池田政直の娘 (松平忠元の継室)	Q108847122	池田政直の娘 (松平忠元の継室)	0.00
Q56610	佐竹春	Q111123315	佐竹春	0.00
Q56622	伊達村定	Q11380792	伊達村定	0.00
Q56631	松井長之	Q110309843	松井長之	0.00
Q56634	Katsuyuki Matsui	Q11529075	松井勝之	0.00
Q56637	清光院 (細川輝室の妻)	Q110309995	清光院 (細川輝室の妻)	0.00
Q56643	舟橋則賢	Q110643892	舟橋則賢	0.00
Q56646	舟橋師賢	Q110961643	舟橋師賢	0.00
Q56649	山科敬言	Q113207921	山科敬言	0.00
Q56652	生田氏 (織田信休の妻)	Q111170943	生田氏 (織田信休の妻)	0.00
Q56658	織田信旧	Q11608306	織田信旧	0.00
Q56671	吉田連子	Q111171978	吉田連子	0.00
Q56674	吉田良連の娘 (千種有功の妻)	Q111172041	吉田良連の娘 (千種有功の妻)	0.00
Q56680	中山吉勝の娘 (中山信行の正室)	Q111023740	中山吉勝の娘 (中山信行の正室)	0.00
Q56683	永井尚品	Q113281334	永井尚品	0.00
Q56686	永井尚平	Q11549748	永井尚平	0.00
Q56692	永井尚方	Q113282972	永井尚方	0.00
Q56704	藤堂嘉以	Q109862294	藤堂嘉以	0.00
Q56707	裏辻公風	Q108855963	裏辻公風	0.00
Q56745	池田長貞	Q11552197	池田長貞	0.00
Q56756	池田政広 (鴨方藩主)	Q54292105	池田政広 (鴨方藩主)	0.00
Q56759	佐野茂好	Q134527313	佐野茂好	0.00
Q56765	相良於益	Q110664254	相良於益	0.00
Q56786	戸田光為	Q112045908	戸田光為	0.00
Q56825	風早公雄	Q110713840	風早公雄	0.00
Q56828	風早実秋	Q110726422	風早実秋	0.00
Q56831	冷泉為訓	Q110726437	冷泉為訓	0.00
Q56843	有馬頼元の娘 (松平基知の正室)	Q110050430	有馬頼元の娘 (松平基知の正室)	0.00
Q56858	大関政増	Q11439892	大関政増	0.00
Q56879	金丸正直	Q17225659	金丸正直	0.00
Q56906	Ryudzodzi Naganobu	Q11679403	龍造寺長信	0.00
Q56912	Ryudzodzi Akikane	Q11679402	龍造寺鑑兼	0.00
Q56930	喜連川恵氏	Q11419253	喜連川恵氏	0.00
Q56945	石原昌明の娘 (柳沢信俊の妻)	Q110729001	石原昌明の娘 (柳沢信俊の妻)	0.00
Q56951	松平永	Q110885145	松平永	0.00
Q56963	柳沢登勢	Q134451421	柳沢登勢	0.00
Q56969	柳沢保光の娘 (戸田氏綏の正室)	Q134452189	柳沢保光の娘 (戸田氏綏の正室)	0.00
Q56975	武田信之 (高家)	Q11546092	武田信之 (高家)	0.00
Q56978	柳沢里顕	Q11534424	柳沢里顕	0.00
Q56981	柳沢保光の娘 (内藤信敦の正室)	Q134452451	柳沢保光の娘 (内藤信敦の正室)	0.00
Q56984	柳沢保光の娘 (外山光施の妻)	Q134452897	柳沢保光の娘 (外山光施の妻)	0.00
Q56987	柳沢信復の娘 (冷泉為訓の妻)	Q110885298	柳沢信復の娘 (冷泉為訓の妻)	0.00
Q56990	柳沢信貞	Q110885665	柳沢信貞	0.00
Q56996	風早公元	Q110874195	風早公元	0.00
Q56999	東常慶の娘 (遠藤盛数の正室のち長井道利の正室)	Q110273525	東常慶の娘 (遠藤盛数の正室のち長井道利の正室)	0.00
Q57011	藤堂良政の娘 (小堀政一の正室)	Q111018923	藤堂良政の娘 (小堀政一の正室)	0.00
Q57021	多羅尾光忠	Q111019386	多羅尾光忠	0.00
Q57023	朽木稙昌	Q11521634	朽木稙昌	0.00
Q57026	脇坂釧	Q111103656	脇坂釧	0.00
Q57032	本多正経	Q109678916	本多正経	0.00
Q57041	前野辰定	Q115586989	前野辰定	0.00
Q57056	本多定助	Q108803099	本多定助	0.00
Q57068	内藤久清	Q108075798	内藤久清	0.00
Q57131	外山光施	Q134451239	外山光施	0.00
Q57266	石野基恒	Q110255295	石野基恒	0.00
Q57275	永井尚典	Q11549749	永井尚典	0.00
Q57305	沢山喜多路	Q111018398	沢山喜多路	0.00
Q57308	沢山信吉	Q111018543	沢山信吉	0.00
Q57323	伊勢貞益	Q109330357	伊勢貞益	0.00
Q57338	牧野信成の娘 (小浜嘉隆の正室)	Q108485536	牧野信成の娘 (小浜嘉隆の正室)	0.00
Q57341	小笠原長興 (京都小笠原氏)	Q106671006	小笠原長興 (京都小笠原氏)	0.00
Q57344	小笠原長隆の娘 (三好義長の母)	Q106672033	小笠原長隆の娘 (三好義長の母)	0.00
Q57350	三好長家	Q128851636	三好長家	0.00
Q57353	西大路隆共	Q110305524	西大路隆共	0.00
Q57362	伊達登	Q108887714	伊達登	0.00
Q57377	黒田長韶	Q11678714	黒田長韶	0.00
Q57395	内藤元泰	Q30934551	内藤元泰	0.00
Q57401	Khirosuke Sugi	Q30928643	杉弘相	0.00
Q57410	榊原政純	Q22120349	榊原政純	0.00
Q57431	溝口春姫	Q111035376	溝口春姫	0.00
Q57437	西尾美代子	Q111034415	西尾美代子	0.00
Q57446	戸田鉄子	Q111097762	戸田鉄子	0.00
Q57452	津軽益男	Q111120036	津軽益男	0.00
Q57507	村田美濃子	Q111033784	村田美濃子	0.00
Q57513	多賀山通続	Q38279367	多賀山通続	0.00
Q57519	佐世就説	Q108915003	佐世就説	0.00
Q57523	佐世元宣	Q108915004	佐世元宣	0.00
Q57529	阿曽沼就郷	Q64784101	阿曽沼就郷	0.00
Q57532	益田就固	Q18011483	益田就固	0.00
Q57535	堀河康俊	Q109341884	堀河康俊	0.00
Q57538	堀河康綱	Q109341931	堀河康綱	0.00
Q57550	池田鉄子	Q111182781	池田鉄子	0.00
Q57553	池田佑賢	Q111182686	池田佑賢	0.00
Q57556	堤維長	Q110251534	堤維長	0.00
Q57568	松平寿子 (松平信進の正室)	Q111132372	松平寿子 (松平信進の正室)	0.00
Q57574	前田喜久	Q108683607	前田喜久	0.00
Q57601	本多康将の娘 (松平忠継の正室)	Q108799187	本多康将の娘 (松平忠継の正室)	0.00
Q57613	関政辰	Q11655815	関政辰	0.00
Q57623	福原彦七	Q108915327	福原彦七	0.00
Q57635	小早川三郎	Q108890657	小早川三郎	0.00
Q57650	宍戸元礼の娘 (福原親俊の妻)	Q108915368	宍戸元礼の娘 (福原親俊の妻)	0.00
Q57668	阿部正允の娘 (奥平昌鹿の正室)	Q134617346	阿部正允の娘 (奥平昌鹿の正室)	0.00
Q57674	奥平昌鹿の娘 (池田斉政の婚約者)	Q134619976	奥平昌鹿の娘 (池田斉政の婚約者)	0.00
Q57677	奥平高子	Q134624382	奥平高子	0.00
Q57695	大久保忠明	Q115586728	大久保忠明	0.00
Q57704	荒尾成倫	Q11618461	荒尾成倫	0.00
Q57719	脇坂安総	Q24892307	脇坂安総	0.00
Q57737	大岡忠恒の娘 (池田政永の妻のち池田政能の妻)	Q111153687	大岡忠恒の娘 (池田政永の妻のち池田政能の妻)	0.00
Q57755	中根忠豪の娘 (伊木忠興の妻)	Q111261011	中根忠豪の娘 (伊木忠興の妻)	0.00
Q57782	桑山一慶	Q111173504	桑山一慶	0.00
Q57785	桑山一玄の娘	Q111173721	桑山一玄の娘	0.00
Q57788	桑山一玄の娘	Q111173872	桑山一玄の娘	0.00
Q57794	伊木忠真	Q11379412	伊木忠真	0.00
Q57797	池田方智	Q111182490	池田方智	0.00
Q57800	風早実積の娘 (梅溪通賢の妻)	Q113164226	風早実積の娘 (梅溪通賢の妻)	0.00
Q57809	戸次鎮秀	Q64783636	戸次鎮秀	0.00
Q57812	戸次統常	Q11496418	戸次統常	0.00
Q57815	臼杵鎮定	Q109298778	臼杵鎮定	0.00
Q57821	内藤清成の娘 (日向政成の妻)	Q113280287	内藤清成の娘 (日向政成の妻)	0.00
Q57824	内藤清成の娘 (小浜光隆の正室)	Q113280515	内藤清成の娘 (小浜光隆の正室)	0.00
Q57836	藤堂良以	Q109862280	藤堂良以	0.00
Q57839	森於徳	Q111009581	森於徳	0.00
Q57842	正親町三条実久	Q11545666	正親町三条実久	0.00
Q57845	小笠原棟敬	Q64782627	小笠原棟敬	0.00
Q57851	小笠原忠徴の娘 (戸沢正実の正室)	Q108094056	小笠原忠徴の娘 (戸沢正実の正室)	0.00
Q57854	堀田正愛	Q11427637	堀田正愛	0.00
Q57875	戸田光廩	Q110969362	戸田光廩	0.00
Q57878	松平忠勧	Q110969376	松平忠勧	0.00
Q57881	牧野千姫	Q110969686	牧野千姫	0.00
Q57884	牧野貞通の娘 (本多忠敝の正室)	Q110969707	牧野貞通の娘 (本多忠敝の正室)	0.00
Q57896	尾池義辰	Q11465366	尾池義辰	0.00
Q57902	滋岡辰長の娘 (藪保季の妻)	Q110646292	滋岡辰長の娘 (藪保季の妻)	0.00
Q57911	阿部倶姫	Q134617065	阿部倶姫	0.00
Q57914	阿部銑	Q134617341	阿部銑	0.00
Q57920	松平結子	Q134564303	松平結子	0.00
Q57923	舟橋秀賢	Q109873036	舟橋秀賢	0.00
Q57926	舟橋経賢	Q109897245	舟橋経賢	0.00
Q57929	舟橋弘賢	Q109898719	舟橋弘賢	0.00
Q57932	松寿院 (小笠原秀清の妻)	Q108903083	松寿院 (小笠原秀清の妻)	0.00
Q57935	小笠原長良	Q109895629	小笠原長良	0.00
Q57938	Sadanari Murai	Q11523013	村井貞成	0.00
Q57941	村井清次	Q11522987	村井清次	0.00
Q57944	慈光院 (佐々成政の正室)	Q110086787	慈光院 (佐々成政の正室)	0.00
Q57947	遠山秀友	Q11642057	遠山秀友	0.00
Q57950	田北鑑生	Q11576230	田北鑑生	0.00
Q57953	田北紹鉄	Q11576228	田北紹鉄	0.00
Q57956	田北鎮周	Q11576227	田北鎮周	0.00
Q57959	臼杵長景	Q11613294	臼杵長景	0.00
Q57977	波川清宗の娘 (北之川親安の妻)	Q108811039	波川清宗の娘 (北之川親安の妻)	0.00
Q57983	柴田宗朝	Q108871766	柴田宗朝	0.00
Q57989	Sukemitsu Kinovaki	Q22129472	木脇祐光	0.00
Q58004	島津久通	Q115586942	島津久通	0.00
Q58019	興行寺蓮実	Q108963908	興行寺蓮実	0.00
Q58025	安藤朴翁	Q128852089	安藤朴翁	0.00
Q58040	松平由重	Q115587223	松平由重	0.00
Q58043	内藤貞正	Q30932220	内藤貞正	0.00
Q58046	藤谷為時	Q113207646	藤谷為時	0.00
Q58049	西大路隆要	Q111225670	西大路隆要	0.00
Q58073	中山栄親の家女房	Q108857026	中山栄親の家女房	0.00
Q58079	四条隆師	Q108857020	四条隆師	0.00
Q58106	久我従子	Q110957901	久我従子	0.00
Q58109	西洞院信順	Q110955595	西洞院信順	0.00
Q58112	西洞院八千	Q110958730	西洞院八千	0.00
Q58115	吉田清子	Q110961903	吉田清子	0.00
Q58118	冷泉為則	Q110961886	冷泉為則	0.00
Q58121	三室戸緝光	Q110961917	三室戸緝光	0.00
Q58124	冷泉初子	Q110961924	冷泉初子	0.00
Q58127	吉田兼里	Q109321566	吉田兼里	0.00
Q58194	久我綾姫	Q110955656	久我綾姫	0.00
Q58355	Kendzi Nisivaki	Q134384486	Кэндзи Нисиваки	0.00
Q58382	堀直利の娘 (成瀬正幸の正室)	Q110645807	堀直利の娘 (成瀬正幸の正室)	0.00
Q58385	成瀬正泰	Q11495571	成瀬正泰	0.00
Q58388	藪公師	Q108857510	藪公師	0.00
Q58502	醍醐顕子	Q108890397	醍醐顕子	0.00
Q58505	堀田正陳	Q11427653	堀田正陳	0.00
Q58508	水谷勝比の娘 (堀田正陳の継室)	Q111104427	水谷勝比の娘 (堀田正陳の継室)	0.00
Q58520	脇坂八重	Q111103687	脇坂八重	0.00
Q58535	青山重成	Q57887781	青山重成	0.00
Q58538	青山忠重	Q57887784	青山忠重	0.00
Q58550	清閑寺共福	Q110974563	清閑寺共福	0.00
Q58553	清閑寺兼子	Q110975936	清閑寺兼子	0.00
Q58556	清閑寺貞子	Q110251538	清閑寺貞子	0.00
Q58608	山口直信	Q134524245	山口直信	0.00
Q58617	関長道	Q11656472	関長道	0.00
Q58620	中院通繁	Q110660378	中院通繁	0.00
Q58626	千種有名	Q110662994	千種有名	0.00
Q58665	이비가	Q16177570	이비가	0.00
Q58668	정견모주	Q16262429	정견모주	0.00
Q58689	Li Zhan	Q17025953	李让	0.00
Q58692	Li In	Q17025850	李愔	0.00
Q58701	Li Khun	Q15945102	李宏 (西凉)	0.00
Q58704	Li Tyao	Q15946901	李眺	0.00
Q58764	tshe-spong-bz'-'bri-m-thod-dkr /	Q107412076	ཚེ་སྤོང་བཟའ་འབྲི་མ་ཐོད་དཀར།	0.00
Q58782	慕容智	Q81745998	慕容智	0.00
Q58788	李季英	Q17164415	李季英	0.00
Q58791	慕容宣昌	Q24835820	慕容宣昌	0.00
Q58794	慕容宣彻	Q24835823	慕容宣彻	0.00
Q59021	杨元孙	Q83875264	杨元孙	0.00
Q59060	柳氏	Q74553277	柳氏	0.00
Q59332	窦朗	Q56600493	窦朗	0.00
Q59430	宇文陵	Q10145297	宇文陵	0.00
Q59433	宇文仲	Q10946172	宇文仲	0.00
Q59436	王弼	Q48889956	王弼	0.00
Q59502	郑嫔	Q133223014	郑嫔	0.00
Q59505	高颺	Q17218200	高颺	0.00
Q59511	高偃	Q26197560	高偃	0.00
Q59514	高琨	Q28481406	高琨	0.00
Q59517	閭妃	Q16076657	閭妃	0.00
Q59520	元亶	Q10889539	元亶	0.00
Q59523	元巶	Q19817355	元巶	0.00
Q59526	元孟蕤	Q16603319	元孟蕤	0.00
Q59529	元仲蒨	Q16603318	元仲蒨	0.00
Q59532	元季聪	Q16603321	元季聪	0.00
Q59547	司马显姿	Q8253701	司马显姿	0.00
Q59556	元昌	Q10889694	元昌	0.00
Q59559	建徳公主	Q16603413	建德公主	0.00
Q59562	太原公主	Q16603362	太原公主	0.00
Q59565	阳平公主	Q16603705	阳平公主	0.00
Q59568	司馬朏	Q28481386	司馬朏	0.00
Q59571	司马庆云	Q61314843	司马庆云	0.00
Q59574	乙弗绘	Q55708085	乙弗绘	0.00
Q59580	卢昌寓	Q19855475	卢昌寓	0.00
Q59586	卢元聿	Q17500451	卢元聿	0.00
Q59598	东平公主	Q16603299	东平公主	0.00
Q59601	浮陽公主	Q16603478	浮陽公主	0.00
Q59604	潁川公主 (北斉)	Q16603733	颍川公主	0.00
Q59607	高阿难	Q17035258	高阿难	0.00
Q59619	高淯	Q11668624	高淯	0.00
Q59622	高湝	Q11668627	高湝	0.00
Q59625	高湜	Q11668630	高湜	0.00
Q59628	高𤁒	Q11668859	高凝	0.00
Q59631	高浚	Q11671823	高浚	0.00
Q59634	高淹	Q11671856	高淹	0.00
Q59637	高済	Q11671860	高济	0.00
Q59640	高潤	Q11671892	高润	0.00
Q59646	高渙	Q15909954	高涣	0.00
Q59649	高洽	Q16075327	高洽	0.00
Q59652	元韶	Q10889842	元韶	0.00
Q59655	楽陵公主 (北斉)	Q16603312	乐陵公主	0.00
Q59658	高婁斤	Q17025044	高娄斤	0.00
Q59661	高整信	Q15926712	高整信	0.00
Q59664	高妙儀	Q16603744	高妙仪	0.00
Q59670	乙海	Q26197551	乙海	0.00
Q59718	李雅	Q67936467	李雅	0.00
Q59733	史善应	Q131930063	史善应	0.00
Q59739	Nalozhnitsa Li	Q8250179	李夫人	0.00
Q59742	胡延之	Q24833527	胡延之	0.00
Q59745	盧氏	Q133467845	盧氏	0.00
Q59751	초제후	Q8257283	楚帝皇后	0.00
Q59784	韋挺	Q15944659	韋挺	0.00
Q60010	杨晖	Q26209004	杨晖	0.00
Q60037	楊貴嬪	Q24841346	楊貴嬪	0.00
Q60100	Kin In	Q11547106	殷鈞	0.00
Q60190	蕭方諸	Q16075279	蕭方諸	0.00
Q60193	蕭方矩	Q11622086	蕭方矩	0.00
Q60196	소방략	Q16075339	蕭方略	0.00
Q60205	元莒犁	Q16603324	元莒犁	0.00
Q60208	蕭礩	Q95114843	蕭礩	0.00
Q60211	蕭堅	Q95115262	蕭堅	0.00
Q60214	蕭確	Q16076960	萧确	0.00
Q60217	蕭会理	Q15931307	蕭會理	0.00
Q60220	蕭通理	Q16260798	蕭通理	0.00
Q60223	蕭乂理	Q15933988	蕭乂理	0.00
Q60226	安固公主	Q16603376	安固公主	0.00
Q60229	萧应	Q65061361	萧应	0.00
Q60325	張交	Q48889555	張交	0.00
Q60343	永世公主	Q14921949	永世公主	0.00
Q60346	陈道巨	Q22813426	陈道巨	0.00
Q60352	昭皇后 (陳霸先)	Q8257697	昭皇后 (陳霸先)	0.00
Q60385	严淑媛	Q30943130	严淑媛	0.00
Q60397	到仲挙	Q11396952	到仲挙	0.00
Q60457	裴氏	Q133503468	裴氏	0.00
Q60601	高各拔	Q26184280	高各拔	0.00
Q60604	高真	Q61723639	高真	0.00
Q60607	高稚	Q61723627	高稚	0.00
Q60610	韓期姫	Q8257295	韓期姬	0.00
Q60613	高恵宝	Q30945064	高惠宝	0.00
Q60625	韦徵	Q61725240	韦徵	0.00
Q60631	韦义远	Q26208800	韦义远	0.00
Q60649	郑颖考	Q76011085	郑颖考	0.00
Q60652	郑仲明	Q28415536	郑仲明	0.00
Q60667	韋陟	Q15955494	韦陟	0.00
Q61061	慕容兆	Q22773567	慕容兆	0.00
Q61163	mng-rje-thod-dkr-legs /	Q107420565	མང་རྗེ་ཐོད་དཀར་ལེགས།	0.00
Q61266	咸安公主	Q10921765	咸安公主	0.00
Q61269	唐安公主	Q10922666	唐安公主	0.00
Q61275	文安公主 (唐德宗)	Q11079702	文安公主 (唐德宗)	0.00
Q61485	李誼	Q11098003	李誼	0.00
Q61614	源直心	Q18907250	源直心	0.00
Q61689	郭袭业	Q66310095	郭袭业	0.00
Q62007	崔兰宾	Q76011403	崔兰宾	0.00
Q62019	李敬仪	Q56598162	李敬仪	0.00
Q62022	崔徽華	Q22099010	崔徽华	0.00
Q62025	崔巨倫	Q17991559	崔巨倫	0.00
Q62045	王氏	Q133472591	王氏	0.00
Q62048	李晖仪	Q15921405	李晖仪	0.00
Q62125	崔孝演	Q30942969	崔孝演	0.00
Q62128	崔孝直	Q17991567	崔孝直	0.00
Q62320	Koretake Aso	Q11657647	阿蘇惟武	0.00
Q62323	多々良貞成	Q134519330	多々良貞成	0.00
Q62335	伊勢盛経	Q106651920	伊勢盛経	0.00
Q62341	堀田正方の娘 (堀田正陳の正室)	Q111104099	堀田正方の娘 (堀田正陳の正室)	0.00
Q62356	設楽貞清の娘 (森川重俊の正室)	Q134515416	設楽貞清の娘 (森川重俊の正室)	0.00
Q62359	森川重名	Q109983645	森川重名	0.00
Q62362	梅渓通賢	Q113164109	梅渓通賢	0.00
Q62368	花房幸次	Q11284087	하나부사 유키쓰구	0.00
Q62371	花房正盛	Q109288023	花房正盛	0.00
Q62374	花房正信	Q110087081	花房正信	0.00
Q62377	花房正堅	Q110087134	花房正堅	0.00
Q62389	香西元盛	Q11667752	香西元盛	0.00
Q62392	柳本賢治	Q11534339	柳本賢治	0.00
Q62395	石井行康	Q110602964	石井行康	0.00
Q62398	石井康子 (船橋本賢の妻)	Q110643899	石井康子 (船橋本賢の妻)	0.00
Q62401	長谷信昌	Q110644043	長谷信昌	0.00
Q62404	Syoni Noriyori	Q11464739	少弐教頼	0.00
Q62407	少弐政資	Q11464738	少弐政資	0.00
Q62410	大乗坊長勝	Q107159593	大乗坊長勝	0.00
Q62413	大乗坊長勝の娘 (石井忠繁の正室)	Q107159573	大乗坊長勝の娘 (石井忠繁の正室)	0.00
Q62419	Ryudzodzi Iekadzu	Q11679390	龍造寺家和	0.00
Q62425	Ryudzodzi Nobutika	Q11679386	龍造寺信周	0.00
Q62431	石井忠高	Q107159690	石井忠高	0.00
Q62443	清原枝賢	Q108057264	清原枝賢	0.00
Q62452	津田敬脩	Q11556291	津田敬脩	0.00
Q62458	多羅尾光吉	Q128851671	多羅尾光吉	0.00
Q62461	多羅尾光太	Q58139846	多羅尾光太	0.00
Q62464	山口光広	Q58139844	山口光広	0.00
Q62470	下間盛頼	Q111219394	下間盛頼	0.00
Q62473	下間兼頼	Q111219399	下間兼頼	0.00
Q62482	下間頼包	Q111152277	下間頼包	0.00
Q62485	下間頼清	Q111219925	下間頼清	0.00
Q62496	松平静	Q110175692	松平静	0.00
Q62499	松平禎	Q110176775	松平禎	0.00
Q62514	松平信晴	Q108097096	松平信晴	0.00
Q62520	池田長喬 (井原池田家)	Q111153143	池田長喬 (井原池田家)	0.00
Q62524	松平忠元 (五井松平家)	Q108843958	松平忠元 (五井松平家)	0.00
Q62536	佐竹義忠	Q8514539	사타케 요시타다	0.00
Q62548	松井宗富	Q110309823	松井宗富	0.00
Q62551	Matsui Yukan	Q11104200	松井友閑	0.00
Q62556	細川輝経	Q11606009	細川輝経	0.00
Q62562	今枝易良	Q115585984	今枝易良	0.00
Q62565	日置忠弼	Q11510233	日置忠弼	0.00
Q62568	舟橋臣子	Q110961624	舟橋臣子	0.00
Q62571	舟橋貞子	Q110961671	舟橋貞子	0.00
Q62595	小田部やや	Q110909300	小田部やや	0.00
Q62604	安藤基能	Q110952607	安藤基能	0.00
Q62616	池田長常 (片桐池田家)	Q11552184	池田長常 (片桐池田家)	0.00
Q62625	山口直衛	Q134527330	山口直衛	0.00
Q62643	諏訪頼広	Q108896854	諏訪頼広	0.00
Q62652	鎌原重澄	Q15838917	鎌原重澄	0.00
Q62691	土屋定政	Q60985491	土屋定政	0.00
Q62700	Ryudzodzi Masaie	Q8514268	류조지 마사이에	0.00
Q62703	Egami Ietane	Q11259190	에가미 이에타네	0.00
Q62706	Ryudzodzi Tanemitsu	Q11679401	龍造寺胤栄	0.00
Q62709	Omura Sumisaki	Q11436052	大村純前	0.00
Q62712	Goto Sumiaki	Q11488585	後藤純明	0.00
Q62721	Taku Yasutosi	Q11430599	多久安順	0.00
Q62724	Oda Masamitsu	Q11463126	小田政光	0.00
Q62730	喜連川彭氏	Q11419252	喜連川彭氏	0.00
Q62751	柳沢定	Q110141191	柳沢定	0.00
Q62763	外山光親	Q134451309	外山光親	0.00
Q62766	柳沢信貞の娘 (風早公元の妻)	Q110885688	柳沢信貞の娘 (風早公元の妻)	0.00
Q62769	柳沢信貞の娘 (外山光熈の母)	Q134453017	柳沢信貞の娘 (外山光熈の母)	0.00
Q62772	風早実豊	Q110885264	風早実豊	0.00
Q62775	東常慶	Q11526821	東常慶	0.00
Q62787	朽木稙元	Q11521632	朽木稙元	0.00
Q62790	朽木稙治	Q11521633	朽木稙治	0.00
Q62793	朽木迪綱	Q134570476	朽木迪綱	0.00
Q62796	朽木昌充	Q134570582	朽木昌充	0.00
Q62802	本多秀清	Q109678928	本多秀清	0.00
Q62808	本多正時	Q108803103	本多正時	0.00
Q62811	板倉八百子	Q109656355	板倉八百子	0.00
Q62979	成瀬正壽	Q11495567	成瀬正壽	0.00
Q62982	成瀬鋪	Q109270154	成瀬鋪	0.00
Q63003	大村純昌の娘 (相良長福の正室)	Q113257692	大村純昌の娘 (相良長福の正室)	0.00
Q63006	小崎秀子	Q111018478	小崎秀子	0.00
Q63009	津村豊子	Q111018545	津村豊子	0.00
Q63015	岩城隆永	Q8514803	이와키 다카나가	0.00
Q63018	岩城隆信	Q8515920	이와키 다카노부	0.00
Q63027	伊勢貞陳	Q105711173	伊勢貞陳	0.00
Q63036	小笠原長隆 (阿波小笠原氏)	Q106672018	小笠原長隆 (阿波小笠原氏)	0.00
Q63045	松平高	Q109182485	松平高	0.00
Q63048	池田氏 (相馬益胤の側室)	Q109182906	池田氏 (相馬益胤の側室)	0.00
Q63060	佐竹義諶	Q8514491	사타케 요시쓰마	0.00
Q63063	相馬益胤の娘 (青山幸礼の継室のち織田信学の正室)	Q109186348	相馬益胤の娘 (青山幸礼の継室のち織田信学の正室)	0.00
Q63066	相馬糸子	Q109186503	相馬糸子	0.00
Q63069	相馬維子	Q109186711	相馬維子	0.00
Q63072	松平久子	Q108684308	松平久子	0.00
Q63081	益田尹兼	Q11581251	益田尹兼	0.00
Q63084	杉興重の娘 (益田藤兼の正室)	Q111214220	杉興重の娘 (益田藤兼の正室)	0.00
Q63096	野村祐春	Q20042142	野村祐春	0.00
Q63099	黒田長邦	Q11678712	黒田長邦	0.00
Q63102	黒田春姫	Q110166083	黒田春姫	0.00
Q63105	黒田長貞の四女 (唐橋在家の後室)	Q110166106	黒田長貞の四女 (唐橋在家の後室)	0.00
Q63108	黒田長貞の娘 (白川資顕の妻)	Q110166150	黒田長貞の娘 (白川資顕の妻)	0.00
Q63120	松平徽	Q108092868	松平徽	0.00
Q63126	大炊御門家孝の娘 (庭田重能の正室)	Q110724055	大炊御門家孝の娘 (庭田重能の正室)	0.00
Q63144	津軽類橘	Q111098419	津軽類橘	0.00
Q63147	松平妙子	Q108683990	松平妙子	0.00
Q63153	池田誠子	Q111097744	池田誠子	0.00
Q63156	関仲滋	Q111097754	関仲滋	0.00
Q63179	遠藤胤統の娘 (最上義昶の正室)	Q110296907	遠藤胤統の娘 (最上義昶の正室)	0.00
Q63188	諏訪忠林の娘 (松平乗完の正室)	Q110738185	諏訪忠林の娘 (松平乗完の正室)	0.00
Q63197	佐世広長	Q108915012	佐世広長	0.00
Q63200	佐世宣直	Q108915016	佐世宣直	0.00
Q63203	佐世就説の娘 (益田就固の妻)	Q108915132	佐世就説の娘 (益田就固の妻)	0.00
Q63212	阿曽沼広秀	Q30932275	阿曽沼広秀	0.00
Q63215	阿曽沼元秀	Q55177747	阿曽沼元秀	0.00
Q63220	井原元以の娘 (益田就固の正室)	Q108915079	井原元以の娘 (益田就固の正室)	0.00
Q63223	堀河康直	Q109341977	堀河康直	0.00
Q63226	本多某の娘 (樋口宜康の妻)	Q110687696	本多某の娘 (樋口宜康の妻)	0.00
Q63229	樋口功康	Q110647138	樋口功康	0.00
Q63235	土倉一善	Q11423083	土倉一善	0.00
Q63241	関千衛子	Q110961759	関千衛子	0.00
Q63244	甘露寺愛長	Q110961953	甘露寺愛長	0.00
Q63247	甘露寺美香子	Q110961981	甘露寺美香子	0.00
Q63253	西尾年	Q111132763	西尾年	0.00
Q63277	小笠原秀子	Q108487677	小笠原秀子	0.00
Q63280	藤堂武子	Q108486513	藤堂武子	0.00
Q63289	本荘信子	Q108487876	本荘信子	0.00
Q63292	佐々木日佐子	Q108487966	佐々木日佐子	0.00
Q63295	松井宏子	Q108488044	松井宏子	0.00
Q63304	板倉勝暁の娘 (土井利厚の正室)	Q109656356	板倉勝暁の娘 (土井利厚の正室)	0.00
Q63334	了智院	Q108889457	了智院	0.00
Q63337	井上孝子	Q108915334	井上孝子	0.00
Q63346	毛利茂登子	Q108890579	毛利茂登子	0.00
Q63361	大久保忠郷	Q115586641	大久保忠郷	0.00
Q63395	伊木忠芳	Q111260991	伊木忠芳	0.00
Q63410	戸次親良	Q115587023	戸次親良	0.00
Q63413	臼杵鑑定	Q109298727	臼杵鑑定	0.00
Q63420	日向政成	Q45830103	日向政成	0.00
Q63435	藤堂嘉長	Q110973311	藤堂嘉長	0.00
Q63438	森正致	Q111009578	森正致	0.00
Q63447	小笠原きん	Q108497482	小笠原きん	0.00
Q63453	松平洵子	Q109186303	松平洵子	0.00
Q63465	西山至之	Q11627893	西山至之	0.00
Q63491	臼杵鑑続	Q11613293	臼杵鑑続	0.00
Q63497	臼杵鎮続	Q11613291	臼杵鎮続	0.00
Q63500	養孝院 (立花道雪の継母)	Q110909344	養孝院 (立花道雪の継母)	0.00
Q63503	長宗我部元親 (南北朝時代)	Q64784540	長宗我部元親	0.00
Q63509	Tikakiyo Kheva	Q22126226	戸波親清	0.00
Q63518	島津久竹	Q115586850	島津久竹	0.00
Q63530	周覚玄真	Q108963898	周覚玄真	0.00
Q63545	藤谷為敦	Q113208000	藤谷為敦	0.00
Q63548	安藤次由の娘 (安藤寛長の正室)	Q110959439	安藤次由の娘 (安藤寛長の正室)	0.00
Q63557	裏辻公周	Q110960783	裏辻公周	0.00
Q63575	松平忠明 (五井松平家)	Q108844255	松平忠明 (五井松平家)	0.00
Q63578	西洞院信堅	Q110958157	西洞院信堅	0.00
Q63581	阿野実紐の娘 (冷泉為則の妻)	Q110975863	阿野実紐の娘 (冷泉為則の妻)	0.00
Q63584	冷泉為全	Q113206786	冷泉為全	0.00
Q63587	松林為成	Q113207496	松林為成	0.00
Q63971	青山正長	Q58139834	青山正長	0.00
Q64030	伊達於信	Q108683856	伊達於信	0.00
Q64033	伊達隼	Q108683883	伊達隼	0.00
Q64039	大沢基実	Q115586826	大沢基実	0.00
Q64102	G-zha Sin	Q15900471	辛夫人	0.00
Q64108	唐瑶の娘 (李翻の妻)	Q108682465	唐瑶の娘 (李翻の妻)	0.00
Q64111	李怀达	Q18381242	李怀达	0.00
Q64201	慕容神威	Q16260651	慕容神威	0.00
Q64204	慕容曦光	Q24835957	慕容曦光	0.00
Q64207	慕容曦輪	Q65050131	慕容曦轮	0.00
Q64707	窦真	Q56600492	窦真	0.00
Q64839	宇文兴	Q10946180	宇文兴	0.00
Q64848	蘇勗	Q11625174	蘇勗	0.00
Q64892	潘貴人	Q8253747	潘貴人	0.00
Q64895	高椒房	Q8262918	高椒房	0.00
Q64898	高平公主	Q16603745	高平公主	0.00
Q64901	李恵	Q18236183	李恵	0.00
Q64913	冯穆	Q28410496	冯穆	0.00
Q64916	馮顥	Q48889550	馮顥	0.00
Q64929	李媛華	Q8257093	李媛華	0.00
Q64938	元楚華	Q16603322	元楚華	0.00
Q64941	元季瑶	Q16603320	元季瑶	0.00
Q64944	元子正	Q10889626	元子正	0.00
Q64947	宁陵公主	Q16603370	宁陵公主	0.00
Q64950	襄城公主	Q16603621	襄城公主	0.00
Q64953	孟椒房	Q17500557	孟椒房	0.00
Q64956	郑始容	Q16603666	郑始容	0.00
Q64959	元欣	Q10889739	元欣	0.00
Q64965	元永业	Q56260506	元永业	0.00
Q64968	韓貴人	Q30942753	韓貴人	0.00
Q64971	元諶	Q11388060	元諶	0.00
Q64974	元謐	Q17990830	元謐	0.00
Q64977	元譚	Q11388063	元譚	0.00
Q64983	元昶	Q47184417	元昶	0.00
Q64986	元通	Q47184421	元通	0.00
Q64989	元翼	Q22078874	元翼	0.00
Q64992	元显和	Q133503402	元显和	0.00
Q64995	元樹	Q11387912	元樹	0.00
Q64998	元晔	Q133503405	元晔	0.00
Q65001	元坦	Q11387809	元坦	0.00
Q65004	元仲英	Q48928112	元仲英	0.00
Q65007	元育	Q11077223	拓跋育	0.00
Q65010	元端	Q11388023	元端	0.00
Q65016	元誕 (昌楽王)	Q11388057	元誕 (昌楽王)	0.00
Q65019	元氏	Q133521372	元氏	0.00
Q65044	罗云	Q55695861	罗云	0.00
Q65047	高玄	Q55707976	高显	0.00
Q65053	胡智	Q16603579	胡智	0.00
Q65059	河南长公主	Q16603473	河南长公主	0.00
Q65068	李神儁	Q18236203	李神儁	0.00
Q65074	于晖	Q9384882	于晖	0.00
Q65086	司马显明	Q61723543	司马显明	0.00
Q65104	胡明相	Q8253660	胡明相	0.00
Q65107	高嫔	Q8253645	高嫔	0.00
Q65110	王嫔	Q8253756	王嫔	0.00
Q65113	张嫔	Q8262908	张嫔	0.00
Q65122	李氏	Q76011027	李氏	0.00
Q65131	卢道约	Q19855480	卢道约	0.00
Q65134	卢道和	Q19855478	卢道和	0.00
Q65137	卢道侃	Q17500457	卢道侃	0.00
Q65143	卢昌期	Q17500453	卢昌期	0.00
Q65199	鄭大車	Q8250192	鄭大車	0.00
Q65202	韩娘	Q15896232	韩娘	0.00
Q65205	游娘	Q8250208	游娘	0.00
Q65211	婁内干	Q24833660	娄内干	0.00
Q65214	娄信相	Q56600360	娄信相	0.00
Q65217	娄拔	Q56600361	娄拔	0.00
Q65220	婁昭	Q21094093	娄昭	0.00
Q65226	元长仁	Q10889835	元长仁	0.00
Q65232	杨嬪 (北齐孝昭帝)	Q8250202	杨嬪 (北齐孝昭帝)	0.00
Q65238	高彥基	Q10566766	高彥基	0.00
Q65240	Ummu Hubaib born of Asad	Q115777145	Умм Хабиб бинт Асад	0.00
Q65241	高彥康	Q10566767	高彥康	0.00
Q65244	高彥德	Q10566769	高彥德	0.00
Q65247	高彥忠	Q10566772	高彥忠	0.00
Q65253	高彥理	Q16075325	高彥理	0.00
Q65262	段昭儀	Q8250206	段昭仪 (北齐文宣帝)	0.00
Q65265	顔玉光	Q8250187	顏玉光	0.00
Q65268	李祖猗	Q15932032	李祖猗	0.00
Q65283	高绍仁	Q15955585	高绍仁	0.00
Q65286	高紹廉	Q11672720	高绍廉	0.00
Q65289	中山公主	Q16603302	中山公主	0.00
Q65295	元玉儀	Q16603323	元玉儀	0.00
Q65298	李昌儀	Q16905369	李昌仪	0.00
Q65301	宋娘	Q8250198	宋娘	0.00
Q65304	陈氏	Q8250141	陈氏	0.00
Q65310	高孝瑜	Q11669126	高孝瑜	0.00
Q65313	高孝珩	Q11669127	高孝珩	0.00
Q65316	高孝琬	Q11669125	高孝琬	0.00
Q65322	高紹信	Q10566810	高紹信	0.00
Q65328	盧氏 (高湝妃)	Q15900355	盧氏 (高湝妃)	0.00
Q65331	高宝德	Q48902607	高宝德	0.00
Q65334	尉景	Q10259880	尉景	0.00
Q65337	尉粲	Q10259882	尉粲	0.00
Q65343	乙乾归	Q22101150	乙乾归	0.00
Q65403	李筠	Q67936296	李筠	0.00
Q65412	史崇礼	Q131930066	史崇礼	0.00
Q65415	鄭氏	Q133467855	鄭氏	0.00
Q65487	韦万石	Q60994440	韦万石	0.00
Q65835	王質	Q11573215	王質	0.00
Q65841	王勱	Q11572892	王勱	0.00
Q65871	蕭正仁	Q19653806	蕭正仁	0.00
Q65874	蕭正表	Q17993310	蕭正表	0.00
Q65877	長楽公主 (南朝梁)	Q16603694	长乐公主	0.00
Q65880	蕭正信	Q95141339	蕭正信	0.00
Q65883	蕭正立	Q95141591	蕭正立	0.00
Q65886	蕭恪	Q16904137	蕭恪	0.00
Q65889	蕭祗	Q10513906	蕭祗	0.00
Q65892	蕭恭	Q95020924	蕭恭	0.00
Q65898	蕭退	Q10513910	蕭退	0.00
Q65901	蕭循	Q22813934	萧循	0.00
Q65904	蕭範	Q27920991	蕭範	0.00
Q65907	蕭諮	Q56600365	蕭諮	0.00
Q65916	蕭寧	Q95025641	蕭寧	0.00
Q65919	蕭恬	Q95025763	蕭恬	0.00
Q65922	蕭永	Q95025874	蕭永	0.00
Q65925	吴太妃	Q30943175	吴太妃	0.00
Q65931	蕭亮 (南梁)	Q95022177	蕭亮	0.00
Q65934	萧晔	Q95022393	萧晔	0.00
Q65937	中宿侯蕭某	Q95022684	中宿侯蕭某	0.00
Q65940	蕭撝	Q81420	蕭撝	0.00
Q65943	蕭推	Q27920910	蕭推	0.00
Q65946	蕭機	Q95145502	蕭機	0.00
Q65949	蕭伯游	Q44431	萧伯游	0.00
Q65955	郗燁	Q56600333	郗烨	0.00
Q65970	陈淑容	Q30943149	陈淑容	0.00
Q65973	陈夫人	Q30943136	陈夫人	0.00
Q65976	褚修华	Q30943134	褚修华	0.00
Q65982	范淑妃	Q30943129	范淑妃	0.00
Q65997	王貴嬪	Q30943082	王貴嬪	0.00
Q66003	蕭後	Q95141951	蕭後	0.00
Q66006	郑琼	Q26197428	郑琼	0.00
Q66111	陈猛	Q22813424	陈猛	0.00
Q66117	王宽 (南朝)	Q15893164	王宽 (南朝)	0.00
Q66411	高泰	Q64783334	高泰	0.00
Q66414	高韬	Q61723656	高韬	0.00
Q66417	高猛虎	Q26184298	高猛虎	0.00
Q66423	高䐗儿	Q61723643	高䐗儿	0.00
Q66429	高陀	Q61723628	高陀	0.00
Q66480	韦祖霁	Q26208799	韦祖霁	0.00
Q66501	郑德玄	Q15915127	郑德玄	0.00
Q66504	郑氏	Q76011073	郑氏	0.00
Q66582	韦士宗	Q60994933	韦士宗	0.00
Q66933	李謜	Q11098008	李謜	0.00
Q66954	浔阳公主 (唐顺宗)	Q11148447	浔阳公主 (唐顺宗)	0.00
Q67020	李绰	Q11097788	李绰	0.00
Q67335	郭依宗	Q66310094	郭依宗	0.00
Q67467	裴之平	Q11626855	裴之平	0.00
Q67625	卢洪	Q26186532	卢洪	0.00
Q67643	郑氏	Q76011773	郑氏	0.00
Q67664	鄭氏	Q133468018	鄭氏	0.00
Q67667	李叔婉	Q76012999	李叔婉	0.00
Q67670	崔子武	Q28417806	崔子武	0.00
Q67703	李辅	Q15910924	李辅	0.00
Q67706	李佐 (北魏)	Q15627585	李佐	0.00
Q67712	王慧龍	Q14994487	王慧龍	0.00
Q67715	郑平城	Q15914323	郑平城	0.00
Q67718	鄭伯猷	Q18233850	鄭伯猷	0.00
Q67721	李昞 (北魏)	Q15921480	李昞 (北魏)	0.00
Q67733	李义邕	Q15931698	李义邕	0.00
Q67736	李该	Q15922540	李该	0.00
Q67742	李德广	Q17500594	李德广	0.00
Q67751	李氏	Q84085754	李氏	0.00
Q67754	李诵	Q17500625	李诵	0.00
Q67757	李世举	Q16905290	李世举	0.00
Q67760	李世林	Q11095208	李世林	0.00
Q67763	李诠	Q26158164	李诠	0.00
Q67769	卢氏	Q76011089	卢氏	0.00
Q67775	李礼之	Q15952005	李礼之	0.00
Q67778	李寿之	Q16905342	李寿之	0.00
Q67874	崔芷蘩	Q20063237	崔芷蘩	0.00
Q68032	刘畴	Q66776870	刘畴	0.00
Q68041	劉禕	Q11398270	劉禕	0.00
Q68083	姉小路季綱	Q98734275	姉小路季綱	0.00
Q68095	梅渓通同	Q113164124	梅渓通同	0.00
Q68098	日野西資興	Q110603076	日野西資興	0.00
Q68107	少弐頼隆	Q118726732	少弐頼隆	0.00
Q68110	少弐資元	Q11464744	少弐資元	0.00
Q68113	Ryudzodzi Ieudzi	Q11679393	龍造寺家氏	0.00
Q68116	Ryudzodzi Taneie	Q11679399	龍造寺胤家	0.00
Q68119	Ryudzodzi Tanekadzu	Q11679400	龍造寺胤和	0.00
Q68122	Ryudzodzi Tanekhisa	Q11679398	龍造寺胤久	0.00
Q68125	Ryudzodzi Nobuaki	Q11679385	龍造寺信昭	0.00
Q68131	赤澤氏 (小笠原政長の母)	Q106671950	赤澤氏 (小笠原政長の母)	0.00
Q68143	加藤明煕の娘 (梅小路定福の妻)	Q110726547	加藤明煕の娘 (梅小路定福の妻)	0.00
Q68149	津田正昭	Q11556306	津田正昭	0.00
Q68152	津田将順	Q11556277	津田将順	0.00
Q68158	戸沢正庸の娘 (板倉勝暁の正室)	Q134546514	戸沢正庸の娘 (板倉勝暁の正室)	0.00
Q68179	秋田倩季	Q8514703	아키타 요시스에	0.00
Q68185	那須資懐	Q109185569	那須資懐	0.00
Q68191	本庄宗発の娘 (西尾忠固の正室)	Q109186239	本庄宗発の娘 (西尾忠固の正室)	0.00
Q68194	松平宗発の娘 (青山幸礼の正室)	Q109186337	松平宗発の娘 (青山幸礼の正室)	0.00
Q68209	佐竹義恭	Q109183432	佐竹義恭	0.00
Q68221	松井寛次	Q110309784	松井寛次	0.00
Q68227	豊岡治資	Q110961538	豊岡治資	0.00
Q68230	豊岡随資	Q110961571	豊岡随資	0.00
Q68248	永井尚俶の娘 (永井尚備の正室)	Q113283834	永井尚俶の娘 (永井尚備の正室)	0.00
Q68251	小田部統房	Q10959734	小田部統房	0.00
Q68263	安藤直次	Q10947188	安藤直次	0.00
Q68284	土倉万亀	Q111048462	土倉万亀	0.00
Q68301	松平定宝	Q112058058	松平定宝	0.00
Q68304	戸田光逸	Q112058065	戸田光逸	0.00
Q68325	土屋政成	Q62085355	土屋政成	0.00
Q68328	Ryudzodzi Takafusa	Q11679404	龍造寺高房	0.00
Q68331	Ryudzodzi Ienari	Q11679392	龍造寺家就	0.00
Q68355	戸沢銕	Q134451393	戸沢銕	0.00
Q68358	外山光熈	Q134453121	外山光熈	0.00
Q68364	松平鈖子	Q110888866	松平鈖子	0.00
Q68367	風早公紀	Q110886408	風早公紀	0.00
Q68370	東常和	Q110273381	東常和	0.00
Q68373	東常尭	Q110273410	東常尭	0.00
Q68382	前野且辰	Q115586803	前野且辰	0.00
Q68385	本多正助	Q108803104	本多正助	0.00
Q68391	内藤之貞	Q113229910	内藤之貞	0.00
Q68428	青山忠良の娘 (太田資功の正室)	Q108094531	青山忠良の娘 (太田資功の正室)	0.00
Q68431	青山郁子	Q108094919	青山郁子	0.00
Q68434	青山忠良の娘 (板倉勝運の正室のち戸沢正実の継室)	Q108095424	青山忠良の娘 (板倉勝運の正室のち戸沢正実の継室)	0.00
Q68437	青山忠惇	Q109187126	青山忠惇	0.00
Q68439	青山千嘉子	Q109187291	青山千嘉子	0.00
Q68442	青山忠良の娘 (佐竹義堯の継々室)	Q109187445	青山忠良の娘 (佐竹義堯の継々室)	0.00
Q68445	阿部較姫	Q108095958	阿部較姫	0.00
Q68542	成瀬正雄	Q109270378	成瀬正雄	0.00
Q68545	成瀬三千代	Q109270513	成瀬三千代	0.00
Q68550	池田譲次	Q111134897	池田譲次	0.00
Q68562	大村純昌	Q11436057	大村純昌	0.00
Q68571	佐竹義倫	Q11383424	佐竹義倫	0.00
Q68574	佐竹義寿	Q109189064	佐竹義寿	0.00
Q68580	佐竹多喜	Q108486591	佐竹多喜	0.00
Q68583	藤堂増銘子	Q108486628	藤堂増銘子	0.00
Q68589	佐竹雅子	Q109187617	佐竹雅子	0.00
Q68592	佐竹鐶子	Q109187693	佐竹鐶子	0.00
Q68610	秋月種美	Q11595125	秋月種美	0.00
Q68619	内藤政潔	Q113245141	内藤政潔	0.00
Q68648	西尾伊代	Q111034349	西尾伊代	0.00
Q68681	佐世広玄	Q108915134	佐世広玄	0.00
Q68684	佐世宣直の娘 (周布定通の妻)	Q108915142	佐世宣直の娘 (周布定通の妻)	0.00
Q68690	池田博知	Q111182643	池田博知	0.00
Q68693	竹内惟和	Q113208475	竹内惟和	0.00
Q68702	前田勝子	Q108683590	前田勝子	0.00
Q68711	藤堂高寬	Q108486802	藤堂高寬	0.00
Q68714	小笠原一憲	Q56346131	小笠原一憲	0.00
Q68717	本荘宗久	Q108487868	本荘宗久	0.00
Q68720	佐々木隆一	Q108487941	佐々木隆一	0.00
Q68723	松井久	Q108488019	松井久	0.00
Q68729	良性院	Q108139592	良性院	0.00
Q68732	関成煥	Q11655796	関成煥	0.00
Q68741	愛宕通経	Q108890571	愛宕通経	0.00
Q68747	Nabesima Sigetika	Q11650695	鍋島茂周	0.00
Q68750	大久保忠元	Q115586240	大久保忠元	0.00
Q68777	溝口勝匡	Q111153374	溝口勝匡	0.00
Q68786	Yokoyama Nagatomo	Q11542653	横山長知	0.00
Q68789	Yokoyama Tadasi	Q11542559	横山忠次	0.00
Q68804	松平章子	Q108095548	松平章子	0.00
Q68807	松平愛	Q108094008	松平愛	0.00
Q68831	島津久洪	Q115586817	島津久洪	0.00
Q68843	藤谷為脩	Q113208042	藤谷為脩	0.00
Q69040	錦小路慶子	Q110967199	錦小路慶子	0.00
Q69055	前田苞子	Q108683705	前田苞子	0.00
Q69061	馬越幸次郎	Q109246434	馬越幸次郎	0.00
Q69070	龜井久	Q134822297	龜井久	0.00
Q69087	藤堂高武	Q115586729	藤堂高武	0.00
Q69090	藤堂高悠	Q11623746	藤堂高悠	0.00
Q69096	板倉勝矩	Q8515399	이타쿠라 가쓰노리	0.00
Q69099	青山重長	Q58139835	青山重長	0.00
Q69102	大炊御門経宣	Q110184510	大炊御門経宣	0.00
Q69135	水野静子	Q134602399	水野静子	0.00
Q69141	伊達宗光	Q109454017	伊達宗光	0.00
Q69144	松根権六	Q110064609	松根権六	0.00
Q69159	愛宕通則	Q108890521	愛宕通則	0.00
Q69231	李弇	Q10334945	李弇	0.00
Q69276	沮渠夫人 (文成帝の側室)	Q108734356	沮渠夫人 (文成帝の側室)	0.00
Q69279	沮渠氏	Q108734737	沮渠氏	0.00
Q69330	誇呂	Q10942057	夸吕	0.00
Q69333	可博汗	Q24836097	可博汗	0.00
Q69336	嵬王诃	Q24836101	嵬王诃	0.00
Q69339	世伏	Q10869019	世伏	0.00
Q69708	司马纂	Q66087627	司马纂	0.00
Q69735	裴媚	Q133467929	裴媚	0.00
Q69885	窦勤	Q56600491	窦勤	0.00
Q69933	宇文遜昵延	Q10946222	宇文遜昵延	0.00
Q69967	博陵公主	Q16603343	博陵公主	0.00
Q69973	长乐公主	Q16603693	长乐公主	0.00
Q69976	拓跋太洛	Q11077190	拓跋太洛	0.00
Q69982	拓跋天賜	Q11077189	拓跋天賜	0.00
Q69985	拓跋新成	Q11077202	拓跋新成	0.00
Q69991	拓跋子推	Q11077191	拓跋子推	0.00
Q69994	拓跋洛侯	Q11077209	拓跋洛侯	0.00
Q69997	拓跋深	Q11077210	拓跋深	0.00
Q70000	拓跋胡児	Q11077224	拓跋胡兒	0.00
Q70003	拓跋万寿	Q11077227	拓跋萬壽	0.00
Q70006	拓跋長寿	Q11077245	拓跋長壽	0.00
Q70009	拓跋雲	Q11077247	拓跋雲	0.00
Q70012	拓跋小新成	Q11077195	拓跋小新成	0.00
Q70015	慕容夫人 (文成帝の側室)	Q108734331	慕容夫人 (文成帝の側室)	0.00
Q70030	拓跋仁	Q15915257	拓跋仁	0.00
Q70036	元祐 (齊郡王)	Q15927700	元祐 (齊郡王)	0.00
Q70039	元琛	Q10889771	元琛	0.00
Q70042	元延明	Q10889674	元延明	0.00
Q70045	拓跋諧	Q11497788	拓跋諧	0.00
Q70048	晋宁公主	Q16603438	晋宁公主	0.00
Q70051	元詮	Q11077233	拓跋詮	0.00
Q70054	Gai Ri	Q18236177	李蓋	0.00
Q70075	陆定国	Q28481353	陆定国	0.00
Q70078	范氏	Q17500038	范氏	0.00
Q70081	李元姜	Q19801838	李元姜	0.00
Q70084	李稚华	Q15912291	李稚华	0.00
Q70087	李休纂	Q16905298	李休纂	0.00
Q70090	李延考	Q15920746	李延考	0.00
Q70093	李延寔	Q17594372	李延寔	0.00
Q70096	文恭皇后	Q8257172	文恭皇后	0.00
Q70099	李彧	Q18118155	李彧	0.00
Q70102	李信则	Q15938968	李信则	0.00
Q70105	李智源	Q18653820	李智源	0.00
Q70108	李义雄	Q16905292	李义雄	0.00
Q70111	李礼成	Q11522522	李礼成	0.00
Q70114	先太妃	Q10889934	先太妃	0.00
Q70120	元恕	Q17164577	元恕	0.00
Q70123	馮会	Q28410682	冯会	0.00
Q70126	元毓	Q11387915	元毓	0.00
Q70129	陸子彰	Q18236247	陸子彰	0.00
Q70135	元贞	Q28417755	元贞	0.00
Q70138	元斌 (北斉)	Q11387873	元斌 (北斉)	0.00
Q70141	元靜儀	Q16603325	元靜儀	0.00
Q70147	冯灵绍	Q22814283	冯灵绍	0.00
Q70153	元彝	Q11387859	元彝	0.00
Q70156	罗提	Q24836481	罗提	0.00
Q70159	胡寧	Q10488953	胡宁	0.00
Q70162	胡虔	Q16906690	胡虔	0.00
Q70168	李伯钦	Q15932695	李伯钦	0.00
Q70171	李遵	Q15906584	李遵	0.00
Q70177	于敦	Q20688013	于敦	0.00
Q70183	胡渊	Q67433267	胡渊	0.00
Q70186	胡真	Q67433320	胡真	0.00
Q70198	高雅	Q17500994	高雅	0.00
Q70210	王融	Q16906208	王融	0.00
Q70213	王琛	Q22814923	王琛	0.00
Q70219	王氏	Q133468037	王氏	0.00
Q70222	胡盛	Q16906682	胡盛	0.00
Q70240	崔氏	Q76011039	崔氏	0.00
Q70249	卢氏	Q76011059	卢氏	0.00
Q70252	盧氏	Q133472473	盧氏	0.00
Q70258	李氏	Q133467857	李氏	0.00
Q70270	卢令媛	Q8253673	卢令媛	0.00
Q70273	卢正山	Q26185768	卢正山	0.00
Q70315	殷貴嬪	Q30942823	殷貴嬪	0.00
Q70318	蕭屏	Q48928526	蕭屏	0.00
Q70333	鄭厳祖	Q10557194	郑严祖	0.00
Q70336	鄭仲礼	Q11643893	郑仲礼	0.00
Q70342	段韶	Q20041361	段韶	0.00
Q70357	段栄	Q11547074	段栄	0.00
Q70360	段孝言	Q20041359	段孝言	0.00
Q70375	元斌之	Q15919760	元斌之	0.00
Q70378	李氏 (高延宗妃)	Q11097127	李氏 (高延宗妃)	0.00
Q70381	卢子规	Q26186626	卢子规	0.00
Q70384	尉世辯	Q10259875	尉世辯	0.00
Q70390	乙瓌	Q11369857	乙瓌	0.00
Q70471	李長妃	Q133467864	李長妃	0.00
Q70708	王僧衍	Q16905835	王僧衍	0.00
Q70717	王通 (陳)	Q10417364	王通 (陳)	0.00
Q70720	王佥	Q22814776	王佥	0.00
Q70726	萧盾	Q95142043	萧盾	0.00
Q70729	蕭孝儼	Q18658406	蕭孝儼	0.00
Q70732	蕭彧	Q95021459	蕭彧	0.00
Q70735	萧悎	Q65049542	萧悎	0.00
Q70738	蕭駿	Q95024653	蕭駿	0.00
Q70741	萧韶	Q18658343	萧韶	0.00
Q70744	蕭見理	Q16076399	萧见理	0.00
Q70747	蕭放	Q10513900	蕭放	0.00
Q70750	蕭靜	Q95021185	蕭靜	0.00
Q70753	蕭子寶	Q95017381	蕭子寶	0.00
Q70762	蕭嗣	Q95021632	蕭嗣	0.00
Q70765	蕭季卿	Q48890138	蕭季卿	0.00
Q70771	蕭子邕	Q95022810	蕭子邕	0.00
Q70774	蕭濟	Q55696592	蕭濟	0.00
Q70777	蕭操	Q95145440	蕭操	0.00
Q70780	蕭隆	Q95145900	蕭隆	0.00
Q70783	蕭獻	Q95145352	蕭獻	0.00
Q70786	郗绍	Q48889278	郗绍	0.00
Q70894	袁枢 (南朝)	Q11626508	袁枢 (南朝)	0.00
Q70927	蔡彦高	Q56600315	蔡彦高	0.00
Q70930	郑洞林	Q26197423	郑洞林	0.00
Q70933	鄭儼	Q18233843	鄭儼	0.00
Q71034	陈咏	Q22813423	陈咏	0.00
Q71294	高建	Q22079250	高建	0.00
Q71297	高顕国	Q11673280	高顕国	0.00
Q71300	高昋	Q61723642	高昋	0.00
Q71303	高帰彦	Q11669875	高帰彦	0.00
Q71306	高归义	Q61723641	高归义	0.00
Q71309	高雍	Q61723631	高雍	0.00
Q71366	韦杰	Q26208797	韦杰	0.00
Q71390	楊遁	Q18235997	楊遁	0.00
Q71393	楊逸	Q18235985	楊逸	0.00
Q71456	顏氏	Q133582702	顏氏	0.00
Q71962	王昭仪	Q28413564	王昭仪	0.00
Q71974	赵昭仪	Q28413561	赵昭仪	0.00
Q71977	N.N.	Q45549302	Li ??	0.00
Q72078	nalozhnitsa Vey	Q8251397	韦贵妃 (唐穆宗)	0.00
Q72186	鄭敬玄	Q48894901	鄭敬玄	0.00
Q72342	郭赟	Q66310093	郭赟	0.00
Q72393	裴髦	Q76000612	裴髦	0.00
Q72536	房叔祖	Q56260493	房叔祖	0.00
Q72548	崔格	Q26197267	崔格	0.00
Q72551	崔邈	Q26197268	崔邈	0.00
Q72554	崔殊	Q26197270	崔殊	0.00
Q72557	崔怡	Q26197271	崔怡	0.00
Q72560	崔豹	Q26197272	崔豹	0.00
Q72563	崔侃	Q26197273	崔侃	0.00
Q72566	卢泽	Q26186527	卢泽	0.00
Q72569	卢光宗	Q26186529	卢光宗	0.00
Q72572	卢仲义	Q26186624	卢仲义	0.00
Q72626	鄭羲	Q18233840	鄭羲	0.00
Q72629	李氏	Q76011050	李氏	0.00
Q72686	李孚 (北魏)	Q15938150	李孚 (北魏)	0.00
Q72689	李季安	Q15936531	李季安	0.00
Q72692	李静	Q16905435	李静	0.00
Q72695	李伯尚	Q15914267	李伯尚	0.00
Q72698	李仲尚	Q15927497	李仲尚	0.00
Q72701	李季凯	Q15924586	李季凯	0.00
Q72704	李延庆	Q15941783	李延庆	0.00
Q72707	李庆容	Q15933838	李庆容	0.00
Q72716	王宝兴	Q21094168	王宝兴	0.00
Q72731	李士元	Q16905325	李士元	0.00
Q72740	李艳华	Q15909543	李艳华	0.00
Q72761	李伯卿	Q26158166	李伯卿	0.00
Q72799	李伯宪	Q17025705	李伯宪	0.00
Q72862	崔氏	Q76013948	崔氏	0.00
Q72874	李师上	Q15908755	李师上	0.00
Q72898	杜叔毗	Q20041586	杜叔毗	0.00
Q73057	刘松	Q66776869	刘松	0.00
Q73087	三好長広	Q115586765	三好長広	0.00
Q73090	朝倉広信	Q109672830	朝倉広信	0.00
Q73093	松平忠益	Q108844190	松平忠益	0.00
Q73111	小笠原宗長	Q105711361	小笠原宗長	0.00
Q73132	下間頼俊	Q115587312	下間頼俊	0.00
Q73135	松平貞姫	Q108093662	松平貞姫	0.00
Q73141	秋田延季	Q8514660	아키타 노부스에	0.00
Q73144	秋田長季	Q8514654	아키타 나가스에	0.00
Q73168	松井安広	Q110309750	松井安広	0.00
Q73174	藤谷為隆	Q113208368	藤谷為隆	0.00
Q73189	永井尚備	Q11549747	永井尚備	0.00
Q73201	池田盈	Q111049872	池田盈	0.00
Q73210	亀井民	Q111089907	亀井民	0.00
Q73213	亀井載子	Q111090948	亀井載子	0.00
Q73216	亀井禎	Q111091014	亀井禎	0.00
Q73249	土屋政重	Q128865426	土屋政重	0.00
Q73252	Ryudzodzi Sueaki	Q11679389	龍造寺季明	0.00
Q73255	Goto Sikiaki	Q11488600	後藤職明	0.00
Q73261	松平琴	Q113242055	松平琴	0.00
Q73264	南部利正の娘 (松平輝延の継室)	Q113242125	南部利正の娘 (松平輝延の継室)	0.00
Q73270	外山光曁	Q134454334	外山光曁	0.00
Q73273	園池禎子	Q110886421	園池禎子	0.00
Q73276	風早実恭	Q110888922	風早実恭	0.00
Q73279	三条西実義	Q110889062	三条西実義	0.00
Q73285	内ヶ島氏理の娘 (東常尭の妻)	Q110273457	内ヶ島氏理の娘 (東常尭の妻)	0.00
Q73288	井伊充	Q113242434	井伊充	0.00
Q73300	本多信正	Q108803106	本多信正	0.00
Q73318	朽木為綱	Q11521630	朽木為綱	0.00
Q73396	内藤弥三郎	Q113265642	内藤弥三郎	0.00
Q73399	内藤頼輔	Q113265692	内藤頼輔	0.00
Q73402	大村純鎮	Q11436061	大村純鎮	0.00
Q73405	大村純顕	Q11436064	大村純顕	0.00
Q73411	大村純昌の娘 (松平乗懿の正室)	Q113257562	大村純昌の娘 (松平乗懿の正室)	0.00
Q73414	小崎滋子	Q111018471	小崎滋子	0.00
Q73441	内藤政悳	Q113252542	内藤政悳	0.00
Q73456	諏訪忠元	Q108101275	諏訪忠元	0.00
Q73462	溝口鋹姫	Q108101331	溝口鋹姫	0.00
Q73504	藤堂高義 (久居藩藤堂家)	Q108486797	藤堂高義 (久居藩藤堂家)	0.00
Q73525	森厚子	Q108670500	森厚子	0.00
Q73528	皇尚子	Q108891085	皇尚子	0.00
Q73534	大久保忠陽	Q115586213	大久保忠陽	0.00
Q73549	池田長春	Q111153480	池田長春	0.00
Q73558	Yokoyama Nagataka	Q11542655	横山長隆	0.00
Q73561	Yokoyama Gendzi	Q11542600	横山玄位	0.00
Q73570	松平茅子	Q108497419	松平茅子	0.00
Q73597	藤谷為知	Q113208102	藤谷為知	0.00
Q73771	大宮政子	Q110967262	大宮政子	0.00
Q73781	馬越恭一	Q109246478	馬越恭一	0.00
Q73814	藤堂高明	Q11623750	藤堂高明	0.00
Q73817	藤堂高文	Q115586557	藤堂高文	0.00
Q73820	山内豊功	Q119345028	山内豊功	0.00
Q73838	Nagayasu Ogasavara	Q11463412	小笠原長保 (小笠原忠幸の子)	0.00
Q73993	李柔	Q22813558	李柔	0.00
Q74002	沮渠树舄	Q130570303	沮渠树舄	0.00
Q74062	李氏	Q76014442	李氏	0.00
Q74116	伏連籌	Q10885335	伏連籌	0.00
Q74119	呵罗真	Q10921203	呵罗真	0.00
Q74396	司马幼之	Q48886717	司马幼之	0.00
Q74399	司马世云	Q48889330	司马世云	0.00
Q74435	裴约	Q61744128	裴约	0.00
Q74477	窦他	Q56600490	窦他	0.00
Q74546	元怡	Q9398042	元怡	0.00
Q74555	元修義	Q9398067	元脩義	0.00
Q74558	元逞	Q15942985	元逞	0.00
Q74561	元思誉	Q11387865	元思誉	0.00
Q74564	元汎	Q15934517	元汎	0.00
Q74567	元周安	Q15928278	元周安	0.00
Q74570	元欽 (北魏)	Q11126595	元欽 (北魏)	0.00
Q74573	元衍	Q11388050	元衍	0.00
Q74579	元頤	Q11388080	元頤	0.00
Q74582	元燮	Q11387963	元燮	0.00
Q74585	元願平	Q11388083	元願平	0.00
Q74591	元燮	Q22814841	元燮	0.00
Q74594	元遥	Q11388068	元遥	0.00
Q74597	元泰安	Q15925369	元泰安	0.00
Q74600	元太興	Q11387820	元太興	0.00
Q74603	拓跋乐平	Q22814840	拓跋乐平	0.00
Q74606	元鸞	Q11388087	元鸞	0.00
Q74610	元嵩	Q11387851	元嵩	0.00
Q74613	元瞻	Q11387989	元瞻	0.00
Q74616	元偃	Q15953274	元偃	0.00
Q74619	元鬱	Q17990812	元鬱	0.00
Q74622	元麗	Q11388089	元麗	0.00
Q74625	慕容帯	Q108734220	慕容帯	0.00
Q74631	李崇 (陳留公)	Q11096253	李崇 (北魏)	0.00
Q74646	元灵遵	Q15911925	元灵遵	0.00
Q74655	元鑑 (安楽王)	Q11388076	元鑑 (安楽王)	0.00
Q74688	李彰	Q15943993	李彰	0.00
Q74691	李彬	Q16905352	李彬	0.00
Q74694	陸希道	Q16076405	陆希道	0.00
Q74697	陸彥師	Q72912082	陸彥師	0.00
Q74706	崔氏	Q74553911	崔氏	0.00
Q74709	馮子琮	Q9431558	冯子琮	0.00
Q74715	元順	Q17990824	元順	0.00
Q74718	元纪	Q47184402	拓拔纪	0.00
Q74721	胡僧洗	Q15900667	胡僧洗	0.00
Q74724	胡長粲	Q10490263	胡长粲	0.00
Q74733	于果	Q66777284	于果	0.00
Q74736	元継	Q11388035	元継	0.00
Q74739	元羅	Q11388038	元羅	0.00
Q74760	高諒	Q17990934	高諒	0.00
Q74763	司马晟	Q61723554	司马晟	0.00
Q74766	司马运	Q61723560	司马运	0.00
Q74772	王诵	Q22079109	王诵	0.00
Q74775	王衍	Q48934479	王衍	0.00
Q74784	元湛	Q11387960	元湛	0.00
Q74787	元瑾	Q28417949	元瑾	0.00
Q74817	卢氏	Q76013932	卢氏	0.00
Q74820	李氏	Q76010835	李氏	0.00
Q74829	崔氏	Q133467867	崔氏	0.00
Q74856	卢公顺	Q19653832	卢公顺	0.00
Q74954	元粛	Q11388030	元粛	0.00
Q74963	元渠姨	Q17500320	元渠姨	0.00
Q74966	段懿	Q30942797	段懿	0.00
Q74969	段深	Q38955996	段深	0.00
Q74972	段德操	Q21040220	段德操	0.00
Q74981	李秀林	Q26159843	李秀林	0.00
Q75161	韦镒	Q60994306	韦镒	0.00
Q75281	王僧亮	Q16905834	王僧亮	0.00
Q75284	萧夙	Q22813943	萧夙	0.00
Q75392	王僧綽	Q11572911	王僧綽	0.00
Q75398	王彻	Q16906024	王彻	0.00
Q75401	徐恒之	Q109276235	徐恒之	0.00
Q75407	趙倩	Q109275677	趙倩	0.00
Q75410	江恁	Q22814329	江恁	0.00
Q75413	江斅	Q11550570	江斅	0.00
Q75416	褚曖	Q109276355	褚曖	0.00
Q75419	謝緯 (南朝宋)	Q22814461	谢纬	0.00
Q75443	劉德嗣 (劉宋)	Q10899764	劉德嗣 (劉宋)	0.00
Q75446	劉沖始	Q95143871	劉沖始	0.00
Q75449	劉伯融	Q95143890	劉伯融	0.00
Q75452	劉伯猷	Q95143897	劉伯猷	0.00
Q75632	劉士弘	Q95143877	劉士弘	0.00
Q75635	劉宣曜	Q95143885	劉宣曜	0.00
Q75641	王承	Q28691175	王承	0.00
Q75644	王穉	Q56600341	王穉	0.00
Q75677	袁充	Q74559030	袁充	0.00
Q75683	후주	Q55697236	侯乙羽周	0.00
Q75701	蔡凝	Q27920713	蔡凝	0.00
Q75704	郑连山	Q15923429	郑连山	0.00
Q75707	郑文宽	Q20064145	郑文宽	0.00
Q75795	柳庄	Q67935892	柳庄	0.00
Q75804	陈鼎	Q22813421	陈鼎	0.00
Q76020	長孫師孝	Q71064009	長孫師孝	0.00
Q76032	高永楽	Q11671743	高永楽	0.00
Q76035	高長弼	Q28416538	高长弼	0.00
Q76038	高普	Q11669955	高普	0.00
Q76041	高思宗	Q11669927	高思宗	0.00
Q76161	韦思安	Q10566067	韦思安	0.00
Q76200	殷氏	Q133448022	殷氏	0.00
Q76596	Tan Yan	Q10923034	唐陽公主	0.00
Q76604	Fen Yan	Q13420084	豐陽公主	0.00
Q76617	貞靜皇后	Q8256081	貞靜皇后	0.00
Q76620	李超	Q11098058	李超	0.00
Q76868	Sintan	Q10894120	兴唐公主	0.00
Q76871	Sipin	Q16603626	西平公主	0.00
Q76877	Guankhua	Q10890063	光化公主 (唐文宗)	0.00
Q76895	Shouchun	Q10931680	壽春公主 (唐武宗)	0.00
Q76898	Yantsin	Q16603411	延慶公主	0.00
Q76901	Chanle	Q11087611	昌樂公主 (唐武宗)	0.00
Q76904	Leven	Q11120827	樂溫公主	0.00
Q76907	Yunnin	Q11131836	永寧公主 (唐武宗)	0.00
Q76910	Princess Changning	Q16603688	長寧公主	0.00
Q76913	Tszinle	Q16603721	靖樂公主	0.00
Q77312	崔蕃	Q26197298	崔蕃	0.00
Q77315	崔双护	Q61744462	崔双护	0.00
Q77318	卢仲宣	Q17500390	卢仲宣	0.00
Q77321	盧叔虎	Q24897137	盧叔虎	0.00
Q77339	李恽	Q30950545	李恽	0.00
Q77387	元氏	Q133521792	元氏	0.00
Q77390	卢法寿	Q61726982	卢法寿	0.00
Q77399	盧玄成	Q133521834	盧玄成	0.00
Q77408	宋氏	Q133473314	宋氏	0.00
Q77528	李处默	Q16905327	李处默	0.00
Q77531	李遐 (北魏)	Q15931108	李遐 (北魏)	0.00
Q77534	李统	Q16905407	李统	0.00
Q77543	卢氏	Q83875690	卢氏	0.00
Q77546	王瓊	Q17239384	王瓊	0.00
Q77585	李氏	Q83875316	李氏	0.00
Q77588	王延业	Q24837393	王延业	0.00
Q77714	崔氏	Q76014094	崔氏	0.00
Q77801	杜渐	Q78215602	杜渐	0.00
Q77959	刘劭	Q48936007	刘劭	0.00
Q77980	朝倉高清	Q109672810	朝倉高清	0.00
Q77983	小笠原貞長	Q108498815	小笠原貞長	0.00
Q77986	小笠原定基	Q20039166	小笠原定基	0.00
Q78001	戸沢正備	Q134546458	戸沢正備	0.00
Q78013	秋田肥季	Q8514674	아키타 도모스에	0.00
Q78022	松井保仲	Q110309777	松井保仲	0.00
Q78028	冷泉為臣	Q113207031	冷泉為臣	0.00
Q78031	冷泉布美子	Q113207358	冷泉布美子	0.00
Q78040	池田政之 (男爵)	Q111049228	池田政之 (男爵)	0.00
Q78079	Goto Masaaki	Q11488534	後藤正明	0.00
Q78091	三条西浜子	Q110892562	三条西浜子	0.00
Q78094	三条西公正	Q110889093	三条西公正	0.00
Q78097	風早公武	Q110888966	風早公武	0.00
Q78100	東益之	Q108914066	東益之	0.00
Q78103	東頼数	Q110273360	東頼数	0.00
Q78124	本多重正	Q108803108	本多重正	0.00
Q78136	米倉恒子	Q108095357	米倉恒子	0.00
Q78217	大村純保	Q11436051	大村純保	0.00
Q78220	大村鎮 (板倉勝晙の正室)	Q111090517	大村鎮 (板倉勝晙の正室)	0.00
Q78235	藤堂澤子	Q108486784	藤堂澤子	0.00
Q78250	大河内信好	Q108101360	大河内信好	0.00
Q78253	大河内一子	Q108101385	大河内一子	0.00
Q78262	前田利功	Q60990288	前田利功	0.00
Q78265	石川尚子	Q108683735	石川尚子	0.00
Q78268	井原元造	Q58420269	井原元造	0.00
Q78277	森祐三郎	Q108670512	森祐三郎	0.00
Q78289	大久保忠学	Q111119668	大久保忠学	0.00
Q78295	戸川達安の娘 (堀直景の正室のち岡家重の妻)	Q108896769	戸川達安の娘 (堀直景の正室のち岡家重の妻)	0.00
Q78298	西尾光教の娘 (堀直景の継室)	Q108896772	西尾光教の娘 (堀直景の継室)	0.00
Q78301	堀直行	Q113244841	堀直行	0.00
Q78310	松平芳	Q108095516	松平芳	0.00
Q78313	内藤幸姫	Q108095660	内藤幸姫	0.00
Q78325	長宗我部兼能	Q62601630	長宗我部兼能	0.00
Q78328	肝付兼逵	Q11611484	肝付兼逵	0.00
Q78334	藤谷為兄	Q113208183	藤谷為兄	0.00
Q78382	前田フミ	Q110064666	前田フミ	0.00
Q78385	前田下學	Q110064651	前田下學	0.00
Q78499	錦小路誠子	Q110967193	錦小路誠子	0.00
Q78502	馬越武子	Q109246495	馬越武子	0.00
Q78505	盧高朗	Q108111587	盧高朗	0.00
Q78508	荒木こう	Q109246732	荒木こう	0.00
Q78568	志錡	Q133809532	志錡	0.00
Q78571	藤堂高英	Q115586800	藤堂高英	0.00
Q78589	井上愛 (水野忠精の正室)	Q134600252	井上愛 (水野忠精の正室)	0.00
Q78595	水野忠美	Q134601027	水野忠美	0.00
Q78598	水野清子	Q134602515	水野清子	0.00
Q78607	박지곤	Q28776586	박지곤	0.00
Q78610	朴元弘	Q84511508	朴元弘	0.00
Q78744	李雍 (西晋)	Q22813557	李雍	0.00
Q78792	穆観	Q14554883	穆観	0.00
Q78795	穆寿	Q14565685	穆寿	0.00
Q78798	Yao Khuanmey	Q17023789	姚黄眉	0.00
Q78807	唐威	Q133473091	唐威	0.00
Q78838	裴子升	Q61743596	裴子升	0.00
Q78841	裴遗业	Q60991677	裴遗业	0.00
Q78865	度易侯	Q11063420	度易侯	0.00
Q78868	仏輔	Q10886831	佛辅	0.00
Q79181	裴彦先	Q61744120	裴彦先	0.00
Q79184	裴英起	Q28412911	裴英起	0.00
Q79210	竇賓	Q30946281	竇賓	0.00
Q79225	穆平國	Q16903918	穆平國	0.00
Q79228	穆伏幹	Q16903915	穆伏幹	0.00
Q79231	穆羆	Q14574527	穆羆	0.00
Q79234	穆亮	Q15911544	穆亮	0.00
Q79237	拓跋道符	Q19822676	拓跋道符	0.00
Q79243	Tuoba Shihou	Q19822677	拓跋石侯	0.00
Q79246	元嘉 (広陽王)	Q15908186	元嘉	0.00
Q79252	元凝	Q11387785	元凝	0.00
Q79270	元均 (西魏)	Q9397883	元均	0.00
Q79273	元庆和	Q22814837	元庆和	0.00
Q79276	元子孝	Q10889625	元子孝	0.00
Q79279	元融	Q55716100	元融	0.00
Q79282	元畅	Q109410746	元畅	0.00
Q79285	元冏	Q16904627	元冏	0.00
Q79288	元绪	Q22814843	元绪	0.00
Q79291	元超	Q21094110	元超	0.00
Q79294	元琰	Q22814842	元琰	0.00
Q79297	元仲景	Q11387773	元仲景	0.00
Q79300	元暹	Q11387888	元暹	0.00
Q79303	元长命	Q21094126	元长命	0.00
Q79306	元顕恭	Q11388082	元顕恭	0.00
Q79309	元徽 (北魏)	Q11387861	元徽 (北魏)	0.00
Q79312	元世儁	Q11387765	元世儁	0.00
Q79315	元弼	Q11387858	元弼	0.00
Q79318	李邪输	Q19653897	李邪输	0.00
Q79330	王氏	Q133503991	王氏	0.00
Q79369	冯万泥	Q16075870	冯万泥	0.00
Q79372	馮代	Q28478880	馮代	0.00
Q79375	陸馛	Q15263083	陸馛	0.00
Q79378	陸希質	Q18236238	陸希質	0.00
Q79387	元俭	Q20688078	元俭	0.00
Q79390	李桃杖	Q18118158	李桃杖	0.00
Q79405	馮慈明	Q11668138	馮慈明	0.00
Q79408	冯慈让	Q28478711	冯慈让	0.00
Q79414	于砾	Q66777289	于砾	0.00
Q79417	拓跋霄	Q11497789	拓跋霄	0.00
Q79420	元纂	Q18651607	元纂	0.00
Q79428	元善	Q11387807	元善	0.00
Q79445	司马仁最	Q61723555	司马仁最	0.00
Q79448	司马玄祚	Q61723561	司马玄祚	0.00
Q79457	王楷	Q66776942	王楷	0.00
Q79460	谢弘微	Q16077209	谢弘微	0.00
Q79466	謝朏	Q10527961	謝朏	0.00
Q79469	謝瀹	Q28481322	謝瀹	0.00
Q79472	元淵	Q22814818	元渊	0.00
Q79475	尔朱代勤	Q21094112	尔朱代勤	0.00
Q79478	尔朱侯真	Q26184546	尔朱侯真	0.00
Q79490	崔祎	Q67944825	崔祎	0.00
Q79514	卢士朗	Q26186511	卢士朗	0.00
Q79517	盧潜	Q11581528	盧潜	0.00
Q79565	卢处迈	Q26186077	卢处迈	0.00
Q79855	秃鹿傀	Q24834860	秃鹿傀	0.00
Q79858	乞列归	Q24834846	乞列归	0.00
Q79891	韦氏	Q134039619	韦氏	0.00
Q79951	韦武	Q60994217	韦武	0.00
Q80020	萧善义	Q22813944	萧善义	0.00
Q80059	王攸	Q22814746	王攸	0.00
Q80062	王氏	Q134097625	王氏	0.00
Q80077	周嶠	Q48886682	周嶠	0.00
Q80101	路兴之	Q56597970	路兴之	0.00
Q80110	王曇首	Q11573106	王曇首	0.00
Q80116	王懋	Q22814998	王懋	0.00
Q80125	趙伯符	Q11636652	趙伯符	0.00
Q80128	江湛	Q17500069	江湛	0.00
Q80131	江蒨	Q11135130	江蒨	0.00
Q80134	褚寂之	Q109276327	褚寂之	0.00
Q80140	謝謨	Q47183928	謝謨	0.00
Q80146	劉延年	Q95143657	劉延年	0.00
Q80155	泉美人	Q8253877	泉美人	0.00
Q80158	泉美人	Q30941742	泉美人	0.00
Q80161	谢昭容	Q30943294	谢昭容	0.00
Q80164	杨婕妤	Q30943361	杨婕妤	0.00
Q80167	江美人	Q30943358	江美人	0.00
Q80170	江婕妤	Q30943365	江婕妤	0.00
Q80173	何婕妤	Q30943351	何婕妤	0.00
Q80179	王瑩 (軍人)	Q11573176	王瑩 (軍人)	0.00
Q80182	王衮	Q47182743	王衮	0.00
Q80266	郑思明	Q20064144	郑思明	0.00
Q80344	陈公弼	Q22813419	陈公弼	0.00
Q80500	高元海	Q20039939	高元海	0.00
Q80503	高孝绪	Q55715848	高孝绪	0.00
Q80560	N.N.	Q45677494	Guo ?	0.00
Q80568	N.N.	Q45677724	Guo ??	0.00
Q80661	殷氏	Q133448059	殷氏	0.00
Q81257	平貞皇后	Q8255886	平貞皇后	0.00
Q81353	張威	Q20063291	張威	0.00
Q81475	Liu Diao	Q71121137	柳調	0.00
Q90588	Ἐρεχθόνιος	Q644921	Erichtonios	0.00
Q107668	Umara ibn Hamza	Q124963232	عمارة بن حمزة	0.00
Q107682	Abd al-Asad ibn Hilal	Q106827510	عبد الأسد بن هلال	0.00
Q107684	Abu Ruhm ibn Abd al-Uzza	Q106827518	أبو رهم بن عبد العزى	0.00
Q107872	Musab ibn Muharib	Q60565045	مصعب بن محارب	0.00
Q108010	Qurra ibn Hajal	Q125493719	قرة بن حجل بن عبد المطلب	0.00
Q108044	Ahmad ibn Aqil ibn Abi Talib	Q101116564	أحمد بن عقيل بن أبي طالب	0.00
Q108052	Mu'in ibn Aqil ibn Abi Talib	Q101124107	معين بن عقيل بن أبي طالب	0.00
Q108279	Mas'ud ibn Khalid	Q125493336	مسعود بن خالد	0.00
Q108325	Rabi'a ibn Abd Shams	Q135065450	ربيعة بن عبد شمس	0.00
Q108327	Subaya daughter of Abd Shams ibn Abd Manaf	Q125983809	سبيعة بنت عبد شمس بن عبد مناف	0.00
Q108349	Umm Walad	Q61074158	ام ولد	0.00
Q108353	Atika daughter of Muslim ibn Aqil	Q122918216	عاتكة بنت مسلم بن عقيل	0.00
Q108418	Mu'awiya ibn Ishaq ibn Talha ibn Ubayd Allah	Q130257274	معاوية بن إسحاق بن طلحة بن عبيد الله	0.00
Q108510	Atika daughter of Abd al-Malik al-Makhzumi	Q12222156	عاتكة بنت عبد الملك بن الحرث المخزومي	0.00
Q108700	Ibrahim Tabataba	Q12181791	إبراهيم طباطبا	0.00
Q108844	Sa'id ibn Sa'id ibn al-As	Q125494012	سعيد بن سعيد بن العاص	0.00
Q108892	Isa ibn Ali al-Abbasi	Q125494065	عيسى بن علي العباسي	0.00
Q108908	Isa ibn Ja'far al-Akbar	Q125493777	عيسى بن جعفر الأكبر	0.00
Q108910	Sulayman ibn Ja'far al-Akbar	Q127875064	سليمان بن جعفر الأكبر	0.00
Q108912	Ubayd Allah ibn Ja'far al-Akbar	Q127875201	عبيد الله بن جعفر الأكبر	0.00
Q108920	Sulayman ibn Abd Allah al-Zaynabi	Q125493897	سليمان بن عبد الله الزينبي	0.00
Q108967	Muhammad al-Akbar	Q16118493	محمد الأكبر	0.00
Q109083	Ahmad Muzawwar al-Idrisi	Q12179101	أحمد مزوار الإدريسي	0.00
Q109173	Salam al-Arus ibn Ahmad Muzawwar al-Idrisi	Q12216351	سلام العروس	0.00
Q109251	Shapur, son of Kavus	Q61063544	شاپور پسر کاووس	0.00
Q109371	Gilanshah	Q122566875	Гелоншоҳ	0.00
Q109692	Sukayna bint Baha al-Dawla	Q54875272	سكينة بنت بهاء الدولة	0.00
Q109986	Amr ibn Ka'b ibn Sa'd	Q135067870	عمرو بن كعب بن سعد	0.00
Q110150	Q31110932	Q31110932	անանուն Մամիկոնյան	0.00
Q110152	Q29892245	Q29892245	Տաճատուհի Արծրունի	0.00
Q110156	Q104717732	Q104717732	Մերշապուհ Արծրունի	0.00
Q110592	Q106564608	Q106564608	Վաչե Բ Արծրունի	0.00
Q110602	Q29895705	Q29895705	Վասակ Արծրունի	0.00
Q111101	Q106564534	Q106564534	Վահան Գ Արծրունի	0.00
Q111109	Q65515717	Q65515717	Համազասպյան Մամիկոնյան	0.00
Q111121	Q104668239	Q104668239	Սամ Սյունի	0.00
Q111123	Q65515718	Q65515718	Արտաշես Մամիկոնյան	0.00
Q111125	Q29895627	Q29895627	Աղան Արծրունի	0.00
Q111131	Q29896118	Q29896118	Մերհուժան Արծրունի	0.00
Q111841	Q106564587	Q106564587	Մուշեղ Բ Արծրունի	0.00
Q111845	Q110485463	Q110485463	Սանդուխտ Մամիկոնյան	0.00
Q111867	Q104668268	Q104668268	անանուն Սյունի	0.00
Q111873	Q29896134	Q29896134	Ջոջիկ Միհրանյան	0.00
Q111927	Q20046078	Q20046078	Odulfo	0.00
Q112935	Q104668241	Q104668241	Վարազվաղան Սյունի	0.00
Q112939	Q106595799	Q106595799	անանուն Մամիկոնյան (Կամսարական)	0.00
Q112941	Q105605788	Q105605788	Ատրներսեհ Սյունի	0.00
Q112943	Q106980648	Q106980648	Բաբիկ Սյունի	0.00
Q114153	Q30887569	Q30887569	Адемар II	0.00
Q114155	Q30887565	Q30887565	Ги II	0.00
Q114903	Q47463743	Q47463743	անանուն Գնունի	0.00
Q114909	Q106980660	Q106980660	Գդիհոն Սյունի	0.00
Q114911	Q97208643	Q97208643	Յազդ Սյունի	0.00
Q114919	Q106980650	Q106980650	Վասակ Սյունի	0.00
Q114921	Q16369095	Q16369095	I Arşuşa	0.00
Q115866	Q56006624	Q56006624	Sancha d'Urgell	0.00
Q116423	Herleva	Q61807767	Эрелева	0.00
Q116841	Q30887573	Q30887573	Адемар III	0.00
Q116951	Q55390938	Q55390938	Pétronille de Château-Renard	0.00
Q116957	Q55399053	Q55399053	Agathe de Vendôme	0.00
Q116959	Q55399331	Q55399331	Geoffroy de Vendôme	0.00
Q117451	Q114720727	Q114720727	Gertruda	0.00
Q117868	Q30887585	Q30887585	Гильом III	0.00
Q118402	Q106980652	Q106980652	Աչիր Սյունի	0.00
Q118404	Q106980653	Q106980653	Բաբկեն Սյունի	0.00
Q118848	Hanab ibn Afsaa	Q135085436	هنب بن أفصى	0.00
Q119607	Q61638527	Q61638527	Отта ди Огледо	0.00
Q123552	Eliya	Q124910922	Элия	0.00
Q123570	Hovhan Syowni	Q42764400	Հովհան Սյունի	0.00
Q124940	Tebaldo di Ogledo	Q61638531	Тебальдо ди Огледо	0.00
Q125733	Hawisa (Elizabeth) de Avoy	Q62059609	Хависа (Элизабет) де Авой	0.00
Q126950	Mstsislau	Q55191016	Мсціслаў	0.00
Q127128	Башкорд	Q32361824	Башкорд	0.00
Q129429	al-Mudad ibn Amr al-Jurhumi	Q12243529	المضاض بن عمرو الجرهمي	0.00
Q129449	יעלם	Q125263542	Jalam	0.00
Q132332		Q332324	Laomedon	0.00
Q134502	Erast	Q13052776	Երաստ	0.00
Q140163	Amitsiya	Q107463395	Амиция	0.00
Q140900	Abbo, graf Puate	Q56367457	Аббо, граф Пуатье	0.00
Q142052	Anna de Kvinsi	Q61963721	Анна де Квинси	0.00
Q143347	Drogon	Q56367490	Дрогон	0.00
Q145206	Zhilber Basset	Q80913710	Жильбер Бассет	0.00
Q145240	Robert de Modit	Q61911578	Роберт де Модит	0.00
Q145241	Izabella Basset	Q61911579	Изабелла Бассет	0.00
Q145300	Elizabet Nevill iz Steyntona	Q61971033	Элизабет Невилл из Стейнтона	0.00
Q147179	Zavid Dmitrovich	Q4183031	Завид Дмитрович	0.00
Q147181	Rostislav Yaroslavich	Q125578183	Ростислав Ярославич	0.00
Q147239	Vsevolod Yaropolkovich	Q49229716	Всеволод Ярополкович	0.00
Q147245	Evdokiia Aksukhina	Q123983133	Евдокия Аксухина	0.00
Q147246	Vseslav Mikulovich	Q17195283	Усяслаў Мікуліч	0.00
Q147420	Uilyam de Modit	Q61911581	Уильям де Модит	0.00
Q147441	Q107530524	Q107530524	Василий Мстиславич	0.00
Q147571	Anna Komnina	Q126281321	Анна Комнина	0.00
Q147656	Dmitriy	Q115339705	Дмитрий	0.00
Q147658	Yuriy	Q115340008	Юрий	0.00
Q148886	Robert Skrup	Q111442678	Роберт Скруп	0.00
Q149339	Robert Fitsralf	Q61971028	Роберт Фицральф	0.00
Q149484	Fulk Basset	Q81058232	Фульк Бассет	0.00
Q149486	Filippa Moban	Q81543342	Филиппа Мобан	0.00
Q154094	Gaius Julius Avitus	Q116474557	NN	0.00
Q42224	Guo Dao Ge Zi	Q134366680	Набэсима Айко	0.07
Q39866	Si Sip Qian Rong Zi	Q134720584	四辻千栄子	0.11
Q44150	Shi Ting Gong Teng	Q106480155	室町公藤	0.11
Q38437	Xi Chuan De Shi	Q11605884	細川徳時	0.12
Q141588	NN	Q131731279	Lucius Octavius Laenas	0.12
Q37009	Yan Cang Ju Yi	Q113163640	岩倉具義	0.15
Q38132	Chi Tian Qian Zi	Q111034870	池田謙子	0.15
Q74677	Ops	Q96761	Paul Bildt	0.15
Q90885	bat Al Palestin bat Abaye haKohen Gaon	Q454682	Mar Sutra	0.16
Q47856	Xi Chuan Xing Guan	Q11605990	細川興貫	0.17
Q139869	Gladys ap Comyn	Q75464085	Beatrice	0.17
Q6462	Xu Fu	Q1474187	Watatsumi	0.19
Q29101	Shang Shan Hu Ji	Q111020051	上杉虎姫	0.19
Q47664	Shan Nei Li Zi	Q11466491	山内豊資	0.19
Q98159	Abu'l Hasan Muhammad bin Yahya bin al-Husain	Q153719	4351 Nobuhiso	0.19
Q6439	kontol	Q110980265	帝臨魁	0.20
Q31622	Ru Jiang Cheng Zi	Q110617732	入江誠子	0.21
Q40183	De Chuan Jing Zhi Zhu	Q108824348	徳川敬之助	0.21
Q36891	Si Wei Yu Duo Zi	Q119380350	寺尾宇多子	0.22
Q41080	Yuelu	Q19852753	Zoey	0.22
Q38136	Chi Tian Wen Zi	Q111034893	池田温子	0.23
Q38356	De Chuan Sheng Ji	Q108824630	徳川盛姫	0.24
Q133087	ancient Greek mythological figure	Q2089271	Phylomache	0.24
Q7479	Hokuden	Q106176812	北殿	0.25
Q34214	Zhong Ji	Q20041312	種姫	0.25
Q40179	De Chuan Ling Ji	Q108824026	徳川綾姫	0.25
Q47660	Shan Nei Li Xing	Q11466488	山内豊興	0.25
Q52485	Gao Mu Zheng Shun	Q134608980	高木正順	0.25
Q31754	De Chuan Zhen Ci Lang	Q130754642	徳川貞次郎	0.26
Q38140	Huang Wei Bo Zheng	Q111034903	荒尾博正	0.26
Q40187	De Chuan He Ji	Q108824392	徳川和姫	0.26
Q38124	De Chuan Gan Zi	Q111034757	徳川幹子	0.27
Q70442	Puzur-Ashur	Q200902	闪姆	0.27
Q70457	Iddin-Sin	Q1648259	Pelegue	0.27
Q130496	Ananke	Q4286521	Мгла	0.27
Q138525	NN	Q116474341	NN of Scythia	0.27
Q44491	Yi Tiao Jing Zi	Q109777316	一条経子	0.28
Q153799	Iamblichus	Q12238331	مالك بن النضر	0.28
Q38109	Shan Qi Shou Man Zi	Q105711345	山崎寿満子	0.29
Q38128	Xi Xiang Jing Zi	Q111034856	西郷静子	0.29
Q42281	Guo Dao Shen Dai Zi	Q134366612	Набэсима Миёко	0.29
Q49869	Stephen Uroš I of Serbia	Q56255	金正恩	0.29
Q109712	al-Sayyida al-Aziziyya	Q124487499	السيدة العزيزية	0.29
Q109882	N.N.	Q76299497	Tochter von Bayern	0.29
Q40191	De Chuan Yuan Ji	Q108824607	徳川元姫	0.30
Q44106	Shan Nei Li Tai	Q11466482	山内豊泰	0.31
Q48000	Qian Deng San Zi	Q117843721	千登三子	0.31
Q38384	Hei Tian Zhen Zi	Q114457581	Садако Курода	0.32
Q73380	BAD MERGE	Q3356	Antiokos IV Epifanes	0.33
Q109636	N.N.	Q22923954	princesse franque	0.33
Q121271	neizvestnaya doch Vasiliya Sklira	Q124729168	Неизвестна по име Склирина	0.33
Q131420	Emzara	Q47142202	Naamah	0.33
Q75637	Amnius Manius Caesonius Nichomachus Anicius Paulinus	Q1174111	Аниций Авхений Бас	0.34
Q13916	Hachisu	Q16183355	팔수부인	0.35
Q26228	Gongziju	Q10892784	公子驹	0.35
Q44414	Lady NN Satsuma-no-Shimazu	Q117466071	Shimazu Mitsuko	0.35
Q70460	Shu-Sin	Q2040793	拉吴	0.36
Q44799	Gao Mu Bang Zi	Q134607064	高木邦子	0.37
Q135640	ancient Greek general	Q1344624	法萨卢斯的门农	0.37
Q28126	Song Mu Mei Zi	Q110590089	松木美子	0.38
Q48121	Ao Jin Riyou	Q126722734	奥津りょう	0.38
Q70445	Ishme-Dagan	Q457520	亚法撒	0.38
Q72543	N.N.	Q116474571	NN of Armenia	0.38
Q16605	Lady NN Kujo-no-Fujiwara	Q131731029	Kujō Tsuneko	0.39
Q44302	De Da Si Shun Zi	Q109189475	徳大寺順子	0.39
Q70454	Ilum-bani	Q502282	希伯	0.40
Q74717	Erebos	Q131090	Chaos	0.40
Q41349	Tadasue Kuvasima	Q23986596	桑嶋忠季	0.42
Q85263	Menkheperre Necho	Q455594	尼科一世	0.42
Q26494	doch Kyogoku Takamitsu	Q107180355	京極高光の娘 (細川持之の室)	0.43
Q37952	Sigeyuki Sinokhara	Q11603637	篠原重之	0.43
Q26227	Gōng Zǐ Dèn	Q10892775	公子鉏	0.43
Q44342	Mori (concubine of Matsuura Kiyoshi)	Q110182604	森氏 (松浦清の側室)	0.43
Q74299	Irdabama	Q131732243	Rhodogune	0.43
Q88694	"Hayy ""Hiyya"" ibn Ya'ish ibn Ya'ish ben David al-Daudi"	Q2160640	Hiyya al-Daudi	0.43
Q21987	Tadatoyo Yamanouchi	Q6584320	山内忠豊	0.44
Q31686	Kuan Shou	Q134552139	寛守	0.45
Q70451	Naram-Ilum	Q1827950	Selá	0.45
Q108169	Fatima daughter of Qays al-Fihriyya	Q12230164	فاطمة بنت قيس الفهرية	0.45
Q75192	Klymene	Q669635	Hesione	0.46
Q17037	Tadayoshi Yamanouchi	Q6584319	山内忠義	0.47
Q38024	daughter Nobumasa Sanada (zakonna manzelka Masaaki Toyama)	Q110050805	真田信政の娘 (遠山政亮の正室)	0.47
Q76643	Severus Antoninus Marullus	Q108494665	Maecius Faustinus	0.47
Q88116	Paltoi Yishai son of Abaye Kohen Sedeq (Gaon)	Q16668713	Paltoï ben Abaye	0.47
Q107676	Duraah alhāshimiyaiyah	Q12211560	درة بنت أبي لهب	0.47
Q41104	Alijiashili	Q45469114	Olsii	0.48
Q38032	daughter Nobumasy Sanady (zakonna manzelka Jorinaga Tokiho)	Q106513846	真田信政の娘 (土岐頼長の正室)	0.49
Q36737	Tadakiyo Okamoto	Q23986595	岡本忠清	0.50
Q26379	Qin Jinggong	Q16903805	秦靜公	0.50
Q30463	sugjeongongju	Q12603389	숙정옹주	0.50
Q31598	Dao Cheng Ru Dao Qin Wang	Q110817730	道承入道親王	0.50
Q26222	Wan Si	Q15955716	鬻姒	0.55
Q38028	daughter Nobumasy Sanady (nastupce Arisige Koide)	Q110050841	真田信政の娘 (小出有重の継室)	0.56
Q89135	Abu Baqr ibn Yahya	Q4849521	Bakr Ben Yahia	0.56
Q145720	Sybilla ferch Morgan|Meurig ab Iestyn	Q110622059	Sara ferch Morgan	0.56
Q20856	Lady NN Tokugawa-no-Owari	Q108824128	徳川琴姫	0.57
Q26111	Gong Zihong	Q9414661	公子弘	0.57
Q140838	Vagn born of Åke	Q2974985	Wagn Akeson	0.57
Q128321	Aleksii Komnin Vatatsi	Q131419591	Алексий Комнин Ватаци	0.58
Q38388	Mori Masako	Q114528079	Масако Мори	0.59
Q88014	Makhir ibn Habibi al-Narboni, Nasi	Q6739404	Makhir of Narbonne	0.59
Q94609	Ali al-Sultan Al-Husayni	Q5736319	سلطان علی بن محمدباقر	0.59
Q153798	Fihr born of Iamblichus	Q12231260	فهر بن مالك	0.59
Q110346	Daughter of Rechila (wife of Gundioc)	Q110197849	リキメルの姉妹 (グンディオクの妻)	0.59
Q32911	Gongzi Kui	Q10892711	公子悝	0.60
Q32915	Gongzi Fei	Q9414457	公子市	0.60
Q74698	Tros	Q79999	Uranos	0.60
Q51822	Ptolemy XII Auletes	Q888470	托勒密	0.61
Q25428	Jì Zǐ	Q10945275	季子	0.62
Q74973	Danaus	Q161419	Okeanos	0.62
Q121969	Jendryk from Brzeg	Q30301558	Henry I, Count of Berg	0.62
Q33166	Hosokawa man	Q109916197	細川万	0.64
Q26229	Prince Guizhou	Q10892793	公子黔	0.64
Q137786	Lucilla Verus	Q109789767	Lucilla Plautia	0.64
Q149648	Emma Fits-Robert	Q61896439	Эмма Фиц-Роберт	0.64
Q108201	Marjana the Persian	Q124627976	مرجانة الفارسية	0.65
Q109109	Rahim the Persian	Q134269892	رحيم الفارسية	0.65
Q116803	Alix de Champagne	Q107263322	Adela de Valois	0.65
Q32376	Korenori Aso	Q11657643	阿蘇惟憲	0.67
Q36709	Koretada Aso	Q11657642	阿蘇惟忠	0.67
Q108498	Asma daughter of Mukhriba	Q65038133	أسماء بنت مخربة	0.67
Q65363	Fatima daughter of Zaidah	Q87007840	Fatima Zāʾidah filia	0.68
Q67510	Muhammad ul-Akbar Abu'l Qaasim	Q939884	Muhammad ibn al-Hanafiyya	0.68
Q122243	Ulrich, Graf von Ramsperg, Graf im Hegau	Q88790263	Улрих фон Рамшперг	0.68
Q61173	Vettius Justus	Q1239423	Vettius Rufinus	0.69
Q107744	Umm Amara daughter of Sufyan	Q12180468	أم عمارة بنت سفيان	0.69
Q108852	Fatima daughter of Safwan	Q22689017	فاطمة بنت صفوان	0.70
Q26065	Gongziya	Q10892733	公子牙	0.71
Q26113	xiǎo zǐ 慭	Q10958646	小子慭	0.71
Q39284	Diaoabula	Q45528824	Diwabala	0.71
Q107678	Azza daughter of Abi Lahab	Q104029490	عزة بنت أبي لهب	0.71
Q144129	Lucius Licinius Crassus Damasippus	Q1129924	Licinius Damasippus	0.72
Q38993	Empress Hutieni	Q7069336	Impératrice Kirgikteni	0.73
Q94239	Asad son of Hashem	Q3820445	Asad ibn Hashim	0.73
Q107524	Durra daughter of Abi Salama	Q104157769	درة بنت أبي سلمة	0.73
Q148895	Matilda de Sen-Khilar	Q61963109	Мод (Матильда) де Сент-Илар	0.73
