child_qid	child_label	n_parents	clusters	proposed_parents	unresolved	reason
Q28324	SITA aka Janaki aka Mythili  Rama	9	[Q161263 'Bhumidevi \ Earth Earth' = Q51362 'Bhumidevi \ Earth Earth'] ; [Q161264 'SUNAYANA Janaka'] ; [Q161265 'King Janaka' = Q51357 'King Janaka'] ; [Q161266 'SHIRADVAJA \ JANAKA JANAKA'] ; [Q28332 'King of Mithila'] ; [Q51367 'SUNAYANA'] ; [Q52288 'Q52288']		yes	9 listed parents do NOT collapse: they cluster into 7 distinct people, more than a biological pair. Deduplication cannot decide which 2 are the real parents, and choosing among 7 genuinely different claimed parents is genealogical judgement, not a merge. Clusters are shown for a human to rule on. Partial merges found — Q161263+Q51362: identical label 'Bhumidevi \ Earth Earth'; Q161265+Q51357: identical label 'King Janaka'
Q73119	Marcus Livius Drusus	8	[Q151476 'Marcus Livius Salinator'] ; [Q72798 'Marcus Livius Drusus'] ; [Q72801 'Cornelia'] ; [Q73173 'Marcus Aemilius Lepidus, Consul'] ; [Q73284 'Q73284'] ; [Q78450 'Cornelia Scipionis'] ; [Q78453 'Marcus Livius maior Drusus'] ; [Q78746 'Calavia Drusus']		yes	8 listed parents do NOT collapse: they cluster into 8 distinct people, more than a biological pair. Deduplication cannot decide which 2 are the real parents, and choosing among 8 genuinely different claimed parents is genealogical judgement, not a merge. Clusters are shown for a human to rule on.
Q153494	DHRUVA Uttanapada	7	[Q130322 'unknown'] ; [Q153503 'UTTANAPADA Manu'] ; [Q153674 'Placeholder surname?'] ; [Q50540 'Q50540'] ; [Q50544 'Q50544'] ; [Q50548 'SUNEETI'] ; [Q53559 'Q53559']		yes	7 listed parents do NOT collapse: they cluster into 7 distinct people, more than a biological pair. Deduplication cannot decide which 2 are the real parents, and choosing among 7 genuinely different claimed parents is genealogical judgement, not a merge. Clusters are shown for a human to rule on.
Q28364	RAGHU  Dirghabahu	7	[Q2327 'Dileepa Deerghabahu' = Q51407 'Dileepa Deerghabahu'] ; [Q28376 'Solar Dynasty'] ; [Q30011 'BHAGIRATHA son of Dilipa'] ; [Q52328 'Q52328'] ; [Q52332 'Q52332'] ; [Q53583 'Q53583']		yes	7 listed parents do NOT collapse: they cluster into 6 distinct people, more than a biological pair. Deduplication cannot decide which 2 are the real parents, and choosing among 6 genuinely different claimed parents is genealogical judgement, not a merge. Clusters are shown for a human to rule on. Partial merges found — Q2327+Q51407: identical label 'Dileepa Deerghabahu'
Q74698	Tros	7	[Q130392 'Aether'] ; [Q131114 'Astyoche'] ; [Q131430 'Dies'] ; [Q132328 'Erichthonius of Dardania'] ; [Q74701 'Terra'] ; [Q74717 'Erebos'] ; [Q74720 'Nyx']		yes	7 listed parents do NOT collapse: they cluster into 7 distinct people, more than a biological pair. Deduplication cannot decide which 2 are the real parents, and choosing among 7 genuinely different claimed parents is genealogical judgement, not a merge. Clusters are shown for a human to rule on.
Q123528	Fernando Rodríguez de Castro	6	[Q104407 'Elio Alvarez'] ; [Q104495 'Rodericus Fernandi'] ; [Q113686 'Rodrigo Fernández de Castro'] ; [Q115832 'Eilo Alvarez de Minaya'] ; [Q118368 'Aldonza Rodríguez de León'] ; [Q123526 'Esteban Fernández de Castro']		yes	6 listed parents do NOT collapse: they cluster into 6 distinct people, more than a biological pair. Deduplication cannot decide which 2 are the real parents, and choosing among 6 genuinely different claimed parents is genealogical judgement, not a merge. Clusters are shown for a human to rule on.
Q153479	Nahusha	6	[Q153490 'Prabha Ayu' = Q160797 'Prabha Ayu'] ; [Q153491 'AYU Pururavas' = Q2098 'AYU Pururavas'] ; [Q153492 'ARUNDHATI Vasishta'] ; [Q160541 'VASISHTA']		yes	6 listed parents do NOT collapse: they cluster into 4 distinct people, more than a biological pair. Deduplication cannot decide which 2 are the real parents, and choosing among 4 genuinely different claimed parents is genealogical judgement, not a merge. Clusters are shown for a human to rule on. Partial merges found — Q153490+Q160797: identical label 'Prabha Ayu'; Q153491+Q2098: identical label 'AYU Pururavas'
Q153520	DHATA	6	[Q130322 'unknown'] ; [Q153530 'KHYATI Bhrigu'] ; [Q153713 'Placeholder surname'] ; [Q2159 'BHRIGU'] ; [Q50669 'Q50669'] ; [Q53587 'Q53587']		yes	6 listed parents do NOT collapse: they cluster into 6 distinct people, more than a biological pair. Deduplication cannot decide which 2 are the real parents, and choosing among 6 genuinely different claimed parents is genealogical judgement, not a merge. Clusters are shown for a human to rule on.
Q160905	RICHEYU \ ANADHRISHTI ANADHRISHTI	6	[Q160919 'SUDEVA'] ; [Q160920 'Ariha'] ; [Q160921 'MISRAKESI'] ; [Q160922 'RAUDRASVA Ahamyati'] ; [Q160923 'SURASENI Pravira'] ; [Q160924 'PRAVIRA Puru']		yes	6 listed parents do NOT collapse: they cluster into 6 distinct people, more than a biological pair. Deduplication cannot decide which 2 are the real parents, and choosing among 6 genuinely different claimed parents is genealogical judgement, not a merge. Clusters are shown for a human to rule on.
Q66011	Fatimah bint Asad	6	[Q108042 'Fatima bint Qays'] ; [Q65011 'Assad son of Imaam Hashim'] ; [Q65061 'Asad ibn Hashim' = Q94239 'Asad son of Hashem'] ; [Q65966 'Fatimah daughter of Qays'] ; [Q94241 'Fatima daughter of Qays']		yes	6 listed parents do NOT collapse: they cluster into 5 distinct people, more than a biological pair. Deduplication cannot decide which 2 are the real parents, and choosing among 5 genuinely different claimed parents is genealogical judgement, not a merge. Clusters are shown for a human to rule on. Partial merges found — Q65061+Q94239: same given name and every surname token matches as a spelling variant ('Asad ibn Hashim' / 'Asad son of Hashem')
Q72786	Marcus Aemilius Lepidus	6	[Q72789 'NN (Wife of Marcus Aemilius Lepidus)' = Q73110 'NN (Wife of Marcus Aemilius Lepidus)'] ; [Q72801 'Cornelia'] ; [Q73011 'Marcus Aemilius Lepidus' = Q73113 'Marcus Aemilius Lepidus' = Q73173 'Marcus Aemilius Lepidus, Consul']		yes	6 listed parents do NOT collapse: they cluster into 3 distinct people, more than a biological pair. Deduplication cannot decide which 2 are the real parents, and choosing among 3 genuinely different claimed parents is genealogical judgement, not a merge. Clusters are shown for a human to rule on. Partial merges found — Q72789+Q73110: identical label 'NN (Wife of Marcus Aemilius Lepidus)'; Q73011+Q73113: identical label 'Marcus Aemilius Lepidus'; Q73011+Q73173: same given name and every surname token matches as a spelling variant ('Marcus Aemilius Lepidus' / 'Marcus Aemilius Lepidus, Consul'); Q73113+Q73173: same given name and every surname token matches as a spelling variant ('Marcus Aemilius Lepidus' / 'Marcus Aemilius Lepidus, Consul')
Q74701	Terra	6	[Q130392 'Aether'] ; [Q130498 'Q130498'] ; [Q130652 'Q130652'] ; [Q131430 'Dies'] ; [Q74717 'Erebos'] ; [Q74720 'Nyx']		yes	6 listed parents do NOT collapse: they cluster into 6 distinct people, more than a biological pair. Deduplication cannot decide which 2 are the real parents, and choosing among 6 genuinely different claimed parents is genealogical judgement, not a merge. Clusters are shown for a human to rule on.
Q124326	Guerau V de Cabrera	5	[Q101441 'Ponce I de Cabrera'] ; [Q102567 'Ledgardis (Sybille) de Tost'] ; [Q104375 'Ponc II Giraldo de Cabrera'] ; [Q119220 'Elio Pérez de Castro'] ; [Q124325 'Guerau IV de Cabrera']		yes	5 listed parents do NOT collapse: they cluster into 5 distinct people, more than a biological pair. Deduplication cannot decide which 2 are the real parents, and choosing among 5 genuinely different claimed parents is genealogical judgement, not a merge. Clusters are shown for a human to rule on.
Q153219	Maharaja Malayu II - Tribhuwanaraja (1286-1316) Placeholder surname Sang Sapurba	5	[Q153224 'Raja Langkasuka Sultan Suran Placeholder surname'] ; [Q48371 'Istri Trailokyaraja'] ; [Q48375 'Trailokyaraja Raja Sriwijaya & Malayupura'] ; [Q48379 'Q48379'] ; [Q48383 'Puteri Mahtabul Bahri Raja Aftabul Ardl']		yes	5 listed parents do NOT collapse: they cluster into 5 distinct people, more than a biological pair. Deduplication cannot decide which 2 are the real parents, and choosing among 5 genuinely different claimed parents is genealogical judgement, not a merge. Clusters are shown for a human to rule on.
Q153436	Suklawatidewi bint Wiryabanyu	5	[Q2020 'Mulawarman' = Q49927 'Mulawarman'] ; [Q49923 'NN (Wife of Mulawarman)'] ; [Q49931 'Wiryabanyu son of Jayasatyanagara'] ; [Q49935 'Nilem Sari daughter of Welutbraja']		yes	5 listed parents do NOT collapse: they cluster into 4 distinct people, more than a biological pair. Deduplication cannot decide which 2 are the real parents, and choosing among 4 genuinely different claimed parents is genealogical judgement, not a merge. Clusters are shown for a human to rule on. Partial merges found — Q2020+Q49927: identical label 'Mulawarman'
Q153447	HASTI (founder of Hastinapur) Suhotra	5	[Q153453 'SUVARNA Suhotra'] ; [Q153454 'SUHOTRA \ VAITITHI Brihatkshatra Brihatkshatra Brihatkshatra Brihatkshatra Brihatkshatra Brihatkshatra Br' = Q29959 'SUHOTRA \ VAITITHI VAITITHI \Brihatkshatra'] ; [Q50084 'Q50084'] ; [Q53530 'Q53530']		yes	5 listed parents do NOT collapse: they cluster into 4 distinct people, more than a biological pair. Deduplication cannot decide which 2 are the real parents, and choosing among 4 genuinely different claimed parents is genealogical judgement, not a merge. Clusters are shown for a human to rule on. Partial merges found — Q153454+Q29959: same given name and every surname token matches as a spelling variant ('SUHOTRA \ VAITITHI Brihatkshatra Brihatkshatra Brihatkshatra Brihatkshatra Brihatkshatra Brihatkshatra Br' / 'SUHOTRA \ VAITITHI VAITITHI \Brihatkshatra')
Q160051	Maharaja Malayu II - Tribhuwanaraja (1286-1316)	5	[Q160069 'Person Q160069'] ; [Q160070 'Istri Trailokyaraja'] ; [Q160071 'Trailokyaraja Raja Sriwijaya & Malayupura'] ; [Q160072 'Puteri Mahtabul Bahri Raja Aftabul Ardl'] ; [Q160073 'Raja Langkasuka Sultan Suran']		yes	5 listed parents do NOT collapse: they cluster into 5 distinct people, more than a biological pair. Deduplication cannot decide which 2 are the real parents, and choosing among 5 genuinely different claimed parents is genealogical judgement, not a merge. Clusters are shown for a human to rule on.
Q1861	Krishna	5	[Q160387 'NANDA RAI aka NANDA BABA of GOKUL Shurasena' = Q49387 'Nanda Baba'] ; [Q1876 'Devaki'] ; [Q1877 'Vasudeva'] ; [Q49383 'Yashoda']		yes	5 listed parents do NOT collapse: they cluster into 4 distinct people, more than a biological pair. Deduplication cannot decide which 2 are the real parents, and choosing among 4 genuinely different claimed parents is genealogical judgement, not a merge. Clusters are shown for a human to rule on. Partial merges found — Q160387+Q49387: same given name and every surname token matches as a spelling variant ('NANDA RAI aka NANDA BABA of GOKUL Shurasena' / 'Nanda Baba')
Q2319	DASHARATHA	5	[Q161276 'Indumati' = Q51402 'Indumati'] ; [Q161277 'Aja'] ; [Q2322 'Aja'] ; [Q52308 'Q52308']		yes	5 listed parents do NOT collapse: they cluster into 4 distinct people, more than a biological pair. Deduplication cannot decide which 2 are the real parents, and choosing among 4 genuinely different claimed parents is genealogical judgement, not a merge. Clusters are shown for a human to rule on. Partial merges found — Q161276+Q51402: identical label 'Indumati'
Q2389	Yuvanashva II	5	[Q161377 'Prasenajit 1 Ikshvaku' = Q29014 'Prasenajit 1 Ikshvaku'] ; [Q161378 'wife of Prasenjit l' = Q51524 'wife of Prasenjit l'] ; [Q52580 'Q52580']		yes	5 listed parents do NOT collapse: they cluster into 3 distinct people, more than a biological pair. Deduplication cannot decide which 2 are the real parents, and choosing among 3 genuinely different claimed parents is genealogical judgement, not a merge. Clusters are shown for a human to rule on. Partial merges found — Q161377+Q29014: identical label 'Prasenajit 1 Ikshvaku'; Q161378+Q51524: identical label 'wife of Prasenjit l'
Q30804	Osteolepiformes	5	[Q152957 'Abu Eotetra Tetrapodomorpha'] ; [Q30792 'Unnamed clade Tetrapodomorpha'] ; [Q30796 'Q30796'] ; [Q54360 'Q54360'] ; [Q54364 'Q54364']		yes	5 listed parents do NOT collapse: they cluster into 5 distinct people, more than a biological pair. Deduplication cannot decide which 2 are the real parents, and choosing among 5 genuinely different claimed parents is genealogical judgement, not a merge. Clusters are shown for a human to rule on.
Q3457	Miguel de Cervantes	5	[Q32086 'Rodrigo Cervantes Torreblanca'] ; [Q89759 'Diego de Cervantes y Toledo' = Q91574 'Diego de Cervantes y Alvarez de Toledo'] ; [Q91763 'Juana Arias de Avellaneda Saavedra'] ; [Q92861 'Leonor de Cortinas']		yes	5 listed parents do NOT collapse: they cluster into 4 distinct people, more than a biological pair. Deduplication cannot decide which 2 are the real parents, and choosing among 4 genuinely different claimed parents is genealogical judgement, not a merge. Clusters are shown for a human to rule on. Partial merges found — Q89759+Q91574: same given name and every surname token matches as a spelling variant ('Diego de Cervantes y Toledo' / 'Diego de Cervantes y Alvarez de Toledo')
Q6421	Shaodian	5	[Q51954 'You Xiong'] ; [Q6433 'Fuxi'] ; [Q6435 'Nüwa'] ; [Q87840 'Q87840'] ; [Q87862 '(You Xiong) Youxiong']		yes	5 listed parents do NOT collapse: they cluster into 5 distinct people, more than a biological pair. Deduplication cannot decide which 2 are the real parents, and choosing among 5 genuinely different claimed parents is genealogical judgement, not a merge. Clusters are shown for a human to rule on.
Q70388	Publius Aelius Marullinus	5	[Q151764 'Publius Aelius Marullinus' = Q69886 'Publius Aelius Marullinus' = Q71349 'Publius Aelius Hadrianus Marullinus'] ; [Q71382 'NN (Wife of Publius Aelius Hadrianus Marullinus)'] ; [Q99338 'Aelius']		yes	5 listed parents do NOT collapse: they cluster into 3 distinct people, more than a biological pair. Deduplication cannot decide which 2 are the real parents, and choosing among 3 genuinely different claimed parents is genealogical judgement, not a merge. Clusters are shown for a human to rule on. Partial merges found — Q151764+Q69886: identical label 'Publius Aelius Marullinus'; Q151764+Q71349: same given name and every surname token matches as a spelling variant ('Publius Aelius Marullinus' / 'Publius Aelius Hadrianus Marullinus'); Q69886+Q71349: same given name and every surname token matches as a spelling variant ('Publius Aelius Marullinus' / 'Publius Aelius Hadrianus Marullinus')
Q73260	Marcus Licinius Crassus Agelastus	5	[Q72969 'NN (Wife of Gaius Licinius Varus)'] ; [Q72972 'Publius Licinius Crassus Dives' = Q72981 'Publius Licinius Crassus' = Q73410 'Publius Licinius Crassus'] ; [Q73407 'NN (Wife of Publius Licinius Crassus)']		yes	5 listed parents do NOT collapse: they cluster into 3 distinct people, more than a biological pair. Deduplication cannot decide which 2 are the real parents, and choosing among 3 genuinely different claimed parents is genealogical judgement, not a merge. Clusters are shown for a human to rule on. Partial merges found — Q72972+Q72981: same given name and every surname token matches as a spelling variant ('Publius Licinius Crassus Dives' / 'Publius Licinius Crassus'); Q72972+Q73410: same given name and every surname token matches as a spelling variant ('Publius Licinius Crassus Dives' / 'Publius Licinius Crassus'); Q72981+Q73410: identical label 'Publius Licinius Crassus'
Q76693	Sergius Octavius Pontianus Laenes Octavius  Pontainus	5	[Q76930 'Lucius Octavius Laenus' = Q76945 'Lucius Octavius Laenas'] ; [Q76933 'Sergius Octavius Pontainus'] ; [Q76936 'Octavius Laenas'] ; [Q76939 'Pontia']		yes	5 listed parents do NOT collapse: they cluster into 4 distinct people, more than a biological pair. Deduplication cannot decide which 2 are the real parents, and choosing among 4 genuinely different claimed parents is genealogical judgement, not a merge. Clusters are shown for a human to rule on. Partial merges found — Q76930+Q76945: labels 95% identical, same given name ('Lucius Octavius Laenus' / 'Lucius Octavius Laenas')
Q78713	Ptolemy IX Lathyros	5	[Q73035 'Cleopatra III of Egypt' = Q78719 'Cleopatra III of Egypt'] ; [Q73038 'Ptolemy VIII Physcon'] ; [Q73197 'Ptolemy VI'] ; [Q78402 'Q78402']		yes	5 listed parents do NOT collapse: they cluster into 4 distinct people, more than a biological pair. Deduplication cannot decide which 2 are the real parents, and choosing among 4 genuinely different claimed parents is genealogical judgement, not a merge. Clusters are shown for a human to rule on. Partial merges found — Q73035+Q78719: same Wikidata ID (Q40003)
Q86089	Itakayt . 	5	[Q195205 'Senusret II' = Q86147 'Khakheperre Senusret II'] ; [Q85640 'Nefrusheri'] ; [Q86065 'Kheperkare Senusret I'] ; [Q86159 'Itaweret Itaurt of Egypt']		yes	5 listed parents do NOT collapse: they cluster into 4 distinct people, more than a biological pair. Deduplication cannot decide which 2 are the real parents, and choosing among 4 genuinely different claimed parents is genealogical judgement, not a merge. Clusters are shown for a human to rule on. Partial merges found — Q195205+Q86147: same Wikidata ID (Q18722)
Q86820	Caliph Muhammad al-Mahdi son of  Abdallah al-Mansur	5	[Q86826 'Caliph Abd Allah al-Mansur'] ; [Q86828 'Arwa daughter of Mansur al-Himyari'] ; [Q86830 'Shikla (2) Zauja-e-Abdallah al-Mansur'] ; [Q86832 'Caliph Abu Ja'afar Abdallah al-Mansur ibn Muhammad al-Kamil'] ; [Q86834 'Abu Jafar al-Mansur son of Mohammad 2nd Abbasid Calif - r.754-775']		yes	5 listed parents do NOT collapse: they cluster into 5 distinct people, more than a biological pair. Deduplication cannot decide which 2 are the real parents, and choosing among 5 genuinely different claimed parents is genealogical judgement, not a merge. Clusters are shown for a human to rule on.
Q100374	Galindo Aznárez II	4	[Q100068 'Iniguez de Pamplona'] ; [Q100372 'Aznar II Galindez' = Q109734 'Aznar Galíndez II'] ; [Q109541 'Onneca Garcés of Pamplona']		yes	4 listed parents do NOT collapse: they cluster into 3 distinct people, more than a biological pair. Deduplication cannot decide which 2 are the real parents, and choosing among 3 genuinely different claimed parents is genealogical judgement, not a merge. Clusters are shown for a human to rule on. Partial merges found — Q100372+Q109734: same name tokens ('Aznar II Galindez' / 'Aznar Galíndez II')
Q100427	García Fernández of Castile	4	[Q100084 'Sancha Sanchez de Pamplona, reina consorte de Leon' = Q109563 'Sancha Sánchez of Pamplona'] ; [Q100421 'Fernan'] ; [Q109784 'Fernán González of Castile']		yes	4 listed parents do NOT collapse: they cluster into 3 distinct people, more than a biological pair. Deduplication cannot decide which 2 are the real parents, and choosing among 3 genuinely different claimed parents is genealogical judgement, not a merge. Clusters are shown for a human to rule on. Partial merges found — Q100084+Q109563: same given name and every surname token matches as a spelling variant ('Sancha Sanchez de Pamplona, reina consorte de Leon' / 'Sancha Sánchez of Pamplona')
Q100435	Urraca Fernández	4	[Q100084 'Sancha Sanchez de Pamplona, reina consorte de Leon' = Q109563 'Sancha Sánchez of Pamplona'] ; [Q100421 'Fernan'] ; [Q109784 'Fernán González of Castile']		yes	4 listed parents do NOT collapse: they cluster into 3 distinct people, more than a biological pair. Deduplication cannot decide which 2 are the real parents, and choosing among 3 genuinely different claimed parents is genealogical judgement, not a merge. Clusters are shown for a human to rule on. Partial merges found — Q100084+Q109563: same given name and every surname token matches as a spelling variant ('Sancha Sanchez de Pamplona, reina consorte de Leon' / 'Sancha Sánchez of Pamplona')
Q100443	Toda of Pamplona	4	[Q100352 'Onneca o Iniga Fortunez de Pamplona' = Q109355 'Onneca Fortúnez'] ; [Q100364 'Aznar Sanchez de Larraun' = Q109437 'Aznar Sánchez de Larraún']	Q109355,Q109437	no	4 listed parents collapse to 2 distinct person(s): 2 record(s) are duplicates of another listed parent. Evidence — Q100352+Q109355: same given name and every surname token matches as a spelling variant ('Onneca o Iniga Fortunez de Pamplona' / 'Onneca Fortúnez'); Q100364+Q109437: identical label 'Aznar Sanchez de Larraun'. The two survivors are one male and one female, as a biological parent pair should be
Q100483	Gonzalo Fernández of Castile	4	"[Q100120 'Gutina de Castilla'] ; [Q100481 'Fernando Munoz de Castrojeriz ""El Negro""'] ; [Q110520 'Fernando González 'the Black' of Castrosiero'] ; [Q110522 'Gontiña Muñoz']"		yes	4 listed parents do NOT collapse: they cluster into 4 distinct people, more than a biological pair. Deduplication cannot decide which 2 are the real parents, and choosing among 4 genuinely different claimed parents is genealogical judgement, not a merge. Clusters are shown for a human to rule on.
Q100912	Ava of Ribagorza	4	[Q101591 'Raimundo II de Rivagorza'] ; [Q102778 'Garsenda de Fezensac'] ; [Q110422 'Ramon II of Ribagorza'] ; [Q110530 'Garsende of Fesensac']		yes	4 listed parents do NOT collapse: they cluster into 4 distinct people, more than a biological pair. Deduplication cannot decide which 2 are the real parents, and choosing among 4 genuinely different claimed parents is genealogical judgement, not a merge. Clusters are shown for a human to rule on.
Q100948	Sancho II of Pamplona	4	[Q100447 'Garcia I Sanchez' = Q109559 'García Sánchez I of Pamplona'] ; [Q100828 'Andregoto Galindez' = Q109770 'Andregoto Galíndez']	Q109559,Q109770	no	4 listed parents collapse to 2 distinct person(s): 2 record(s) are duplicates of another listed parent. Evidence — Q100447+Q109559: same given name and every surname token matches as a spelling variant ('Garcia I Sanchez' / 'García Sánchez I of Pamplona'); Q100828+Q109770: identical label 'Andregoto Galindez'. The two survivors are one male and one female, as a biological parent pair should be
Q100976	Dadildis of Pallars	4	[Q110054 'Loup Donat'] ; [Q110056 'Faquilena de Roergue'] ; [Q113415 'Lupo de Bigorra, IV Count of Bigorre'] ; [Q113417 'Faquilene de Toulouse (de Rouergue)']		yes	4 listed parents do NOT collapse: they cluster into 4 distinct people, more than a biological pair. Deduplication cannot decide which 2 are the real parents, and choosing among 4 genuinely different claimed parents is genealogical judgement, not a merge. Clusters are shown for a human to rule on.
Q101722	Urraca Garces	4	"[Q100950 'Garcia Sanchez II ""El Tremulo""'] ; [Q101718 'Jimena Fernandez de Leon' = Q110482 'Jimena Fernández'] ; [Q110074 'García Sánchez II of Pamplona']"		yes	4 listed parents do NOT collapse: they cluster into 3 distinct people, more than a biological pair. Deduplication cannot decide which 2 are the real parents, and choosing among 3 genuinely different claimed parents is genealogical judgement, not a merge. Clusters are shown for a human to rule on. Partial merges found — Q101718+Q110482: same given name and every surname token matches as a spelling variant ('Jimena Fernandez de Leon' / 'Jimena Fernández')
Q102603	Pedro Froilaz de Traba	4	[Q103963 'Dna. Elvira de Faro'] ; [Q104027 'Bermudez'] ; [Q125050 'Froila Vermúdez de Traba'] ; [Q125052 'Elvira Mendez de Faro']		yes	4 listed parents do NOT collapse: they cluster into 4 distinct people, more than a biological pair. Deduplication cannot decide which 2 are the real parents, and choosing among 4 genuinely different claimed parents is genealogical judgement, not a merge. Clusters are shown for a human to rule on.
Q102772	Oliba Cabreta	4	[Q101589 'Ava, comtessa consort de Cerdanya' = Q110870 'Ava of Cerdanya'] ; [Q102765 'Miro II el Jove, comte de Cerdanya' = Q111442 'Miró II of Cerdanya']	Q110870,Q111442	no	4 listed parents collapse to 2 distinct person(s): 2 record(s) are duplicates of another listed parent. Evidence — Q101589+Q110870: same given name and every surname token matches as a spelling variant ('Ava, comtessa consort de Cerdanya' / 'Ava of Cerdanya'); Q102765+Q111442: same given name and every surname token matches as a spelling variant ('Miro II el Jove, comte de Cerdanya' / 'Miró II of Cerdanya'). The two survivors are one male and one female, as a biological parent pair should be
Q104007	Sancho II of León and Castile	4	[Q102901 'Fernando I o Magno, rei de Castela'] ; [Q110956 'Ferdinand I of León and Castile'] ; [Q110976 'Sancha of León'] ; [Q123443 'Sancha']		yes	4 listed parents do NOT collapse: they cluster into 4 distinct people, more than a biological pair. Deduplication cannot decide which 2 are the real parents, and choosing among 4 genuinely different claimed parents is genealogical judgement, not a merge. Clusters are shown for a human to rule on.
Q104011	García II of Galicia	4	[Q102901 'Fernando I o Magno, rei de Castela'] ; [Q110956 'Ferdinand I of León and Castile'] ; [Q110976 'Sancha of León'] ; [Q123443 'Sancha']		yes	4 listed parents do NOT collapse: they cluster into 4 distinct people, more than a biological pair. Deduplication cannot decide which 2 are the real parents, and choosing among 4 genuinely different claimed parents is genealogical judgement, not a merge. Clusters are shown for a human to rule on.
Q104013	Alfonso VI of León and Castile	4	[Q102901 'Fernando I o Magno, rei de Castela'] ; [Q110956 'Ferdinand I of León and Castile'] ; [Q110976 'Sancha of León'] ; [Q123443 'Sancha']		yes	4 listed parents do NOT collapse: they cluster into 4 distinct people, more than a biological pair. Deduplication cannot decide which 2 are the real parents, and choosing among 4 genuinely different claimed parents is genealogical judgement, not a merge. Clusters are shown for a human to rule on.
Q104137	Henry of Burgundy	4	[Q106776 'Q106776'] ; [Q106778 'Sibila'] ; [Q111733 'Sybilla of Barcelona'] ; [Q118429 'Henry of Burgundy']		yes	4 listed parents do NOT collapse: they cluster into 4 distinct people, more than a biological pair. Deduplication cannot decide which 2 are the real parents, and choosing among 4 genuinely different claimed parents is genealogical judgement, not a merge. Clusters are shown for a human to rule on.
Q104620	Lope Íñiguez	4	[Q102761 'Toda Fortunez'] ; [Q104616 'Inigo Lopez de Ezquerra' = Q111585 'Íñigo López'] ; [Q110972 'Toda Ortiz']		yes	4 listed parents do NOT collapse: they cluster into 3 distinct people, more than a biological pair. Deduplication cannot decide which 2 are the real parents, and choosing among 3 genuinely different claimed parents is genealogical judgement, not a merge. Clusters are shown for a human to rule on. Partial merges found — Q104616+Q111585: same given name and every surname token matches as a spelling variant ('Inigo Lopez de Ezquerra' / 'Íñigo López')
Q106950	Manrique Perez de Lara	4	"[Q104246 'Eva Perez de Traba'] ; [Q104767 'Pedro ""Queen's Lover"" Gonzalez de Lara' = Q112885 'Pedro González de Lara'] ; [Q112382 'Ava of Rochechouart']"		yes	"4 listed parents do NOT collapse: they cluster into 3 distinct people, more than a biological pair. Deduplication cannot decide which 2 are the real parents, and choosing among 3 genuinely different claimed parents is genealogical judgement, not a merge. Clusters are shown for a human to rule on. Partial merges found — Q104767+Q112885: same given name and every surname token matches as a spelling variant ('Pedro ""Queen's Lover"" Gonzalez de Lara' / 'Pedro González de Lara')"
Q107026	Alphonse Jourdain	4	[Q104282 'Elvira Alfonso de Castilla y Leon' = Q112428 'Elvira of Castile'] ; [Q107024 'Raymond de TOULOUSE' = Q112446 'Raymond IV, Count of Toulouse']	Q112428,Q112446	no	4 listed parents collapse to 2 distinct person(s): 2 record(s) are duplicates of another listed parent. Evidence — Q104282+Q112428: same given name and every surname token matches as a spelling variant ('Elvira Alfonso de Castilla y Leon' / 'Elvira of Castile'); Q107024+Q112446: same given name and every surname token matches as a spelling variant ('Raymond de TOULOUSE' / 'Raymond IV, Count of Toulouse'). The two survivors are one male and one female, as a biological parent pair should be
Q107158	Ermengol VI, Count of Urgell	4	[Q104427 'Maria Perez de Valladolid' = Q115822 'María Pérez'] ; [Q107214 'Ermengol V 'el de Mollerussa' d'Urgell'] ; [Q114802 'Ermengol V, Count of Urgell']		yes	4 listed parents do NOT collapse: they cluster into 3 distinct people, more than a biological pair. Deduplication cannot decide which 2 are the real parents, and choosing among 3 genuinely different claimed parents is genealogical judgement, not a merge. Clusters are shown for a human to rule on. Partial merges found — Q104427+Q115822: same given name and every surname token matches as a spelling variant ('Maria Perez de Valladolid' / 'María Pérez')
Q108942	Muhammad al-Jawad	4	[Q108796 'Ali al-Ridha'] ; [Q108940 'Sabīkah Khayzurān'] ; [Q95394 'Imam Ali al-Rida'] ; [Q95882 'Sabikah Al-Nubi']		yes	4 listed parents do NOT collapse: they cluster into 4 distinct people, more than a biological pair. Deduplication cannot decide which 2 are the real parents, and choosing among 4 genuinely different claimed parents is genealogical judgement, not a merge. Clusters are shown for a human to rule on.
Q110072	Ramiro III of León	4	"[Q100340 'Sancho I ""El Craso"" de Leon' = Q109766 'Sancho I of León'] ; [Q100738 'Teresa Ansurez'] ; [Q110070 'Velasquita Ramírez']"		yes	"4 listed parents do NOT collapse: they cluster into 3 distinct people, more than a biological pair. Deduplication cannot decide which 2 are the real parents, and choosing among 3 genuinely different claimed parents is genealogical judgement, not a merge. Clusters are shown for a human to rule on. Partial merges found — Q100340+Q109766: same given name and every surname token matches as a spelling variant ('Sancho I ""El Craso"" de Leon' / 'Sancho I of León')"
Q110984	Emma of Blois	4	[Q111617 'Theobald I, Count of Blois'] ; [Q111619 'Luitgarde of Vermandois'] ; [Q205591 'Luitgardis'] ; [Q206184 'Thibaud II le Tricheur, comte de Blois']		yes	4 listed parents do NOT collapse: they cluster into 4 distinct people, more than a biological pair. Deduplication cannot decide which 2 are the real parents, and choosing among 4 genuinely different claimed parents is genealogical judgement, not a merge. Clusters are shown for a human to rule on.
Q111623	Odo I, Count of Blois	4	[Q111617 'Theobald I, Count of Blois'] ; [Q111619 'Luitgarde of Vermandois'] ; [Q205591 'Luitgardis'] ; [Q206184 'Thibaud II le Tricheur, comte de Blois']		yes	4 listed parents do NOT collapse: they cluster into 4 distinct people, more than a biological pair. Deduplication cannot decide which 2 are the real parents, and choosing among 4 genuinely different claimed parents is genealogical judgement, not a merge. Clusters are shown for a human to rule on.
Q111637	Ermentrude of Roucy	4	[Q112590 'Renaud of Roucy'] ; [Q112592 'Alberade of Lorraine' = Q206654 'Alberade de Lothringen (Lorraine) von Hennegau von Hainault de Roucy, Countess of Lorraine'] ; [Q205323 'Ragenold (Renaud) I de Rheims 1st conde palatin, Comte de Roucy and de Rheims']		yes	4 listed parents do NOT collapse: they cluster into 3 distinct people, more than a biological pair. Deduplication cannot decide which 2 are the real parents, and choosing among 3 genuinely different claimed parents is genealogical judgement, not a merge. Clusters are shown for a human to rule on. Partial merges found — Q112592+Q206654: same given name and every surname token matches as a spelling variant ('Alberade of Lorraine' / 'Alberade de Lothringen (Lorraine) von Hennegau von Hainault de Roucy, Countess of Lorraine')
Q111659	Clementia of Aquitaine	4	[Q110994 'William VII, Duke of Aquitaine'] ; [Q111657 'Ermesinde of Lotharingia'] ; [Q205418 'Ermesinde I de Longwy, Duchess of Aquitaine'] ; [Q207060 'Pierre Guillaume 'l'Aigret' ou 'le Hardi' d'Aquitaine, VII Duc d'Aquitaine, V Comte de Poitou']		yes	4 listed parents do NOT collapse: they cluster into 4 distinct people, more than a biological pair. Deduplication cannot decide which 2 are the real parents, and choosing among 4 genuinely different claimed parents is genealogical judgement, not a merge. Clusters are shown for a human to rule on.
Q111909	Anicius Probus	4	[Q113011 'Anicia Juliana'] ; [Q75504 'Anicius Olybrius Probus'] ; [Q75507 'Adelphia de Limoge'] ; [Q75516 'Anicius Hermogenianus Olybrius']		yes	4 listed parents do NOT collapse: they cluster into 4 distinct people, more than a biological pair. Deduplication cannot decide which 2 are the real parents, and choosing among 4 genuinely different claimed parents is genealogical judgement, not a merge. Clusters are shown for a human to rule on.
Q111974	Hnabi	4	[Q111205 'Huoching'] ; [Q113099 'NN'] ; [Q206641 'D'Alemanie'] ; [Q208048 'der Alemannen']		yes	4 listed parents do NOT collapse: they cluster into 4 distinct people, more than a biological pair. Deduplication cannot decide which 2 are the real parents, and choosing among 4 genuinely different claimed parents is genealogical judgement, not a merge. Clusters are shown for a human to rule on.
Q112246	Adalard of Paris	4	[Q111432 'Wulhard of Flavigny'] ; [Q111434 'Suzanne'] ; [Q206249 'Susanne'] ; [Q207449 'Wulfhard, comte de Flavigny']		yes	4 listed parents do NOT collapse: they cluster into 4 distinct people, more than a biological pair. Deduplication cannot decide which 2 are the real parents, and choosing among 4 genuinely different claimed parents is genealogical judgement, not a merge. Clusters are shown for a human to rule on.
Q112352	Adelheid van Tours	4	"[Q113620 'Hugh of Tours'] ; [Q113622 'Ava of Morvois' = Q206694 'Ava de Morvois Countess of Lower Alsace'] ; [Q206862 'Hugues II ""le Mefiant"", comte de Tours']"		yes	4 listed parents do NOT collapse: they cluster into 3 distinct people, more than a biological pair. Deduplication cannot decide which 2 are the real parents, and choosing among 3 genuinely different claimed parents is genealogical judgement, not a merge. Clusters are shown for a human to rule on. Partial merges found — Q113622+Q206694: same given name and every surname token matches as a spelling variant ('Ava of Morvois' / 'Ava de Morvois Countess of Lower Alsace')
Q112658	Agnes I, Abbess of Quedlinburg	4	[Q111653 'Judith of Swabia'] ; [Q112656 'Ladislaus I Herman'] ; [Q205037 'Judyta Szwabska'] ; [Q206139 'I ,']		yes	4 listed parents do NOT collapse: they cluster into 4 distinct people, more than a biological pair. Deduplication cannot decide which 2 are the real parents, and choosing among 4 genuinely different claimed parents is genealogical judgement, not a merge. Clusters are shown for a human to rule on.
Q113566	Boso of Provence	4	[Q115645 'Bivin of Gorze'] ; [Q115648 'Richildis of Arles'] ; [Q205578 'Richilde d'Arles'] ; [Q205968 'comte et abbe laic de Gorze']		yes	4 listed parents do NOT collapse: they cluster into 4 distinct people, more than a biological pair. Deduplication cannot decide which 2 are the real parents, and choosing among 4 genuinely different claimed parents is genealogical judgement, not a merge. Clusters are shown for a human to rule on.
Q113606	Adrian, Count of Orléans	4	[Q113103 'Emma of Alamannia'] ; [Q115073 'Gerold of Vinzgau'] ; [Q206669 'Gerold I, graf im Kraichgau und Anglachgau'] ; [Q207029 'Imma']		yes	4 listed parents do NOT collapse: they cluster into 4 distinct people, more than a biological pair. Deduplication cannot decide which 2 are the real parents, and choosing among 4 genuinely different claimed parents is genealogical judgement, not a merge. Clusters are shown for a human to rule on.
Q113626	Ermengarde of Tours	4	"[Q113620 'Hugh of Tours'] ; [Q113622 'Ava of Morvois' = Q206694 'Ava de Morvois Countess of Lower Alsace'] ; [Q206862 'Hugues II ""le Mefiant"", comte de Tours']"		yes	4 listed parents do NOT collapse: they cluster into 3 distinct people, more than a biological pair. Deduplication cannot decide which 2 are the real parents, and choosing among 3 genuinely different claimed parents is genealogical judgement, not a merge. Clusters are shown for a human to rule on. Partial merges found — Q113622+Q206694: same given name and every surname token matches as a spelling variant ('Ava of Morvois' / 'Ava de Morvois Countess of Lower Alsace')
Q113732	Adela of Roucy	4	[Q113716 'Hilduin IV of Montdidier'] ; [Q113718 'Alix de Roucy'] ; [Q113989 'Beatrix de Hainaut'] ; [Q208745 'Count of Reims I Ebles']		yes	4 listed parents do NOT collapse: they cluster into 4 distinct people, more than a biological pair. Deduplication cannot decide which 2 are the real parents, and choosing among 4 genuinely different claimed parents is genealogical judgement, not a merge. Clusters are shown for a human to rule on.
Q113874	Otto I	4	[Q116255 'Liudolf, Duke of Saxony'] ; [Q116257 'Oda of Billung'] ; [Q205410 'Liudolfo da Saxonia'] ; [Q205411 'Oda']		yes	4 listed parents do NOT collapse: they cluster into 4 distinct people, more than a biological pair. Deduplication cannot decide which 2 are the real parents, and choosing among 4 genuinely different claimed parents is genealogical judgement, not a merge. Clusters are shown for a human to rule on.
Q113906	Henry II, Duke of Bavaria	4	[Q112470 'Henry I'] ; [Q113904 'Judith of Bavaria'] ; [Q205599 'Judite'] ; [Q205981 'Henrique I da Baviera']		yes	4 listed parents do NOT collapse: they cluster into 4 distinct people, more than a biological pair. Deduplication cannot decide which 2 are the real parents, and choosing among 4 genuinely different claimed parents is genealogical judgement, not a merge. Clusters are shown for a human to rule on.
Q113966	Siegfried of Luxembourg	4	[Q113960 'Wigeric of Lotharingia'] ; [Q113962 'Cunigunda of France'] ; [Q205984 'Cunigunda, countess of Treves & Ardennes'] ; [Q208757 'NN /3rd husband/partner of Cunigonde/']		yes	4 listed parents do NOT collapse: they cluster into 4 distinct people, more than a biological pair. Deduplication cannot decide which 2 are the real parents, and choosing among 4 genuinely different claimed parents is genealogical judgement, not a merge. Clusters are shown for a human to rule on.
Q113981	Gilbert, Duke of Burgundy	4	"[Q115656 'Ermengarde'] ; [Q116565 'Manassès I'] ; [Q205967 'Manasses II ""l'Ancien"" Comte de Chalons Comte de Dijon'] ; [Q206593 'Ermengarde Of Bourgogne']"		yes	4 listed parents do NOT collapse: they cluster into 4 distinct people, more than a biological pair. Deduplication cannot decide which 2 are the real parents, and choosing among 4 genuinely different claimed parents is genealogical judgement, not a merge. Clusters are shown for a human to rule on.
Q113989	Beatrix de Hainaut	4	[Q112488 'Hedwig of France, Countess of Mons'] ; [Q113985 'Reginar IV, Count of Mons'] ; [Q205601 'Reinier IV, graaf van Henegouwen'] ; [Q206713 'Hedwige De France']		yes	4 listed parents do NOT collapse: they cluster into 4 distinct people, more than a biological pair. Deduplication cannot decide which 2 are the real parents, and choosing among 4 genuinely different claimed parents is genealogical judgement, not a merge. Clusters are shown for a human to rule on.
Q114020	Berengar II of Italy	4	[Q116637 'Adalbert I of Ivrea'] ; [Q116639 'Gisela of Friuli'] ; [Q205191 'Adalberto I, marchese d'Ivrea'] ; [Q206967 'Gisla del Friuli']		yes	4 listed parents do NOT collapse: they cluster into 4 distinct people, more than a biological pair. Deduplication cannot decide which 2 are the real parents, and choosing among 4 genuinely different claimed parents is genealogical judgement, not a merge. Clusters are shown for a human to rule on.
Q114197	Geoffrey II, Count of Gâtinais	4	[Q112602 'Béatrice de Mâcon' = Q206731 'Beatrice de Macon'] ; [Q114193 'Hugues du Perche' = Q205255 'Hugues du Perche, Comte de Gatinais']	Q112602,Q114193	no	4 listed parents collapse to 2 distinct person(s): 2 record(s) are duplicates of another listed parent. Evidence — Q112602+Q206731: identical label 'Béatrice de Mâcon'; Q114193+Q205255: same given name and every surname token matches as a spelling variant ('Hugues du Perche' / 'Hugues du Perche, Comte de Gatinais'). The two survivors are one male and one female, as a biological parent pair should be
Q114223	Robert Guiscard	4	[Q113948 'Fressenda of Hauteville'] ; [Q116459 'Tancred of Hauteville'] ; [Q205221 'Tancredi d'Altavilla'] ; [Q205224 'Person Q205224']		yes	4 listed parents do NOT collapse: they cluster into 4 distinct people, more than a biological pair. Deduplication cannot decide which 2 are the real parents, and choosing among 4 genuinely different claimed parents is genealogical judgement, not a merge. Clusters are shown for a human to rule on.
Q114283	Adelaide of Susa	4	[Q117063 'Ulric Manfred II of Turin'] ; [Q117065 'Bertha of Milan'] ; [Q206692 'Olderico Manfredi II degli Arduinici marchese di Torino e Susa'] ; [Q206966 'Berta degli Obertenghi di Milano']		yes	4 listed parents do NOT collapse: they cluster into 4 distinct people, more than a biological pair. Deduplication cannot decide which 2 are the real parents, and choosing among 4 genuinely different claimed parents is genealogical judgement, not a merge. Clusters are shown for a human to rule on.
Q114435	Bertha of Rheinfelden	4	[Q112666 'Rudolf of Rheinfelden' = Q206334 'Rudolf of Rheinfelden, King of Germany'] ; [Q114305 'Adelaide of Savoy'] ; [Q205565 'Adelaide de Maurienne (de Savoie, di Susa)']		yes	4 listed parents do NOT collapse: they cluster into 3 distinct people, more than a biological pair. Deduplication cannot decide which 2 are the real parents, and choosing among 3 genuinely different claimed parents is genealogical judgement, not a merge. Clusters are shown for a human to rule on. Partial merges found — Q112666+Q206334: same given name and every surname token matches as a spelling variant ('Rudolf of Rheinfelden' / 'Rudolf of Rheinfelden, King of Germany')
Q114552	Fulk, King of Jerusalem	4	"[Q112699 'Fulk le Réchin'] ; [Q114540 'Bertrade of Montfort' = Q206271 'Bertrade de Montfort, reine des Francs'] ; [Q208842 'Foulques IV ""le Rechin"", comte d'Anjou']"		yes	4 listed parents do NOT collapse: they cluster into 3 distinct people, more than a biological pair. Deduplication cannot decide which 2 are the real parents, and choosing among 3 genuinely different claimed parents is genealogical judgement, not a merge. Clusters are shown for a human to rule on. Partial merges found — Q114540+Q206271: same given name and every surname token matches as a spelling variant ('Bertrade of Montfort' / 'Bertrade de Montfort, reine des Francs')
Q114708	Hugh II, Duke of Burgundy	4	[Q112803 'Odo I, Duke of Burgundy'] ; [Q114213 'Sibylla of Burgundy, Duchess of Burgundy'] ; [Q118443 'Eudes I 'Borel' duc de Bourgogne'] ; [Q205237 'Sibylle, duchesse consort de Bourgogne']		yes	4 listed parents do NOT collapse: they cluster into 4 distinct people, more than a biological pair. Deduplication cannot decide which 2 are the real parents, and choosing among 4 genuinely different claimed parents is genealogical judgement, not a merge. Clusters are shown for a human to rule on.
Q115077	Hildegard of Vinzgouw	4	[Q113103 'Emma of Alamannia'] ; [Q115073 'Gerold of Vinzgau'] ; [Q206669 'Gerold I, graf im Kraichgau und Anglachgau'] ; [Q207029 'Imma']		yes	4 listed parents do NOT collapse: they cluster into 4 distinct people, more than a biological pair. Deduplication cannot decide which 2 are the real parents, and choosing among 4 genuinely different claimed parents is genealogical judgement, not a merge. Clusters are shown for a human to rule on.
Q115514	Ermengarde of Hesbaye	4	[Q118932 'Ingerman of Hesbaye'] ; [Q118934 'Rotrude' = Q205063 'Rotrude'] ; [Q207022 'Ingram, comte de Hesbaye']		yes	4 listed parents do NOT collapse: they cluster into 3 distinct people, more than a biological pair. Deduplication cannot decide which 2 are the real parents, and choosing among 3 genuinely different claimed parents is genealogical judgement, not a merge. Clusters are shown for a human to rule on. Partial merges found — Q118934+Q205063: identical label 'Rotrude'
Q115656	Ermengarde	4	[Q113566 'Boso of Provence'] ; [Q113568 'Ermengard of Italy'] ; [Q115658 'Louis II of Italy'] ; [Q205360 'Engelberga']		yes	4 listed parents do NOT collapse: they cluster into 4 distinct people, more than a biological pair. Deduplication cannot decide which 2 are the real parents, and choosing among 4 genuinely different claimed parents is genealogical judgement, not a merge. Clusters are shown for a human to rule on.
Q115700	Boso, Margrave of Tuscany	4	[Q119079 'Theobald of Arles' = Q205102 'Theobald, comte d'Arles'] ; [Q119081 'Bertha of Lotharingia'] ; [Q206068 'Bertha, margravine de Toscane']		yes	4 listed parents do NOT collapse: they cluster into 3 distinct people, more than a biological pair. Deduplication cannot decide which 2 are the real parents, and choosing among 3 genuinely different claimed parents is genealogical judgement, not a merge. Clusters are shown for a human to rule on. Partial merges found — Q119079+Q205102: same given name and every surname token matches as a spelling variant ('Theobald of Arles' / 'Theobald, comte d'Arles')
Q115988	Amadeus III, Count of Savoy	4	"[Q113776 'Gisela of Burgundy'] ; [Q115984 'Umberto II, Count of Savoy'] ; [Q205169 'Umberto II, conte di Savoia ""il Rinforzato""'] ; [Q205447 'Gisela']"		yes	4 listed parents do NOT collapse: they cluster into 4 distinct people, more than a biological pair. Deduplication cannot decide which 2 are the real parents, and choosing among 4 genuinely different claimed parents is genealogical judgement, not a merge. Clusters are shown for a human to rule on.
Q115990	Adelaide of Maurienne	4	"[Q113776 'Gisela of Burgundy'] ; [Q115984 'Umberto II, Count of Savoy'] ; [Q205169 'Umberto II, conte di Savoia ""il Rinforzato""'] ; [Q205447 'Gisela']"		yes	4 listed parents do NOT collapse: they cluster into 4 distinct people, more than a biological pair. Deduplication cannot decide which 2 are the real parents, and choosing among 4 genuinely different claimed parents is genealogical judgement, not a merge. Clusters are shown for a human to rule on.
Q116080	Roger I of Sicily	4	[Q113948 'Fressenda of Hauteville'] ; [Q116459 'Tancred of Hauteville'] ; [Q205221 'Tancredi d'Altavilla'] ; [Q205224 'Person Q205224']		yes	4 listed parents do NOT collapse: they cluster into 4 distinct people, more than a biological pair. Deduplication cannot decide which 2 are the real parents, and choosing among 4 genuinely different claimed parents is genealogical judgement, not a merge. Clusters are shown for a human to rule on.
Q116259	Liutgard of Saxony	4	[Q116255 'Liudolf, Duke of Saxony'] ; [Q116257 'Oda of Billung'] ; [Q205410 'Liudolfo da Saxonia'] ; [Q205411 'Oda']		yes	4 listed parents do NOT collapse: they cluster into 4 distinct people, more than a biological pair. Deduplication cannot decide which 2 are the real parents, and choosing among 4 genuinely different claimed parents is genealogical judgement, not a merge. Clusters are shown for a human to rule on.
Q116263	Hathumod	4	[Q116255 'Liudolf, Duke of Saxony'] ; [Q116257 'Oda of Billung'] ; [Q205410 'Liudolfo da Saxonia'] ; [Q205411 'Oda']		yes	4 listed parents do NOT collapse: they cluster into 4 distinct people, more than a biological pair. Deduplication cannot decide which 2 are the real parents, and choosing among 4 genuinely different claimed parents is genealogical judgement, not a merge. Clusters are shown for a human to rule on.
Q116313	Reginar II, Count of Hainaut	4	[Q116311 'Reginar I Longneck' = Q206655 'Reginar I Longneck de Lotharingia duc de Lorraine, comte de Hainault'] ; [Q120077 'Alberade von Kleve'] ; [Q206658 'Alberade ou Hersent De Lorraine']		yes	4 listed parents do NOT collapse: they cluster into 3 distinct people, more than a biological pair. Deduplication cannot decide which 2 are the real parents, and choosing among 3 genuinely different claimed parents is genealogical judgement, not a merge. Clusters are shown for a human to rule on. Partial merges found — Q116311+Q206655: same given name and every surname token matches as a spelling variant ('Reginar I Longneck' / 'Reginar I Longneck de Lotharingia duc de Lorraine, comte de Hainault')
Q116461	William Iron Arm	4	[Q113946 'Miruel of Hauteville'] ; [Q116459 'Tancred of Hauteville'] ; [Q205096 'Muriella de Normandie'] ; [Q205221 'Tancredi d'Altavilla']		yes	4 listed parents do NOT collapse: they cluster into 4 distinct people, more than a biological pair. Deduplication cannot decide which 2 are the real parents, and choosing among 4 genuinely different claimed parents is genealogical judgement, not a merge. Clusters are shown for a human to rule on.
Q116463	Drogo of Hauteville	4	[Q113946 'Miruel of Hauteville'] ; [Q116459 'Tancred of Hauteville'] ; [Q205096 'Muriella de Normandie'] ; [Q205221 'Tancredi d'Altavilla']		yes	4 listed parents do NOT collapse: they cluster into 4 distinct people, more than a biological pair. Deduplication cannot decide which 2 are the real parents, and choosing among 4 genuinely different claimed parents is genealogical judgement, not a merge. Clusters are shown for a human to rule on.
Q116473	William of the Principate	4	[Q113948 'Fressenda of Hauteville'] ; [Q116459 'Tancred of Hauteville'] ; [Q205221 'Tancredi d'Altavilla'] ; [Q205224 'Person Q205224']		yes	4 listed parents do NOT collapse: they cluster into 4 distinct people, more than a biological pair. Deduplication cannot decide which 2 are the real parents, and choosing among 4 genuinely different claimed parents is genealogical judgement, not a merge. Clusters are shown for a human to rule on.
Q116555	Sophie, Countess of Bar	4	[Q113978 'Frederick II, Duke of Upper Lorraine'] ; [Q114253 'Matilda of Swabia'] ; [Q205628 'Матильда Швабская'] ; [Q206520 'Friedrich II. Herzog von Oberlothringen']		yes	4 listed parents do NOT collapse: they cluster into 4 distinct people, more than a biological pair. Deduplication cannot decide which 2 are the real parents, and choosing among 4 genuinely different claimed parents is genealogical judgement, not a merge. Clusters are shown for a human to rule on.
Q116751	Adela of Hamaland	4	[Q114105 'Liutgarde of Flanders'] ; [Q116747 'Wickman, Count of Hamaland'] ; [Q206142 'de Flandre'] ; [Q206715 'Wichmann IV (V) van Hamaland, graaf van Gent en Hamaland']		yes	4 listed parents do NOT collapse: they cluster into 4 distinct people, more than a biological pair. Deduplication cannot decide which 2 are the real parents, and choosing among 4 genuinely different claimed parents is genealogical judgement, not a merge. Clusters are shown for a human to rule on.
Q116765	Ardolf I of Guînes	4	[Q114109 'Elstrude de Flandre'] ; [Q116763 'Siegfried I of Guînes'] ; [Q205116 'Elstrude, gravin van Vlaanderen'] ; [Q205199 'Sigfried le Danois']		yes	4 listed parents do NOT collapse: they cluster into 4 distinct people, more than a biological pair. Deduplication cannot decide which 2 are the real parents, and choosing among 4 genuinely different claimed parents is genealogical judgement, not a merge. Clusters are shown for a human to rule on.
Q117025	Gertrude of Brunswick	4	[Q114273 'Egbert I, Margrave of Meissen'] ; [Q117023 'Immilla of Turin'] ; [Q206768 'Person Q206768'] ; [Q206938 'Eckbert I, margrave of Meissen']		yes	4 listed parents do NOT collapse: they cluster into 4 distinct people, more than a biological pair. Deduplication cannot decide which 2 are the real parents, and choosing among 4 genuinely different claimed parents is genealogical judgement, not a merge. Clusters are shown for a human to rule on.
Q117646	Albert III of Namur	4	[Q120099 'Albert II of Namur' = Q205615 'Albert II comte de Namur'] ; [Q120522 'Regelindis of Lower-Lorraine'] ; [Q205616 'Regilinde de Namur']		yes	4 listed parents do NOT collapse: they cluster into 3 distinct people, more than a biological pair. Deduplication cannot decide which 2 are the real parents, and choosing among 3 genuinely different claimed parents is genealogical judgement, not a merge. Clusters are shown for a human to rule on. Partial merges found — Q120099+Q205615: same given name and every surname token matches as a spelling variant ('Albert II of Namur' / 'Albert II comte de Namur')
Q119089	Lambert, Margrave of Tuscany	4	"[Q119081 'Bertha of Lotharingia'] ; [Q124159 'Adalbert II, Margrave of Tuscany'] ; [Q206068 'Bertha, margravine de Toscane'] ; [Q206795 'Adalberto II ""il Ricco"" marchese di Toscana']"		yes	4 listed parents do NOT collapse: they cluster into 4 distinct people, more than a biological pair. Deduplication cannot decide which 2 are the real parents, and choosing among 4 genuinely different claimed parents is genealogical judgement, not a merge. Clusters are shown for a human to rule on.
Q120042	Louis the Child	4	[Q120038 'Arnulf of Carinthia'] ; [Q124165 'Ota'] ; [Q205695 'Oda'] ; [Q208193 'Arnulf Arnoul ( Batard ) von Karnten']		yes	4 listed parents do NOT collapse: they cluster into 4 distinct people, more than a biological pair. Deduplication cannot decide which 2 are the real parents, and choosing among 4 genuinely different claimed parents is genealogical judgement, not a merge. Clusters are shown for a human to rule on.
Q120052	Gerberga of Lorraine	4	[Q116287 'Godfrey, Count Palatine of Lotharingia'] ; [Q118910 'Ermentrud des Francs'] ; [Q205368 'Billung Im Padergau'] ; [Q206379 'Person Q206379']		yes	4 listed parents do NOT collapse: they cluster into 4 distinct people, more than a biological pair. Deduplication cannot decide which 2 are the real parents, and choosing among 4 genuinely different claimed parents is genealogical judgement, not a merge. Clusters are shown for a human to rule on.
Q120105	Cunigunde of Swabia	4	[Q118950 'Gisela'] ; [Q124044 'Berchthold I of Swabia'] ; [Q205611 'Berthold I, pfalzgraf in Schwaben'] ; [Q206757 'Gisela of Alsace']		yes	4 listed parents do NOT collapse: they cluster into 4 distinct people, more than a biological pair. Deduplication cannot decide which 2 are the real parents, and choosing among 4 genuinely different claimed parents is genealogical judgement, not a merge. Clusters are shown for a human to rule on.
Q120402	Boniface III, Margrave of Tuscany	4	[Q124149 'Willa of Tuscany'] ; [Q125945 'Tedald of Canossa'] ; [Q205329 'Tedaldo di Canossa margrave of Brescia, Modena, Ferrara, Reggio & Mantua'] ; [Q207812 'Willa III Hucpoldinga']		yes	4 listed parents do NOT collapse: they cluster into 4 distinct people, more than a biological pair. Deduplication cannot decide which 2 are the real parents, and choosing among 4 genuinely different claimed parents is genealogical judgement, not a merge. Clusters are shown for a human to rule on.
Q120926	Joscelin I, Count of Edessa	4	[Q116945 'Joscelin de Courtenay' = Q205121 'Joscelin I, seigneur de Courtenay'] ; [Q120612 'Elizabeth of Montlhéry'] ; [Q206234 'Elisabeth de Montlhery']		yes	4 listed parents do NOT collapse: they cluster into 3 distinct people, more than a biological pair. Deduplication cannot decide which 2 are the real parents, and choosing among 3 genuinely different claimed parents is genealogical judgement, not a merge. Clusters are shown for a human to rule on. Partial merges found — Q116945+Q205121: same given name and every surname token matches as a spelling variant ('Joscelin de Courtenay' / 'Joscelin I, seigneur de Courtenay')
Q121509	Henry the Lion	4	[Q117221 'Gertrude of Süpplingenburg'] ; [Q121400 'Henry X'] ; [Q205296 'Gertrud of Supplingenburg, Duchess of Bavaria'] ; [Q206868 'Heinrich der Stolze, Herzog von Bayern']		yes	4 listed parents do NOT collapse: they cluster into 4 distinct people, more than a biological pair. Deduplication cannot decide which 2 are the real parents, and choosing among 4 genuinely different claimed parents is genealogical judgement, not a merge. Clusters are shown for a human to rule on.
Q121971	Adelaide of Mochental	4	[Q117455 'Diepold II, Margrave of Vohburg'] ; [Q117457 'Liutgard von Zähringen'] ; [Q205785 'Diepold II von Vohburg Graf im bayerischen Nordgau'] ; [Q206578 'Luitgard von Karnten']		yes	4 listed parents do NOT collapse: they cluster into 4 distinct people, more than a biological pair. Deduplication cannot decide which 2 are the real parents, and choosing among 4 genuinely different claimed parents is genealogical judgement, not a merge. Clusters are shown for a human to rule on.
Q122303	Thierry of Lorraine, Count of Flanders	4	[Q117600 'Theodoric II'] ; [Q120462 'Gertrude of Flanders'] ; [Q205966 'Diederik II, hertog van Lotharingen'] ; [Q207467 'Gertrudis, gravin van Leuven']		yes	4 listed parents do NOT collapse: they cluster into 4 distinct people, more than a biological pair. Deduplication cannot decide which 2 are the real parents, and choosing among 4 genuinely different claimed parents is genealogical judgement, not a merge. Clusters are shown for a human to rule on.
Q123513	Pedro Ponce de Cabrera	4	[Q104451 'Ponce Vela de Cabrera' = Q119272 'Ponce Vela de Cabrera'] ; [Q105173 'Teresa Rodriguez Giron' = Q124377 'Teresa Rodríguez Girón']	Q119272,Q124377	no	4 listed parents collapse to 2 distinct person(s): 2 record(s) are duplicates of another listed parent. Evidence — Q104451+Q119272: identical label 'Ponce Vela de Cabrera'; Q105173+Q124377: identical label 'Teresa Rodriguez Giron'. The two survivors are one male and one female, as a biological parent pair should be
Q124235	Martim Pires da Maia	4	[Q103713 'Elvira Viegas' = Q124229 'Elvira Viegas de Ribadouro'] ; [Q103715 'Pedro Pais' = Q119179 'Pedro Pais da Maia']	Q124229,Q119179	no	4 listed parents collapse to 2 distinct person(s): 2 record(s) are duplicates of another listed parent. Evidence — Q103713+Q124229: same given name and every surname token matches as a spelling variant ('Elvira Viegas' / 'Elvira Viegas de Ribadouro'); Q103715+Q119179: same given name and every surname token matches as a spelling variant ('Pedro Pais' / 'Pedro Pais da Maia'). The two survivors are one male and one female, as a biological parent pair should be
Q124261	Gonçalo Mendes II de Sousa	4	[Q104081 'Teresa Anes de Lima'] ; [Q104149 'Mendo de Sousa' = Q119197 'Mendo Gonçalves I de Sousa'] ; [Q124257 'Maria Rodrigues Veloso']		yes	4 listed parents do NOT collapse: they cluster into 3 distinct people, more than a biological pair. Deduplication cannot decide which 2 are the real parents, and choosing among 3 genuinely different claimed parents is genealogical judgement, not a merge. Clusters are shown for a human to rule on. Partial merges found — Q104149+Q119197: same given name and every surname token matches as a spelling variant ('Mendo de Sousa' / 'Mendo Gonçalves I de Sousa')
Q126047	Adelaide of Leuven	4	[Q120462 'Gertrude of Flanders'] ; [Q120862 'Henry III, Count of Louvain'] ; [Q206526 'Hendrik III van Leuven en Brussel'] ; [Q207467 'Gertrudis, gravin van Leuven']		yes	4 listed parents do NOT collapse: they cluster into 4 distinct people, more than a biological pair. Deduplication cannot decide which 2 are the real parents, and choosing among 4 genuinely different claimed parents is genealogical judgement, not a merge. Clusters are shown for a human to rule on.
Q126305	Obizzo I d’Este	4	[Q120728 'Fulco I, Margrave of Milan'] ; [Q126303 'NN'] ; [Q205936 'N.N.'] ; [Q206648 '/Fulco I of /Este-Milan/fulk/']		yes	4 listed parents do NOT collapse: they cluster into 4 distinct people, more than a biological pair. Deduplication cannot decide which 2 are the real parents, and choosing among 4 genuinely different claimed parents is genealogical judgement, not a merge. Clusters are shown for a human to rule on.
Q129997	Nemesis	4	[Q130498 'Q130498'] ; [Q130652 'Q130652'] ; [Q74717 'Erebos'] ; [Q74720 'Nyx']		yes	4 listed parents do NOT collapse: they cluster into 4 distinct people, more than a biological pair. Deduplication cannot decide which 2 are the real parents, and choosing among 4 genuinely different claimed parents is genealogical judgement, not a merge. Clusters are shown for a human to rule on.
Q130392	Aether	4	[Q130498 'Q130498'] ; [Q130652 'Q130652'] ; [Q74717 'Erebos'] ; [Q74720 'Nyx']		yes	4 listed parents do NOT collapse: they cluster into 4 distinct people, more than a biological pair. Deduplication cannot decide which 2 are the real parents, and choosing among 4 genuinely different claimed parents is genealogical judgement, not a merge. Clusters are shown for a human to rule on.
Q130584	Epimetheus	4	[Q75054 'Themis'] ; [Q75225 'Iapetos' = Q90374 'Iapetos'] ; [Q90317 'Clymene Asia']		yes	4 listed parents do NOT collapse: they cluster into 3 distinct people, more than a biological pair. Deduplication cannot decide which 2 are the real parents, and choosing among 3 genuinely different claimed parents is genealogical judgement, not a merge. Clusters are shown for a human to rule on. Partial merges found — Q75225+Q90374: identical label 'Iapetos'
Q130588	Menoetius	4	[Q75054 'Themis'] ; [Q75225 'Iapetos' = Q90374 'Iapetos'] ; [Q90317 'Clymene Asia']		yes	4 listed parents do NOT collapse: they cluster into 3 distinct people, more than a biological pair. Deduplication cannot decide which 2 are the real parents, and choosing among 3 genuinely different claimed parents is genealogical judgement, not a merge. Clusters are shown for a human to rule on. Partial merges found — Q75225+Q90374: identical label 'Iapetos'
Q131430	Dies	4	[Q130498 'Q130498'] ; [Q130652 'Q130652'] ; [Q74717 'Erebos'] ; [Q74720 'Nyx']		yes	4 listed parents do NOT collapse: they cluster into 4 distinct people, more than a biological pair. Deduplication cannot decide which 2 are the real parents, and choosing among 4 genuinely different claimed parents is genealogical judgement, not a merge. Clusters are shown for a human to rule on.
Q131552	Charon	4	[Q130498 'Q130498'] ; [Q130652 'Q130652'] ; [Q74717 'Erebos'] ; [Q74720 'Nyx']		yes	4 listed parents do NOT collapse: they cluster into 4 distinct people, more than a biological pair. Deduplication cannot decide which 2 are the real parents, and choosing among 4 genuinely different claimed parents is genealogical judgement, not a merge. Clusters are shown for a human to rule on.
Q131554	Eris	4	[Q130498 'Q130498'] ; [Q130652 'Q130652'] ; [Q74717 'Erebos'] ; [Q74720 'Nyx']		yes	4 listed parents do NOT collapse: they cluster into 4 distinct people, more than a biological pair. Deduplication cannot decide which 2 are the real parents, and choosing among 4 genuinely different claimed parents is genealogical judgement, not a merge. Clusters are shown for a human to rule on.
Q131556	Hypnos	4	[Q130498 'Q130498'] ; [Q130652 'Q130652'] ; [Q74717 'Erebos'] ; [Q74720 'Nyx']		yes	4 listed parents do NOT collapse: they cluster into 4 distinct people, more than a biological pair. Deduplication cannot decide which 2 are the real parents, and choosing among 4 genuinely different claimed parents is genealogical judgement, not a merge. Clusters are shown for a human to rule on.
Q131560	Thanatos	4	[Q130498 'Q130498'] ; [Q130652 'Q130652'] ; [Q74717 'Erebos'] ; [Q74720 'Nyx']		yes	4 listed parents do NOT collapse: they cluster into 4 distinct people, more than a biological pair. Deduplication cannot decide which 2 are the real parents, and choosing among 4 genuinely different claimed parents is genealogical judgement, not a merge. Clusters are shown for a human to rule on.
Q131562	Momus	4	[Q130498 'Q130498'] ; [Q130652 'Q130652'] ; [Q74717 'Erebos'] ; [Q74720 'Nyx']		yes	4 listed parents do NOT collapse: they cluster into 4 distinct people, more than a biological pair. Deduplication cannot decide which 2 are the real parents, and choosing among 4 genuinely different claimed parents is genealogical judgement, not a merge. Clusters are shown for a human to rule on.
Q131566	Geras	4	[Q130498 'Q130498'] ; [Q130652 'Q130652'] ; [Q74717 'Erebos'] ; [Q74720 'Nyx']		yes	4 listed parents do NOT collapse: they cluster into 4 distinct people, more than a biological pair. Deduplication cannot decide which 2 are the real parents, and choosing among 4 genuinely different claimed parents is genealogical judgement, not a merge. Clusters are shown for a human to rule on.
Q131568	Oneiroi	4	[Q130498 'Q130498'] ; [Q130652 'Q130652'] ; [Q74717 'Erebos'] ; [Q74720 'Nyx']		yes	4 listed parents do NOT collapse: they cluster into 4 distinct people, more than a biological pair. Deduplication cannot decide which 2 are the real parents, and choosing among 4 genuinely different claimed parents is genealogical judgement, not a merge. Clusters are shown for a human to rule on.
Q131570	Keres	4	[Q130498 'Q130498'] ; [Q130652 'Q130652'] ; [Q74717 'Erebos'] ; [Q74720 'Nyx']		yes	4 listed parents do NOT collapse: they cluster into 4 distinct people, more than a biological pair. Deduplication cannot decide which 2 are the real parents, and choosing among 4 genuinely different claimed parents is genealogical judgement, not a merge. Clusters are shown for a human to rule on.
Q131574	Moros	4	[Q130498 'Q130498'] ; [Q130652 'Q130652'] ; [Q74717 'Erebos'] ; [Q74720 'Nyx']		yes	4 listed parents do NOT collapse: they cluster into 4 distinct people, more than a biological pair. Deduplication cannot decide which 2 are the real parents, and choosing among 4 genuinely different claimed parents is genealogical judgement, not a merge. Clusters are shown for a human to rule on.
Q131578	Epiphron	4	[Q130498 'Q130498'] ; [Q130652 'Q130652'] ; [Q74717 'Erebos'] ; [Q74720 'Nyx']		yes	4 listed parents do NOT collapse: they cluster into 4 distinct people, more than a biological pair. Deduplication cannot decide which 2 are the real parents, and choosing among 4 genuinely different claimed parents is genealogical judgement, not a merge. Clusters are shown for a human to rule on.
Q131580	Phantasos	4	[Q130498 'Q130498'] ; [Q130652 'Q130652'] ; [Q74717 'Erebos'] ; [Q74720 'Nyx']		yes	4 listed parents do NOT collapse: they cluster into 4 distinct people, more than a biological pair. Deduplication cannot decide which 2 are the real parents, and choosing among 4 genuinely different claimed parents is genealogical judgement, not a merge. Clusters are shown for a human to rule on.
Q131582	Eleos	4	[Q130498 'Q130498'] ; [Q130652 'Q130652'] ; [Q74717 'Erebos'] ; [Q74720 'Nyx']		yes	4 listed parents do NOT collapse: they cluster into 4 distinct people, more than a biological pair. Deduplication cannot decide which 2 are the real parents, and choosing among 4 genuinely different claimed parents is genealogical judgement, not a merge. Clusters are shown for a human to rule on.
Q131584	Hybris	4	[Q130498 'Q130498'] ; [Q130652 'Q130652'] ; [Q74717 'Erebos'] ; [Q74720 'Nyx']		yes	4 listed parents do NOT collapse: they cluster into 4 distinct people, more than a biological pair. Deduplication cannot decide which 2 are the real parents, and choosing among 4 genuinely different claimed parents is genealogical judgement, not a merge. Clusters are shown for a human to rule on.
Q131586	Amicitia	4	[Q130498 'Q130498'] ; [Q130652 'Q130652'] ; [Q74717 'Erebos'] ; [Q74720 'Nyx']		yes	4 listed parents do NOT collapse: they cluster into 4 distinct people, more than a biological pair. Deduplication cannot decide which 2 are the real parents, and choosing among 4 genuinely different claimed parents is genealogical judgement, not a merge. Clusters are shown for a human to rule on.
Q131588	Contentio	4	[Q130498 'Q130498'] ; [Q130652 'Q130652'] ; [Q74717 'Erebos'] ; [Q74720 'Nyx']		yes	4 listed parents do NOT collapse: they cluster into 4 distinct people, more than a biological pair. Deduplication cannot decide which 2 are the real parents, and choosing among 4 genuinely different claimed parents is genealogical judgement, not a merge. Clusters are shown for a human to rule on.
Q131590	Dumiles	4	[Q130498 'Q130498'] ; [Q130652 'Q130652'] ; [Q74717 'Erebos'] ; [Q74720 'Nyx']		yes	4 listed parents do NOT collapse: they cluster into 4 distinct people, more than a biological pair. Deduplication cannot decide which 2 are the real parents, and choosing among 4 genuinely different claimed parents is genealogical judgement, not a merge. Clusters are shown for a human to rule on.
Q131592	Epaphus	4	[Q130498 'Q130498'] ; [Q130652 'Q130652'] ; [Q74717 'Erebos'] ; [Q74720 'Nyx']		yes	4 listed parents do NOT collapse: they cluster into 4 distinct people, more than a biological pair. Deduplication cannot decide which 2 are the real parents, and choosing among 4 genuinely different claimed parents is genealogical judgement, not a merge. Clusters are shown for a human to rule on.
Q131594	Euphrosyne	4	[Q130498 'Q130498'] ; [Q130652 'Q130652'] ; [Q74717 'Erebos'] ; [Q74720 'Nyx']		yes	4 listed parents do NOT collapse: they cluster into 4 distinct people, more than a biological pair. Deduplication cannot decide which 2 are the real parents, and choosing among 4 genuinely different claimed parents is genealogical judgement, not a merge. Clusters are shown for a human to rule on.
Q132030	Vesta	4	[Q132028 'Q132028'] ; [Q132029 'Q132029'] ; [Q74677 'Ops'] ; [Q74680 'Saturn']		yes	4 listed parents do NOT collapse: they cluster into 4 distinct people, more than a biological pair. Deduplication cannot decide which 2 are the real parents, and choosing among 4 genuinely different claimed parents is genealogical judgement, not a merge. Clusters are shown for a human to rule on.
Q135766	Perseus of Macedon	4	[Q135629 'Philip V of Macedon'] ; [Q135765 'Polycratia of Argos'] ; [Q165331 'Φίλιππος'] ; [Q165425 'Πολυκρατία']		yes	4 listed parents do NOT collapse: they cluster into 4 distinct people, more than a biological pair. Deduplication cannot decide which 2 are the real parents, and choosing among 4 genuinely different claimed parents is genealogical judgement, not a merge. Clusters are shown for a human to rule on.
Q138545	Jesus Christ	4	[Q137751 'Joseph'] ; [Q138539 'Mary'] ; [Q153725 'Tiberius Julius Abdes Pantera'] ; [Q153726 'Yahweh']		yes	4 listed parents do NOT collapse: they cluster into 4 distinct people, more than a biological pair. Deduplication cannot decide which 2 are the real parents, and choosing among 4 genuinely different claimed parents is genealogical judgement, not a merge. Clusters are shown for a human to rule on.
Q139631	Lucius Aemilius Paullus	4	[Q138434 'Paullus Aemilius Lepidus'] ; [Q139597 'Cornelia'] ; [Q70949 'Cornelia Scipio'] ; [Q70952 'Lucius milius Lepidus Paullus']		yes	4 listed parents do NOT collapse: they cluster into 4 distinct people, more than a biological pair. Deduplication cannot decide which 2 are the real parents, and choosing among 4 genuinely different claimed parents is genealogical judgement, not a merge. Clusters are shown for a human to rule on.
Q143499	Sancho III of Navarre	4	"[Q100950 'Garcia Sanchez II ""El Tremulo""'] ; [Q101718 'Jimena Fernandez de Leon' = Q110482 'Jimena Fernández'] ; [Q110074 'García Sánchez II of Pamplona']"		yes	4 listed parents do NOT collapse: they cluster into 3 distinct people, more than a biological pair. Deduplication cannot decide which 2 are the real parents, and choosing among 3 genuinely different claimed parents is genealogical judgement, not a merge. Clusters are shown for a human to rule on. Partial merges found — Q101718+Q110482: same given name and every surname token matches as a spelling variant ('Jimena Fernandez de Leon' / 'Jimena Fernández')
Q147881	Gisulf I of Salerno	4	"[Q143964 'Guaimar II of Salerno'] ; [Q147879 'Gaitelgrima of Benevento'] ; [Q206421 'Guaimario II ""il Gobbo"" principe di Salerno'] ; [Q206427 'Gaitelgrima di Capua']"		yes	4 listed parents do NOT collapse: they cluster into 4 distinct people, more than a biological pair. Deduplication cannot decide which 2 are the real parents, and choosing among 4 genuinely different claimed parents is genealogical judgement, not a merge. Clusters are shown for a human to rule on.
Q148329	Julia Soaemias	4	[Q151864 'Julius Avitus'] ; [Q166158 'Julius Calpurnius Piso Avidius Cassius Severus (Julius Piso III)'] ; [Q166165 'Julia Maesa' = Q4680 'Julia Maesa']		yes	4 listed parents do NOT collapse: they cluster into 3 distinct people, more than a biological pair. Deduplication cannot decide which 2 are the real parents, and choosing among 3 genuinely different claimed parents is genealogical judgement, not a merge. Clusters are shown for a human to rule on. Partial merges found — Q166165+Q4680: identical label 'Julia Maesa'
Q148331	Severus Alexander	4	[Q144407 'Elagabalus'] ; [Q166205 'Julia Avita Mamaea' = Q4681 'Julia Avita Mamaea'] ; [Q166247 'Marcus Julius Gessius Marcianus']		yes	4 listed parents do NOT collapse: they cluster into 3 distinct people, more than a biological pair. Deduplication cannot decide which 2 are the real parents, and choosing among 3 genuinely different claimed parents is genealogical judgement, not a merge. Clusters are shown for a human to rule on. Partial merges found — Q166205+Q4681: identical label 'Julia Avita Mamaea'
Q151904	Valerius Adelphius Bassus	4	[Q123597 'Adelphia'] ; [Q151879 'Lucius Valerius Septimius Bassus' = Q75582 'Lucius Valerius Septimus Bassus'] ; [Q75585 'Adelphia Probia']		yes	4 listed parents do NOT collapse: they cluster into 3 distinct people, more than a biological pair. Deduplication cannot decide which 2 are the real parents, and choosing among 3 genuinely different claimed parents is genealogical judgement, not a merge. Clusters are shown for a human to rule on. Partial merges found — Q151879+Q75582: labels 98% identical, same given name ('Lucius Valerius Septimius Bassus' / 'Lucius Valerius Septimus Bassus')
Q153342	Abhimanyu	4	[Q153353 'Subhadra Placeholder surname'] ; [Q1888 'Arjuna' = Q49428 'Arjuna'] ; [Q49424 'Subhadra']		yes	4 listed parents do NOT collapse: they cluster into 3 distinct people, more than a biological pair. Deduplication cannot decide which 2 are the real parents, and choosing among 3 genuinely different claimed parents is genealogical judgement, not a merge. Clusters are shown for a human to rule on. Partial merges found — Q1888+Q49428: identical label 'Arjuna'
Q153355	Suddhodana Gautama	4	[Q1910 'Kacchana Of Devadaha'] ; [Q1911 'Sihahanu King of Shakya'] ; [Q49496 'Kacchana'] ; [Q49500 'Sihahanu']		yes	4 listed parents do NOT collapse: they cluster into 4 distinct people, more than a biological pair. Deduplication cannot decide which 2 are the real parents, and choosing among 4 genuinely different claimed parents is genealogical judgement, not a merge. Clusters are shown for a human to rule on.
Q153356	Amita 	4	[Q1910 'Kacchana Of Devadaha'] ; [Q1911 'Sihahanu King of Shakya'] ; [Q49496 'Kacchana'] ; [Q49500 'Sihahanu']		yes	4 listed parents do NOT collapse: they cluster into 4 distinct people, more than a biological pair. Deduplication cannot decide which 2 are the real parents, and choosing among 4 genuinely different claimed parents is genealogical judgement, not a merge. Clusters are shown for a human to rule on.
Q153423	Maharaja Tarumanagara IX - Sudawarman (628-639) Placeholder surname	4	[Q153413 'Maharaja Tarumanagara VII - Suryawarman (535-561) Placeholder surname'] ; [Q1998 'Suryawarman'] ; [Q49739 'Mutya Sakti daughter of Fulan'] ; [Q49827 'NN (Wife of Suryawarman)']		yes	4 listed parents do NOT collapse: they cluster into 4 distinct people, more than a biological pair. Deduplication cannot decide which 2 are the real parents, and choosing among 4 genuinely different claimed parents is genealogical judgement, not a merge. Clusters are shown for a human to rule on.
Q153435	Maharaja Tarumanagara IV - Wisnuwarman (434-455) Placeholder surname	4	[Q2019 'Dewi Jelita' = Q49915 'Dewi Jelita'] ; [Q49911 'Purnawarman son of Dharmayawarman'] ; [Q49919 'Dewi Jwalita daughter of Wirawarman']		yes	4 listed parents do NOT collapse: they cluster into 3 distinct people, more than a biological pair. Deduplication cannot decide which 2 are the real parents, and choosing among 3 genuinely different claimed parents is genealogical judgement, not a merge. Clusters are shown for a human to rule on. Partial merges found — Q2019+Q49915: identical label 'Dewi Jelita'
Q153492	ARUNDHATI Vasishta	4	[Q153398 'DEVAHUTI Kardama'] ; [Q160509 'DEVAHUTI Manu'] ; [Q160510 'KARDAMA' = Q1954 'KARDAMA']		yes	4 listed parents do NOT collapse: they cluster into 3 distinct people, more than a biological pair. Deduplication cannot decide which 2 are the real parents, and choosing among 3 genuinely different claimed parents is genealogical judgement, not a merge. Clusters are shown for a human to rule on. Partial merges found — Q160510+Q1954: identical label 'KARDAMA'
Q153495	ILINA Tansu	4	[Q153504 'Sumati \ Tansu Matinara Matinara Matinara Matinara Matinara Matinara Matinara Tansu' = Q29975 'Sumati \ Tansu Tansu \Matinara'] ; [Q50556 'Kalingi Tansu'] ; [Q53546 'Q53546']		yes	4 listed parents do NOT collapse: they cluster into 3 distinct people, more than a biological pair. Deduplication cannot decide which 2 are the real parents, and choosing among 3 genuinely different claimed parents is genealogical judgement, not a merge. Clusters are shown for a human to rule on. Partial merges found — Q153504+Q29975: same given name and every surname token matches as a spelling variant ('Sumati \ Tansu Matinara Matinara Matinara Matinara Matinara Matinara Matinara Tansu' / 'Sumati \ Tansu Tansu \Matinara')
Q153509	BUDHA (planet Mercury) Chandra	4	[Q153521 'CHANDRA \ SOMA (Haoma), the moon-god Indu Atri Atri Atri Atri Atri Atri Atri SOMA (Haoma), the moon-god Indu' = Q30007 'CHANDRA \ SOMA (Haoma), the moon-god Indu SOMA (Haoma), the moon-god Indu \Atri'] ; [Q50629 'Tara'] ; [Q53579 'Q53579']		yes	4 listed parents do NOT collapse: they cluster into 3 distinct people, more than a biological pair. Deduplication cannot decide which 2 are the real parents, and choosing among 3 genuinely different claimed parents is genealogical judgement, not a merge. Clusters are shown for a human to rule on. Partial merges found — Q153521+Q30007: same given name and every surname token matches as a spelling variant ('CHANDRA \ SOMA (Haoma), the moon-god Indu Atri Atri Atri Atri Atri Atri Atri SOMA (Haoma), the moon-god Indu' / 'CHANDRA \ SOMA (Haoma), the moon-god Indu SOMA (Haoma), the moon-god Indu \Atri')
Q153669	Maharaja Sriwijaya XV - Sangrama-Vijayottunggawarman (1017-1030) Placeholder surname?	4	[Q1761 'Maharaja Sriwijaya XIII - Sri Cudamani Warmadewa (9881008)' = Q48766 'Maharaja Sriwijaya XIII - Sri Cudamani Warmadewa (9881008)'] ; [Q1762 'Sri Mara-Wijayottunggawarman'] ; [Q48762 'N.N.']		yes	4 listed parents do NOT collapse: they cluster into 3 distinct people, more than a biological pair. Deduplication cannot decide which 2 are the real parents, and choosing among 3 genuinely different claimed parents is genealogical judgement, not a merge. Clusters are shown for a human to rule on. Partial merges found — Q1761+Q48766: identical label 'Maharaja Sriwijaya XIII - Sri Cudamani Warmadewa (9881008)'
Q153670	Kancanasari bint Cucu Demunawan	4	[Q153350 'Raja Kuningan IV' = Q160397 'Raja Kuningan IV - NN'] ; [Q160398 'Istri Cucu Demunawan bint Fulan'] ; [Q49411 'Istri Cucu Demunawan daughter of Fulan']		yes	4 listed parents do NOT collapse: they cluster into 3 distinct people, more than a biological pair. Deduplication cannot decide which 2 are the real parents, and choosing among 3 genuinely different claimed parents is genealogical judgement, not a merge. Clusters are shown for a human to rule on. Partial merges found — Q153350+Q160397: same given name and every surname token matches as a spelling variant ('Raja Kuningan IV' / 'Raja Kuningan IV - NN')
Q160438	King Sihahanu of Shakya	4	[Q160437 'Kaccana of Devadeha'] ; [Q160467 'Jayasena' = Q160468 'JAYASENA'] ; [Q160469 'N.N.']		yes	4 listed parents do NOT collapse: they cluster into 3 distinct people, more than a biological pair. Deduplication cannot decide which 2 are the real parents, and choosing among 3 genuinely different claimed parents is genealogical judgement, not a merge. Clusters are shown for a human to rule on. Partial merges found — Q160467+Q160468: identical label 'Jayasena'
Q160569	Maharaja Tarumanagara IX - Sudawarman (628-639)	4	[Q160551 'Mutya Sakti bint Fulan'] ; [Q160552 'Maharaja Tarumanagara VII - Suryawarman (535-561)'] ; [Q160588 'NN (Wife of Suryawarman)'] ; [Q160589 'Great King of Tarumanagara VII - Suryawarman (535-561)']		yes	4 listed parents do NOT collapse: they cluster into 4 distinct people, more than a biological pair. Deduplication cannot decide which 2 are the real parents, and choosing among 4 genuinely different claimed parents is genealogical judgement, not a merge. Clusters are shown for a human to rule on.
Q160604	Suklawatidewi bint Wiryabanyu	4	[Q160623 'Raja Indraprahasta III - Wiryabanyu (421-444)'] ; [Q160624 'Nilem Sari bint Welutbraja'] ; [Q160625 'NN (Wife of Mulawarman)'] ; [Q160626 'Great King of Kutai Martadipura I - Mulawarman (400-446)']		yes	4 listed parents do NOT collapse: they cluster into 4 distinct people, more than a biological pair. Deduplication cannot decide which 2 are the real parents, and choosing among 4 genuinely different claimed parents is genealogical judgement, not a merge. Clusters are shown for a human to rule on.
Q160627	Maharaja Tarumanagara III - Purnawarman (395-434)	4	[Q160655 'Istri ke-1 Dharmayawarman bint Fulan'] ; [Q160656 'Maharaja Tarumanagara II - Dharmayawarman (382-395)'] ; [Q160657 'NN (1st Wife of Darmayawarman)'] ; [Q160658 'Great King of Tarumanagara II - Dharmayawarman (382-395)']		yes	4 listed parents do NOT collapse: they cluster into 4 distinct people, more than a biological pair. Deduplication cannot decide which 2 are the real parents, and choosing among 4 genuinely different claimed parents is genealogical judgement, not a merge. Clusters are shown for a human to rule on.
Q161754	Raden Ayu Retna Pembayun	4	[Q161645 'Sri Prabu Kertawijaya (Bhre Kertabhumi) Brawijaya-5'] ; [Q171354 'Ratu Amaravati, Dewi Dwarawati' = Q171504 'Ratu Dwarawati (Dewi Amarawati)'] ; [Q171370 'Wandan Sari (Siu Ban Ci) Banyowi']		yes	4 listed parents do NOT collapse: they cluster into 3 distinct people, more than a biological pair. Deduplication cannot decide which 2 are the real parents, and choosing among 3 genuinely different claimed parents is genealogical judgement, not a merge. Clusters are shown for a human to rule on. Partial merges found — Q171354+Q171504: same given name and every surname token matches as a spelling variant ('Ratu Amaravati, Dewi Dwarawati' / 'Ratu Dwarawati (Dewi Amarawati)')
Q169342	KRIPAcharya	4	[Q160494 'SATYAVATI Matsyagandhi'] ; [Q170365 'SHARADWAT'] ; [Q170489 'JANAPADI'] ; [Q1944 'Shantanu']		yes	4 listed parents do NOT collapse: they cluster into 4 distinct people, more than a biological pair. Deduplication cannot decide which 2 are the real parents, and choosing among 4 genuinely different claimed parents is genealogical judgement, not a merge. Clusters are shown for a human to rule on.
Q169343	KRIPI	4	[Q160494 'SATYAVATI Matsyagandhi'] ; [Q170365 'SHARADWAT'] ; [Q170489 'JANAPADI'] ; [Q1944 'Shantanu']		yes	4 listed parents do NOT collapse: they cluster into 4 distinct people, more than a biological pair. Deduplication cannot decide which 2 are the real parents, and choosing among 4 genuinely different claimed parents is genealogical judgement, not a merge. Clusters are shown for a human to rule on.
Q169837	BALARAMA Vasudeva	4	[Q160387 'NANDA RAI aka NANDA BABA of GOKUL Shurasena'] ; [Q160431 'Rohini'] ; [Q1877 'Vasudeva'] ; [Q49383 'Yashoda']		yes	4 listed parents do NOT collapse: they cluster into 4 distinct people, more than a biological pair. Deduplication cannot decide which 2 are the real parents, and choosing among 4 genuinely different claimed parents is genealogical judgement, not a merge. Clusters are shown for a human to rule on.
Q170333	Kaksreyu	4	[Q160921 'MISRAKESI'] ; [Q160922 'RAUDRASVA Ahamyati'] ; [Q160923 'SURASENI Pravira'] ; [Q160924 'PRAVIRA Puru']		yes	4 listed parents do NOT collapse: they cluster into 4 distinct people, more than a biological pair. Deduplication cannot decide which 2 are the real parents, and choosing among 4 genuinely different claimed parents is genealogical judgement, not a merge. Clusters are shown for a human to rule on.
Q170334	Vrikeyu	4	[Q160921 'MISRAKESI'] ; [Q160922 'RAUDRASVA Ahamyati'] ; [Q160923 'SURASENI Pravira'] ; [Q160924 'PRAVIRA Puru']		yes	4 listed parents do NOT collapse: they cluster into 4 distinct people, more than a biological pair. Deduplication cannot decide which 2 are the real parents, and choosing among 4 genuinely different claimed parents is genealogical judgement, not a merge. Clusters are shown for a human to rule on.
Q170335	Sthandileyu	4	[Q160921 'MISRAKESI'] ; [Q160922 'RAUDRASVA Ahamyati'] ; [Q160923 'SURASENI Pravira'] ; [Q160924 'PRAVIRA Puru']		yes	4 listed parents do NOT collapse: they cluster into 4 distinct people, more than a biological pair. Deduplication cannot decide which 2 are the real parents, and choosing among 4 genuinely different claimed parents is genealogical judgement, not a merge. Clusters are shown for a human to rule on.
Q170336	Vaneyu	4	[Q160921 'MISRAKESI'] ; [Q160922 'RAUDRASVA Ahamyati'] ; [Q160923 'SURASENI Pravira'] ; [Q160924 'PRAVIRA Puru']		yes	4 listed parents do NOT collapse: they cluster into 4 distinct people, more than a biological pair. Deduplication cannot decide which 2 are the real parents, and choosing among 4 genuinely different claimed parents is genealogical judgement, not a merge. Clusters are shown for a human to rule on.
Q170337	Jaleyu	4	[Q160921 'MISRAKESI'] ; [Q160922 'RAUDRASVA Ahamyati'] ; [Q160923 'SURASENI Pravira'] ; [Q160924 'PRAVIRA Puru']		yes	4 listed parents do NOT collapse: they cluster into 4 distinct people, more than a biological pair. Deduplication cannot decide which 2 are the real parents, and choosing among 4 genuinely different claimed parents is genealogical judgement, not a merge. Clusters are shown for a human to rule on.
Q170338	Tejeyu	4	[Q160921 'MISRAKESI'] ; [Q160922 'RAUDRASVA Ahamyati'] ; [Q160923 'SURASENI Pravira'] ; [Q160924 'PRAVIRA Puru']		yes	4 listed parents do NOT collapse: they cluster into 4 distinct people, more than a biological pair. Deduplication cannot decide which 2 are the real parents, and choosing among 4 genuinely different claimed parents is genealogical judgement, not a merge. Clusters are shown for a human to rule on.
Q170339	Satyeyu	4	[Q160921 'MISRAKESI'] ; [Q160922 'RAUDRASVA Ahamyati'] ; [Q160923 'SURASENI Pravira'] ; [Q160924 'PRAVIRA Puru']		yes	4 listed parents do NOT collapse: they cluster into 4 distinct people, more than a biological pair. Deduplication cannot decide which 2 are the real parents, and choosing among 4 genuinely different claimed parents is genealogical judgement, not a merge. Clusters are shown for a human to rule on.
Q170340	DHARMEYU Raudrasva	4	[Q160921 'MISRAKESI'] ; [Q160922 'RAUDRASVA Ahamyati'] ; [Q160923 'SURASENI Pravira'] ; [Q160924 'PRAVIRA Puru']		yes	4 listed parents do NOT collapse: they cluster into 4 distinct people, more than a biological pair. Deduplication cannot decide which 2 are the real parents, and choosing among 4 genuinely different claimed parents is genealogical judgement, not a merge. Clusters are shown for a human to rule on.
Q170341	Sannateyu	4	[Q160921 'MISRAKESI'] ; [Q160922 'RAUDRASVA Ahamyati'] ; [Q160923 'SURASENI Pravira'] ; [Q160924 'PRAVIRA Puru']		yes	4 listed parents do NOT collapse: they cluster into 4 distinct people, more than a biological pair. Deduplication cannot decide which 2 are the real parents, and choosing among 4 genuinely different claimed parents is genealogical judgement, not a merge. Clusters are shown for a human to rule on.
Q1876	Devaki	4	[Q153358 'UGRASENA Ahuka' = Q160412 'UGRASENA Ahuka'] ; [Q160411 'PADMAVATI Satyaketu' = Q49436 'PADMAVATI Satyaketu']	Q160412,Q160411	no	4 listed parents collapse to 2 distinct person(s): 2 record(s) are duplicates of another listed parent. Evidence — Q153358+Q160412: identical label 'UGRASENA Ahuka'; Q160411+Q49436: identical label 'PADMAVATI Satyaketu'. The two survivors are one male and one female, as a biological parent pair should be
Q1944	Shantanu	4	[Q160519 'SUNANDA Pratipa' = Q49655 'Sunanda Pratipa'] ; [Q160520 'PRATIPA' = Q1958 'Pratipa']	Q160519,Q160520	no	4 listed parents collapse to 2 distinct person(s): 2 record(s) are duplicates of another listed parent. Evidence — Q160519+Q49655: identical label 'SUNANDA Pratipa'; Q160520+Q1958: identical label 'PRATIPA'. The two survivors are one male and one female, as a biological parent pair should be
Q195227	Teti do Egito	4	[Q195291 'Khenebta-Re'] ; [Q195293 'Neferka-Re . .'] ; [Q85780 'Khaba'] ; [Q85782 'Q85782']		yes	4 listed parents do NOT collapse: they cluster into 4 distinct people, more than a biological pair. Deduplication cannot decide which 2 are the real parents, and choosing among 4 genuinely different claimed parents is genealogical judgement, not a merge. Clusters are shown for a human to rule on.
Q195228	Nysuteh do Egito	4	[Q195291 'Khenebta-Re'] ; [Q195293 'Neferka-Re . .'] ; [Q85780 'Khaba'] ; [Q85782 'Q85782']		yes	4 listed parents do NOT collapse: they cluster into 4 distinct people, more than a biological pair. Deduplication cannot decide which 2 are the real parents, and choosing among 4 genuinely different claimed parents is genealogical judgement, not a merge. Clusters are shown for a human to rule on.
Q195366	Osorkon IV	4	[Q195083 'Tadibast'] ; [Q195339 'Shoshenq V, Pharaoh of Egypt'] ; [Q195547 'N.N.'] ; [Q195660 'Pimay']		yes	4 listed parents do NOT collapse: they cluster into 4 distinct people, more than a biological pair. Deduplication cannot decide which 2 are the real parents, and choosing among 4 genuinely different claimed parents is genealogical judgement, not a merge. Clusters are shown for a human to rule on.
Q2076	Bharata	4	[Q153482 'DUSHYANTA Ilina' = Q160789 'DUSHYANTA Ilina'] ; [Q153483 'Shakuntala Placeholder surname'] ; [Q160790 'SHAKUNTALA Viswamitra']		yes	4 listed parents do NOT collapse: they cluster into 3 distinct people, more than a biological pair. Deduplication cannot decide which 2 are the real parents, and choosing among 3 genuinely different claimed parents is genealogical judgement, not a merge. Clusters are shown for a human to rule on. Partial merges found — Q153482+Q160789: identical label 'DUSHYANTA Ilina'
Q2137	MATINARA	4	[Q153525 'RICHEYU \ ANADHRISHTI Raudraswa Raudraswa Raudraswa Raudraswa Raudraswa Raudraswa Raudraswa ANADHRISHTI' = Q29983 'RICHEYU \ ANADHRISHTI ANADHRISHTI \Raudraswa'] ; [Q50661 'Jwala'] ; [Q53554 'Q53554']		yes	4 listed parents do NOT collapse: they cluster into 3 distinct people, more than a biological pair. Deduplication cannot decide which 2 are the real parents, and choosing among 3 genuinely different claimed parents is genealogical judgement, not a merge. Clusters are shown for a human to rule on. Partial merges found — Q153525+Q29983: same given name and every surname token matches as a spelling variant ('RICHEYU \ ANADHRISHTI Raudraswa Raudraswa Raudraswa Raudraswa Raudraswa Raudraswa Raudraswa ANADHRISHTI' / 'RICHEYU \ ANADHRISHTI ANADHRISHTI \Raudraswa')
Q2359	SHRUT	4	[Q28376 'Solar Dynasty'] ; [Q30011 'BHAGIRATHA son of Dilipa'] ; [Q52332 'Q52332'] ; [Q53583 'Q53583']		yes	4 listed parents do NOT collapse: they cluster into 4 distinct people, more than a biological pair. Deduplication cannot decide which 2 are the real parents, and choosing among 4 genuinely different claimed parents is genealogical judgement, not a merge. Clusters are shown for a human to rule on.
Q2449	Peshotanu of Iran	4	[Q2412 'Pouru Chishti Kayan'] ; [Q29096 'Vishtaspa Raja Iran'] ; [Q52661 'Q52661'] ; [Q52669 'Q52669']		yes	4 listed parents do NOT collapse: they cluster into 4 distinct people, more than a biological pair. Deduplication cannot decide which 2 are the real parents, and choosing among 4 genuinely different claimed parents is genealogical judgement, not a merge. Clusters are shown for a human to rule on.
Q28308	JARASANDHA  Brihadratha	4	[Q28320 'King VRIHADRATHA'] ; [Q51341 'PRINCESS 1 of KASHI Brihadratha'] ; [Q52276 'Q52276'] ; [Q53518 'Q53518']		yes	4 listed parents do NOT collapse: they cluster into 4 distinct people, more than a biological pair. Deduplication cannot decide which 2 are the real parents, and choosing among 4 genuinely different claimed parents is genealogical judgement, not a merge. Clusters are shown for a human to rule on.
Q28429	of Vedic period	4	[Q2344 'BAHUKA' = Q51442 'BAHUKA'] ; [Q51447 'YADAVI Asita'] ; [Q52396 'Q52396']		yes	4 listed parents do NOT collapse: they cluster into 3 distinct people, more than a biological pair. Deduplication cannot decide which 2 are the real parents, and choosing among 3 genuinely different claimed parents is genealogical judgement, not a merge. Clusters are shown for a human to rule on. Partial merges found — Q2344+Q51442: identical label 'BAHUKA'
Q28921	HARISHCHANDRA (Dhundumara)  Trishanku	4	[Q2369 'SATYAVRATA aka Trishanku' = Q51475 'SATYAVRATA aka Trishanku'] ; [Q51479 'SATYARADHA'] ; [Q52496 'Q52496']		yes	4 listed parents do NOT collapse: they cluster into 3 distinct people, more than a biological pair. Deduplication cannot decide which 2 are the real parents, and choosing among 3 genuinely different claimed parents is genealogical judgement, not a merge. Clusters are shown for a human to rule on. Partial merges found — Q2369+Q51475: identical label 'SATYAVRATA aka Trishanku'
Q28998	AMBARISHA  Mandhata	4	[Q29002 'MANDHATA of Ikshvaku Dynasty'] ; [Q29006 'BINDUMATI Mandhata'] ; [Q52568 'Q52568'] ; [Q52572 'Q52572']		yes	4 listed parents do NOT collapse: they cluster into 4 distinct people, more than a biological pair. Deduplication cannot decide which 2 are the real parents, and choosing among 4 genuinely different claimed parents is genealogical judgement, not a merge. Clusters are shown for a human to rule on.
Q29108	Isfandiyar \ Spandodata \ Isfendiyar \ Spendoclata  Raja Iran	4	[Q2412 'Pouru Chishti Kayan'] ; [Q29096 'Vishtaspa Raja Iran'] ; [Q52661 'Q52661'] ; [Q52669 'Q52669']		yes	4 listed parents do NOT collapse: they cluster into 4 distinct people, more than a biological pair. Deduplication cannot decide which 2 are the real parents, and choosing among 4 genuinely different claimed parents is genealogical judgement, not a merge. Clusters are shown for a human to rule on.
Q29140	kay kaus  Raja Iran	4	[Q29144 'kay uyarsh Raja Iran'] ; [Q29156 'kay apiveh Raja Iran'] ; [Q52709 'Q52709'] ; [Q52721 'Q52721']		yes	4 listed parents do NOT collapse: they cluster into 4 distinct people, more than a biological pair. Deduplication cannot decide which 2 are the real parents, and choosing among 4 genuinely different claimed parents is genealogical judgement, not a merge. Clusters are shown for a human to rule on.
Q29144	kay uyarsh  Raja Iran	4	[Q29148 'kay pisan Raja Iran'] ; [Q29152 'kay arsh Raja Iran'] ; [Q52713 'Q52713'] ; [Q52717 'Q52717']		yes	4 listed parents do NOT collapse: they cluster into 4 distinct people, more than a biological pair. Deduplication cannot decide which 2 are the real parents, and choosing among 4 genuinely different claimed parents is genealogical judgement, not a merge. Clusters are shown for a human to rule on.
Q29425	Hittite Princess	4	[Q2489 'Hattusili III'] ; [Q51850 'Hattusili'] ; [Q51854 'Puduhepa (Putukhipa)'] ; [Q52986 'Q52986']		yes	4 listed parents do NOT collapse: they cluster into 4 distinct people, more than a biological pair. Deduplication cannot decide which 2 are the real parents, and choosing among 4 genuinely different claimed parents is genealogical judgement, not a merge. Clusters are shown for a human to rule on.
Q29766	Malcolm  Mureybet	4	[Q29770 'George Gobekli'] ; [Q29782 'Xenia Haplogroup X'] ; [Q53342 'Q53342'] ; [Q53354 'Q53354']		yes	4 listed parents do NOT collapse: they cluster into 4 distinct people, more than a biological pair. Deduplication cannot decide which 2 are the real parents, and choosing among 4 genuinely different claimed parents is genealogical judgement, not a merge. Clusters are shown for a human to rule on.
Q31841	Beatriz  Andrada Bocanegra	4	[Q31801 'Alonso Perez de Bocanegra y de la Cavalleria'] ; [Q33406 'Guiomar de Villasenor y Cervantes'] ; [Q90225 'Juan Gutierrez de Bocanegra'] ; [Q92778 'Beatriz de Jaramillo y Andrada']		yes	4 listed parents do NOT collapse: they cluster into 4 distinct people, more than a biological pair. Deduplication cannot decide which 2 are the real parents, and choosing among 4 genuinely different claimed parents is genealogical judgement, not a merge. Clusters are shown for a human to rule on.
Q32146	Francisco  Ramirez de Arellano y Zuniga	4	[Q31110 'Leonor de Zuniga y Guevara'] ; [Q92384 'Juan Ramirez de Arellano y Gonzalez de la Plazuela'] ; [Q92386 'Francisco Ramirez de Arellano y Zuniga'] ; [Q92908 'Ana Gonzalez del Aguila']		yes	4 listed parents do NOT collapse: they cluster into 4 distinct people, more than a biological pair. Deduplication cannot decide which 2 are the real parents, and choosing among 4 genuinely different claimed parents is genealogical judgement, not a merge. Clusters are shown for a human to rule on.
Q32949	Tomas  de Baeza Polanco	4	[Q31601 'Isabel de Polanco' = Q92268 'Isabel de Polanco'] ; [Q92698 'Pedro de Tardajos'] ; [Q92710 'Francisco de Baeza']		yes	4 listed parents do NOT collapse: they cluster into 3 distinct people, more than a biological pair. Deduplication cannot decide which 2 are the real parents, and choosing among 3 genuinely different claimed parents is genealogical judgement, not a merge. Clusters are shown for a human to rule on. Partial merges found — Q31601+Q92268: identical label 'Isabel de Polanco'
Q32953	Juan Bautista  de Baeza Polanco	4	[Q31601 'Isabel de Polanco' = Q92268 'Isabel de Polanco'] ; [Q92698 'Pedro de Tardajos'] ; [Q92710 'Francisco de Baeza']		yes	4 listed parents do NOT collapse: they cluster into 3 distinct people, more than a biological pair. Deduplication cannot decide which 2 are the real parents, and choosing among 3 genuinely different claimed parents is genealogical judgement, not a merge. Clusters are shown for a human to rule on. Partial merges found — Q31601+Q92268: identical label 'Isabel de Polanco'
Q35312	Francisca  de Valdes Cervantes	4	[Q33301 'Luisa de Lara Cervantes' = Q33358 'Luisa de Lara Cervantes'] ; [Q93485 'Luis de Valdes'] ; [Q93500 'Alonso de Valdes']		yes	4 listed parents do NOT collapse: they cluster into 3 distinct people, more than a biological pair. Deduplication cannot decide which 2 are the real parents, and choosing among 3 genuinely different claimed parents is genealogical judgement, not a merge. Clusters are shown for a human to rule on. Partial merges found — Q33301+Q33358: identical label 'Luisa de Lara Cervantes'
Q39056	Leonor  de Moctezuma	4	[Q38931 'Teotlaco de Tacuba'] ; [Q39124 'Acatlan Moctezuma'] ; [Q4839 'Tzihuacxochitzin'] ; [Q4872 'Montezuma Xocoyotsin']		yes	4 listed parents do NOT collapse: they cluster into 4 distinct people, more than a biological pair. Deduplication cannot decide which 2 are the real parents, and choosing among 4 genuinely different claimed parents is genealogical judgement, not a merge. Clusters are shown for a human to rule on.
Q40310	Maria  Ruiz de Esparza y Lopez de Elizalde	4	[Q39732 'Martin Ruiz de Esparza y Gabay'] ; [Q39740 'Jacinto Ruiz de Esparza Navarro'] ; [Q40306 'Maria Angelina Lopez de Elizalde y Becerra'] ; [Q40378 'Juana Maria Lopez De Elizalde']		yes	4 listed parents do NOT collapse: they cluster into 4 distinct people, more than a biological pair. Deduplication cannot decide which 2 are the real parents, and choosing among 4 genuinely different claimed parents is genealogical judgement, not a merge. Clusters are shown for a human to rule on.
Q43294	Michael of Trebizond	4	[Q167287 'John Megas Komnenos'] ; [Q167321 'Eudokia Palaiologina' = Q40967 'Eudokia Palaiologina'] ; [Q43290 'John II of Trebizond']		yes	4 listed parents do NOT collapse: they cluster into 3 distinct people, more than a biological pair. Deduplication cannot decide which 2 are the real parents, and choosing among 3 genuinely different claimed parents is genealogical judgement, not a merge. Clusters are shown for a human to rule on. Partial merges found — Q167321+Q40967: identical label 'Eudokia Palaiologina'
Q46203	Andronikos III of Trebizond	4	[Q167318 '(: )'] ; [Q167322 'Alexios II Megas Komnenos'] ; [Q43298 'Alexios II of Trebizond'] ; [Q46195 'Jiajak Jaqeli']		yes	4 listed parents do NOT collapse: they cluster into 4 distinct people, more than a biological pair. Deduplication cannot decide which 2 are the real parents, and choosing among 4 genuinely different claimed parents is genealogical judgement, not a merge. Clusters are shown for a human to rule on.
Q49500	Sihahanu	4	[Q49496 'Kacchana'] ; [Q49553 'Jayasena' = Q49561 'Jayasena'] ; [Q49557 'N.N.']		yes	4 listed parents do NOT collapse: they cluster into 3 distinct people, more than a biological pair. Deduplication cannot decide which 2 are the real parents, and choosing among 3 genuinely different claimed parents is genealogical judgement, not a merge. Clusters are shown for a human to rule on. Partial merges found — Q49553+Q49561: identical label 'Jayasena'
Q49911	Purnawarman son of  Dharmayawarman	4	[Q49984 'NN (1st Wife of Darmayawarman)'] ; [Q49988 'Darmayawarman'] ; [Q49992 'Istri ke-1 Dharmayawarman daughter of Fulan'] ; [Q49996 'Dharmayawarman son of Jayasingawarman']		yes	4 listed parents do NOT collapse: they cluster into 4 distinct people, more than a biological pair. Deduplication cannot decide which 2 are the real parents, and choosing among 4 genuinely different claimed parents is genealogical judgement, not a merge. Clusters are shown for a human to rule on.
Q50033	Alexios I of Trebizond	4	[Q167239 'Rusudan of Georgia' = Q55551 'Rusudan, daughter of George III of Georgia'] ; [Q167249 'Manuel Komnenos' = Q55547 'Manuel Komnenos']	Q55551,Q55547	no	4 listed parents collapse to 2 distinct person(s): 2 record(s) are duplicates of another listed parent. Evidence — Q167239+Q55551: same given name and every surname token matches as a spelling variant ('Rusudan of Georgia' / 'Rusudan, daughter of George III of Georgia'); Q167249+Q55547: identical label 'Manuel Komnenos'. The two survivors are one male and one female, as a biological parent pair should be
Q50087	Alexios III of Trebizond	4	[Q167342 'Василий'] ; [Q167361 'Irene'] ; [Q46199 'Basil of Trebizond'] ; [Q50083 'Irene of Trebizond']		yes	4 listed parents do NOT collapse: they cluster into 4 distinct people, more than a biological pair. Deduplication cannot decide which 2 are the real parents, and choosing among 4 genuinely different claimed parents is genealogical judgement, not a merge. Clusters are shown for a human to rule on.
Q50254	George IV of Georgia	4	[Q167215 'Давид Сослания'] ; [Q167240 'царица Тамар Великая'] ; [Q50306 'David Soslan'] ; [Q50310 'Tamar of Georgia']		yes	4 listed parents do NOT collapse: they cluster into 4 distinct people, more than a biological pair. Deduplication cannot decide which 2 are the real parents, and choosing among 4 genuinely different claimed parents is genealogical judgement, not a merge. Clusters are shown for a human to rule on.
Q51822	Ptolemy XII Auletes	4	[Q51818 'Ptolemy Memphites'] ; [Q78402 'Q78402'] ; [Q78713 'Ptolemy IX Lathyros'] ; [Q78719 'Cleopatra III of Egypt']		yes	4 listed parents do NOT collapse: they cluster into 4 distinct people, more than a biological pair. Deduplication cannot decide which 2 are the real parents, and choosing among 4 genuinely different claimed parents is genealogical judgement, not a merge. Clusters are shown for a human to rule on.
Q52320		4	[Q2327 'Dileepa Deerghabahu'] ; [Q28376 'Solar Dynasty'] ; [Q30011 'BHAGIRATHA son of Dilipa'] ; [Q52328 'Q52328']		yes	4 listed parents do NOT collapse: they cluster into 4 distinct people, more than a biological pair. Deduplication cannot decide which 2 are the real parents, and choosing among 4 genuinely different claimed parents is genealogical judgement, not a merge. Clusters are shown for a human to rule on.
Q55555	David I of Trebizond	4	[Q167239 'Rusudan of Georgia' = Q55551 'Rusudan, daughter of George III of Georgia'] ; [Q167249 'Manuel Komnenos' = Q55547 'Manuel Komnenos']	Q55551,Q55547	no	4 listed parents collapse to 2 distinct person(s): 2 record(s) are duplicates of another listed parent. Evidence — Q167239+Q55551: same given name and every surname token matches as a spelling variant ('Rusudan of Georgia' / 'Rusudan, daughter of George III of Georgia'); Q167249+Q55547: identical label 'Manuel Komnenos'. The two survivors are one male and one female, as a biological parent pair should be
Q55907	Constantine I of Georgia	4	[Q167353 'V,'] ; [Q167375 'Анна Алексеевна /Комнина/'] ; [Q50291 'Bagrat V of Georgia'] ; [Q55604 'Anna of Trebizond, Queen of Georgia']		yes	4 listed parents do NOT collapse: they cluster into 4 distinct people, more than a biological pair. Deduplication cannot decide which 2 are the real parents, and choosing among 4 genuinely different claimed parents is genealogical judgement, not a merge. Clusters are shown for a human to rule on.
Q59355	Theodosius	4	[Q108975 'Maurice'] ; [Q108977 'Constantina'] ; [Q59420 'Flavius Mauricius Tiberius Augustus Roman Emperor'] ; [Q59453 'Constantina Augusta']		yes	4 listed parents do NOT collapse: they cluster into 4 distinct people, more than a biological pair. Deduplication cannot decide which 2 are the real parents, and choosing among 4 genuinely different claimed parents is genealogical judgement, not a merge. Clusters are shown for a human to rule on.
Q63550	Consul (203) - Gaius Fulvius Plautianus	4	[Q64202 'Gaius Fulvius Plautianus'] ; [Q64235 'Plautia Octavilla' = Q64301 'Plautia Octavilla'] ; [Q64268 'Fulvius Pius']		yes	4 listed parents do NOT collapse: they cluster into 3 distinct people, more than a biological pair. Deduplication cannot decide which 2 are the real parents, and choosing among 3 genuinely different claimed parents is genealogical judgement, not a merge. Clusters are shown for a human to rule on. Partial merges found — Q64235+Q64301: identical label 'Plautia Octavilla'
Q63867	Wife of Imran  bint Rabi'ah	4	[Q63873 'Rabi'ah al-Farras Ben Imaam Nazaar'] ; [Q64316 'Umm Al-Asbu Al-Arabia'] ; [Q64960 'Wife of Hubsiyyah NN'] ; [Q64963 'Hubsiyyah']		yes	4 listed parents do NOT collapse: they cluster into 4 distinct people, more than a biological pair. Deduplication cannot decide which 2 are the real parents, and choosing among 4 genuinely different claimed parents is genealogical judgement, not a merge. Clusters are shown for a human to rule on.
Q64924	Malik Az-Zuhri son of  Wahb	4	[Q64435 'Wahb bin 'Abd Manaf'] ; [Q64438 'Uhayb ibn Abd Manaf a-Awqas As-Sulamiya'] ; [Q64900 'Barrah born of Abdul-Uzza'] ; [Q64930 'Hamnah bint Sufyan Zauja-e-'Abd Shams bin Imaam Abd al-Manaf']		yes	4 listed parents do NOT collapse: they cluster into 4 distinct people, more than a biological pair. Deduplication cannot decide which 2 are the real parents, and choosing among 4 genuinely different claimed parents is genealogical judgement, not a merge. Clusters are shown for a human to rule on.
Q65489	Hadrian	4	[Q66718 'Domitia Paulina'] ; [Q66751 'Publius Aelius Hadrianus Afer'] ; [Q66784 'Andhra Pradesh'] ; [Q66817 'Pompeia Plotina']		yes	4 listed parents do NOT collapse: they cluster into 4 distinct people, more than a biological pair. Deduplication cannot decide which 2 are the real parents, and choosing among 4 genuinely different claimed parents is genealogical judgement, not a merge. Clusters are shown for a human to rule on.
Q65681	Lucius Septimius Severus	4	[Q148338 'Septimius Macer'] ; [Q148339 'Claudia'] ; [Q67118 'Marcus Septimus Aper'] ; [Q67151 'Octavia']		yes	4 listed parents do NOT collapse: they cluster into 4 distinct people, more than a biological pair. Deduplication cannot decide which 2 are the real parents, and choosing among 4 genuinely different claimed parents is genealogical judgement, not a merge. Clusters are shown for a human to rule on.
Q66497	Aisha	4	"[Q107453 'Abu Bakr'] ; [Q107455 'Umm Ruman'] ; [Q66245 'Caliph Abu Bakr'] ; [Q67307 'Zaynab ""Umm Ruman"" bint Amir']"		yes	4 listed parents do NOT collapse: they cluster into 4 distinct people, more than a biological pair. Deduplication cannot decide which 2 are the real parents, and choosing among 4 genuinely different claimed parents is genealogical judgement, not a merge. Clusters are shown for a human to rule on.
Q66533	Al-Harith ibn Harb	4	[Q107822 'Harb ibn Umayya' = Q65831 'Harb son of Umayyah Ibn Umayyah' = Q95706 'Harb son of Umayya'] ; [Q65708 'Shafiyah daughter of`Abdi l-Muttalib']	Q95706,Q65708	no	4 listed parents collapse to 2 distinct person(s): 2 record(s) are duplicates of another listed parent. Evidence — Q107822+Q65831: same given name and every surname token matches as a spelling variant ('Harb ibn Umayya' / 'Harb son of Umayyah Ibn Umayyah'); Q107822+Q95706: same given name and every surname token matches as a spelling variant ('Harb ibn Umayya' / 'Harb son of Umayya'); Q65831+Q95706: same given name and every surname token matches as a spelling variant ('Harb son of Umayyah Ibn Umayyah' / 'Harb son of Umayya'). The two survivors are one male and one female, as a biological parent pair should be
Q66715	Haseen son of al-Haarith	4	[Q65861 'Al-Harith son of Abdul-Muttalib' = Q94403 'al-Harith son of Abdul-Muttalib'] ; [Q65999 'AL-HARITH son of Muttalib'] ; [Q95195 'Sukhayla bint Khuza'i']		yes	4 listed parents do NOT collapse: they cluster into 3 distinct people, more than a biological pair. Deduplication cannot decide which 2 are the real parents, and choosing among 3 genuinely different claimed parents is genealogical judgement, not a merge. Clusters are shown for a human to rule on. Partial merges found — Q65861+Q94403: identical label 'Al-Harith son of Abdul-Muttalib'
Q67645	Uthman ibn Affan	4	[Q107848 'Affan ibn Abi al-'As'] ; [Q66656 'Affan'] ; [Q66796 'Arwa daughter of Kurayz'] ; [Q68118 'Arwa bint Kurayz']		yes	4 listed parents do NOT collapse: they cluster into 4 distinct people, more than a biological pair. Deduplication cannot decide which 2 are the real parents, and choosing among 4 genuinely different claimed parents is genealogical judgement, not a merge. Clusters are shown for a human to rule on.
Q67687	Habibah binte Ubaydallah	4	[Q66509 'UMMU HABIBAH (Ramlah) daughter of Abu Sufyan'] ; [Q66841 'Obaidallah son of Jahash al-Asadi'] ; [Q94485 'Ubayd Allah ibn Jahsh'] ; [Q94852 'Umm Habiba Ramla daughter of Abi Sufyan']		yes	4 listed parents do NOT collapse: they cluster into 4 distinct people, more than a biological pair. Deduplication cannot decide which 2 are the real parents, and choosing among 4 genuinely different claimed parents is genealogical judgement, not a merge. Clusters are shown for a human to rule on.
Q69574	Umm  daughter of Marwan	4	[Q67906 'Marwan I son of Al- Hakam son of al-Hakam'] ; [Q67921 'Aisha bint 'Uthman ibn 'Affan'] ; [Q94363 'Marwan Bin Al- Hakam Bin Abu Al- 'As Bint Umaiyah'] ; [Q95213 'ibn al-Hakam ibn Abil-As ibn Umayya']		yes	4 listed parents do NOT collapse: they cluster into 4 distinct people, more than a biological pair. Deduplication cannot decide which 2 are the real parents, and choosing among 4 genuinely different claimed parents is genealogical judgement, not a merge. Clusters are shown for a human to rule on.
Q69972	Octavia Sergia Plotilla	4	[Q144242 'Sergia Plautilla'] ; [Q70122 'Octavius Laenas'] ; [Q70152 'Rubellia Bassa'] ; [Q70685 'Q70685']		yes	4 listed parents do NOT collapse: they cluster into 4 distinct people, more than a biological pair. Deduplication cannot decide which 2 are the real parents, and choosing among 4 genuinely different claimed parents is genealogical judgement, not a merge. Clusters are shown for a human to rule on.
Q71173	Publius Servilius Vatia Isauricus	4	[Q144062 'Gaius Servilius Vatia'] ; [Q72302 'Publius Servilius Isauricus'] ; [Q72305 'Junia Prima'] ; [Q72687 'Caecilia Metella']		yes	4 listed parents do NOT collapse: they cluster into 4 distinct people, more than a biological pair. Deduplication cannot decide which 2 are the real parents, and choosing among 4 genuinely different claimed parents is genealogical judgement, not a merge. Clusters are shown for a human to rule on.
Q72278	Marcus Pupius Piso Frugi Calpurnianus	4	[Q141610 'Lucius Calpurnius Piso Frugi'] ; [Q72463 'Tertulla'] ; [Q72466 'Marcus Licinius Crassus'] ; [Q72469 'Marcus Pupius Pupius']		yes	4 listed parents do NOT collapse: they cluster into 4 distinct people, more than a biological pair. Deduplication cannot decide which 2 are the real parents, and choosing among 4 genuinely different claimed parents is genealogical judgement, not a merge. Clusters are shown for a human to rule on.
Q72801	Cornelia	4	[Q72957 'Consul (138 BC) - Publius Cornelius Scipio Nasica Serapio'] ; [Q73017 'Pacuvius Calavius Calavius' = Q73425 'Pacuvius Calavius'] ; [Q73428 'Claudia Pulcher']		yes	4 listed parents do NOT collapse: they cluster into 3 distinct people, more than a biological pair. Deduplication cannot decide which 2 are the real parents, and choosing among 3 genuinely different claimed parents is genealogical judgement, not a merge. Clusters are shown for a human to rule on. Partial merges found — Q73017+Q73425: same given name and every surname token matches as a spelling variant ('Pacuvius Calavius Calavius' / 'Pacuvius Calavius')
Q72972	Publius Licinius Crassus Dives	4	[Q141474 'Publius Licinius Crassus Dives Mucianus' = Q73665 'Publius Licinius Crassus' = Q99408 'Publius Licinius Varus Licinius Crassus Crassus'] ; [Q72912 'Clodia']	Q141474,Q72912	no	4 listed parents collapse to 2 distinct person(s): 2 record(s) are duplicates of another listed parent. Evidence — Q141474+Q73665: same given name and every surname token matches as a spelling variant ('Publius Licinius Crassus Dives Mucianus' / 'Publius Licinius Crassus'); Q73665+Q99408: same given name and every surname token matches as a spelling variant ('Publius Licinius Crassus' / 'Publius Licinius Varus Licinius Crassus Crassus'). The two survivors are one male and one female, as a biological parent pair should be
Q73026	Aurelia	4	[Q73179 'Rutilia'] ; [Q73182 'Lucius Aurelius Cotta'] ; [Q99372 'Q99372'] ; [Q99374 'Q99374']		yes	4 listed parents do NOT collapse: they cluster into 4 distinct people, more than a biological pair. Deduplication cannot decide which 2 are the real parents, and choosing among 4 genuinely different claimed parents is genealogical judgement, not a merge. Clusters are shown for a human to rule on.
Q73380	BAD MERGE	4	[Q132823 'Gorgophone'] ; [Q73359 'Laodice III'] ; [Q73362 'Antiochus III the Great'] ; [Q90289 'Oebalus']		yes	4 listed parents do NOT collapse: they cluster into 4 distinct people, more than a biological pair. Deduplication cannot decide which 2 are the real parents, and choosing among 4 genuinely different claimed parents is genealogical judgement, not a merge. Clusters are shown for a human to rule on.
Q74677	Ops	4	[Q131438 'Q131438'] ; [Q131440 'Q131440'] ; [Q74698 'Tros'] ; [Q74701 'Terra']		yes	4 listed parents do NOT collapse: they cluster into 4 distinct people, more than a biological pair. Deduplication cannot decide which 2 are the real parents, and choosing among 4 genuinely different claimed parents is genealogical judgement, not a merge. Clusters are shown for a human to rule on.
Q74680	Saturn	4	[Q131438 'Q131438'] ; [Q131440 'Q131440'] ; [Q74698 'Tros'] ; [Q74701 'Terra']		yes	4 listed parents do NOT collapse: they cluster into 4 distinct people, more than a biological pair. Deduplication cannot decide which 2 are the real parents, and choosing among 4 genuinely different claimed parents is genealogical judgement, not a merge. Clusters are shown for a human to rule on.
Q74723	Aristomachus	4	[Q134107 'Cleodaeus'] ; [Q74732 'Merops'] ; [Q75192 'Klymene'] ; [Q90476 'Hesione']		yes	4 listed parents do NOT collapse: they cluster into 4 distinct people, more than a biological pair. Deduplication cannot decide which 2 are the real parents, and choosing among 4 genuinely different claimed parents is genealogical judgement, not a merge. Clusters are shown for a human to rule on.
Q74846	Anchises	4	[Q74864 'Capys' = Q90508 'Capys'] ; [Q74867 'Themiste Queen of Dardania' = Q90436 'Themiste Queen of Dardania']	Q74864,Q74867	no	4 listed parents collapse to 2 distinct person(s): 2 record(s) are duplicates of another listed parent. Evidence — Q74864+Q90508: identical label 'Capys'; Q74867+Q90436: identical label 'Themiste Queen of Dardania'. The two survivors are one male and one female, as a biological parent pair should be
Q74873	Canens  of Latium	4	[Q74894 'Venila' = Q90267 'Venila'] ; [Q74897 'Janus' = Q90269 'Janus']	Q74894,Q74897	no	4 listed parents collapse to 2 distinct person(s): 2 record(s) are duplicates of another listed parent. Evidence — Q74894+Q90267: identical label 'Venila'; Q74897+Q90269: identical label 'Janus'. The two survivors are one male and one female, as a biological parent pair should be
Q74906	Callirhoe  Queen of Trojans	4	[Q74934 'Idaea' = Q90313 'Idaea'] ; [Q74937 'Xanthus \ Scamander Scamander ?King of Boeotia' = Q90329 'Xanthus \ Scamander Scamander']	Q74934,Q74937	no	4 listed parents collapse to 2 distinct person(s): 2 record(s) are duplicates of another listed parent. Evidence — Q74934+Q90313: identical label 'Idaea'; Q74937+Q90329: same given name and every surname token matches as a spelling variant ('Xanthus \ Scamander Scamander ?King of Boeotia' / 'Xanthus \ Scamander Scamander'). The two survivors are one male and one female, as a biological parent pair should be
Q74918	Adrastus  King of Argos	4	[Q74946 'Talaos King of Argos' = Q90538 'Talaos King of Argos'] ; [Q74949 'Lysimache,Eurynome or Lyssianassa' = Q90558 'Lysimache,Eurynome or Lyssianassa']	Q74946,Q74949	no	4 listed parents collapse to 2 distinct person(s): 2 record(s) are duplicates of another listed parent. Evidence — Q74946+Q90538: identical label 'Talaos King of Argos'; Q74949+Q90558: identical label 'Lysimache,Eurynome or Lyssianassa'. The two survivors are one male and one female, as a biological parent pair should be
Q74973	Danaus	4	[Q131024 'Anchiroe'] ; [Q74698 'Tros'] ; [Q74701 'Terra'] ; [Q90576 'Belus']		yes	4 listed parents do NOT collapse: they cluster into 4 distinct people, more than a biological pair. Deduplication cannot decide which 2 are the real parents, and choosing among 4 genuinely different claimed parents is genealogical judgement, not a merge. Clusters are shown for a human to rule on.
Q74985	Pero  Princess of Pylos	4	[Q75015 'Neleus Mycenae' = Q90572 'Neleus Mycenae'] ; [Q75018 'Meliboea Chloris Princess of Thebes' = Q90526 'Meliboea Chloris Princess of Thebes']	Q75015,Q75018	no	4 listed parents collapse to 2 distinct person(s): 2 record(s) are duplicates of another listed parent. Evidence — Q75015+Q90572: identical label 'Neleus Mycenae'; Q75018+Q90526: identical label 'Meliboea Chloris Princess of Thebes'. The two survivors are one male and one female, as a biological parent pair should be
Q74988	Bias  Thessaly	4	[Q75021 'Amythaon King of Iolcus' = Q90474 'Amythaon King of Iolcus'] ; [Q75024 'Eidomene (Idomene) of Pherac' = Q90386 'Eidomene (Idomene) of Pherac']	Q75021,Q75024	no	4 listed parents collapse to 2 distinct person(s): 2 record(s) are duplicates of another listed parent. Evidence — Q75021+Q90474: identical label 'Amythaon King of Iolcus'; Q75024+Q90386: identical label 'Eidomene (Idomene) of Pherac'. The two survivors are one male and one female, as a biological parent pair should be
Q75009	Teucer  of Teucria	4	[Q74934 'Idaea' = Q90313 'Idaea'] ; [Q74937 'Xanthus \ Scamander Scamander ?King of Boeotia' = Q90329 'Xanthus \ Scamander Scamander']	Q74934,Q74937	no	4 listed parents collapse to 2 distinct person(s): 2 record(s) are duplicates of another listed parent. Evidence — Q74934+Q90313: identical label 'Idaea'; Q74937+Q90329: same given name and every surname token matches as a spelling variant ('Xanthus \ Scamander Scamander ?King of Boeotia' / 'Xanthus \ Scamander Scamander'). The two survivors are one male and one female, as a biological parent pair should be
Q75048	Persephone EK  Mycenae	4	[Q75078 'Minyas -' = Q90486 'Minyas -'] ; [Q75081 'Euryanassa' = Q90544 'Euryanassa']	Q75078,Q75081	no	4 listed parents collapse to 2 distinct person(s): 2 record(s) are duplicates of another listed parent. Evidence — Q75078+Q90486: identical label 'Minyas -'; Q75081+Q90544: identical label 'Euryanassa'. The two survivors are one male and one female, as a biological parent pair should be
Q75054	Themis	4	[Q74698 'Tros'] ; [Q74701 'Terra'] ; [Q74970 'Tethys'] ; [Q74973 'Danaus']		yes	4 listed parents do NOT collapse: they cluster into 4 distinct people, more than a biological pair. Deduplication cannot decide which 2 are the real parents, and choosing among 4 genuinely different claimed parents is genealogical judgement, not a merge. Clusters are shown for a human to rule on.
Q75072	Alcidice	4	[Q75096 'Aleus' = Q90566 'Aleus'] ; [Q75099 'Neaera' = Q90598 'Neaera']	Q75096,Q75099	no	4 listed parents collapse to 2 distinct person(s): 2 record(s) are duplicates of another listed parent. Evidence — Q75096+Q90566: identical label 'Aleus'; Q75099+Q90598: identical label 'Neaera'. The two survivors are one male and one female, as a biological parent pair should be
Q75123	Deimachus	4	[Q131902 'Neleus'] ; [Q133062 'Chloris'] ; [Q75162 'Cleon'] ; [Q75165 'Idaea de Gods']		yes	4 listed parents do NOT collapse: they cluster into 4 distinct people, more than a biological pair. Deduplication cannot decide which 2 are the real parents, and choosing among 4 genuinely different claimed parents is genealogical judgement, not a merge. Clusters are shown for a human to rule on.
Q75153	Deucalion	4	[Q75192 'Klymene'] ; [Q75195 'Prometheus' = Q90388 'Prometheus'] ; [Q90476 'Hesione']		yes	4 listed parents do NOT collapse: they cluster into 3 distinct people, more than a biological pair. Deduplication cannot decide which 2 are the real parents, and choosing among 3 genuinely different claimed parents is genealogical judgement, not a merge. Clusters are shown for a human to rule on. Partial merges found — Q75195+Q90388: identical label 'Prometheus'
Q75192	Klymene	4	[Q132255 'Q132255'] ; [Q74970 'Tethys'] ; [Q74973 'Danaus' = Q90309 'Oceanus']		yes	4 listed parents do NOT collapse: they cluster into 3 distinct people, more than a biological pair. Deduplication cannot decide which 2 are the real parents, and choosing among 3 genuinely different claimed parents is genealogical judgement, not a merge. Clusters are shown for a human to rule on. Partial merges found — Q74973+Q90309: same Wikidata ID (Q161419)
Q75195	Prometheus	4	[Q75054 'Themis'] ; [Q75225 'Iapetos' = Q90374 'Iapetos'] ; [Q90317 'Clymene Asia']		yes	4 listed parents do NOT collapse: they cluster into 3 distinct people, more than a biological pair. Deduplication cannot decide which 2 are the real parents, and choosing among 3 genuinely different claimed parents is genealogical judgement, not a merge. Clusters are shown for a human to rule on. Partial merges found — Q75225+Q90374: identical label 'Iapetos'
Q75207	Callisto	4	[Q75237 'Lycaon'] ; [Q75240 'Nonacris' = Q90480 'Nonacris'] ; [Q90394 'Lykaon']		yes	4 listed parents do NOT collapse: they cluster into 3 distinct people, more than a biological pair. Deduplication cannot decide which 2 are the real parents, and choosing among 3 genuinely different claimed parents is genealogical judgement, not a merge. Clusters are shown for a human to rule on. Partial merges found — Q75240+Q90480: identical label 'Nonacris'
Q75252	Lacedaemon  of Troy	4	[Q74656 'Q74656'] ; [Q75294 'Taygete' = Q90382 'Taygete'] ; [Q90359 'Zeus']		yes	4 listed parents do NOT collapse: they cluster into 3 distinct people, more than a biological pair. Deduplication cannot decide which 2 are the real parents, and choosing among 3 genuinely different claimed parents is genealogical judgement, not a merge. Clusters are shown for a human to rule on. Partial merges found — Q75294+Q90382: identical label 'Taygete'
Q75315	Niobe	4	[Q75336 'Phoroneus' = Q90406 'Phoroneus'] ; [Q75339 'Laodice'] ; [Q90484 'Teledike, a Nymph']		yes	4 listed parents do NOT collapse: they cluster into 3 distinct people, more than a biological pair. Deduplication cannot decide which 2 are the real parents, and choosing among 3 genuinely different claimed parents is genealogical judgement, not a merge. Clusters are shown for a human to rule on. Partial merges found — Q75336+Q90406: identical label 'Phoroneus'
Q75441	Hermenegildo Gutiérrez	4	[Q75447 'Gutierre'] ; [Q75450 'Elvira'] ; [Q99973 'Guterre Mendès de COÏMBRA'] ; [Q99975 'Elvira Anzures']		yes	4 listed parents do NOT collapse: they cluster into 4 distinct people, more than a biological pair. Deduplication cannot decide which 2 are the real parents, and choosing among 4 genuinely different claimed parents is genealogical judgement, not a merge. Clusters are shown for a human to rule on.
Q75573	Anicius Auchenius Bassus	4	[Q151955 'Turrenia Honorata'] ; [Q154066 'Pincia'] ; [Q75634 'Caeionia Auchenia Bassa'] ; [Q75637 'Amnius Manius Caesonius Nichomachus Anicius Paulinus']		yes	4 listed parents do NOT collapse: they cluster into 4 distinct people, more than a biological pair. Deduplication cannot decide which 2 are the real parents, and choosing among 4 genuinely different claimed parents is genealogical judgement, not a merge. Clusters are shown for a human to rule on.
Q77269	Tiberius Plautius Silvanus Aelianus	4	[Q141426 'Apronia'] ; [Q144088 'Lucius Aelius Lamia'] ; [Q77494 'Aelia Lamia'] ; [Q77497 'Marcus Plautius Silvanus']		yes	4 listed parents do NOT collapse: they cluster into 4 distinct people, more than a biological pair. Deduplication cannot decide which 2 are the real parents, and choosing among 4 genuinely different claimed parents is genealogical judgement, not a merge. Clusters are shown for a human to rule on.
Q78402		4	[Q73035 'Cleopatra III of Egypt' = Q78719 'Cleopatra III of Egypt'] ; [Q73038 'Ptolemy VIII Physcon'] ; [Q73194 'Cleopatra II of Egypt']		yes	4 listed parents do NOT collapse: they cluster into 3 distinct people, more than a biological pair. Deduplication cannot decide which 2 are the real parents, and choosing among 3 genuinely different claimed parents is genealogical judgement, not a merge. Clusters are shown for a human to rule on. Partial merges found — Q73035+Q78719: same Wikidata ID (Q40003)
Q78609	Cleopatra V of Egypt	4	[Q135920 'Ptolemy X Alexander I'] ; [Q136155 'Berenice III'] ; [Q78713 'Ptolemy IX Lathyros'] ; [Q78716 'Cleopatra Selene I of Egypt']		yes	4 listed parents do NOT collapse: they cluster into 4 distinct people, more than a biological pair. Deduplication cannot decide which 2 are the real parents, and choosing among 4 genuinely different claimed parents is genealogical judgement, not a merge. Clusters are shown for a human to rule on.
Q78716	Cleopatra Selene I of Egypt	4	[Q73038 'Ptolemy VIII Physcon'] ; [Q73197 'Ptolemy VI'] ; [Q78402 'Q78402'] ; [Q78719 'Cleopatra III of Egypt']		yes	4 listed parents do NOT collapse: they cluster into 4 distinct people, more than a biological pair. Deduplication cannot decide which 2 are the real parents, and choosing among 4 genuinely different claimed parents is genealogical judgement, not a merge. Clusters are shown for a human to rule on.
Q78719	Cleopatra III of Egypt	4	[Q73038 'Ptolemy VIII Physcon'] ; [Q73194 'Cleopatra II of Egypt'] ; [Q73197 'Ptolemy VI'] ; [Q78402 'Q78402']		yes	4 listed parents do NOT collapse: they cluster into 4 distinct people, more than a biological pair. Deduplication cannot decide which 2 are the real parents, and choosing among 4 genuinely different claimed parents is genealogical judgement, not a merge. Clusters are shown for a human to rule on.
Q78770	Philetaerus	4	[Q136454 'Attalus'] ; [Q136455 'Boa'] ; [Q78824 'Attalus of Pergamon'] ; [Q78827 'Boa of Pergamon']		yes	4 listed parents do NOT collapse: they cluster into 4 distinct people, more than a biological pair. Deduplication cannot decide which 2 are the real parents, and choosing among 4 genuinely different claimed parents is genealogical judgement, not a merge. Clusters are shown for a human to rule on.
Q85255	Mehetenweskhet	4	[Q85265 'Harsiese II'] ; [Q85267 'DjedMutesankh'] ; [Q85269 'Tanibi'] ; [Q85271 'Harsies']		yes	4 listed parents do NOT collapse: they cluster into 4 distinct people, more than a biological pair. Deduplication cannot decide which 2 are the real parents, and choosing among 4 genuinely different claimed parents is genealogical judgement, not a merge. Clusters are shown for a human to rule on.
Q85356	Takelot I	4	[Q195426 'Heqakheperre Setepenre Shoshenq II Pharaoh of Egypt'] ; [Q195802 'Wife of Heqakheperre Setepenre Shoshenk, King of Egypt .'] ; [Q85368 'Osorkon I'] ; [Q85370 'Taschedchons']		yes	4 listed parents do NOT collapse: they cluster into 4 distinct people, more than a biological pair. Deduplication cannot decide which 2 are the real parents, and choosing among 4 genuinely different claimed parents is genealogical judgement, not a merge. Clusters are shown for a human to rule on.
Q85392	Karomat \ Karomama  Karomama ?Princess of Egypt	4	[Q85388 'Kapes'] ; [Q85390 'Hedjkheperre Setepenre Takelot I'] ; [Q85402 'Hedjkheperre Setepenamun Harsiese King of Egypt'] ; [Q85404 'Wife of Hedjkheperre Setepenamun Harsiese King of Egypt']		yes	4 listed parents do NOT collapse: they cluster into 4 distinct people, more than a biological pair. Deduplication cannot decide which 2 are the real parents, and choosing among 4 genuinely different claimed parents is genealogical judgement, not a merge. Clusters are shown for a human to rule on.
Q85562	Kemi 	4	[Q85586 'Amenemhat III Nemare, King of Egypt (1900 BC) Pyramid builder' = Q85606 'Amenemhat III Nemare, King of Egypt' = Q86213 'Amenemhat III'] ; [Q85588 'Mother of Princess Kemi']	Q86213,Q85588	no	4 listed parents collapse to 2 distinct person(s): 2 record(s) are duplicates of another listed parent. Evidence — Q85586+Q85606: same given name and every surname token matches as a spelling variant ('Amenemhat III Nemare, King of Egypt (1900 BC) Pyramid builder' / 'Amenemhat III Nemare, King of Egypt'); Q85586+Q86213: same Wikidata ID (Q19244); Q85606+Q86213: same given name and every surname token matches as a spelling variant ('Amenemhat III Nemare, King of Egypt' / 'Amenemhat III'). The two survivors are one male and one female, as a biological parent pair should be
Q85744	Userkaf	4	[Q195154 'Shepseskaf, Pharaoh of Egypt'] ; [Q195232 'Khentkaus I' = Q85750 'Khentkaus I .'] ; [Q85748 'Shepseskaf']		yes	4 listed parents do NOT collapse: they cluster into 3 distinct people, more than a biological pair. Deduplication cannot decide which 2 are the real parents, and choosing among 3 genuinely different claimed parents is genealogical judgement, not a merge. Clusters are shown for a human to rule on. Partial merges found — Q195232+Q85750: identical label 'Khentkaus I'
Q86577	Rab Abba Arika  bar Abba	4	[Q86591 'Aivu ('Akkub \ Ya'akkub) Ya'akkub) ?bar Abba bar Sallah' = Q91080 'Aivu ('Akkub \ Ya'akkub) Ya'akkub)'] ; [Q86593 'Q86593'] ; [Q91082 '?']		yes	4 listed parents do NOT collapse: they cluster into 3 distinct people, more than a biological pair. Deduplication cannot decide which 2 are the real parents, and choosing among 3 genuinely different claimed parents is genealogical judgement, not a merge. Clusters are shown for a human to rule on. Partial merges found — Q86591+Q91080: same given name and every surname token matches as a spelling variant ('Aivu ('Akkub \ Ya'akkub) Ya'akkub) ?bar Abba bar Sallah' / 'Aivu ('Akkub \ Ya'akkub) Ya'akkub)')
Q87283	  	4	[Q87295 'Q87295'] ; [Q87298 'Wang'] ; [Q87300 'Q87300'] ; [Q87302 '隴西上邽']		yes	4 listed parents do NOT collapse: they cluster into 4 distinct people, more than a biological pair. Deduplication cannot decide which 2 are the real parents, and choosing among 4 genuinely different claimed parents is genealogical judgement, not a merge. Clusters are shown for a human to rule on.
Q87460	Marquis Cheng of Cai   	4	[Q57999 '申 姬姓'] ; [Q58128 'of Cheng' = Q87466 'of Cheng'] ; [Q87468 'Q87468']		yes	4 listed parents do NOT collapse: they cluster into 3 distinct people, more than a biological pair. Deduplication cannot decide which 2 are the real parents, and choosing among 3 genuinely different claimed parents is genealogical judgement, not a merge. Clusters are shown for a human to rule on. Partial merges found — Q58128+Q87466: identical label 'of Cheng'
Q89572	N.  de la Cavalleria	4	[Q89373 'Alonso de la Caballeria'] ; [Q89622 'Fernando de la Cavalleria'] ; [Q91496 'Francisca de Resendi'] ; [Q91692 'Mari Ximenez Moreno']		yes	4 listed parents do NOT collapse: they cluster into 4 distinct people, more than a biological pair. Deduplication cannot decide which 2 are the real parents, and choosing among 4 genuinely different claimed parents is genealogical judgement, not a merge. Clusters are shown for a human to rule on.
Q89616	N.  Fernandez	4	[Q89399 'N. de la Cavalleria' = Q91414 'N. de la Cavalleria'] ; [Q91514 'Vicente de Bordalba'] ; [Q91518 'Pedro Fernandez']		yes	4 listed parents do NOT collapse: they cluster into 3 distinct people, more than a biological pair. Deduplication cannot decide which 2 are the real parents, and choosing among 3 genuinely different claimed parents is genealogical judgement, not a merge. Clusters are shown for a human to rule on. Partial merges found — Q89399+Q91414: identical label 'N. de la Cavalleria'
Q89618	N.  Fernandez	4	[Q89399 'N. de la Cavalleria' = Q91414 'N. de la Cavalleria'] ; [Q91514 'Vicente de Bordalba'] ; [Q91518 'Pedro Fernandez']		yes	4 listed parents do NOT collapse: they cluster into 3 distinct people, more than a biological pair. Deduplication cannot decide which 2 are the real parents, and choosing among 3 genuinely different claimed parents is genealogical judgement, not a merge. Clusters are shown for a human to rule on. Partial merges found — Q89399+Q91414: identical label 'N. de la Cavalleria'
Q89629	Isabel  de la Cavalleria	4	[Q89407 'Alonso de la Cavalleria' = Q89566 'Alonso de la Cavalleria'] ; [Q91522 'Isabel Zapata'] ; [Q91654 'Brianda Cerdan']		yes	4 listed parents do NOT collapse: they cluster into 3 distinct people, more than a biological pair. Deduplication cannot decide which 2 are the real parents, and choosing among 3 genuinely different claimed parents is genealogical judgement, not a merge. Clusters are shown for a human to rule on. Partial merges found — Q89407+Q89566: identical label 'Alonso de la Cavalleria'
Q90257	Aeneas  the Dardanian	4	[Q130402 'Aphrodite'] ; [Q132752 'Anchises' = Q74846 'Anchises'] ; [Q74849 'Aphrodite \ Venus Hittite Princess']		yes	4 listed parents do NOT collapse: they cluster into 3 distinct people, more than a biological pair. Deduplication cannot decide which 2 are the real parents, and choosing among 3 genuinely different claimed parents is genealogical judgement, not a merge. Clusters are shown for a human to rule on. Partial merges found — Q132752+Q74846: same Wikidata ID (Q211953)
Q90317	Clymene Asia	4	[Q74698 'Tros'] ; [Q74701 'Terra'] ; [Q74970 'Tethys'] ; [Q90309 'Oceanus']		yes	4 listed parents do NOT collapse: they cluster into 4 distinct people, more than a biological pair. Deduplication cannot decide which 2 are the real parents, and choosing among 4 genuinely different claimed parents is genealogical judgement, not a merge. Clusters are shown for a human to rule on.
Q90333	Rhode	4	[Q75039 'Poseidon' = Q90291 'Poseidon'] ; [Q75108 'Amphitrite -' = Q90412 'Amphitrite -']	Q75039,Q75108	no	4 listed parents collapse to 2 distinct person(s): 2 record(s) are duplicates of another listed parent. Evidence — Q75039+Q90291: identical label 'Poseidon'; Q75108+Q90412: identical label 'Amphitrite -'. The two survivors are one male and one female, as a biological parent pair should be
Q90388	Prometheus	4	[Q75054 'Themis'] ; [Q75225 'Iapetos' = Q90374 'Iapetos'] ; [Q90317 'Clymene Asia']		yes	4 listed parents do NOT collapse: they cluster into 3 distinct people, more than a biological pair. Deduplication cannot decide which 2 are the real parents, and choosing among 3 genuinely different claimed parents is genealogical judgement, not a merge. Clusters are shown for a human to rule on. Partial merges found — Q75225+Q90374: identical label 'Iapetos'
Q90454	Demeter - - Ceres	4	[Q74677 'Ops'] ; [Q74680 'Saturn'] ; [Q90368 'Cronos'] ; [Q90376 'Rhea']		yes	4 listed parents do NOT collapse: they cluster into 4 distinct people, more than a biological pair. Deduplication cannot decide which 2 are the real parents, and choosing among 4 genuinely different claimed parents is genealogical judgement, not a merge. Clusters are shown for a human to rule on.
Q90476	Hesione	4	[Q132255 'Q132255'] ; [Q74970 'Tethys'] ; [Q74973 'Danaus' = Q90309 'Oceanus']		yes	4 listed parents do NOT collapse: they cluster into 3 distinct people, more than a biological pair. Deduplication cannot decide which 2 are the real parents, and choosing among 3 genuinely different claimed parents is genealogical judgement, not a merge. Clusters are shown for a human to rule on. Partial merges found — Q74973+Q90309: same Wikidata ID (Q161419)
Q90560	Pronax \ Promax  Promax	4	[Q74946 'Talaos King of Argos' = Q90538 'Talaos King of Argos'] ; [Q74949 'Lysimache,Eurynome or Lyssianassa' = Q90558 'Lysimache,Eurynome or Lyssianassa']	Q74946,Q74949	no	4 listed parents collapse to 2 distinct person(s): 2 record(s) are duplicates of another listed parent. Evidence — Q74946+Q90538: identical label 'Talaos King of Argos'; Q74949+Q90558: identical label 'Lysimache,Eurynome or Lyssianassa'. The two survivors are one male and one female, as a biological parent pair should be
Q94227	Abu Lahab	4	[Q107584 'Lubna bint Hajar'] ; [Q65008 'Abd al-Muttalib born of Hashim'] ; [Q65864 'Lubnah binte Hajira'] ; [Q94219 'Fatima daughter of Amr al-Makhzumi']		yes	4 listed parents do NOT collapse: they cluster into 4 distinct people, more than a biological pair. Deduplication cannot decide which 2 are the real parents, and choosing among 4 genuinely different claimed parents is genealogical judgement, not a merge. Clusters are shown for a human to rule on.
Q98221		4	[Q109025 'Al-Mu'tasim'] ; [Q109205 'Shuja al-Khwarazmi'] ; [Q97564 'Caliph al-Mu'tasim'] ; [Q98219 'Q98219']		yes	4 listed parents do NOT collapse: they cluster into 4 distinct people, more than a biological pair. Deduplication cannot decide which 2 are the real parents, and choosing among 4 genuinely different claimed parents is genealogical judgement, not a merge. Clusters are shown for a human to rule on.
Q99767	Bermudo I of Asturias	4	[Q110842 'Fruela of Cantabria' = Q75462 'Fruela Duke of Cantabria' = Q99785 'Fruela da Cantábria'] ; [Q99787 'Q99787']	Q110842,Q99787	no	4 listed parents collapse to 2 distinct person(s): 2 record(s) are duplicates of another listed parent. Evidence — Q110842+Q75462: same given name and every surname token matches as a spelling variant ('Fruela of Cantabria' / 'Fruela Duke of Cantabria'); Q110842+Q99785: same given name and every surname token matches as a spelling variant ('Fruela of Cantabria' / 'Fruela da Cantábria'); Q75462+Q99785: same given name and every surname token matches as a spelling variant ('Fruela Duke of Cantabria' / 'Fruela da Cantábria'). The two survivors are one male and one female, as a biological parent pair should be
Q99899	García Íñiguez of Pamplona	4	[Q100070 'Oneca Velazquez'] ; [Q100072 'Inigo Arista de Pamplona' = Q109722 'Inigo Arista'] ; [Q109724 'Onneca Velázquez de Pamplona']		yes	4 listed parents do NOT collapse: they cluster into 3 distinct people, more than a biological pair. Deduplication cannot decide which 2 are the real parents, and choosing among 3 genuinely different claimed parents is genealogical judgement, not a merge. Clusters are shown for a human to rule on. Partial merges found — Q100072+Q109722: same given name and every surname token matches as a spelling variant ('Inigo Arista de Pamplona' / 'Inigo Arista')
Q100308	Ordoño III of León	3	[Q100038 'Onega'] ; [Q110066 'Adosinda Gutiérrez'] ; [Q143493 'Ramiro II of León']		yes	3 listed parents do NOT collapse: they cluster into 3 distinct people, more than a biological pair. Deduplication cannot decide which 2 are the real parents, and choosing among 3 genuinely different claimed parents is genealogical judgement, not a merge. Clusters are shown for a human to rule on.
Q100441	Sancho I of Pamplona	3	[Q100976 'Dadildis of Pallars'] ; [Q100978 'Garcia Jimenez' = Q109760 'García Jiménez of Pamplona']	Q100976,Q109760	no	3 listed parents collapse to 2 distinct person(s): 1 record(s) are duplicates of another listed parent. Evidence — Q100978+Q109760: same given name and every surname token matches as a spelling variant ('Garcia Jimenez' / 'García Jiménez of Pamplona'). The two survivors are one male and one female, as a biological parent pair should be
Q1010	Dipnomorpha	3	[Q1001 'Rhipidistia'] ; [Q30783 'Q30783'] ; [Q54352 'Q54352']		yes	3 listed parents do NOT collapse: they cluster into 3 distinct people, more than a biological pair. Deduplication cannot decide which 2 are the real parents, and choosing among 3 genuinely different claimed parents is genealogical judgement, not a merge. Clusters are shown for a human to rule on.
Q101021	Fernan	3	[Q100467 'NN Duque de Estrada'] ; [Q101023 'N de Estrada'] ; [Q113501 'Sancho Bermudez']		yes	3 listed parents do NOT collapse: they cluster into 3 distinct people, more than a biological pair. Deduplication cannot decide which 2 are the real parents, and choosing among 3 genuinely different claimed parents is genealogical judgement, not a merge. Clusters are shown for a human to rule on.
Q101361	Alfonso V of León	3	[Q100661 'Dordia Osorez'] ; [Q100926 'Elvira of Castile, Queen of León'] ; [Q110116 'Bermudo II of León']		yes	3 listed parents do NOT collapse: they cluster into 3 distinct people, more than a biological pair. Deduplication cannot decide which 2 are the real parents, and choosing among 3 genuinely different claimed parents is genealogical judgement, not a merge. Clusters are shown for a human to rule on.
Q102377	Maria Pais de Ribeira	3	[Q101329 'Payo Muniz de Ribera y Cabrera'] ; [Q114038 'Urraca Nunez de Braganza' = Q125096 'Urraca Nunes I de Bragança']	Q101329,Q114038	no	3 listed parents collapse to 2 distinct person(s): 1 record(s) are duplicates of another listed parent. Evidence — Q114038+Q125096: same given name and every surname token matches as a spelling variant ('Urraca Nunez de Braganza' / 'Urraca Nunes I de Bragança'). The two survivors are one male and one female, as a biological parent pair should be
Q102913	Ramon Berenguer I, Count of Barcelona	3	[Q101679 'Sancha de Castille' = Q110544 'Sancha Sánchez of Castile'] ; [Q102909 'Berenguer Ramon I, Count of Barcelona']	Q101679,Q102909	no	3 listed parents collapse to 2 distinct person(s): 1 record(s) are duplicates of another listed parent. Evidence — Q101679+Q110544: same given name and every surname token matches as a spelling variant ('Sancha de Castille' / 'Sancha Sánchez of Castile'). The two survivors are one male and one female, as a biological parent pair should be
Q102941	Ramiro I of Aragon	3	[Q102939 'Sancha de Aybar' = Q111547 'Sancha of Aibar'] ; [Q143499 'Sancho III of Navarre']	Q111547,Q143499	no	3 listed parents collapse to 2 distinct person(s): 1 record(s) are duplicates of another listed parent. Evidence — Q102939+Q111547: same given name and every surname token matches as a spelling variant ('Sancha de Aybar' / 'Sancha of Aibar'). The two survivors are one male and one female, as a biological parent pair should be
Q103252	Soeiro  Bufinho	3	[Q101944 'Payo Godins, 6o Senhor do Couto de Azevedo'] ; [Q103254 'Gontinha Nunes Velho'] ; [Q118555 'Maria Soares']		yes	3 listed parents do NOT collapse: they cluster into 3 distinct people, more than a biological pair. Deduplication cannot decide which 2 are the real parents, and choosing among 3 genuinely different claimed parents is genealogical judgement, not a merge. Clusters are shown for a human to rule on.
Q104087	Sancho I of Portugal	3	[Q104129 'Afonso I of Portugal'] ; [Q106750 'Maud of Savoy' = Q118403 'Maud of Savoy']	Q104129,Q118403	no	3 listed parents collapse to 2 distinct person(s): 1 record(s) are duplicates of another listed parent. Evidence — Q106750+Q118403: identical label 'Maud of Savoy'. The two survivors are one male and one female, as a biological parent pair should be
Q104135	Theresa of León	3	[Q104013 'Alfonso VI of León and Castile'] ; [Q111675 'Jimena Muñoz (León)'] ; [Q114176 'Jimena Fernandez de Castro']		yes	3 listed parents do NOT collapse: they cluster into 3 distinct people, more than a biological pair. Deduplication cannot decide which 2 are the real parents, and choosing among 3 genuinely different claimed parents is genealogical judgement, not a merge. Clusters are shown for a human to rule on.
Q104493	Fernando El Castellano  Ruiz	3	[Q104011 'García II of Galicia'] ; [Q104528 'Sancha de Navarra, abadesa de San Martin de Cuevagallegos'] ; [Q118247 'Estefania Infanta de Navarra']		yes	3 listed parents do NOT collapse: they cluster into 3 distinct people, more than a biological pair. Deduplication cannot decide which 2 are the real parents, and choosing among 3 genuinely different claimed parents is genealogical judgement, not a merge. Clusters are shown for a human to rule on.
Q104885	Sancho Ramírez	3	[Q102941 'Ramiro I of Aragon'] ; [Q104881 'Ermisenda de Bigorra, reina consorte de Aragon'] ; [Q111549 'Ermesinda of Bigorre']		yes	3 listed parents do NOT collapse: they cluster into 3 distinct people, more than a biological pair. Deduplication cannot decide which 2 are the real parents, and choosing among 3 genuinely different claimed parents is genealogical judgement, not a merge. Clusters are shown for a human to rule on.
Q106609	Sancho Alfonsez	3	[Q104013 'Alfonso VI of León and Castile'] ; [Q106607 'Zaida Isabel'] ; [Q112422 'Zaida of Seville']		yes	3 listed parents do NOT collapse: they cluster into 3 distinct people, more than a biological pair. Deduplication cannot decide which 2 are the real parents, and choosing among 3 genuinely different claimed parents is genealogical judgement, not a merge. Clusters are shown for a human to rule on.
Q106782	Robert of Burgundy, bishop of Langres	3	[Q106776 'Q106776'] ; [Q106778 'Sibila'] ; [Q111733 'Sybilla of Barcelona']		yes	3 listed parents do NOT collapse: they cluster into 3 distinct people, more than a biological pair. Deduplication cannot decide which 2 are the real parents, and choosing among 3 genuinely different claimed parents is genealogical judgement, not a merge. Clusters are shown for a human to rule on.
Q107162	Ermengol VII, Count of Urgell	3	[Q104371 'Arsende de Cabrera'] ; [Q107158 'Ermengol VI, Count of Urgell'] ; [Q118293 'Arsenda de Cabrera']		yes	3 listed parents do NOT collapse: they cluster into 3 distinct people, more than a biological pair. Deduplication cannot decide which 2 are the real parents, and choosing among 3 genuinely different claimed parents is genealogical judgement, not a merge. Clusters are shown for a human to rule on.
Q109832	Anastasius	3	[Q110168 'Sabinianus'] ; [Q110170 '(Anastasia)'] ; [Q60030 'Flavius Probus']		yes	3 listed parents do NOT collapse: they cluster into 3 distinct people, more than a biological pair. Deduplication cannot decide which 2 are the real parents, and choosing among 3 genuinely different claimed parents is genealogical judgement, not a merge. Clusters are shown for a human to rule on.
Q110508	Jimena of León	3	[Q101361 'Alfonso V of León'] ; [Q101722 'Urraca Garces' = Q113385 'Urraca Garcés']	Q101361,Q113385	no	3 listed parents collapse to 2 distinct person(s): 1 record(s) are duplicates of another listed parent. Evidence — Q101722+Q113385: identical label 'Urraca Garces'. The two survivors are one male and one female, as a biological parent pair should be
Q110510	Odo of Gascony	3	[Q107090 'Guillaume, V duc d'Aquitaine & III comte de Poitou'] ; [Q110096 'Sancha of Gascony'] ; [Q118743 'William V, Duke of Aquitaine']		yes	3 listed parents do NOT collapse: they cluster into 3 distinct people, more than a biological pair. Deduplication cannot decide which 2 are the real parents, and choosing among 3 genuinely different claimed parents is genealogical judgement, not a merge. Clusters are shown for a human to rule on.
Q110512	Adelais	3	[Q107090 'Guillaume, V duc d'Aquitaine & III comte de Poitou'] ; [Q110096 'Sancha of Gascony'] ; [Q118743 'William V, Duke of Aquitaine']		yes	3 listed parents do NOT collapse: they cluster into 3 distinct people, more than a biological pair. Deduplication cannot decide which 2 are the real parents, and choosing among 3 genuinely different claimed parents is genealogical judgement, not a merge. Clusters are shown for a human to rule on.
Q110540	Mayor of Castile	3	[Q100914 'Sancho García of Castile'] ; [Q100936 'Urraca Gomez de Saldana' = Q110120 'Urraca Gómez']	Q100914,Q110120	no	3 listed parents collapse to 2 distinct person(s): 1 record(s) are duplicates of another listed parent. Evidence — Q100936+Q110120: same given name and every surname token matches as a spelling variant ('Urraca Gomez de Saldana' / 'Urraca Gómez'). The two survivors are one male and one female, as a biological parent pair should be
Q110988	Agnes of Burgundy, Duchess of Aquitaine	3	[Q111605 'Otto-William, Count of Burgundy'] ; [Q111637 'Ermentrude of Roucy'] ; [Q205109 'Person Q205109']		yes	3 listed parents do NOT collapse: they cluster into 3 distinct people, more than a biological pair. Deduplication cannot decide which 2 are the real parents, and choosing among 3 genuinely different claimed parents is genealogical judgement, not a merge. Clusters are shown for a human to rule on.
Q110990	Agnes of Poitou	3	[Q107090 'Guillaume, V duc d'Aquitaine & III comte de Poitou'] ; [Q110988 'Agnes of Burgundy, Duchess of Aquitaine'] ; [Q118743 'William V, Duke of Aquitaine']		yes	3 listed parents do NOT collapse: they cluster into 3 distinct people, more than a biological pair. Deduplication cannot decide which 2 are the real parents, and choosing among 3 genuinely different claimed parents is genealogical judgement, not a merge. Clusters are shown for a human to rule on.
Q110992	William VI, Duke of Aquitaine	3	[Q107090 'Guillaume, V duc d'Aquitaine & III comte de Poitou'] ; [Q110986 'Almodis of Limoges'] ; [Q118743 'William V, Duke of Aquitaine']		yes	3 listed parents do NOT collapse: they cluster into 3 distinct people, more than a biological pair. Deduplication cannot decide which 2 are the real parents, and choosing among 3 genuinely different claimed parents is genealogical judgement, not a merge. Clusters are shown for a human to rule on.
Q110994	William VII, Duke of Aquitaine	3	[Q107090 'Guillaume, V duc d'Aquitaine & III comte de Poitou'] ; [Q110988 'Agnes of Burgundy, Duchess of Aquitaine'] ; [Q118743 'William V, Duke of Aquitaine']		yes	3 listed parents do NOT collapse: they cluster into 3 distinct people, more than a biological pair. Deduplication cannot decide which 2 are the real parents, and choosing among 3 genuinely different claimed parents is genealogical judgement, not a merge. Clusters are shown for a human to rule on.
Q110996	William VIII, Duke of Aquitaine	3	[Q107090 'Guillaume, V duc d'Aquitaine & III comte de Poitou'] ; [Q110988 'Agnes of Burgundy, Duchess of Aquitaine'] ; [Q118743 'William V, Duke of Aquitaine']		yes	3 listed parents do NOT collapse: they cluster into 3 distinct people, more than a biological pair. Deduplication cannot decide which 2 are the real parents, and choosing among 3 genuinely different claimed parents is genealogical judgement, not a merge. Clusters are shown for a human to rule on.
Q110998	Béatrice, Countess of Melgueil	3	[Q107090 'Guillaume, V duc d'Aquitaine & III comte de Poitou'] ; [Q110988 'Agnes of Burgundy, Duchess of Aquitaine'] ; [Q118743 'William V, Duke of Aquitaine']		yes	3 listed parents do NOT collapse: they cluster into 3 distinct people, more than a biological pair. Deduplication cannot decide which 2 are the real parents, and choosing among 3 genuinely different claimed parents is genealogical judgement, not a merge. Clusters are shown for a human to rule on.
Q111318	Pepin of Landen	3	[Q112100 'Carloman'] ; [Q113081 'Charles Martel'] ; [Q154041 'Rotrude of Hesbaye']		yes	3 listed parents do NOT collapse: they cluster into 3 distinct people, more than a biological pair. Deduplication cannot decide which 2 are the real parents, and choosing among 3 genuinely different claimed parents is genealogical judgement, not a merge. Clusters are shown for a human to rule on.
Q111639	Reginald I, Count of Burgundy	3	[Q111605 'Otto-William, Count of Burgundy'] ; [Q111637 'Ermentrude of Roucy'] ; [Q205109 'Person Q205109']		yes	3 listed parents do NOT collapse: they cluster into 3 distinct people, more than a biological pair. Deduplication cannot decide which 2 are the real parents, and choosing among 3 genuinely different claimed parents is genealogical judgement, not a merge. Clusters are shown for a human to rule on.
Q111663	Hildegarde of Burgundy	3	"[Q112620 'Ermengarde of Anjou, Duchess of Burgundy'] ; [Q112695 'Robert I of Burgundy'] ; [Q206638 'Ermengarda ""Bianca"" d'Angio']"		yes	3 listed parents do NOT collapse: they cluster into 3 distinct people, more than a biological pair. Deduplication cannot decide which 2 are the real parents, and choosing among 3 genuinely different claimed parents is genealogical judgement, not a merge. Clusters are shown for a human to rule on.
Q111669	Guillaume IX	3	[Q110996 'William VIII, Duke of Aquitaine'] ; [Q111663 'Hildegarde of Burgundy'] ; [Q205534 'Guy Geoffroy d'Aquitaine']		yes	3 listed parents do NOT collapse: they cluster into 3 distinct people, more than a biological pair. Deduplication cannot decide which 2 are the real parents, and choosing among 3 genuinely different claimed parents is genealogical judgement, not a merge. Clusters are shown for a human to rule on.
Q1117	Homo floresiensis (0.05)	3	[Q1112 'Homo'] ; [Q30868 'Q30868'] ; [Q54436 'Q54436']		yes	3 listed parents do NOT collapse: they cluster into 3 distinct people, more than a biological pair. Deduplication cannot decide which 2 are the real parents, and choosing among 3 genuinely different claimed parents is genealogical judgement, not a merge. Clusters are shown for a human to rule on.
Q1118	Australopithecus sediba (2.0)	3	[Q1112 'Homo'] ; [Q30868 'Q30868'] ; [Q54436 'Q54436']		yes	3 listed parents do NOT collapse: they cluster into 3 distinct people, more than a biological pair. Deduplication cannot decide which 2 are the real parents, and choosing among 3 genuinely different claimed parents is genealogical judgement, not a merge. Clusters are shown for a human to rule on.
Q1119	Homo rudolfensis (1.9)	3	[Q1112 'Homo'] ; [Q30868 'Q30868'] ; [Q54436 'Q54436']		yes	3 listed parents do NOT collapse: they cluster into 3 distinct people, more than a biological pair. Deduplication cannot decide which 2 are the real parents, and choosing among 3 genuinely different claimed parents is genealogical judgement, not a merge. Clusters are shown for a human to rule on.
Q1120	Homo habilis (1.5)	3	[Q1112 'Homo'] ; [Q30868 'Q30868'] ; [Q54436 'Q54436']		yes	3 listed parents do NOT collapse: they cluster into 3 distinct people, more than a biological pair. Deduplication cannot decide which 2 are the real parents, and choosing among 3 genuinely different claimed parents is genealogical judgement, not a merge. Clusters are shown for a human to rule on.
Q112356	Robert I of France	3	"[Q111497 'Robert the Strong'] ; [Q112352 'Adelheid van Tours'] ; [Q206678 'Robert IV ""le Fort"", marquis de Neustrie']"		yes	3 listed parents do NOT collapse: they cluster into 3 distinct people, more than a biological pair. Deduplication cannot decide which 2 are the real parents, and choosing among 3 genuinely different claimed parents is genealogical judgement, not a merge. Clusters are shown for a human to rule on.
Q112458	Adela of France	3	[Q112356 'Robert I of France'] ; [Q112454 'Béatrice of Vermandois'] ; [Q206159 'Aelis']		yes	3 listed parents do NOT collapse: they cluster into 3 distinct people, more than a biological pair. Deduplication cannot decide which 2 are the real parents, and choosing among 3 genuinely different claimed parents is genealogical judgement, not a merge. Clusters are shown for a human to rule on.
Q112464	Henry I the Fowler	3	[Q113874 'Otto I'] ; [Q113876 'Hedwiga'] ; [Q206672 'Heduvige']		yes	3 listed parents do NOT collapse: they cluster into 3 distinct people, more than a biological pair. Deduplication cannot decide which 2 are the real parents, and choosing among 3 genuinely different claimed parents is genealogical judgement, not a merge. Clusters are shown for a human to rule on.
Q112480	Frederick I, Duke of Upper Lorraine	3	[Q113960 'Wigeric of Lotharingia'] ; [Q113962 'Cunigunda of France'] ; [Q205984 'Cunigunda, countess of Treves & Ardennes']		yes	3 listed parents do NOT collapse: they cluster into 3 distinct people, more than a biological pair. Deduplication cannot decide which 2 are the real parents, and choosing among 3 genuinely different claimed parents is genealogical judgement, not a merge. Clusters are shown for a human to rule on.
Q112502	Adalbert of Italy	3	[Q114020 'Berengar II of Italy'] ; [Q114022 'Willa of Tuscany'] ; [Q206809 'Willa di Toscana']		yes	3 listed parents do NOT collapse: they cluster into 3 distinct people, more than a biological pair. Deduplication cannot decide which 2 are the real parents, and choosing among 3 genuinely different claimed parents is genealogical judgement, not a merge. Clusters are shown for a human to rule on.
Q112562	Odo II, Count of Blois	3	[Q111623 'Odo I, Count of Blois'] ; [Q112558 'Bertha of Burgundy'] ; [Q207165 'Berthe']		yes	3 listed parents do NOT collapse: they cluster into 3 distinct people, more than a biological pair. Deduplication cannot decide which 2 are the real parents, and choosing among 3 genuinely different claimed parents is genealogical judgement, not a merge. Clusters are shown for a human to rule on.
Q112606	William I, Count of Burgundy	3	[Q111639 'Reginald I, Count of Burgundy'] ; [Q112604 'Alice of Normandy'] ; [Q205627 'Person Q205627']		yes	3 listed parents do NOT collapse: they cluster into 3 distinct people, more than a biological pair. Deduplication cannot decide which 2 are the real parents, and choosing among 3 genuinely different claimed parents is genealogical judgement, not a merge. Clusters are shown for a human to rule on.
Q112711	Guillaume X	3	[Q111669 'Guillaume IX'] ; [Q112705 'Ermengarde of Anjou'] ; [Q112707 'Philippa, Countess of Toulouse']		yes	3 listed parents do NOT collapse: they cluster into 3 distinct people, more than a biological pair. Deduplication cannot decide which 2 are the real parents, and choosing among 3 genuinely different claimed parents is genealogical judgement, not a merge. Clusters are shown for a human to rule on.
Q112801	Hugh I, Duke of Burgundy	3	[Q106776 'Q106776'] ; [Q111733 'Sybilla of Barcelona'] ; [Q118429 'Henry of Burgundy']		yes	3 listed parents do NOT collapse: they cluster into 3 distinct people, more than a biological pair. Deduplication cannot decide which 2 are the real parents, and choosing among 3 genuinely different claimed parents is genealogical judgement, not a merge. Clusters are shown for a human to rule on.
Q112803	Odo I, Duke of Burgundy	3	[Q106776 'Q106776'] ; [Q111733 'Sybilla of Barcelona'] ; [Q118429 'Henry of Burgundy']		yes	3 listed parents do NOT collapse: they cluster into 3 distinct people, more than a biological pair. Deduplication cannot decide which 2 are the real parents, and choosing among 3 genuinely different claimed parents is genealogical judgement, not a merge. Clusters are shown for a human to rule on.
Q112805	Raynald I, abbot of Flavigny	3	[Q106776 'Q106776'] ; [Q111733 'Sybilla of Barcelona'] ; [Q118429 'Henry of Burgundy']		yes	3 listed parents do NOT collapse: they cluster into 3 distinct people, more than a biological pair. Deduplication cannot decide which 2 are the real parents, and choosing among 3 genuinely different claimed parents is genealogical judgement, not a merge. Clusters are shown for a human to rule on.
Q112807	Beatrice de Bourgogne	3	[Q106776 'Q106776'] ; [Q111733 'Sybilla of Barcelona'] ; [Q118429 'Henry of Burgundy']		yes	3 listed parents do NOT collapse: they cluster into 3 distinct people, more than a biological pair. Deduplication cannot decide which 2 are the real parents, and choosing among 3 genuinely different claimed parents is genealogical judgement, not a merge. Clusters are shown for a human to rule on.
Q113235	Drogo of Champagne	3	[Q112064 'Plectrude' = Q206906 'Plectrude'] ; [Q135895 'Pepin of Herstal']	Q112064,Q135895	no	3 listed parents collapse to 2 distinct person(s): 1 record(s) are duplicates of another listed parent. Evidence — Q112064+Q206906: identical label 'Plectrude'. The two survivors are one male and one female, as a biological parent pair should be
Q113366	Maulana Ishaq	3	[Q112196 'Ibrahim Zaindin kubra samarqandi'] ; [Q171352 'Dewi Candrawulan'] ; [Q171423 '11 Maulana Ibrahim Al-Hadrami Azmatkhan']		yes	3 listed parents do NOT collapse: they cluster into 3 distinct people, more than a biological pair. Deduplication cannot decide which 2 are the real parents, and choosing among 3 genuinely different claimed parents is genealogical judgement, not a merge. Clusters are shown for a human to rule on.
Q113464	Drogo	3	[Q115039 'Charlemagne'] ; [Q115564 'Regina' = Q205213 'Regina']	Q115039,Q115564	no	3 listed parents collapse to 2 distinct person(s): 1 record(s) are duplicates of another listed parent. Evidence — Q115564+Q205213: identical label 'Regina'. The two survivors are one male and one female, as a biological parent pair should be
Q113572	Guilla of Provence	3	[Q113566 'Boso of Provence'] ; [Q113568 'Ermengard of Italy'] ; [Q206910 'Unknown Wife of Boso']		yes	3 listed parents do NOT collapse: they cluster into 3 distinct people, more than a biological pair. Deduplication cannot decide which 2 are the real parents, and choosing among 3 genuinely different claimed parents is genealogical judgement, not a merge. Clusters are shown for a human to rule on.
Q113612	Conrad II, Duke of Transjurane Burgundy	3	[Q112352 'Adelheid van Tours'] ; [Q113628 'Conrad I, Count of Auxerre'] ; [Q205103 'Conrad I le Vieux, comte d'Auxerre']		yes	3 listed parents do NOT collapse: they cluster into 3 distinct people, more than a biological pair. Deduplication cannot decide which 2 are the real parents, and choosing among 3 genuinely different claimed parents is genealogical judgement, not a merge. Clusters are shown for a human to rule on.
Q113614	Rudolph I of Burgundy	3	[Q112348 'Wiltrud of Orleans'] ; [Q113612 'Conrad II, Duke of Transjurane Burgundy'] ; [Q206035 'Waldrade de Wormsgau']		yes	3 listed parents do NOT collapse: they cluster into 3 distinct people, more than a biological pair. Deduplication cannot decide which 2 are the real parents, and choosing among 3 genuinely different claimed parents is genealogical judgement, not a merge. Clusters are shown for a human to rule on.
Q113774	Callixtus II	3	[Q112606 'William I, Count of Burgundy'] ; [Q113646 'Stephanie of Burgundy'] ; [Q205352 'av Burgund']		yes	3 listed parents do NOT collapse: they cluster into 3 distinct people, more than a biological pair. Deduplication cannot decide which 2 are the real parents, and choosing among 3 genuinely different claimed parents is genealogical judgement, not a merge. Clusters are shown for a human to rule on.
Q113790	Raymond of Burgundy	3	[Q112606 'William I, Count of Burgundy'] ; [Q113646 'Stephanie of Burgundy'] ; [Q205352 'av Burgund']		yes	3 listed parents do NOT collapse: they cluster into 3 distinct people, more than a biological pair. Deduplication cannot decide which 2 are the real parents, and choosing among 3 genuinely different claimed parents is genealogical judgement, not a merge. Clusters are shown for a human to rule on.
Q113792	Sancha Raimúndez	3	[Q106603 'Urraca of Leon' = Q118257 'Urraca of León'] ; [Q113790 'Raymond of Burgundy']	Q118257,Q113790	no	3 listed parents collapse to 2 distinct person(s): 1 record(s) are duplicates of another listed parent. Evidence — Q106603+Q118257: identical label 'Urraca of Leon'. The two survivors are one male and one female, as a biological parent pair should be
Q113794	Alfonso VII of Castile	3	[Q106603 'Urraca of Leon' = Q118257 'Urraca of León'] ; [Q113790 'Raymond of Burgundy']	Q118257,Q113790	no	3 listed parents collapse to 2 distinct person(s): 1 record(s) are duplicates of another listed parent. Evidence — Q106603+Q118257: identical label 'Urraca of Leon'. The two survivors are one male and one female, as a biological parent pair should be
Q113796	Elvira Pérez de Lara	3	[Q106603 'Urraca of Leon' = Q118257 'Urraca of León'] ; [Q112885 'Pedro González de Lara']	Q118257,Q112885	no	3 listed parents collapse to 2 distinct person(s): 1 record(s) are duplicates of another listed parent. Evidence — Q106603+Q118257: identical label 'Urraca of Leon'. The two survivors are one male and one female, as a biological parent pair should be
Q113798	Fernando Pérez de Lara	3	[Q106603 'Urraca of Leon' = Q118257 'Urraca of León'] ; [Q112885 'Pedro González de Lara']	Q118257,Q112885	no	3 listed parents collapse to 2 distinct person(s): 1 record(s) are duplicates of another listed parent. Evidence — Q106603+Q118257: identical label 'Urraca of Leon'. The two survivors are one male and one female, as a biological parent pair should be
Q113800	Roger II of Sicily	3	[Q116080 'Roger I of Sicily'] ; [Q116082 'Adelaide del Vasto' = Q205919 'Adelaide del Vasto signora di Savona']	Q116080,Q116082	no	3 listed parents collapse to 2 distinct person(s): 1 record(s) are duplicates of another listed parent. Evidence — Q116082+Q205919: same given name and every surname token matches as a spelling variant ('Adelaide del Vasto' / 'Adelaide del Vasto signora di Savona'). The two survivors are one male and one female, as a biological parent pair should be
Q113878	Oda of Saxony	3	[Q113874 'Otto I'] ; [Q113876 'Hedwiga'] ; [Q206672 'Heduvige']		yes	3 listed parents do NOT collapse: they cluster into 3 distinct people, more than a biological pair. Deduplication cannot decide which 2 are the real parents, and choosing among 3 genuinely different claimed parents is genealogical judgement, not a merge. Clusters are shown for a human to rule on.
Q113886	Louis IV of France	3	[Q113856 'Eadgifu of Wessex'] ; [Q115496 'Charles the Simple'] ; [Q206256 'Edgiva']		yes	3 listed parents do NOT collapse: they cluster into 3 distinct people, more than a biological pair. Deduplication cannot decide which 2 are the real parents, and choosing among 3 genuinely different claimed parents is genealogical judgement, not a merge. Clusters are shown for a human to rule on.
Q113912	Adelaide of Italy	3	[Q115670 'Rudolph II of Burgundy'] ; [Q116355 'Bertha of Swabia'] ; [Q205409 'Berta']		yes	3 listed parents do NOT collapse: they cluster into 3 distinct people, more than a biological pair. Deduplication cannot decide which 2 are the real parents, and choosing among 3 genuinely different claimed parents is genealogical judgement, not a merge. Clusters are shown for a human to rule on.
Q113983	Adelaide of Troyes	3	[Q113981 'Gilbert, Duke of Burgundy'] ; [Q113982 'Ermengarde of Burgundy'] ; [Q205972 'Princess Ermengarde of Lorraine']		yes	3 listed parents do NOT collapse: they cluster into 3 distinct people, more than a biological pair. Deduplication cannot decide which 2 are the real parents, and choosing among 3 genuinely different claimed parents is genealogical judgement, not a merge. Clusters are shown for a human to rule on.
Q114018	Ermengarde-Gerberga of Anjou	3	[Q112532 'Adelaide of Blois'] ; [Q113576 'Geoffrey I, Count of Anjou'] ; [Q114121 'Adele of Meaux']		yes	3 listed parents do NOT collapse: they cluster into 3 distinct people, more than a biological pair. Deduplication cannot decide which 2 are the real parents, and choosing among 3 genuinely different claimed parents is genealogical judgement, not a merge. Clusters are shown for a human to rule on.
Q114028	Gerberga d'Ivrea	3	[Q114020 'Berengar II of Italy'] ; [Q114022 'Willa of Tuscany'] ; [Q206809 'Willa di Toscana']		yes	3 listed parents do NOT collapse: they cluster into 3 distinct people, more than a biological pair. Deduplication cannot decide which 2 are the real parents, and choosing among 3 genuinely different claimed parents is genealogical judgement, not a merge. Clusters are shown for a human to rule on.
Q114035	Louis V of France	3	[Q113896 'Lothair of France'] ; [Q116315 'Emma of Italy'] ; [Q205970 'Czeski']		yes	3 listed parents do NOT collapse: they cluster into 3 distinct people, more than a biological pair. Deduplication cannot decide which 2 are the real parents, and choosing among 3 genuinely different claimed parents is genealogical judgement, not a merge. Clusters are shown for a human to rule on.
Q114058	Gisela of France	3	[Q115496 'Charles the Simple'] ; [Q116691 'Frederuna' = Q207475 'Frederuna']	Q115496,Q116691	no	3 listed parents collapse to 2 distinct person(s): 1 record(s) are duplicates of another listed parent. Evidence — Q116691+Q207475: identical label 'Frederuna'. The two survivors are one male and one female, as a biological parent pair should be
Q114071	D. Sancho  Nunes de Barbosa	3	[Q101335 'Sancho Nunes de Celanova, Senor de Barbosa'] ; [Q102057 'Teresa Mendes de Ribadouro'] ; [Q102397 'D. Sancha Henriques']		yes	3 listed parents do NOT collapse: they cluster into 3 distinct people, more than a biological pair. Deduplication cannot decide which 2 are the real parents, and choosing among 3 genuinely different claimed parents is genealogical judgement, not a merge. Clusters are shown for a human to rule on.
Q114103	Baldwin III, Count of Flanders	3	[Q112540 'Adele of Vermandois'] ; [Q114101 'Arnulf I, Count of Flanders'] ; [Q206864 'Aleidis van Vermandois']		yes	3 listed parents do NOT collapse: they cluster into 3 distinct people, more than a biological pair. Deduplication cannot decide which 2 are the real parents, and choosing among 3 genuinely different claimed parents is genealogical judgement, not a merge. Clusters are shown for a human to rule on.
Q114129	Conrad I of Burgundy	3	[Q115670 'Rudolph II of Burgundy'] ; [Q116355 'Bertha of Swabia'] ; [Q205409 'Berta']		yes	3 listed parents do NOT collapse: they cluster into 3 distinct people, more than a biological pair. Deduplication cannot decide which 2 are the real parents, and choosing among 3 genuinely different claimed parents is genealogical judgement, not a merge. Clusters are shown for a human to rule on.
Q114141	Theobald III	3	[Q112562 'Odo II, Count of Blois'] ; [Q114139 'Ermengarde d'Auvergne' = Q205529 'Ermengarde d'Auvergne']	Q112562,Q114139	no	3 listed parents collapse to 2 distinct person(s): 1 record(s) are duplicates of another listed parent. Evidence — Q114139+Q205529: identical label 'Ermengarde d'Auvergne'. The two survivors are one male and one female, as a biological parent pair should be
Q114152	Bermudo  Ordonez	3	[Q101353 'Ordono Bermudez de Leon'] ; [Q101377 'Ordonez'] ; [Q101395 'Dordia Osorez']		yes	3 listed parents do NOT collapse: they cluster into 3 distinct people, more than a biological pair. Deduplication cannot decide which 2 are the real parents, and choosing among 3 genuinely different claimed parents is genealogical judgement, not a merge. Clusters are shown for a human to rule on.
Q114211	Stephen I, Count of Burgundy	3	[Q112606 'William I, Count of Burgundy'] ; [Q113646 'Stephanie of Burgundy'] ; [Q205352 'av Burgund']		yes	3 listed parents do NOT collapse: they cluster into 3 distinct people, more than a biological pair. Deduplication cannot decide which 2 are the real parents, and choosing among 3 genuinely different claimed parents is genealogical judgement, not a merge. Clusters are shown for a human to rule on.
Q114215	Clementia of Burgundy	3	[Q112606 'William I, Count of Burgundy'] ; [Q113646 'Stephanie of Burgundy'] ; [Q205352 'av Burgund']		yes	3 listed parents do NOT collapse: they cluster into 3 distinct people, more than a biological pair. Deduplication cannot decide which 2 are the real parents, and choosing among 3 genuinely different claimed parents is genealogical judgement, not a merge. Clusters are shown for a human to rule on.
Q114275	Bruno II	3	[Q112636 'Liudolf, Margrave of Frisia'] ; [Q114269 'Gertrud die Ältere von Braunschweig'] ; [Q206920 'Gertrude von Egisheim']		yes	3 listed parents do NOT collapse: they cluster into 3 distinct people, more than a biological pair. Deduplication cannot decide which 2 are the real parents, and choosing among 3 genuinely different claimed parents is genealogical judgement, not a merge. Clusters are shown for a human to rule on.
Q114277	Ida von Elsdorf	3	[Q112636 'Liudolf, Margrave of Frisia'] ; [Q114269 'Gertrud die Ältere von Braunschweig'] ; [Q206920 'Gertrude von Egisheim']		yes	3 listed parents do NOT collapse: they cluster into 3 distinct people, more than a biological pair. Deduplication cannot decide which 2 are the real parents, and choosing among 3 genuinely different claimed parents is genealogical judgement, not a merge. Clusters are shown for a human to rule on.
Q114318	Elvira Diaz	3	[Q102649 'Diego Moniz de Saldana' = Q110560 'Diego Muñoz de Saldaña'] ; [Q111055 'Tegridia']	Q102649,Q111055	no	3 listed parents collapse to 2 distinct person(s): 1 record(s) are duplicates of another listed parent. Evidence — Q102649+Q110560: labels 91% identical, same given name ('Diego Moniz de Saldana' / 'Diego Muñoz de Saldaña'). The two survivors are one male and one female, as a biological parent pair should be
Q114491	Baldwin III, Count of Hainaut	3	[Q117706 'Baldwin II, Count of Hainaut'] ; [Q117708 'Ida of Louvain'] ; [Q206503 'Ida van Leuven']		yes	3 listed parents do NOT collapse: they cluster into 3 distinct people, more than a biological pair. Deduplication cannot decide which 2 are the real parents, and choosing among 3 genuinely different claimed parents is genealogical judgement, not a merge. Clusters are shown for a human to rule on.
Q114511	Waleran, Duke of Lower Lorraine	3	[Q117766 'Henry II , Duke of Lower Lorraine'] ; [Q117768 'Adelheid von Pottenstein'] ; [Q205562 'Adelheid']		yes	3 listed parents do NOT collapse: they cluster into 3 distinct people, more than a biological pair. Deduplication cannot decide which 2 are the real parents, and choosing among 3 genuinely different claimed parents is genealogical judgement, not a merge. Clusters are shown for a human to rule on.
Q114730	Sikelgaita	3	[Q118200 'Guaimar IV of Salerno'] ; [Q118202 'Porpora de Tabellaria'] ; [Q206602 'Gemma Capua di Marsico']		yes	3 listed parents do NOT collapse: they cluster into 3 distinct people, more than a biological pair. Deduplication cannot decide which 2 are the real parents, and choosing among 3 genuinely different claimed parents is genealogical judgement, not a merge. Clusters are shown for a human to rule on.
Q114743	Aimery II of Narbonne	3	[Q112815 'Matilde d'Altavilla' = Q205637 'Matilde Altavilla di Puglia'] ; [Q114741 'Aimery I of Narbonne']	Q112815,Q114741	no	3 listed parents collapse to 2 distinct person(s): 1 record(s) are duplicates of another listed parent. Evidence — Q112815+Q205637: same given name and every surname token matches as a spelling variant ('Matilde d'Altavilla' / 'Matilde Altavilla di Puglia'). The two survivors are one male and one female, as a biological parent pair should be
Q114744	Berenguer of Narbonne	3	[Q112815 'Matilde d'Altavilla' = Q205637 'Matilde Altavilla di Puglia'] ; [Q114741 'Aimery I of Narbonne']	Q112815,Q114741	no	3 listed parents collapse to 2 distinct person(s): 1 record(s) are duplicates of another listed parent. Evidence — Q112815+Q205637: same given name and every surname token matches as a spelling variant ('Matilde d'Altavilla' / 'Matilde Altavilla di Puglia'). The two survivors are one male and one female, as a biological parent pair should be
Q115039	Charlemagne	3	[Q111318 'Pepin of Landen'] ; [Q115037 'Bertrada of Laon'] ; [Q136124 'Pepin the Short']		yes	3 listed parents do NOT collapse: they cluster into 3 distinct people, more than a biological pair. Deduplication cannot decide which 2 are the real parents, and choosing among 3 genuinely different claimed parents is genealogical judgement, not a merge. Clusters are shown for a human to rule on.
Q115496	Charles the Simple	3	[Q113420 'Adelaide of Paris'] ; [Q115494 'Louis the Stammerer'] ; [Q206502 'Adelais de Paris']		yes	3 listed parents do NOT collapse: they cluster into 3 distinct people, more than a biological pair. Deduplication cannot decide which 2 are the real parents, and choosing among 3 genuinely different claimed parents is genealogical judgement, not a merge. Clusters are shown for a human to rule on.
Q115540	Hardouin de Ponthieu	3	[Q113440 'Bertha'] ; [Q118967 'Angilbert'] ; [Q205641 'Berthe Prinses der Franken']		yes	3 listed parents do NOT collapse: they cluster into 3 distinct people, more than a biological pair. Deduplication cannot decide which 2 are the real parents, and choosing among 3 genuinely different claimed parents is genealogical judgement, not a merge. Clusters are shown for a human to rule on.
Q115552	Bernard of Italy	3	[Q113462 'Pepin of Italy'] ; [Q115550 'Ruodhaid'] ; [Q206123 'Bertha de Toulouse']		yes	3 listed parents do NOT collapse: they cluster into 3 distinct people, more than a biological pair. Deduplication cannot decide which 2 are the real parents, and choosing among 3 genuinely different claimed parents is genealogical judgement, not a merge. Clusters are shown for a human to rule on.
Q115596	Baldwin II	3	[Q113506 'Baldwin I, Margrave of Flanders'] ; [Q115594 'Judith of Flanders'] ; [Q205535 'Judith, gravin van Vlaanderen']		yes	3 listed parents do NOT collapse: they cluster into 3 distinct people, more than a biological pair. Deduplication cannot decide which 2 are the real parents, and choosing among 3 genuinely different claimed parents is genealogical judgement, not a merge. Clusters are shown for a human to rule on.
Q115598	Raoul of Flanders	3	[Q113506 'Baldwin I, Margrave of Flanders'] ; [Q115594 'Judith of Flanders'] ; [Q205535 'Judith, gravin van Vlaanderen']		yes	3 listed parents do NOT collapse: they cluster into 3 distinct people, more than a biological pair. Deduplication cannot decide which 2 are the real parents, and choosing among 3 genuinely different claimed parents is genealogical judgement, not a merge. Clusters are shown for a human to rule on.
Q115600	Charles van Vlaanderen	3	[Q113506 'Baldwin I, Margrave of Flanders'] ; [Q115594 'Judith of Flanders'] ; [Q205535 'Judith, gravin van Vlaanderen']		yes	3 listed parents do NOT collapse: they cluster into 3 distinct people, more than a biological pair. Deduplication cannot decide which 2 are the real parents, and choosing among 3 genuinely different claimed parents is genealogical judgement, not a merge. Clusters are shown for a human to rule on.
Q115650	Richard, Duke of Burgundy	3	[Q115645 'Bivin of Gorze'] ; [Q205578 'Richilde d'Arles'] ; [Q205968 'comte et abbe laic de Gorze']		yes	3 listed parents do NOT collapse: they cluster into 3 distinct people, more than a biological pair. Deduplication cannot decide which 2 are the real parents, and choosing among 3 genuinely different claimed parents is genealogical judgement, not a merge. Clusters are shown for a human to rule on.
Q115808	Pedro Manrique de Lara	3	[Q106950 'Manrique Perez de Lara' = Q118603 'Manrique Pérez de Lara'] ; [Q115806 'Ermesende of Narbonne']	Q118603,Q115806	no	3 listed parents collapse to 2 distinct person(s): 1 record(s) are duplicates of another listed parent. Evidence — Q106950+Q118603: identical label 'Manrique Perez de Lara'. The two survivors are one male and one female, as a biological parent pair should be
Q115810	Aimerico Manrique de Lara	3	[Q106950 'Manrique Perez de Lara' = Q118603 'Manrique Pérez de Lara'] ; [Q115806 'Ermesende of Narbonne']	Q118603,Q115806	no	3 listed parents collapse to 2 distinct person(s): 1 record(s) are duplicates of another listed parent. Evidence — Q106950+Q118603: identical label 'Manrique Perez de Lara'. The two survivors are one male and one female, as a biological parent pair should be
Q115916	Arnold I of Chiny	3	[Q116735 'Adelise of Soissons'] ; [Q119414 'Louis II of Chiny'] ; [Q205586 'Gui I de Vermandois, comte de Soissons']		yes	3 listed parents do NOT collapse: they cluster into 3 distinct people, more than a biological pair. Deduplication cannot decide which 2 are the real parents, and choosing among 3 genuinely different claimed parents is genealogical judgement, not a merge. Clusters are shown for a human to rule on.
Q116000	Raymond V, Count of Toulouse	3	[Q107026 'Alphonse Jourdain' = Q118679 'Alphonse Jourdain'] ; [Q115998 'Faydide d'Uzès']	Q118679,Q115998	no	3 listed parents collapse to 2 distinct person(s): 1 record(s) are duplicates of another listed parent. Evidence — Q107026+Q118679: identical label 'Alphonse Jourdain'. The two survivors are one male and one female, as a biological parent pair should be
Q116002	Alphonse of Toulouse	3	[Q107026 'Alphonse Jourdain' = Q118679 'Alphonse Jourdain'] ; [Q115998 'Faydide d'Uzès']	Q118679,Q115998	no	3 listed parents collapse to 2 distinct person(s): 1 record(s) are duplicates of another listed parent. Evidence — Q107026+Q118679: identical label 'Alphonse Jourdain'. The two survivors are one male and one female, as a biological parent pair should be
Q116004	Faidiva of Toulouse	3	[Q107026 'Alphonse Jourdain' = Q118679 'Alphonse Jourdain'] ; [Q115998 'Faydide d'Uzès']	Q118679,Q115998	no	3 listed parents collapse to 2 distinct person(s): 1 record(s) are duplicates of another listed parent. Evidence — Q107026+Q118679: identical label 'Alphonse Jourdain'. The two survivors are one male and one female, as a biological parent pair should be
Q116006	Laurence of Toulouse	3	[Q107026 'Alphonse Jourdain' = Q118679 'Alphonse Jourdain'] ; [Q115998 'Faydide d'Uzès']	Q118679,Q115998	no	3 listed parents collapse to 2 distinct person(s): 1 record(s) are duplicates of another listed parent. Evidence — Q107026+Q118679: identical label 'Alphonse Jourdain'. The two survivors are one male and one female, as a biological parent pair should be
Q116030	Urraca of Portugal	3	[Q104129 'Afonso I of Portugal'] ; [Q106750 'Maud of Savoy' = Q118403 'Maud of Savoy']	Q104129,Q118403	no	3 listed parents collapse to 2 distinct person(s): 1 record(s) are duplicates of another listed parent. Evidence — Q106750+Q118403: identical label 'Maud of Savoy'. The two survivors are one male and one female, as a biological parent pair should be
Q116032	Theresa of Portugal	3	[Q104129 'Afonso I of Portugal'] ; [Q106750 'Maud of Savoy' = Q118403 'Maud of Savoy']	Q104129,Q118403	no	3 listed parents collapse to 2 distinct person(s): 1 record(s) are duplicates of another listed parent. Evidence — Q106750+Q118403: identical label 'Maud of Savoy'. The two survivors are one male and one female, as a biological parent pair should be
Q116038	Mafalda of Portugal	3	[Q104129 'Afonso I of Portugal'] ; [Q106750 'Maud of Savoy' = Q118403 'Maud of Savoy']	Q104129,Q118403	no	3 listed parents collapse to 2 distinct person(s): 1 record(s) are duplicates of another listed parent. Evidence — Q106750+Q118403: identical label 'Maud of Savoy'. The two survivors are one male and one female, as a biological parent pair should be
Q116040	Sancha of Portugal I	3	[Q104129 'Afonso I of Portugal'] ; [Q106750 'Maud of Savoy' = Q118403 'Maud of Savoy']	Q104129,Q118403	no	3 listed parents collapse to 2 distinct person(s): 1 record(s) are duplicates of another listed parent. Evidence — Q106750+Q118403: identical label 'Maud of Savoy'. The two survivors are one male and one female, as a biological parent pair should be
Q116243	Pippin	3	[Q115524 'Charles the Bald'] ; [Q115652 'Richilde of Provence'] ; [Q205540 'Richilda']		yes	3 listed parents do NOT collapse: they cluster into 3 distinct people, more than a biological pair. Deduplication cannot decide which 2 are the real parents, and choosing among 3 genuinely different claimed parents is genealogical judgement, not a merge. Clusters are shown for a human to rule on.
Q116343	Henry II, Holy Roman Emperor	3	[Q113906 'Henry II, Duke of Bavaria'] ; [Q114133 'Gisela of Burgundy'] ; [Q205982 'Gisela Herzogin zu Bayern']		yes	3 listed parents do NOT collapse: they cluster into 3 distinct people, more than a biological pair. Deduplication cannot decide which 2 are the real parents, and choosing among 3 genuinely different claimed parents is genealogical judgement, not a merge. Clusters are shown for a human to rule on.
Q116369	Otto I, Duke of Swabia and Bavaria	3	[Q113916 'Liudolf, Duke of Swabia'] ; [Q116367 'Ida von Schwaben'] ; [Q205512 'Ida']		yes	3 listed parents do NOT collapse: they cluster into 3 distinct people, more than a biological pair. Deduplication cannot decide which 2 are the real parents, and choosing among 3 genuinely different claimed parents is genealogical judgement, not a merge. Clusters are shown for a human to rule on.
Q116441	Odo, Count of Penthièvre	3	[Q113940 'Hawise of Normandy'] ; [Q116437 'Geoffrey I, Duke of Brittany'] ; [Q206041 'Havoise De Normandie']		yes	3 listed parents do NOT collapse: they cluster into 3 distinct people, more than a biological pair. Deduplication cannot decide which 2 are the real parents, and choosing among 3 genuinely different claimed parents is genealogical judgement, not a merge. Clusters are shown for a human to rule on.
Q116573	Reginar III, Count of Hainaut	3	[Q116313 'Reginar II, Count of Hainaut'] ; [Q120079 'Adelaide de Bourgogne'] ; [Q207397 'Adelheid II van Boergondie']		yes	3 listed parents do NOT collapse: they cluster into 3 distinct people, more than a biological pair. Deduplication cannot decide which 2 are the real parents, and choosing among 3 genuinely different claimed parents is genealogical judgement, not a merge. Clusters are shown for a human to rule on.
Q116587	Arnulf II, count of Flanders	3	[Q114103 'Baldwin III, Count of Flanders'] ; [Q116745 'Matilda of Saxony'] ; [Q206631 'Mathilde van Saksen, gravin van Vlaanderen']		yes	3 listed parents do NOT collapse: they cluster into 3 distinct people, more than a biological pair. Deduplication cannot decide which 2 are the real parents, and choosing among 3 genuinely different claimed parents is genealogical judgement, not a merge. Clusters are shown for a human to rule on.
Q116589	Baldwin IV	3	[Q113990 'Rozala of Italy'] ; [Q116587 'Arnulf II, count of Flanders'] ; [Q205068 'Suzanna van Italie']		yes	3 listed parents do NOT collapse: they cluster into 3 distinct people, more than a biological pair. Deduplication cannot decide which 2 are the real parents, and choosing among 3 genuinely different claimed parents is genealogical judgement, not a merge. Clusters are shown for a human to rule on.
Q116805	Stephen	3	[Q114141 'Theobald III'] ; [Q116801 'Gersende of Maine' = Q206652 'Gersende du Maine']	Q114141,Q116801	no	3 listed parents collapse to 2 distinct person(s): 1 record(s) are duplicates of another listed parent. Evidence — Q116801+Q206652: same given name and every surname token matches as a spelling variant ('Gersende of Maine' / 'Gersende du Maine'). The two survivors are one male and one female, as a biological parent pair should be
Q116879	Judith of Flanders, Countess of Northumbria	3	[Q114201 'Eleanor of Normandy'] ; [Q116589 'Baldwin IV'] ; [Q206121 'Eleonora van Normandie']		yes	3 listed parents do NOT collapse: they cluster into 3 distinct people, more than a biological pair. Deduplication cannot decide which 2 are the real parents, and choosing among 3 genuinely different claimed parents is genealogical judgement, not a merge. Clusters are shown for a human to rule on.
Q116891	William IV of Burgundy	3	[Q114211 'Stephen I, Count of Burgundy'] ; [Q116887 'Beatrice of Lorraine' = Q206650 'Beatrice of Lorraine']	Q114211,Q206650	no	3 listed parents collapse to 2 distinct person(s): 1 record(s) are duplicates of another listed parent. Evidence — Q116887+Q206650: same Wikidata ID (Q22328248). The two survivors are one male and one female, as a biological parent pair should be
Q116893	Marguerite de Bourgogne	3	[Q114211 'Stephen I, Count of Burgundy'] ; [Q116887 'Beatrice of Lorraine' = Q206650 'Beatrice of Lorraine']	Q114211,Q206650	no	3 listed parents collapse to 2 distinct person(s): 1 record(s) are duplicates of another listed parent. Evidence — Q116887+Q206650: same Wikidata ID (Q22328248). The two survivors are one male and one female, as a biological parent pair should be
Q116903	Baldwin VII, Count of Flanders	3	[Q114215 'Clementia of Burgundy'] ; [Q116899 'Robert II'] ; [Q205344 'Robrecht II']		yes	3 listed parents do NOT collapse: they cluster into 3 distinct people, more than a biological pair. Deduplication cannot decide which 2 are the real parents, and choosing among 3 genuinely different claimed parents is genealogical judgement, not a merge. Clusters are shown for a human to rule on.
Q117193	Judith of Bavaria, Duchess of Swabia	3	[Q120830 'Henry IX, Duke of Bavaria'] ; [Q121396 'Wulfhilde of Saxony'] ; [Q206096 'Ulfhild']		yes	3 listed parents do NOT collapse: they cluster into 3 distinct people, more than a biological pair. Deduplication cannot decide which 2 are the real parents, and choosing among 3 genuinely different claimed parents is genealogical judgement, not a merge. Clusters are shown for a human to rule on.
Q117203	Judith of Hohenstaufen	3	[Q114325 'Frederick II, Duke of Swabia'] ; [Q117193 'Judith of Bavaria, Duchess of Swabia'] ; [Q117195 'Agnes of Saarbrücken']		yes	3 listed parents do NOT collapse: they cluster into 3 distinct people, more than a biological pair. Deduplication cannot decide which 2 are the real parents, and choosing among 3 genuinely different claimed parents is genealogical judgement, not a merge. Clusters are shown for a human to rule on.
Q117327	Sybilla of Normandy	3	[Q115966 'Henry I of England'] ; [Q119555 'Sybilla Corbet'] ; [Q205661 '? Concubine #4 of Henry I']		yes	3 listed parents do NOT collapse: they cluster into 3 distinct people, more than a biological pair. Deduplication cannot decide which 2 are the real parents, and choosing among 3 genuinely different claimed parents is genealogical judgement, not a merge. Clusters are shown for a human to rule on.
Q117331	Reginald de Dunstanville, 1st Earl of Cornwall	3	[Q115966 'Henry I of England'] ; [Q119555 'Sybilla Corbet'] ; [Q205294 'Sibile Korbet is Alkesterio Lady']		yes	3 listed parents do NOT collapse: they cluster into 3 distinct people, more than a biological pair. Deduplication cannot decide which 2 are the real parents, and choosing among 3 genuinely different claimed parents is genealogical judgement, not a merge. Clusters are shown for a human to rule on.
Q117335	Robert, 1st Earl of Gloucester	3	[Q115966 'Henry I of England'] ; [Q119555 'Sybilla Corbet'] ; [Q206950 'Unknown Woman de Caen Concubine #1 of Henry I of England']		yes	3 listed parents do NOT collapse: they cluster into 3 distinct people, more than a biological pair. Deduplication cannot decide which 2 are the real parents, and choosing among 3 genuinely different claimed parents is genealogical judgement, not a merge. Clusters are shown for a human to rule on.
Q117337	Fulk FitzRoy	3	[Q115966 'Henry I of England'] ; [Q119553 'Ansfride (?)'] ; [Q205487 'Ansfride Widow of Anskill']		yes	3 listed parents do NOT collapse: they cluster into 3 distinct people, more than a biological pair. Deduplication cannot decide which 2 are the real parents, and choosing among 3 genuinely different claimed parents is genealogical judgement, not a merge. Clusters are shown for a human to rule on.
Q118220	Foy	3	[Q115706 'Hugh of Rouergue'] ; [Q205229 'Hugues, comte de Rouergue'] ; [Q206478 'Fides de Cerdagne, comtesse consort de Rouergue']		yes	3 listed parents do NOT collapse: they cluster into 3 distinct people, more than a biological pair. Deduplication cannot decide which 2 are the real parents, and choosing among 3 genuinely different claimed parents is genealogical judgement, not a merge. Clusters are shown for a human to rule on.
Q118394	Constans	3	[Q61334 'Fausta'] ; [Q61367 'Constantine the Great' = Q62555 'Constantine the Great']	Q61334,Q62555	no	3 listed parents collapse to 2 distinct person(s): 1 record(s) are duplicates of another listed parent. Evidence — Q61367+Q62555: identical label 'Constantine the Great'. The two survivors are one male and one female, as a biological parent pair should be
Q118457	Urraca  Bermudez	3	[Q101447 'Jimena Pelaez'] ; [Q104139 'Urraca Henriques'] ; [Q104471 'D. Bermudo Perez de Trava']		yes	3 listed parents do NOT collapse: they cluster into 3 distinct people, more than a biological pair. Deduplication cannot decide which 2 are the real parents, and choosing among 3 genuinely different claimed parents is genealogical judgement, not a merge. Clusters are shown for a human to rule on.
Q118474	Gratian	3	[Q123624 'Marina Severa' = Q166660 'Marina Severa'] ; [Q73089 'Valentinian I']	Q123624,Q73089	no	3 listed parents collapse to 2 distinct person(s): 1 record(s) are duplicates of another listed parent. Evidence — Q123624+Q166660: identical label 'Marina Severa'. The two survivors are one male and one female, as a biological parent pair should be
Q118555	Maria  Soares	3	[Q101111 'Nuno Soares'] ; [Q104194 'Soeiro Mendes de Tougues Facha'] ; [Q105235 'Elvira Goncalves de Sousa']		yes	3 listed parents do NOT collapse: they cluster into 3 distinct people, more than a biological pair. Deduplication cannot decide which 2 are the real parents, and choosing among 3 genuinely different claimed parents is genealogical judgement, not a merge. Clusters are shown for a human to rule on.
Q118743	William V, Duke of Aquitaine	3	[Q110982 'William IV, Duke of Aquitaine'] ; [Q110984 'Emma of Blois'] ; [Q205619 'Guillaume V d'Aquitaine Fierbrace']		yes	3 listed parents do NOT collapse: they cluster into 3 distinct people, more than a biological pair. Deduplication cannot decide which 2 are the real parents, and choosing among 3 genuinely different claimed parents is genealogical judgement, not a merge. Clusters are shown for a human to rule on.
Q118847	N.N.	3	[Q104319 'Garsinde de Gascogne'] ; [Q104407 'Elio Alvarez'] ; [Q104495 'Rodericus Fernandi']		yes	3 listed parents do NOT collapse: they cluster into 3 distinct people, more than a biological pair. Deduplication cannot decide which 2 are the real parents, and choosing among 3 genuinely different claimed parents is genealogical judgement, not a merge. Clusters are shown for a human to rule on.
Q118858	Nyi Ageng Ngerang III	3	[Q115450 'Dewi Sarah'] ; [Q118854 'Sunan Kalijaga'] ; [Q162170 'Person Q162170']		yes	3 listed parents do NOT collapse: they cluster into 3 distinct people, more than a biological pair. Deduplication cannot decide which 2 are the real parents, and choosing among 3 genuinely different claimed parents is genealogical judgement, not a merge. Clusters are shown for a human to rule on.
Q118869	Estefania  Ermengol de Urgell	3	[Q104427 'Maria Perez de Valladolid'] ; [Q107214 'Ermengol V 'el de Mollerussa' d'Urgell' = Q118867 'Ermengol V 'el de Mollerussa' d'Urgell comte d'Urgell']	Q104427,Q118867	no	3 listed parents collapse to 2 distinct person(s): 1 record(s) are duplicates of another listed parent. Evidence — Q107214+Q118867: same given name and every surname token matches as a spelling variant ('Ermengol V 'el de Mollerussa' d'Urgell' / 'Ermengol V 'el de Mollerussa' d'Urgell comte d'Urgell'). The two survivors are one male and one female, as a biological parent pair should be
Q118871	Pedro  de Urgel	3	[Q104427 'Maria Perez de Valladolid'] ; [Q107214 'Ermengol V 'el de Mollerussa' d'Urgell' = Q118867 'Ermengol V 'el de Mollerussa' d'Urgell comte d'Urgell']	Q104427,Q118867	no	3 listed parents collapse to 2 distinct person(s): 1 record(s) are duplicates of another listed parent. Evidence — Q107214+Q118867: same given name and every surname token matches as a spelling variant ('Ermengol V 'el de Mollerussa' d'Urgell' / 'Ermengol V 'el de Mollerussa' d'Urgell comte d'Urgell'). The two survivors are one male and one female, as a biological parent pair should be
Q118873	Teresa d'Urgell, Comtessa consort de Cerdanya	3	[Q104427 'Maria Perez de Valladolid'] ; [Q107214 'Ermengol V 'el de Mollerussa' d'Urgell' = Q118867 'Ermengol V 'el de Mollerussa' d'Urgell comte d'Urgell']	Q104427,Q118867	no	3 listed parents collapse to 2 distinct person(s): 1 record(s) are duplicates of another listed parent. Evidence — Q107214+Q118867: same given name and every surname token matches as a spelling variant ('Ermengol V 'el de Mollerussa' d'Urgell' / 'Ermengol V 'el de Mollerussa' d'Urgell comte d'Urgell'). The two survivors are one male and one female, as a biological parent pair should be
Q118875	Dona Maria  de Armengol	3	[Q104427 'Maria Perez de Valladolid'] ; [Q107214 'Ermengol V 'el de Mollerussa' d'Urgell' = Q118867 'Ermengol V 'el de Mollerussa' d'Urgell comte d'Urgell']	Q104427,Q118867	no	3 listed parents collapse to 2 distinct person(s): 1 record(s) are duplicates of another listed parent. Evidence — Q107214+Q118867: same given name and every surname token matches as a spelling variant ('Ermengol V 'el de Mollerussa' d'Urgell' / 'Ermengol V 'el de Mollerussa' d'Urgell comte d'Urgell'). The two survivors are one male and one female, as a biological parent pair should be
Q118938	Carloman of Bavaria	3	[Q115520 'Louis the German'] ; [Q115754 'Hemma'] ; [Q205527 'Emma von Altdorf']		yes	3 listed parents do NOT collapse: they cluster into 3 distinct people, more than a biological pair. Deduplication cannot decide which 2 are the real parents, and choosing among 3 genuinely different claimed parents is genealogical judgement, not a merge. Clusters are shown for a human to rule on.
Q118944	Charles the Fat	3	[Q115520 'Louis the German'] ; [Q115754 'Hemma'] ; [Q205527 'Emma von Altdorf']		yes	3 listed parents do NOT collapse: they cluster into 3 distinct people, more than a biological pair. Deduplication cannot decide which 2 are the real parents, and choosing among 3 genuinely different claimed parents is genealogical judgement, not a merge. Clusters are shown for a human to rule on.
Q119489	Arduin of Ivrea	3	"[Q124771 'Dadone di Pombia' = Q206985 'Dadone d'Ivrea conte di Pombia'] ; [Q208265 'Ichilda ""Desiderata"" /degli Arduinici/ /!\']"	Q124771,Q208265	no	3 listed parents collapse to 2 distinct person(s): 1 record(s) are duplicates of another listed parent. Evidence — Q124771+Q206985: same given name and every surname token matches as a spelling variant ('Dadone di Pombia' / 'Dadone d'Ivrea conte di Pombia'). The two survivors are one male and one female, as a biological parent pair should be
Q119996	Hugh II, Count of Maine	3	[Q116231 'Hugh I, Count of Maine'] ; [Q125490 'NN'] ; [Q208594 'David or Hugues du Maine I']		yes	3 listed parents do NOT collapse: they cluster into 3 distinct people, more than a biological pair. Deduplication cannot decide which 2 are the real parents, and choosing among 3 genuinely different claimed parents is genealogical judgement, not a merge. Clusters are shown for a human to rule on.
Q120287	Richard of Salerno	3	[Q116473 'William of the Principate'] ; [Q120285 'Maria di Sorrento' = Q206929 'Maria di Sorrento']	Q116473,Q120285	no	3 listed parents collapse to 2 distinct person(s): 1 record(s) are duplicates of another listed parent. Evidence — Q120285+Q206929: identical label 'Maria di Sorrento'. The two survivors are one male and one female, as a biological parent pair should be
Q120406	Matilda of Tuscany	3	[Q116559 'Beatrice of Lorraine'] ; [Q120402 'Boniface III, Margrave of Tuscany'] ; [Q206722 'Beatrice di Lotaringia']		yes	3 listed parents do NOT collapse: they cluster into 3 distinct people, more than a biological pair. Deduplication cannot decide which 2 are the real parents, and choosing among 3 genuinely different claimed parents is genealogical judgement, not a merge. Clusters are shown for a human to rule on.
Q120508	Anscar of Ivrea	3	[Q126091 'Amédée d'Oscheret'] ; [Q205189 'Amedeo, conte di Langres'] ; [Q208672 '.... de Nantes']		yes	3 listed parents do NOT collapse: they cluster into 3 distinct people, more than a biological pair. Deduplication cannot decide which 2 are the real parents, and choosing among 3 genuinely different claimed parents is genealogical judgement, not a merge. Clusters are shown for a human to rule on.
Q120830	Henry IX, Duke of Bavaria	3	[Q116879 'Judith of Flanders, Countess of Northumbria'] ; [Q120824 'Welf I, Duke of Bavaria'] ; [Q205100 'Guelfo IV, duca di Baviera']		yes	3 listed parents do NOT collapse: they cluster into 3 distinct people, more than a biological pair. Deduplication cannot decide which 2 are the real parents, and choosing among 3 genuinely different claimed parents is genealogical judgement, not a merge. Clusters are shown for a human to rule on.
Q120834	Skuli Tostisson Kongsfostre	3	[Q116879 'Judith of Flanders, Countess of Northumbria'] ; [Q120822 'Tostig Godwinson'] ; [Q206027 'Toste Godwinsson']		yes	3 listed parents do NOT collapse: they cluster into 3 distinct people, more than a biological pair. Deduplication cannot decide which 2 are the real parents, and choosing among 3 genuinely different claimed parents is genealogical judgement, not a merge. Clusters are shown for a human to rule on.
Q121197	Ida of Lorraine	3	[Q120404 'Godfrey III, Duke of Lower Lorraine'] ; [Q125949 'Doda'] ; [Q206767 'Doda of Lorraine']		yes	3 listed parents do NOT collapse: they cluster into 3 distinct people, more than a biological pair. Deduplication cannot decide which 2 are the real parents, and choosing among 3 genuinely different claimed parents is genealogical judgement, not a merge. Clusters are shown for a human to rule on.
Q121398	Welf VI, Margrave of Tuscany	3	[Q120830 'Henry IX, Duke of Bavaria'] ; [Q121396 'Wulfhilde of Saxony'] ; [Q206096 'Ulfhild']		yes	3 listed parents do NOT collapse: they cluster into 3 distinct people, more than a biological pair. Deduplication cannot decide which 2 are the real parents, and choosing among 3 genuinely different claimed parents is genealogical judgement, not a merge. Clusters are shown for a human to rule on.
Q121586	Manfred II of Saluzzo	3	[Q126807 'Manfred I, Marquess of Saluzzo'] ; [Q205436 'Manfredo I del Vasto marchese di Saluzzo'] ; [Q206231 'Eleanor di Arborea']		yes	3 listed parents do NOT collapse: they cluster into 3 distinct people, more than a biological pair. Deduplication cannot decide which 2 are the real parents, and choosing among 3 genuinely different claimed parents is genealogical judgement, not a merge. Clusters are shown for a human to rule on.
Q123355	Guaimar III of Salerno	3	"[Q143444 'John II of Salerno'] ; [Q205389 'Giovanni II ""Maledictus"" principe di Salerno'] ; [Q208230 'Sigelgaita di Benevento']"		yes	3 listed parents do NOT collapse: they cluster into 3 distinct people, more than a biological pair. Deduplication cannot decide which 2 are the real parents, and choosing among 3 genuinely different claimed parents is genealogical judgement, not a merge. Clusters are shown for a human to rule on.
Q123357	Gaitelgrima di Benevento	3	"[Q143446 'Pandulf II of Benevento'] ; [Q205110 'Pandolfo II-III ""il Vecchio"" principe di Benevento e Capua'] ; [Q205501 '.... ....']"		yes	3 listed parents do NOT collapse: they cluster into 3 distinct people, more than a biological pair. Deduplication cannot decide which 2 are the real parents, and choosing among 3 genuinely different claimed parents is genealogical judgement, not a merge. Clusters are shown for a human to rule on.
Q123379	Ingegerd Knutsdotter of Denmark	3	[Q118212 'Adela of Flanders'] ; [Q123257 'Canute IV of Denmark'] ; [Q206831 'Knut IV Svendsen kung av Danmark']		yes	3 listed parents do NOT collapse: they cluster into 3 distinct people, more than a biological pair. Deduplication cannot decide which 2 are the real parents, and choosing among 3 genuinely different claimed parents is genealogical judgement, not a merge. Clusters are shown for a human to rule on.
Q123509	Gomes Pais da Silva	3	[Q100850 'Mayor de monzon'] ; [Q101451 'D.Pelayo Pelaez de Silva (Cisneros). Conde de Carrion'] ; [Q103215 'Sancha Ibanez de Montor']		yes	3 listed parents do NOT collapse: they cluster into 3 distinct people, more than a biological pair. Deduplication cannot decide which 2 are the real parents, and choosing among 3 genuinely different claimed parents is genealogical judgement, not a merge. Clusters are shown for a human to rule on.
Q123556	Constantina	3	[Q61334 'Fausta'] ; [Q61367 'Constantine the Great' = Q62555 'Constantine the Great']	Q61334,Q62555	no	3 listed parents collapse to 2 distinct person(s): 1 record(s) are duplicates of another listed parent. Evidence — Q61367+Q62555: identical label 'Constantine the Great'. The two survivors are one male and one female, as a biological parent pair should be
Q123558	Helena	3	[Q61334 'Fausta'] ; [Q61367 'Constantine the Great' = Q62555 'Constantine the Great']	Q61334,Q62555	no	3 listed parents collapse to 2 distinct person(s): 1 record(s) are duplicates of another listed parent. Evidence — Q61367+Q62555: identical label 'Constantine the Great'. The two survivors are one male and one female, as a biological parent pair should be
Q123560	Constantius II	3	[Q61334 'Fausta'] ; [Q61367 'Constantine the Great' = Q62555 'Constantine the Great']	Q61334,Q62555	no	3 listed parents collapse to 2 distinct person(s): 1 record(s) are duplicates of another listed parent. Evidence — Q61367+Q62555: identical label 'Constantine the Great'. The two survivors are one male and one female, as a biological parent pair should be
Q123562	Constantine II	3	[Q61334 'Fausta'] ; [Q61367 'Constantine the Great' = Q62555 'Constantine the Great']	Q61334,Q62555	no	3 listed parents collapse to 2 distinct person(s): 1 record(s) are duplicates of another listed parent. Evidence — Q61367+Q62555: identical label 'Constantine the Great'. The two survivors are one male and one female, as a biological parent pair should be
Q123564	Crispus	3	[Q136512 'Minervina'] ; [Q61367 'Constantine the Great' = Q62555 'Constantine the Great']	Q136512,Q62555	no	3 listed parents collapse to 2 distinct person(s): 1 record(s) are duplicates of another listed parent. Evidence — Q61367+Q62555: identical label 'Constantine the Great'. The two survivors are one male and one female, as a biological parent pair should be
Q123632	Constantia	3	[Q123560 'Constantius II'] ; [Q136835 'Faustina'] ; [Q61041 'Fausta']		yes	3 listed parents do NOT collapse: they cluster into 3 distinct people, more than a biological pair. Deduplication cannot decide which 2 are the real parents, and choosing among 3 genuinely different claimed parents is genealogical judgement, not a merge. Clusters are shown for a human to rule on.
Q123964	Ki Ageng Panjawi	3	[Q118858 'Nyi Ageng Ngerang III'] ; [Q123962 'Ki Ageng Ngerang III' = Q162889 'Ki Ageng Ngerang-3']	Q118858,Q123962	no	3 listed parents collapse to 2 distinct person(s): 1 record(s) are duplicates of another listed parent. Evidence — Q123962+Q162889: same given name and every surname token matches as a spelling variant ('Ki Ageng Ngerang III' / 'Ki Ageng Ngerang-3'). The two survivors are one male and one female, as a biological parent pair should be
Q124163	Vertha of Provence	3	"[Q119085 'Hugh of Italy'] ; [Q205923 'Pezola ""Venerem""'] ; [Q206702 'Hugues I d'Arles, King of Italy, Regent of Lower Burgundy']"		yes	3 listed parents do NOT collapse: they cluster into 3 distinct people, more than a biological pair. Deduplication cannot decide which 2 are the real parents, and choosing among 3 genuinely different claimed parents is genealogical judgement, not a merge. Clusters are shown for a human to rule on.
Q124265	Urraca Mendes de Sousa	3	[Q104149 'Mendo de Sousa' = Q119197 'Mendo Gonçalves I de Sousa'] ; [Q124257 'Maria Rodrigues Veloso']	Q119197,Q124257	no	3 listed parents collapse to 2 distinct person(s): 1 record(s) are duplicates of another listed parent. Evidence — Q104149+Q119197: same given name and every surname token matches as a spelling variant ('Mendo de Sousa' / 'Mendo Gonçalves I de Sousa'). The two survivors are one male and one female, as a biological parent pair should be
Q124267	Garcia Mendes II de Sousa	3	[Q104149 'Mendo de Sousa' = Q119197 'Mendo Gonçalves I de Sousa'] ; [Q124257 'Maria Rodrigues Veloso']	Q119197,Q124257	no	3 listed parents collapse to 2 distinct person(s): 1 record(s) are duplicates of another listed parent. Evidence — Q104149+Q119197: same given name and every surname token matches as a spelling variant ('Mendo de Sousa' / 'Mendo Gonçalves I de Sousa'). The two survivors are one male and one female, as a biological parent pair should be
Q124269	Rodrigo Mendes de Sousa	3	[Q104149 'Mendo de Sousa' = Q119197 'Mendo Gonçalves I de Sousa'] ; [Q124257 'Maria Rodrigues Veloso']	Q119197,Q124257	no	3 listed parents collapse to 2 distinct person(s): 1 record(s) are duplicates of another listed parent. Evidence — Q104149+Q119197: same given name and every surname token matches as a spelling variant ('Mendo de Sousa' / 'Mendo Gonçalves I de Sousa'). The two survivors are one male and one female, as a biological parent pair should be
Q124281	Martim Viegas de Ataíde	3	[Q101189 'Maria Soares de Sousa' = Q119203 'Maria Soares de Sousa'] ; [Q124279 'Egas Duer']	Q119203,Q124279	no	3 listed parents collapse to 2 distinct person(s): 1 record(s) are duplicates of another listed parent. Evidence — Q101189+Q119203: identical label 'Maria Soares de Sousa'. The two survivors are one male and one female, as a biological parent pair should be
Q125110	Ponço Afonso de Baião	3	[Q103325 'Tereza Peres de Braganca'] ; [Q119706 'Teresa Pires I de Bragança'] ; [Q125106 'Afonso Ermiges de Baião']		yes	3 listed parents do NOT collapse: they cluster into 3 distinct people, more than a biological pair. Deduplication cannot decide which 2 are the real parents, and choosing among 3 genuinely different claimed parents is genealogical judgement, not a merge. Clusters are shown for a human to rule on.
Q125138	João Afonso Telo de Meneses	3	[Q106710 'Alfonso Tellez I de Meneses' = Q118363 'Alfonso Téllez I de Meneses'] ; [Q119720 'Teresa Sanches of Portugal']	Q118363,Q119720	no	3 listed parents collapse to 2 distinct person(s): 1 record(s) are duplicates of another listed parent. Evidence — Q106710+Q118363: identical label 'Alfonso Tellez I de Meneses'. The two survivors are one male and one female, as a biological parent pair should be
Q125140	Afonso Telo de Meneses	3	[Q106710 'Alfonso Tellez I de Meneses' = Q118363 'Alfonso Téllez I de Meneses'] ; [Q119720 'Teresa Sanches of Portugal']	Q118363,Q119720	no	3 listed parents collapse to 2 distinct person(s): 1 record(s) are duplicates of another listed parent. Evidence — Q106710+Q118363: identical label 'Alfonso Tellez I de Meneses'. The two survivors are one male and one female, as a biological parent pair should be
Q129331	Kemuel	3	[Q4675 'Nahor'] ; [Q4676 'Milcah'] ; [Q60372 'Q60372']		yes	3 listed parents do NOT collapse: they cluster into 3 distinct people, more than a biological pair. Deduplication cannot decide which 2 are the real parents, and choosing among 3 genuinely different claimed parents is genealogical judgement, not a merge. Clusters are shown for a human to rule on.
Q129333	Uz	3	[Q4675 'Nahor'] ; [Q4676 'Milcah'] ; [Q60372 'Q60372']		yes	3 listed parents do NOT collapse: they cluster into 3 distinct people, more than a biological pair. Deduplication cannot decide which 2 are the real parents, and choosing among 3 genuinely different claimed parents is genealogical judgement, not a merge. Clusters are shown for a human to rule on.
Q129335	Buz	3	[Q4675 'Nahor'] ; [Q4676 'Milcah'] ; [Q60372 'Q60372']		yes	3 listed parents do NOT collapse: they cluster into 3 distinct people, more than a biological pair. Deduplication cannot decide which 2 are the real parents, and choosing among 3 genuinely different claimed parents is genealogical judgement, not a merge. Clusters are shown for a human to rule on.
Q129337	Chesed	3	[Q4675 'Nahor'] ; [Q4676 'Milcah'] ; [Q60372 'Q60372']		yes	3 listed parents do NOT collapse: they cluster into 3 distinct people, more than a biological pair. Deduplication cannot decide which 2 are the real parents, and choosing among 3 genuinely different claimed parents is genealogical judgement, not a merge. Clusters are shown for a human to rule on.
Q129339	Hazo	3	[Q4675 'Nahor'] ; [Q4676 'Milcah'] ; [Q60372 'Q60372']		yes	3 listed parents do NOT collapse: they cluster into 3 distinct people, more than a biological pair. Deduplication cannot decide which 2 are the real parents, and choosing among 3 genuinely different claimed parents is genealogical judgement, not a merge. Clusters are shown for a human to rule on.
Q129341	Pildash	3	[Q4675 'Nahor'] ; [Q4676 'Milcah'] ; [Q60372 'Q60372']		yes	3 listed parents do NOT collapse: they cluster into 3 distinct people, more than a biological pair. Deduplication cannot decide which 2 are the real parents, and choosing among 3 genuinely different claimed parents is genealogical judgement, not a merge. Clusters are shown for a human to rule on.
Q129345	Jidlaph	3	[Q4675 'Nahor'] ; [Q4676 'Milcah'] ; [Q60372 'Q60372']		yes	3 listed parents do NOT collapse: they cluster into 3 distinct people, more than a biological pair. Deduplication cannot decide which 2 are the real parents, and choosing among 3 genuinely different claimed parents is genealogical judgement, not a merge. Clusters are shown for a human to rule on.
Q130001	Georg Friedrich of Hohenlohe-Neuenstein-Weikersheim	3	[Q74970 'Tethys'] ; [Q74973 'Danaus' = Q90309 'Oceanus']	Q74970,Q74973	no	3 listed parents collapse to 2 distinct person(s): 1 record(s) are duplicates of another listed parent. Evidence — Q74973+Q90309: same Wikidata ID (Q161419). The two survivors are one male and one female, as a biological parent pair should be
Q130003	Europa	3	[Q74970 'Tethys'] ; [Q74973 'Danaus' = Q90309 'Oceanus']	Q74970,Q74973	no	3 listed parents collapse to 2 distinct person(s): 1 record(s) are duplicates of another listed parent. Evidence — Q74973+Q90309: same Wikidata ID (Q161419). The two survivors are one male and one female, as a biological parent pair should be
Q130005	Amphitrite	3	[Q74970 'Tethys'] ; [Q74973 'Danaus' = Q90309 'Oceanus']	Q74970,Q74973	no	3 listed parents collapse to 2 distinct person(s): 1 record(s) are duplicates of another listed parent. Evidence — Q74973+Q90309: same Wikidata ID (Q161419). The two survivors are one male and one female, as a biological parent pair should be
Q130007	Metis	3	[Q74970 'Tethys'] ; [Q74973 'Danaus' = Q90309 'Oceanus']	Q74970,Q74973	no	3 listed parents collapse to 2 distinct person(s): 1 record(s) are duplicates of another listed parent. Evidence — Q74973+Q90309: same Wikidata ID (Q161419). The two survivors are one male and one female, as a biological parent pair should be
Q130009	Tyche	3	[Q74970 'Tethys'] ; [Q74973 'Danaus' = Q90309 'Oceanus']	Q74970,Q74973	no	3 listed parents collapse to 2 distinct person(s): 1 record(s) are duplicates of another listed parent. Evidence — Q74973+Q90309: same Wikidata ID (Q161419). The two survivors are one male and one female, as a biological parent pair should be
Q130011	Philyra	3	[Q74970 'Tethys'] ; [Q74973 'Danaus' = Q90309 'Oceanus']	Q74970,Q74973	no	3 listed parents collapse to 2 distinct person(s): 1 record(s) are duplicates of another listed parent. Evidence — Q74973+Q90309: same Wikidata ID (Q161419). The two survivors are one male and one female, as a biological parent pair should be
Q130013	Aethra	3	[Q74970 'Tethys'] ; [Q74973 'Danaus' = Q90309 'Oceanus']	Q74970,Q74973	no	3 listed parents collapse to 2 distinct person(s): 1 record(s) are duplicates of another listed parent. Evidence — Q74973+Q90309: same Wikidata ID (Q161419). The two survivors are one male and one female, as a biological parent pair should be
Q130015	Pleione	3	[Q74970 'Tethys'] ; [Q74973 'Danaus' = Q90309 'Oceanus']	Q74970,Q74973	no	3 listed parents collapse to 2 distinct person(s): 1 record(s) are duplicates of another listed parent. Evidence — Q74973+Q90309: same Wikidata ID (Q161419). The two survivors are one male and one female, as a biological parent pair should be
Q130017	Styx	3	[Q74970 'Tethys'] ; [Q74973 'Danaus' = Q90309 'Oceanus']	Q74970,Q74973	no	3 listed parents collapse to 2 distinct person(s): 1 record(s) are duplicates of another listed parent. Evidence — Q74973+Q90309: same Wikidata ID (Q161419). The two survivors are one male and one female, as a biological parent pair should be
Q130019	Asia	3	[Q74970 'Tethys'] ; [Q74973 'Danaus' = Q90309 'Oceanus']	Q74970,Q74973	no	3 listed parents collapse to 2 distinct person(s): 1 record(s) are duplicates of another listed parent. Evidence — Q74973+Q90309: same Wikidata ID (Q161419). The two survivors are one male and one female, as a biological parent pair should be
Q130021	Chryseis	3	[Q74970 'Tethys'] ; [Q74973 'Danaus' = Q90309 'Oceanus']	Q74970,Q74973	no	3 listed parents collapse to 2 distinct person(s): 1 record(s) are duplicates of another listed parent. Evidence — Q74973+Q90309: same Wikidata ID (Q161419). The two survivors are one male and one female, as a biological parent pair should be
Q130023	Peitho	3	[Q74970 'Tethys'] ; [Q74973 'Danaus' = Q90309 'Oceanus']	Q74970,Q74973	no	3 listed parents collapse to 2 distinct person(s): 1 record(s) are duplicates of another listed parent. Evidence — Q74973+Q90309: same Wikidata ID (Q161419). The two survivors are one male and one female, as a biological parent pair should be
Q130025	Rhodos	3	[Q74970 'Tethys'] ; [Q74973 'Danaus' = Q90309 'Oceanus']	Q74970,Q74973	no	3 listed parents collapse to 2 distinct person(s): 1 record(s) are duplicates of another listed parent. Evidence — Q74973+Q90309: same Wikidata ID (Q161419). The two survivors are one male and one female, as a biological parent pair should be
Q130027	Plouto	3	[Q74970 'Tethys'] ; [Q74973 'Danaus' = Q90309 'Oceanus']	Q74970,Q74973	no	3 listed parents collapse to 2 distinct person(s): 1 record(s) are duplicates of another listed parent. Evidence — Q74973+Q90309: same Wikidata ID (Q161419). The two survivors are one male and one female, as a biological parent pair should be
Q130029	Doris	3	[Q74970 'Tethys'] ; [Q74973 'Danaus' = Q90309 'Oceanus']	Q74970,Q74973	no	3 listed parents collapse to 2 distinct person(s): 1 record(s) are duplicates of another listed parent. Evidence — Q74973+Q90309: same Wikidata ID (Q161419). The two survivors are one male and one female, as a biological parent pair should be
Q130031	Clytie	3	[Q74970 'Tethys'] ; [Q74973 'Danaus' = Q90309 'Oceanus']	Q74970,Q74973	no	3 listed parents collapse to 2 distinct person(s): 1 record(s) are duplicates of another listed parent. Evidence — Q74973+Q90309: same Wikidata ID (Q161419). The two survivors are one male and one female, as a biological parent pair should be
Q130033	Callirhoe	3	[Q74970 'Tethys'] ; [Q74973 'Danaus' = Q90309 'Oceanus']	Q74970,Q74973	no	3 listed parents collapse to 2 distinct person(s): 1 record(s) are duplicates of another listed parent. Evidence — Q74973+Q90309: same Wikidata ID (Q161419). The two survivors are one male and one female, as a biological parent pair should be
Q130035	Enipeus	3	[Q74970 'Tethys'] ; [Q74973 'Danaus' = Q90309 'Oceanus']	Q74970,Q74973	no	3 listed parents collapse to 2 distinct person(s): 1 record(s) are duplicates of another listed parent. Evidence — Q74973+Q90309: same Wikidata ID (Q161419). The two survivors are one male and one female, as a biological parent pair should be
Q130037	Lysithea	3	[Q74970 'Tethys'] ; [Q74973 'Danaus' = Q90309 'Oceanus']	Q74970,Q74973	no	3 listed parents collapse to 2 distinct person(s): 1 record(s) are duplicates of another listed parent. Evidence — Q74973+Q90309: same Wikidata ID (Q161419). The two survivors are one male and one female, as a biological parent pair should be
Q130039	Telesto	3	[Q74970 'Tethys'] ; [Q74973 'Danaus' = Q90309 'Oceanus']	Q74970,Q74973	no	3 listed parents collapse to 2 distinct person(s): 1 record(s) are duplicates of another listed parent. Evidence — Q74973+Q90309: same Wikidata ID (Q161419). The two survivors are one male and one female, as a biological parent pair should be
Q130041	Eidyia	3	[Q74970 'Tethys'] ; [Q74973 'Danaus' = Q90309 'Oceanus']	Q74970,Q74973	no	3 listed parents collapse to 2 distinct person(s): 1 record(s) are duplicates of another listed parent. Evidence — Q74973+Q90309: same Wikidata ID (Q161419). The two survivors are one male and one female, as a biological parent pair should be
Q130043	Periboea	3	[Q74970 'Tethys'] ; [Q74973 'Danaus' = Q90309 'Oceanus']	Q74970,Q74973	no	3 listed parents collapse to 2 distinct person(s): 1 record(s) are duplicates of another listed parent. Evidence — Q74973+Q90309: same Wikidata ID (Q161419). The two survivors are one male and one female, as a biological parent pair should be
Q130045	Acaste	3	[Q74970 'Tethys'] ; [Q74973 'Danaus' = Q90309 'Oceanus']	Q74970,Q74973	no	3 listed parents collapse to 2 distinct person(s): 1 record(s) are duplicates of another listed parent. Evidence — Q74973+Q90309: same Wikidata ID (Q161419). The two survivors are one male and one female, as a biological parent pair should be
Q130047	Bolbe	3	[Q74970 'Tethys'] ; [Q74973 'Danaus' = Q90309 'Oceanus']	Q74970,Q74973	no	3 listed parents collapse to 2 distinct person(s): 1 record(s) are duplicates of another listed parent. Evidence — Q74973+Q90309: same Wikidata ID (Q161419). The two survivors are one male and one female, as a biological parent pair should be
Q130049	Ceto	3	[Q74970 'Tethys'] ; [Q74973 'Danaus' = Q90309 'Oceanus']	Q74970,Q74973	no	3 listed parents collapse to 2 distinct person(s): 1 record(s) are duplicates of another listed parent. Evidence — Q74973+Q90309: same Wikidata ID (Q161419). The two survivors are one male and one female, as a biological parent pair should be
Q130051	Zeuxo	3	[Q74970 'Tethys'] ; [Q74973 'Danaus' = Q90309 'Oceanus']	Q74970,Q74973	no	3 listed parents collapse to 2 distinct person(s): 1 record(s) are duplicates of another listed parent. Evidence — Q74973+Q90309: same Wikidata ID (Q161419). The two survivors are one male and one female, as a biological parent pair should be
Q130053	Admete	3	[Q74970 'Tethys'] ; [Q74973 'Danaus' = Q90309 'Oceanus']	Q74970,Q74973	no	3 listed parents collapse to 2 distinct person(s): 1 record(s) are duplicates of another listed parent. Evidence — Q74973+Q90309: same Wikidata ID (Q161419). The two survivors are one male and one female, as a biological parent pair should be
Q130055	Eurynome	3	[Q74970 'Tethys'] ; [Q74973 'Danaus' = Q90309 'Oceanus']	Q74970,Q74973	no	3 listed parents collapse to 2 distinct person(s): 1 record(s) are duplicates of another listed parent. Evidence — Q74973+Q90309: same Wikidata ID (Q161419). The two survivors are one male and one female, as a biological parent pair should be
Q130061	Nilus	3	[Q74970 'Tethys'] ; [Q74973 'Danaus' = Q90309 'Oceanus']	Q74970,Q74973	no	3 listed parents collapse to 2 distinct person(s): 1 record(s) are duplicates of another listed parent. Evidence — Q74973+Q90309: same Wikidata ID (Q161419). The two survivors are one male and one female, as a biological parent pair should be
Q130065	Alpheus	3	[Q74970 'Tethys'] ; [Q74973 'Danaus' = Q90309 'Oceanus']	Q74970,Q74973	no	3 listed parents collapse to 2 distinct person(s): 1 record(s) are duplicates of another listed parent. Evidence — Q74973+Q90309: same Wikidata ID (Q161419). The two survivors are one male and one female, as a biological parent pair should be
Q130067	Scamander	3	[Q74970 'Tethys'] ; [Q74973 'Danaus' = Q90309 'Oceanus']	Q74970,Q74973	no	3 listed parents collapse to 2 distinct person(s): 1 record(s) are duplicates of another listed parent. Evidence — Q74973+Q90309: same Wikidata ID (Q161419). The two survivors are one male and one female, as a biological parent pair should be
Q130069	Sangarius	3	[Q74970 'Tethys'] ; [Q74973 'Danaus' = Q90309 'Oceanus']	Q74970,Q74973	no	3 listed parents collapse to 2 distinct person(s): 1 record(s) are duplicates of another listed parent. Evidence — Q74973+Q90309: same Wikidata ID (Q161419). The two survivors are one male and one female, as a biological parent pair should be
Q130071	Peneus	3	[Q74970 'Tethys'] ; [Q74973 'Danaus' = Q90309 'Oceanus']	Q74970,Q74973	no	3 listed parents collapse to 2 distinct person(s): 1 record(s) are duplicates of another listed parent. Evidence — Q74973+Q90309: same Wikidata ID (Q161419). The two survivors are one male and one female, as a biological parent pair should be
Q130073	Cebren	3	[Q74970 'Tethys'] ; [Q74973 'Danaus' = Q90309 'Oceanus']	Q74970,Q74973	no	3 listed parents collapse to 2 distinct person(s): 1 record(s) are duplicates of another listed parent. Evidence — Q74973+Q90309: same Wikidata ID (Q161419). The two survivors are one male and one female, as a biological parent pair should be
Q130075	Meander	3	[Q74970 'Tethys'] ; [Q74973 'Danaus' = Q90309 'Oceanus']	Q74970,Q74973	no	3 listed parents collapse to 2 distinct person(s): 1 record(s) are duplicates of another listed parent. Evidence — Q74973+Q90309: same Wikidata ID (Q161419). The two survivors are one male and one female, as a biological parent pair should be
Q130077	Simoeis	3	[Q74970 'Tethys'] ; [Q74973 'Danaus' = Q90309 'Oceanus']	Q74970,Q74973	no	3 listed parents collapse to 2 distinct person(s): 1 record(s) are duplicates of another listed parent. Evidence — Q74973+Q90309: same Wikidata ID (Q161419). The two survivors are one male and one female, as a biological parent pair should be
Q130079	Spercheus	3	[Q74970 'Tethys'] ; [Q74973 'Danaus' = Q90309 'Oceanus']	Q74970,Q74973	no	3 listed parents collapse to 2 distinct person(s): 1 record(s) are duplicates of another listed parent. Evidence — Q74973+Q90309: same Wikidata ID (Q161419). The two survivors are one male and one female, as a biological parent pair should be
Q130081	Strymon	3	[Q74970 'Tethys'] ; [Q74973 'Danaus' = Q90309 'Oceanus']	Q74970,Q74973	no	3 listed parents collapse to 2 distinct person(s): 1 record(s) are duplicates of another listed parent. Evidence — Q74973+Q90309: same Wikidata ID (Q161419). The two survivors are one male and one female, as a biological parent pair should be
Q130083	Asterion	3	[Q74970 'Tethys'] ; [Q74973 'Danaus' = Q90309 'Oceanus']	Q74970,Q74973	no	3 listed parents collapse to 2 distinct person(s): 1 record(s) are duplicates of another listed parent. Evidence — Q74973+Q90309: same Wikidata ID (Q161419). The two survivors are one male and one female, as a biological parent pair should be
Q130085	Axius	3	[Q74970 'Tethys'] ; [Q74973 'Danaus' = Q90309 'Oceanus']	Q74970,Q74973	no	3 listed parents collapse to 2 distinct person(s): 1 record(s) are duplicates of another listed parent. Evidence — Q74973+Q90309: same Wikidata ID (Q161419). The two survivors are one male and one female, as a biological parent pair should be
Q130091	Dione	3	[Q74970 'Tethys'] ; [Q74973 'Danaus' = Q90309 'Oceanus']	Q74970,Q74973	no	3 listed parents collapse to 2 distinct person(s): 1 record(s) are duplicates of another listed parent. Evidence — Q74973+Q90309: same Wikidata ID (Q161419). The two survivors are one male and one female, as a biological parent pair should be
Q130093	Capheira	3	[Q74970 'Tethys'] ; [Q74973 'Danaus' = Q90309 'Oceanus']	Q74970,Q74973	no	3 listed parents collapse to 2 distinct person(s): 1 record(s) are duplicates of another listed parent. Evidence — Q74973+Q90309: same Wikidata ID (Q161419). The two survivors are one male and one female, as a biological parent pair should be
Q130095	Ianthe	3	[Q74970 'Tethys'] ; [Q74973 'Danaus' = Q90309 'Oceanus']	Q74970,Q74973	no	3 listed parents collapse to 2 distinct person(s): 1 record(s) are duplicates of another listed parent. Evidence — Q74973+Q90309: same Wikidata ID (Q161419). The two survivors are one male and one female, as a biological parent pair should be
Q130097	Electra	3	[Q74970 'Tethys'] ; [Q74973 'Danaus' = Q90309 'Oceanus']	Q74970,Q74973	no	3 listed parents collapse to 2 distinct person(s): 1 record(s) are duplicates of another listed parent. Evidence — Q74973+Q90309: same Wikidata ID (Q161419). The two survivors are one male and one female, as a biological parent pair should be
Q130099	Argeia	3	[Q74970 'Tethys'] ; [Q74973 'Danaus' = Q90309 'Oceanus']	Q74970,Q74973	no	3 listed parents collapse to 2 distinct person(s): 1 record(s) are duplicates of another listed parent. Evidence — Q74973+Q90309: same Wikidata ID (Q161419). The two survivors are one male and one female, as a biological parent pair should be
Q130101	Crinisus	3	[Q74970 'Tethys'] ; [Q74973 'Danaus' = Q90309 'Oceanus']	Q74970,Q74973	no	3 listed parents collapse to 2 distinct person(s): 1 record(s) are duplicates of another listed parent. Evidence — Q74973+Q90309: same Wikidata ID (Q161419). The two survivors are one male and one female, as a biological parent pair should be
Q130103	Eridanos	3	[Q74970 'Tethys'] ; [Q74973 'Danaus' = Q90309 'Oceanus']	Q74970,Q74973	no	3 listed parents collapse to 2 distinct person(s): 1 record(s) are duplicates of another listed parent. Evidence — Q74973+Q90309: same Wikidata ID (Q161419). The two survivors are one male and one female, as a biological parent pair should be
Q130105	Asopus	3	[Q74970 'Tethys'] ; [Q74973 'Danaus' = Q90309 'Oceanus']	Q74970,Q74973	no	3 listed parents collapse to 2 distinct person(s): 1 record(s) are duplicates of another listed parent. Evidence — Q74973+Q90309: same Wikidata ID (Q161419). The two survivors are one male and one female, as a biological parent pair should be
Q130107	Aeas	3	[Q74970 'Tethys'] ; [Q74973 'Danaus' = Q90309 'Oceanus']	Q74970,Q74973	no	3 listed parents collapse to 2 distinct person(s): 1 record(s) are duplicates of another listed parent. Evidence — Q74973+Q90309: same Wikidata ID (Q161419). The two survivors are one male and one female, as a biological parent pair should be
Q130109	Ardescus	3	[Q74970 'Tethys'] ; [Q74973 'Danaus' = Q90309 'Oceanus']	Q74970,Q74973	no	3 listed parents collapse to 2 distinct person(s): 1 record(s) are duplicates of another listed parent. Evidence — Q74973+Q90309: same Wikidata ID (Q161419). The two survivors are one male and one female, as a biological parent pair should be
Q130111	Aegaeus	3	[Q74970 'Tethys'] ; [Q74973 'Danaus' = Q90309 'Oceanus']	Q74970,Q74973	no	3 listed parents collapse to 2 distinct person(s): 1 record(s) are duplicates of another listed parent. Evidence — Q74973+Q90309: same Wikidata ID (Q161419). The two survivors are one male and one female, as a biological parent pair should be
Q130113	Aesar	3	[Q74970 'Tethys'] ; [Q74973 'Danaus' = Q90309 'Oceanus']	Q74970,Q74973	no	3 listed parents collapse to 2 distinct person(s): 1 record(s) are duplicates of another listed parent. Evidence — Q74973+Q90309: same Wikidata ID (Q161419). The two survivors are one male and one female, as a biological parent pair should be
Q130115	Aesepus	3	[Q74970 'Tethys'] ; [Q74973 'Danaus' = Q90309 'Oceanus']	Q74970,Q74973	no	3 listed parents collapse to 2 distinct person(s): 1 record(s) are duplicates of another listed parent. Evidence — Q74973+Q90309: same Wikidata ID (Q161419). The two survivors are one male and one female, as a biological parent pair should be
Q130119	Istrus	3	[Q74970 'Tethys'] ; [Q74973 'Danaus' = Q90309 'Oceanus']	Q74970,Q74973	no	3 listed parents collapse to 2 distinct person(s): 1 record(s) are duplicates of another listed parent. Evidence — Q74973+Q90309: same Wikidata ID (Q161419). The two survivors are one male and one female, as a biological parent pair should be
Q130121	Asterope	3	[Q74970 'Tethys'] ; [Q74973 'Danaus' = Q90309 'Oceanus']	Q74970,Q74973	no	3 listed parents collapse to 2 distinct person(s): 1 record(s) are duplicates of another listed parent. Evidence — Q74973+Q90309: same Wikidata ID (Q161419). The two survivors are one male and one female, as a biological parent pair should be
Q130123	Caicus	3	[Q74970 'Tethys'] ; [Q74973 'Danaus' = Q90309 'Oceanus']	Q74970,Q74973	no	3 listed parents collapse to 2 distinct person(s): 1 record(s) are duplicates of another listed parent. Evidence — Q74973+Q90309: same Wikidata ID (Q161419). The two survivors are one male and one female, as a biological parent pair should be
Q130125	Daeira	3	[Q74970 'Tethys'] ; [Q74973 'Danaus' = Q90309 'Oceanus']	Q74970,Q74973	no	3 listed parents collapse to 2 distinct person(s): 1 record(s) are duplicates of another listed parent. Evidence — Q74973+Q90309: same Wikidata ID (Q161419). The two survivors are one male and one female, as a biological parent pair should be
Q130127	Caanthus	3	[Q74970 'Tethys'] ; [Q74973 'Danaus' = Q90309 'Oceanus']	Q74970,Q74973	no	3 listed parents collapse to 2 distinct person(s): 1 record(s) are duplicates of another listed parent. Evidence — Q74973+Q90309: same Wikidata ID (Q161419). The two survivors are one male and one female, as a biological parent pair should be
Q130129	Zeuxippe	3	[Q74970 'Tethys'] ; [Q74973 'Danaus' = Q90309 'Oceanus']	Q74970,Q74973	no	3 listed parents collapse to 2 distinct person(s): 1 record(s) are duplicates of another listed parent. Evidence — Q74973+Q90309: same Wikidata ID (Q161419). The two survivors are one male and one female, as a biological parent pair should be
Q130131	Creusa	3	[Q74701 'Terra'] ; [Q74973 'Danaus' = Q90309 'Oceanus']	Q74701,Q74973	no	3 listed parents collapse to 2 distinct person(s): 1 record(s) are duplicates of another listed parent. Evidence — Q74973+Q90309: same Wikidata ID (Q161419). The two survivors are one male and one female, as a biological parent pair should be
Q130133	Termessus	3	[Q74970 'Tethys'] ; [Q74973 'Danaus' = Q90309 'Oceanus']	Q74970,Q74973	no	3 listed parents collapse to 2 distinct person(s): 1 record(s) are duplicates of another listed parent. Evidence — Q74973+Q90309: same Wikidata ID (Q161419). The two survivors are one male and one female, as a biological parent pair should be
Q130135	Symaithos	3	[Q74970 'Tethys'] ; [Q74973 'Danaus' = Q90309 'Oceanus']	Q74970,Q74973	no	3 listed parents collapse to 2 distinct person(s): 1 record(s) are duplicates of another listed parent. Evidence — Q74973+Q90309: same Wikidata ID (Q161419). The two survivors are one male and one female, as a biological parent pair should be
Q130137	Phyllis	3	[Q74970 'Tethys'] ; [Q74973 'Danaus' = Q90309 'Oceanus']	Q74970,Q74973	no	3 listed parents collapse to 2 distinct person(s): 1 record(s) are duplicates of another listed parent. Evidence — Q74973+Q90309: same Wikidata ID (Q161419). The two survivors are one male and one female, as a biological parent pair should be
Q130139	Kydnos	3	[Q74970 'Tethys'] ; [Q74973 'Danaus' = Q90309 'Oceanus']	Q74970,Q74973	no	3 listed parents collapse to 2 distinct person(s): 1 record(s) are duplicates of another listed parent. Evidence — Q74973+Q90309: same Wikidata ID (Q161419). The two survivors are one male and one female, as a biological parent pair should be
Q130141	Cladeus	3	[Q74970 'Tethys'] ; [Q74973 'Danaus' = Q90309 'Oceanus']	Q74970,Q74973	no	3 listed parents collapse to 2 distinct person(s): 1 record(s) are duplicates of another listed parent. Evidence — Q74973+Q90309: same Wikidata ID (Q161419). The two survivors are one male and one female, as a biological parent pair should be
Q130143	Chremetes	3	[Q74970 'Tethys'] ; [Q74973 'Danaus' = Q90309 'Oceanus']	Q74970,Q74973	no	3 listed parents collapse to 2 distinct person(s): 1 record(s) are duplicates of another listed parent. Evidence — Q74973+Q90309: same Wikidata ID (Q161419). The two survivors are one male and one female, as a biological parent pair should be
Q130145	Clitumnus	3	[Q74970 'Tethys'] ; [Q74973 'Danaus' = Q90309 'Oceanus']	Q74970,Q74973	no	3 listed parents collapse to 2 distinct person(s): 1 record(s) are duplicates of another listed parent. Evidence — Q74973+Q90309: same Wikidata ID (Q161419). The two survivors are one male and one female, as a biological parent pair should be
Q130149	Caystrus	3	[Q74970 'Tethys'] ; [Q74973 'Danaus' = Q90309 'Oceanus']	Q74970,Q74973	no	3 listed parents collapse to 2 distinct person(s): 1 record(s) are duplicates of another listed parent. Evidence — Q74973+Q90309: same Wikidata ID (Q161419). The two survivors are one male and one female, as a biological parent pair should be
Q130151	Ismenus	3	[Q74970 'Tethys'] ; [Q74973 'Danaus' = Q90309 'Oceanus']	Q74970,Q74973	no	3 listed parents collapse to 2 distinct person(s): 1 record(s) are duplicates of another listed parent. Evidence — Q74973+Q90309: same Wikidata ID (Q161419). The two survivors are one male and one female, as a biological parent pair should be
Q130153	Hermus	3	[Q74970 'Tethys'] ; [Q74973 'Danaus' = Q90309 'Oceanus']	Q74970,Q74973	no	3 listed parents collapse to 2 distinct person(s): 1 record(s) are duplicates of another listed parent. Evidence — Q74973+Q90309: same Wikidata ID (Q161419). The two survivors are one male and one female, as a biological parent pair should be
Q130155	Hydaspes	3	[Q74970 'Tethys'] ; [Q74973 'Danaus' = Q90309 'Oceanus']	Q74970,Q74973	no	3 listed parents collapse to 2 distinct person(s): 1 record(s) are duplicates of another listed parent. Evidence — Q74973+Q90309: same Wikidata ID (Q161419). The two survivors are one male and one female, as a biological parent pair should be
Q130157	Hebrus	3	[Q74970 'Tethys'] ; [Q74973 'Danaus' = Q90309 'Oceanus']	Q74970,Q74973	no	3 listed parents collapse to 2 distinct person(s): 1 record(s) are duplicates of another listed parent. Evidence — Q74973+Q90309: same Wikidata ID (Q161419). The two survivors are one male and one female, as a biological parent pair should be
Q130161	Granicus	3	[Q74970 'Tethys'] ; [Q74973 'Danaus' = Q90309 'Oceanus']	Q74970,Q74973	no	3 listed parents collapse to 2 distinct person(s): 1 record(s) are duplicates of another listed parent. Evidence — Q74973+Q90309: same Wikidata ID (Q161419). The two survivors are one male and one female, as a biological parent pair should be
Q130163	Borysthenes	3	[Q74970 'Tethys'] ; [Q74973 'Danaus' = Q90309 'Oceanus']	Q74970,Q74973	no	3 listed parents collapse to 2 distinct person(s): 1 record(s) are duplicates of another listed parent. Evidence — Q74973+Q90309: same Wikidata ID (Q161419). The two survivors are one male and one female, as a biological parent pair should be
Q130165	Baphyras	3	[Q74970 'Tethys'] ; [Q74973 'Danaus' = Q90309 'Oceanus']	Q74970,Q74973	no	3 listed parents collapse to 2 distinct person(s): 1 record(s) are duplicates of another listed parent. Evidence — Q74973+Q90309: same Wikidata ID (Q161419). The two survivors are one male and one female, as a biological parent pair should be
Q130167	Brychon	3	[Q74970 'Tethys'] ; [Q74973 'Danaus' = Q90309 'Oceanus']	Q74970,Q74973	no	3 listed parents collapse to 2 distinct person(s): 1 record(s) are duplicates of another listed parent. Evidence — Q74973+Q90309: same Wikidata ID (Q161419). The two survivors are one male and one female, as a biological parent pair should be
Q130169	Elisson	3	[Q74970 'Tethys'] ; [Q74973 'Danaus' = Q90309 'Oceanus']	Q74970,Q74973	no	3 listed parents collapse to 2 distinct person(s): 1 record(s) are duplicates of another listed parent. Evidence — Q74973+Q90309: same Wikidata ID (Q161419). The two survivors are one male and one female, as a biological parent pair should be
Q130171	Erasinos	3	[Q74970 'Tethys'] ; [Q74973 'Danaus' = Q90309 'Oceanus']	Q74970,Q74973	no	3 listed parents collapse to 2 distinct person(s): 1 record(s) are duplicates of another listed parent. Evidence — Q74973+Q90309: same Wikidata ID (Q161419). The two survivors are one male and one female, as a biological parent pair should be
Q130173	Ascanius	3	[Q74970 'Tethys'] ; [Q74973 'Danaus' = Q90309 'Oceanus']	Q74970,Q74973	no	3 listed parents collapse to 2 distinct person(s): 1 record(s) are duplicates of another listed parent. Evidence — Q74973+Q90309: same Wikidata ID (Q161419). The two survivors are one male and one female, as a biological parent pair should be
Q130175	Apidanus	3	[Q74970 'Tethys'] ; [Q74973 'Danaus' = Q90309 'Oceanus']	Q74970,Q74973	no	3 listed parents collapse to 2 distinct person(s): 1 record(s) are duplicates of another listed parent. Evidence — Q74973+Q90309: same Wikidata ID (Q161419). The two survivors are one male and one female, as a biological parent pair should be
Q130177	Anaurus	3	[Q74970 'Tethys'] ; [Q74973 'Danaus' = Q90309 'Oceanus']	Q74970,Q74973	no	3 listed parents collapse to 2 distinct person(s): 1 record(s) are duplicates of another listed parent. Evidence — Q74973+Q90309: same Wikidata ID (Q161419). The two survivors are one male and one female, as a biological parent pair should be
Q130179	Anigrus	3	[Q74970 'Tethys'] ; [Q74973 'Danaus' = Q90309 'Oceanus']	Q74970,Q74973	no	3 listed parents collapse to 2 distinct person(s): 1 record(s) are duplicates of another listed parent. Evidence — Q74973+Q90309: same Wikidata ID (Q161419). The two survivors are one male and one female, as a biological parent pair should be
Q130181	Anapos	3	[Q74970 'Tethys'] ; [Q74973 'Danaus' = Q90309 'Oceanus']	Q74970,Q74973	no	3 listed parents collapse to 2 distinct person(s): 1 record(s) are duplicates of another listed parent. Evidence — Q74973+Q90309: same Wikidata ID (Q161419). The two survivors are one male and one female, as a biological parent pair should be
Q130183	Amnisus	3	[Q74970 'Tethys'] ; [Q74973 'Danaus' = Q90309 'Oceanus']	Q74970,Q74973	no	3 listed parents collapse to 2 distinct person(s): 1 record(s) are duplicates of another listed parent. Evidence — Q74973+Q90309: same Wikidata ID (Q161419). The two survivors are one male and one female, as a biological parent pair should be
Q130203	Klytia	3	[Q74970 'Tethys'] ; [Q74973 'Danaus' = Q90309 'Oceanus']	Q74970,Q74973	no	3 listed parents collapse to 2 distinct person(s): 1 record(s) are duplicates of another listed parent. Evidence — Q74973+Q90309: same Wikidata ID (Q161419). The two survivors are one male and one female, as a biological parent pair should be
Q130207	Phasis	3	[Q74970 'Tethys'] ; [Q74973 'Danaus' = Q90309 'Oceanus']	Q74970,Q74973	no	3 listed parents collapse to 2 distinct person(s): 1 record(s) are duplicates of another listed parent. Evidence — Q74973+Q90309: same Wikidata ID (Q161419). The two survivors are one male and one female, as a biological parent pair should be
Q130209	Ocyrhoe	3	[Q74970 'Tethys'] ; [Q74973 'Danaus' = Q90309 'Oceanus']	Q74970,Q74973	no	3 listed parents collapse to 2 distinct person(s): 1 record(s) are duplicates of another listed parent. Evidence — Q74973+Q90309: same Wikidata ID (Q161419). The two survivors are one male and one female, as a biological parent pair should be
Q130217	Almo	3	[Q74970 'Tethys'] ; [Q74973 'Danaus' = Q90309 'Oceanus']	Q74970,Q74973	no	3 listed parents collapse to 2 distinct person(s): 1 record(s) are duplicates of another listed parent. Evidence — Q74973+Q90309: same Wikidata ID (Q161419). The two survivors are one male and one female, as a biological parent pair should be
Q130219	Galaxaura	3	[Q74970 'Tethys'] ; [Q74973 'Danaus' = Q90309 'Oceanus']	Q74970,Q74973	no	3 listed parents collapse to 2 distinct person(s): 1 record(s) are duplicates of another listed parent. Evidence — Q74973+Q90309: same Wikidata ID (Q161419). The two survivors are one male and one female, as a biological parent pair should be
Q130221	Hippo	3	[Q74970 'Tethys'] ; [Q74973 'Danaus' = Q90309 'Oceanus']	Q74970,Q74973	no	3 listed parents collapse to 2 distinct person(s): 1 record(s) are duplicates of another listed parent. Evidence — Q74973+Q90309: same Wikidata ID (Q161419). The two survivors are one male and one female, as a biological parent pair should be
Q130229	Coryphe	3	[Q74970 'Tethys'] ; [Q74973 'Danaus' = Q90309 'Oceanus']	Q74970,Q74973	no	3 listed parents collapse to 2 distinct person(s): 1 record(s) are duplicates of another listed parent. Evidence — Q74973+Q90309: same Wikidata ID (Q161419). The two survivors are one male and one female, as a biological parent pair should be
Q130231	Dmia	3	[Q130562 'Demeter'] ; [Q74973 'Danaus' = Q90309 'Oceanus']	Q130562,Q74973	no	3 listed parents collapse to 2 distinct person(s): 1 record(s) are duplicates of another listed parent. Evidence — Q74973+Q90309: same Wikidata ID (Q161419). The two survivors are one male and one female, as a biological parent pair should be
Q130233	Dodone	3	[Q74970 'Tethys'] ; [Q74973 'Danaus' = Q90309 'Oceanus']	Q74970,Q74973	no	3 listed parents collapse to 2 distinct person(s): 1 record(s) are duplicates of another listed parent. Evidence — Q74973+Q90309: same Wikidata ID (Q161419). The two survivors are one male and one female, as a biological parent pair should be
Q130239	Evagore	3	[Q74970 'Tethys'] ; [Q74973 'Danaus' = Q90309 'Oceanus']	Q74970,Q74973	no	3 listed parents collapse to 2 distinct person(s): 1 record(s) are duplicates of another listed parent. Evidence — Q74973+Q90309: same Wikidata ID (Q161419). The two survivors are one male and one female, as a biological parent pair should be
Q130241	Eudore	3	[Q74970 'Tethys'] ; [Q74973 'Danaus' = Q90309 'Oceanus']	Q74970,Q74973	no	3 listed parents collapse to 2 distinct person(s): 1 record(s) are duplicates of another listed parent. Evidence — Q74973+Q90309: same Wikidata ID (Q161419). The two survivors are one male and one female, as a biological parent pair should be
Q130243	Evenus	3	[Q74970 'Tethys'] ; [Q74973 'Danaus' = Q90309 'Oceanus']	Q74970,Q74973	no	3 listed parents collapse to 2 distinct person(s): 1 record(s) are duplicates of another listed parent. Evidence — Q74973+Q90309: same Wikidata ID (Q161419). The two survivors are one male and one female, as a biological parent pair should be
Q130245	Euphrates	3	[Q74970 'Tethys'] ; [Q74973 'Danaus' = Q90309 'Oceanus']	Q74970,Q74973	no	3 listed parents collapse to 2 distinct person(s): 1 record(s) are duplicates of another listed parent. Evidence — Q74973+Q90309: same Wikidata ID (Q161419). The two survivors are one male and one female, as a biological parent pair should be
Q130247	Ganges	3	[Q74970 'Tethys'] ; [Q74973 'Danaus' = Q90309 'Oceanus']	Q74970,Q74973	no	3 listed parents collapse to 2 distinct person(s): 1 record(s) are duplicates of another listed parent. Evidence — Q74973+Q90309: same Wikidata ID (Q161419). The two survivors are one male and one female, as a biological parent pair should be
Q130249	Pactolus	3	[Q74970 'Tethys'] ; [Q74973 'Danaus' = Q90309 'Oceanus']	Q74970,Q74973	no	3 listed parents collapse to 2 distinct person(s): 1 record(s) are duplicates of another listed parent. Evidence — Q74973+Q90309: same Wikidata ID (Q161419). The two survivors are one male and one female, as a biological parent pair should be
Q130251	Okeanid	3	[Q74970 'Tethys'] ; [Q74973 'Danaus' = Q90309 'Oceanus']	Q74970,Q74973	no	3 listed parents collapse to 2 distinct person(s): 1 record(s) are duplicates of another listed parent. Evidence — Q74973+Q90309: same Wikidata ID (Q161419). The two survivors are one male and one female, as a biological parent pair should be
Q130253	Cerceis	3	[Q74970 'Tethys'] ; [Q74973 'Danaus' = Q90309 'Oceanus']	Q74970,Q74973	no	3 listed parents collapse to 2 distinct person(s): 1 record(s) are duplicates of another listed parent. Evidence — Q74973+Q90309: same Wikidata ID (Q161419). The two survivors are one male and one female, as a biological parent pair should be
Q130255	Amphiro	3	[Q74970 'Tethys'] ; [Q74973 'Danaus' = Q90309 'Oceanus']	Q74970,Q74973	no	3 listed parents collapse to 2 distinct person(s): 1 record(s) are duplicates of another listed parent. Evidence — Q74973+Q90309: same Wikidata ID (Q161419). The two survivors are one male and one female, as a biological parent pair should be
Q130256	Plexaure	3	[Q74970 'Tethys'] ; [Q74973 'Danaus' = Q90309 'Oceanus']	Q74970,Q74973	no	3 listed parents collapse to 2 distinct person(s): 1 record(s) are duplicates of another listed parent. Evidence — Q74973+Q90309: same Wikidata ID (Q161419). The two survivors are one male and one female, as a biological parent pair should be
Q130258	Thrace	3	[Q130996 'Parthenope'] ; [Q74973 'Danaus' = Q90309 'Oceanus']	Q130996,Q74973	no	3 listed parents collapse to 2 distinct person(s): 1 record(s) are duplicates of another listed parent. Evidence — Q74973+Q90309: same Wikidata ID (Q161419). The two survivors are one male and one female, as a biological parent pair should be
Q130260	Pasithoe	3	[Q74970 'Tethys'] ; [Q74973 'Danaus' = Q90309 'Oceanus']	Q74970,Q74973	no	3 listed parents collapse to 2 distinct person(s): 1 record(s) are duplicates of another listed parent. Evidence — Q74973+Q90309: same Wikidata ID (Q161419). The two survivors are one male and one female, as a biological parent pair should be
Q130262	Thoe	3	[Q74970 'Tethys'] ; [Q74973 'Danaus' = Q90309 'Oceanus']	Q74970,Q74973	no	3 listed parents collapse to 2 distinct person(s): 1 record(s) are duplicates of another listed parent. Evidence — Q74973+Q90309: same Wikidata ID (Q161419). The two survivors are one male and one female, as a biological parent pair should be
Q130264	Ianire	3	[Q74970 'Tethys'] ; [Q74973 'Danaus' = Q90309 'Oceanus']	Q74970,Q74973	no	3 listed parents collapse to 2 distinct person(s): 1 record(s) are duplicates of another listed parent. Evidence — Q74973+Q90309: same Wikidata ID (Q161419). The two survivors are one male and one female, as a biological parent pair should be
Q130266	Argie	3	[Q74970 'Tethys'] ; [Q74973 'Danaus' = Q90309 'Oceanus']	Q74970,Q74973	no	3 listed parents collapse to 2 distinct person(s): 1 record(s) are duplicates of another listed parent. Evidence — Q74973+Q90309: same Wikidata ID (Q161419). The two survivors are one male and one female, as a biological parent pair should be
Q130268	Xanthe	3	[Q74970 'Tethys'] ; [Q74973 'Danaus' = Q90309 'Oceanus']	Q74970,Q74973	no	3 listed parents collapse to 2 distinct person(s): 1 record(s) are duplicates of another listed parent. Evidence — Q74973+Q90309: same Wikidata ID (Q161419). The two survivors are one male and one female, as a biological parent pair should be
Q130270	Menestho	3	[Q74970 'Tethys'] ; [Q74973 'Danaus' = Q90309 'Oceanus']	Q74970,Q74973	no	3 listed parents collapse to 2 distinct person(s): 1 record(s) are duplicates of another listed parent. Evidence — Q74973+Q90309: same Wikidata ID (Q161419). The two survivors are one male and one female, as a biological parent pair should be
Q130272	Melobosis	3	[Q74970 'Tethys'] ; [Q74973 'Danaus' = Q90309 'Oceanus']	Q74970,Q74973	no	3 listed parents collapse to 2 distinct person(s): 1 record(s) are duplicates of another listed parent. Evidence — Q74973+Q90309: same Wikidata ID (Q161419). The two survivors are one male and one female, as a biological parent pair should be
Q130284	Potamoi	3	[Q74970 'Tethys'] ; [Q74973 'Danaus' = Q90309 'Oceanus']	Q74970,Q74973	no	3 listed parents collapse to 2 distinct person(s): 1 record(s) are duplicates of another listed parent. Evidence — Q74973+Q90309: same Wikidata ID (Q161419). The two survivors are one male and one female, as a biological parent pair should be
Q130286	Camarina	3	[Q74970 'Tethys'] ; [Q74973 'Danaus' = Q90309 'Oceanus']	Q74970,Q74973	no	3 listed parents collapse to 2 distinct person(s): 1 record(s) are duplicates of another listed parent. Evidence — Q74973+Q90309: same Wikidata ID (Q161419). The two survivors are one male and one female, as a biological parent pair should be
Q130288	Kleio	3	[Q74970 'Tethys'] ; [Q74973 'Danaus' = Q90309 'Oceanus']	Q74970,Q74973	no	3 listed parents collapse to 2 distinct person(s): 1 record(s) are duplicates of another listed parent. Evidence — Q74973+Q90309: same Wikidata ID (Q161419). The two survivors are one male and one female, as a biological parent pair should be
Q130290	Kretheis	3	[Q74970 'Tethys'] ; [Q74973 'Danaus' = Q90309 'Oceanus']	Q74970,Q74973	no	3 listed parents collapse to 2 distinct person(s): 1 record(s) are duplicates of another listed parent. Evidence — Q74973+Q90309: same Wikidata ID (Q161419). The two survivors are one male and one female, as a biological parent pair should be
Q130292	Kytheros	3	[Q74970 'Tethys'] ; [Q74973 'Danaus' = Q90309 'Oceanus']	Q74970,Q74973	no	3 listed parents collapse to 2 distinct person(s): 1 record(s) are duplicates of another listed parent. Evidence — Q74973+Q90309: same Wikidata ID (Q161419). The two survivors are one male and one female, as a biological parent pair should be
Q130294	Pleistos	3	[Q74970 'Tethys'] ; [Q74973 'Danaus' = Q90309 'Oceanus']	Q74970,Q74973	no	3 listed parents collapse to 2 distinct person(s): 1 record(s) are duplicates of another listed parent. Evidence — Q74973+Q90309: same Wikidata ID (Q161419). The two survivors are one male and one female, as a biological parent pair should be
Q130296	Ilissos	3	[Q74970 'Tethys'] ; [Q74973 'Danaus' = Q90309 'Oceanus']	Q74970,Q74973	no	3 listed parents collapse to 2 distinct person(s): 1 record(s) are duplicates of another listed parent. Evidence — Q74973+Q90309: same Wikidata ID (Q161419). The two survivors are one male and one female, as a biological parent pair should be
Q130322	unknown	3	[Q1952 'Creator BRAHMA'] ; [Q2151 'KA'] ; [Q2152 'YA']		yes	3 listed parents do NOT collapse: they cluster into 3 distinct people, more than a biological pair. Deduplication cannot decide which 2 are the real parents, and choosing among 3 genuinely different claimed parents is genealogical judgement, not a merge. Clusters are shown for a human to rule on.
Q130472	Lyssa	3	[Q130498 'Q130498'] ; [Q74698 'Tros'] ; [Q74720 'Nyx']		yes	3 listed parents do NOT collapse: they cluster into 3 distinct people, more than a biological pair. Deduplication cannot decide which 2 are the real parents, and choosing among 3 genuinely different claimed parents is genealogical judgement, not a merge. Clusters are shown for a human to rule on.
Q130538	Dolos	3	[Q130392 'Aether'] ; [Q130498 'Q130498'] ; [Q74720 'Nyx']		yes	3 listed parents do NOT collapse: they cluster into 3 distinct people, more than a biological pair. Deduplication cannot decide which 2 are the real parents, and choosing among 3 genuinely different claimed parents is genealogical judgement, not a merge. Clusters are shown for a human to rule on.
Q130572	Ceres	3	[Q132028 'Q132028'] ; [Q74677 'Ops'] ; [Q74680 'Saturn']		yes	3 listed parents do NOT collapse: they cluster into 3 distinct people, more than a biological pair. Deduplication cannot decide which 2 are the real parents, and choosing among 3 genuinely different claimed parents is genealogical judgement, not a merge. Clusters are shown for a human to rule on.
Q130582	Atlas	3	[Q130019 'Asia'] ; [Q75225 'Iapetos' = Q90374 'Iapetos']	Q130019,Q75225	no	3 listed parents collapse to 2 distinct person(s): 1 record(s) are duplicates of another listed parent. Evidence — Q75225+Q90374: identical label 'Iapetos'. The two survivors are one male and one female, as a biological parent pair should be
Q130606	Horae	3	[Q74656 'Q74656'] ; [Q75054 'Themis'] ; [Q90317 'Clymene Asia']		yes	3 listed parents do NOT collapse: they cluster into 3 distinct people, more than a biological pair. Deduplication cannot decide which 2 are the real parents, and choosing among 3 genuinely different claimed parents is genealogical judgement, not a merge. Clusters are shown for a human to rule on.
Q130608	Hesperides	3	[Q130498 'Q130498'] ; [Q74656 'Q74656'] ; [Q74720 'Nyx']		yes	3 listed parents do NOT collapse: they cluster into 3 distinct people, more than a biological pair. Deduplication cannot decide which 2 are the real parents, and choosing among 3 genuinely different claimed parents is genealogical judgement, not a merge. Clusters are shown for a human to rule on.
Q130610	Adrasteia	3	[Q74656 'Q74656'] ; [Q75054 'Themis'] ; [Q90317 'Clymene Asia']		yes	3 listed parents do NOT collapse: they cluster into 3 distinct people, more than a biological pair. Deduplication cannot decide which 2 are the real parents, and choosing among 3 genuinely different claimed parents is genealogical judgement, not a merge. Clusters are shown for a human to rule on.
Q130612	Eirene	3	[Q74656 'Q74656'] ; [Q75054 'Themis'] ; [Q90317 'Clymene Asia']		yes	3 listed parents do NOT collapse: they cluster into 3 distinct people, more than a biological pair. Deduplication cannot decide which 2 are the real parents, and choosing among 3 genuinely different claimed parents is genealogical judgement, not a merge. Clusters are shown for a human to rule on.
Q130614	Dike	3	[Q74656 'Q74656'] ; [Q75054 'Themis'] ; [Q90317 'Clymene Asia']		yes	3 listed parents do NOT collapse: they cluster into 3 distinct people, more than a biological pair. Deduplication cannot decide which 2 are the real parents, and choosing among 3 genuinely different claimed parents is genealogical judgement, not a merge. Clusters are shown for a human to rule on.
Q130616	Eunomia	3	[Q74656 'Q74656'] ; [Q75054 'Themis'] ; [Q90317 'Clymene Asia']		yes	3 listed parents do NOT collapse: they cluster into 3 distinct people, more than a biological pair. Deduplication cannot decide which 2 are the real parents, and choosing among 3 genuinely different claimed parents is genealogical judgement, not a merge. Clusters are shown for a human to rule on.
Q130618	Astraea	3	[Q74656 'Q74656'] ; [Q75054 'Themis'] ; [Q90317 'Clymene Asia']		yes	3 listed parents do NOT collapse: they cluster into 3 distinct people, more than a biological pair. Deduplication cannot decide which 2 are the real parents, and choosing among 3 genuinely different claimed parents is genealogical judgement, not a merge. Clusters are shown for a human to rule on.
Q130620	Clotho	3	[Q130498 'Q130498'] ; [Q74656 'Q74656'] ; [Q74720 'Nyx']		yes	3 listed parents do NOT collapse: they cluster into 3 distinct people, more than a biological pair. Deduplication cannot decide which 2 are the real parents, and choosing among 3 genuinely different claimed parents is genealogical judgement, not a merge. Clusters are shown for a human to rule on.
Q130622	Lachesis	3	[Q130498 'Q130498'] ; [Q74656 'Q74656'] ; [Q74720 'Nyx']		yes	3 listed parents do NOT collapse: they cluster into 3 distinct people, more than a biological pair. Deduplication cannot decide which 2 are the real parents, and choosing among 3 genuinely different claimed parents is genealogical judgement, not a merge. Clusters are shown for a human to rule on.
Q130624	Atropos	3	[Q130498 'Q130498'] ; [Q74656 'Q74656'] ; [Q74720 'Nyx']		yes	3 listed parents do NOT collapse: they cluster into 3 distinct people, more than a biological pair. Deduplication cannot decide which 2 are the real parents, and choosing among 3 genuinely different claimed parents is genealogical judgement, not a merge. Clusters are shown for a human to rule on.
Q130626	Themides	3	[Q74656 'Q74656'] ; [Q75054 'Themis'] ; [Q90317 'Clymene Asia']		yes	3 listed parents do NOT collapse: they cluster into 3 distinct people, more than a biological pair. Deduplication cannot decide which 2 are the real parents, and choosing among 3 genuinely different claimed parents is genealogical judgement, not a merge. Clusters are shown for a human to rule on.
Q130628	Dysis	3	[Q74656 'Q74656'] ; [Q75054 'Themis'] ; [Q90317 'Clymene Asia']		yes	3 listed parents do NOT collapse: they cluster into 3 distinct people, more than a biological pair. Deduplication cannot decide which 2 are the real parents, and choosing among 3 genuinely different claimed parents is genealogical judgement, not a merge. Clusters are shown for a human to rule on.
Q130630	Auxo	3	[Q74656 'Q74656'] ; [Q75054 'Themis'] ; [Q90317 'Clymene Asia']		yes	3 listed parents do NOT collapse: they cluster into 3 distinct people, more than a biological pair. Deduplication cannot decide which 2 are the real parents, and choosing among 3 genuinely different claimed parents is genealogical judgement, not a merge. Clusters are shown for a human to rule on.
Q130632	Thallo	3	[Q74656 'Q74656'] ; [Q75054 'Themis'] ; [Q90317 'Clymene Asia']		yes	3 listed parents do NOT collapse: they cluster into 3 distinct people, more than a biological pair. Deduplication cannot decide which 2 are the real parents, and choosing among 3 genuinely different claimed parents is genealogical judgement, not a merge. Clusters are shown for a human to rule on.
Q130634	Arctus	3	[Q74656 'Q74656'] ; [Q75054 'Themis'] ; [Q90317 'Clymene Asia']		yes	3 listed parents do NOT collapse: they cluster into 3 distinct people, more than a biological pair. Deduplication cannot decide which 2 are the real parents, and choosing among 3 genuinely different claimed parents is genealogical judgement, not a merge. Clusters are shown for a human to rule on.
Q130636	Carpo	3	[Q74656 'Q74656'] ; [Q75054 'Themis'] ; [Q90317 'Clymene Asia']		yes	3 listed parents do NOT collapse: they cluster into 3 distinct people, more than a biological pair. Deduplication cannot decide which 2 are the real parents, and choosing among 3 genuinely different claimed parents is genealogical judgement, not a merge. Clusters are shown for a human to rule on.
Q130638	Acme	3	[Q74656 'Q74656'] ; [Q75054 'Themis'] ; [Q90317 'Clymene Asia']		yes	3 listed parents do NOT collapse: they cluster into 3 distinct people, more than a biological pair. Deduplication cannot decide which 2 are the real parents, and choosing among 3 genuinely different claimed parents is genealogical judgement, not a merge. Clusters are shown for a human to rule on.
Q130640	Phaethon	3	[Q130598 'Helios'] ; [Q75192 'Klymene'] ; [Q90476 'Hesione']		yes	3 listed parents do NOT collapse: they cluster into 3 distinct people, more than a biological pair. Deduplication cannot decide which 2 are the real parents, and choosing among 3 genuinely different claimed parents is genealogical judgement, not a merge. Clusters are shown for a human to rule on.
Q130642	Aegiale	3	[Q130598 'Helios'] ; [Q75192 'Klymene'] ; [Q90476 'Hesione']		yes	3 listed parents do NOT collapse: they cluster into 3 distinct people, more than a biological pair. Deduplication cannot decide which 2 are the real parents, and choosing among 3 genuinely different claimed parents is genealogical judgement, not a merge. Clusters are shown for a human to rule on.
Q130646	Dioxippe	3	[Q130598 'Helios'] ; [Q75192 'Klymene'] ; [Q90476 'Hesione']		yes	3 listed parents do NOT collapse: they cluster into 3 distinct people, more than a biological pair. Deduplication cannot decide which 2 are the real parents, and choosing among 3 genuinely different claimed parents is genealogical judgement, not a merge. Clusters are shown for a human to rule on.
Q130648	Hellen	3	[Q132042 'Pyrrha'] ; [Q75153 'Deucalion' = Q90478 'Deucalion']	Q132042,Q75153	no	3 listed parents collapse to 2 distinct person(s): 1 record(s) are duplicates of another listed parent. Evidence — Q75153+Q90478: same Wikidata ID (Q207715). The two survivors are one male and one female, as a biological parent pair should be
Q130650	Helia	3	[Q130598 'Helios'] ; [Q75192 'Klymene'] ; [Q90476 'Hesione']		yes	3 listed parents do NOT collapse: they cluster into 3 distinct people, more than a biological pair. Deduplication cannot decide which 2 are the real parents, and choosing among 3 genuinely different claimed parents is genealogical judgement, not a merge. Clusters are shown for a human to rule on.
Q130970	Astris	3	[Q130598 'Helios'] ; [Q75192 'Klymene'] ; [Q90476 'Hesione']		yes	3 listed parents do NOT collapse: they cluster into 3 distinct people, more than a biological pair. Deduplication cannot decide which 2 are the real parents, and choosing among 3 genuinely different claimed parents is genealogical judgement, not a merge. Clusters are shown for a human to rule on.
Q131432	Thalassa	3	[Q130392 'Aether'] ; [Q74701 'Terra'] ; [Q74720 'Nyx']		yes	3 listed parents do NOT collapse: they cluster into 3 distinct people, more than a biological pair. Deduplication cannot decide which 2 are the real parents, and choosing among 3 genuinely different claimed parents is genealogical judgement, not a merge. Clusters are shown for a human to rule on.
Q131434	Aura	3	[Q132070 'Gottfried Vopelius'] ; [Q74701 'Terra'] ; [Q74720 'Nyx']		yes	3 listed parents do NOT collapse: they cluster into 3 distinct people, more than a biological pair. Deduplication cannot decide which 2 are the real parents, and choosing among 3 genuinely different claimed parents is genealogical judgement, not a merge. Clusters are shown for a human to rule on.
Q131596	Hesperis	3	[Q130498 'Q130498'] ; [Q130590 'Hesperus'] ; [Q74720 'Nyx']		yes	3 listed parents do NOT collapse: they cluster into 3 distinct people, more than a biological pair. Deduplication cannot decide which 2 are the real parents, and choosing among 3 genuinely different claimed parents is genealogical judgement, not a merge. Clusters are shown for a human to rule on.
Q131713	Artemis	3	[Q131510 'Leto'] ; [Q131516 'Q131516'] ; [Q74656 'Q74656']		yes	3 listed parents do NOT collapse: they cluster into 3 distinct people, more than a biological pair. Deduplication cannot decide which 2 are the real parents, and choosing among 3 genuinely different claimed parents is genealogical judgement, not a merge. Clusters are shown for a human to rule on.
Q132047	Chimaereus	3	[Q130710 'Celaeno'] ; [Q75195 'Prometheus' = Q90388 'Prometheus']	Q130710,Q75195	no	3 listed parents collapse to 2 distinct person(s): 1 record(s) are duplicates of another listed parent. Evidence — Q75195+Q90388: identical label 'Prometheus'. The two survivors are one male and one female, as a biological parent pair should be
Q132048	Lycus	3	[Q130710 'Celaeno'] ; [Q75195 'Prometheus' = Q90388 'Prometheus']	Q130710,Q75195	no	3 listed parents collapse to 2 distinct person(s): 1 record(s) are duplicates of another listed parent. Evidence — Q75195+Q90388: identical label 'Prometheus'. The two survivors are one male and one female, as a biological parent pair should be
Q132057	Merope	3	[Q130598 'Helios'] ; [Q75192 'Klymene'] ; [Q90476 'Hesione']		yes	3 listed parents do NOT collapse: they cluster into 3 distinct people, more than a biological pair. Deduplication cannot decide which 2 are the real parents, and choosing among 3 genuinely different claimed parents is genealogical judgement, not a merge. Clusters are shown for a human to rule on.
Q132064	Aetheria	3	[Q130598 'Helios'] ; [Q75192 'Klymene'] ; [Q90476 'Hesione']		yes	3 listed parents do NOT collapse: they cluster into 3 distinct people, more than a biological pair. Deduplication cannot decide which 2 are the real parents, and choosing among 3 genuinely different claimed parents is genealogical judgement, not a merge. Clusters are shown for a human to rule on.
Q132098	Amphictyon	3	[Q132042 'Pyrrha'] ; [Q75153 'Deucalion' = Q90478 'Deucalion']	Q132042,Q75153	no	3 listed parents collapse to 2 distinct person(s): 1 record(s) are duplicates of another listed parent. Evidence — Q75153+Q90478: same Wikidata ID (Q207715). The two survivors are one male and one female, as a biological parent pair should be
Q132099	Orestheus	3	[Q132042 'Pyrrha'] ; [Q75153 'Deucalion' = Q90478 'Deucalion']	Q132042,Q75153	no	3 listed parents collapse to 2 distinct person(s): 1 record(s) are duplicates of another listed parent. Evidence — Q75153+Q90478: same Wikidata ID (Q207715). The two survivors are one male and one female, as a biological parent pair should be
Q132100	Thyia	3	[Q132042 'Pyrrha'] ; [Q75153 'Deucalion' = Q90478 'Deucalion']	Q132042,Q75153	no	3 listed parents collapse to 2 distinct person(s): 1 record(s) are duplicates of another listed parent. Evidence — Q75153+Q90478: same Wikidata ID (Q207715). The two survivors are one male and one female, as a biological parent pair should be
Q132101	Melantho daughter of Deucalion	3	[Q132042 'Pyrrha'] ; [Q75153 'Deucalion' = Q90478 'Deucalion']	Q132042,Q75153	no	3 listed parents collapse to 2 distinct person(s): 1 record(s) are duplicates of another listed parent. Evidence — Q75153+Q90478: same Wikidata ID (Q207715). The two survivors are one male and one female, as a biological parent pair should be
Q132102	Protogeneia	3	[Q132042 'Pyrrha'] ; [Q75153 'Deucalion' = Q90478 'Deucalion']	Q132042,Q75153	no	3 listed parents collapse to 2 distinct person(s): 1 record(s) are duplicates of another listed parent. Evidence — Q75153+Q90478: same Wikidata ID (Q207715). The two survivors are one male and one female, as a biological parent pair should be
Q132103	Haemone	3	[Q132042 'Pyrrha'] ; [Q75153 'Deucalion' = Q90478 'Deucalion']	Q132042,Q75153	no	3 listed parents collapse to 2 distinct person(s): 1 record(s) are duplicates of another listed parent. Evidence — Q75153+Q90478: same Wikidata ID (Q207715). The two survivors are one male and one female, as a biological parent pair should be
Q132104	Candybus	3	[Q132042 'Pyrrha'] ; [Q75153 'Deucalion' = Q90478 'Deucalion']	Q132042,Q75153	no	3 listed parents collapse to 2 distinct person(s): 1 record(s) are duplicates of another listed parent. Evidence — Q75153+Q90478: same Wikidata ID (Q207715). The two survivors are one male and one female, as a biological parent pair should be
Q132105	Pandora	3	[Q132042 'Pyrrha'] ; [Q75153 'Deucalion' = Q90478 'Deucalion']	Q132042,Q75153	no	3 listed parents collapse to 2 distinct person(s): 1 record(s) are duplicates of another listed parent. Evidence — Q75153+Q90478: same Wikidata ID (Q207715). The two survivors are one male and one female, as a biological parent pair should be
Q132107	Fraus	3	[Q130652 'Q130652'] ; [Q132106 'Nox'] ; [Q74717 'Erebos']		yes	3 listed parents do NOT collapse: they cluster into 3 distinct people, more than a biological pair. Deduplication cannot decide which 2 are the real parents, and choosing among 3 genuinely different claimed parents is genealogical judgement, not a merge. Clusters are shown for a human to rule on.
Q132108	Somnus	3	[Q130652 'Q130652'] ; [Q132106 'Nox'] ; [Q74717 'Erebos']		yes	3 listed parents do NOT collapse: they cluster into 3 distinct people, more than a biological pair. Deduplication cannot decide which 2 are the real parents, and choosing among 3 genuinely different claimed parents is genealogical judgement, not a merge. Clusters are shown for a human to rule on.
Q132139	Penelope	3	[Q133344 'Q133344'] ; [Q73380 'BAD MERGE'] ; [Q90277 'Periboea']		yes	3 listed parents do NOT collapse: they cluster into 3 distinct people, more than a biological pair. Deduplication cannot decide which 2 are the real parents, and choosing among 3 genuinely different claimed parents is genealogical judgement, not a merge. Clusters are shown for a human to rule on.
Q132271	Cleopatra	3	[Q131028 'Polyxo'] ; [Q132255 'Q132255'] ; [Q74973 'Danaus']		yes	3 listed parents do NOT collapse: they cluster into 3 distinct people, more than a biological pair. Deduplication cannot decide which 2 are the real parents, and choosing among 3 genuinely different claimed parents is genealogical judgement, not a merge. Clusters are shown for a human to rule on.
Q132272	Autonoe	3	[Q131028 'Polyxo'] ; [Q132255 'Q132255'] ; [Q74973 'Danaus']		yes	3 listed parents do NOT collapse: they cluster into 3 distinct people, more than a biological pair. Deduplication cannot decide which 2 are the real parents, and choosing among 3 genuinely different claimed parents is genealogical judgement, not a merge. Clusters are shown for a human to rule on.
Q132273	Eurydice	3	[Q131028 'Polyxo'] ; [Q132255 'Q132255'] ; [Q74973 'Danaus']		yes	3 listed parents do NOT collapse: they cluster into 3 distinct people, more than a biological pair. Deduplication cannot decide which 2 are the real parents, and choosing among 3 genuinely different claimed parents is genealogical judgement, not a merge. Clusters are shown for a human to rule on.
Q132274	Euippe	3	[Q131028 'Polyxo'] ; [Q132255 'Q132255'] ; [Q74973 'Danaus']		yes	3 listed parents do NOT collapse: they cluster into 3 distinct people, more than a biological pair. Deduplication cannot decide which 2 are the real parents, and choosing among 3 genuinely different claimed parents is genealogical judgement, not a merge. Clusters are shown for a human to rule on.
Q132275	Bryce	3	[Q131028 'Polyxo'] ; [Q132255 'Q132255'] ; [Q74973 'Danaus']		yes	3 listed parents do NOT collapse: they cluster into 3 distinct people, more than a biological pair. Deduplication cannot decide which 2 are the real parents, and choosing among 3 genuinely different claimed parents is genealogical judgement, not a merge. Clusters are shown for a human to rule on.
Q132276	Antheleia	3	[Q131028 'Polyxo'] ; [Q132255 'Q132255'] ; [Q74973 'Danaus']		yes	3 listed parents do NOT collapse: they cluster into 3 distinct people, more than a biological pair. Deduplication cannot decide which 2 are the real parents, and choosing among 3 genuinely different claimed parents is genealogical judgement, not a merge. Clusters are shown for a human to rule on.
Q132277	Stygne	3	[Q131028 'Polyxo'] ; [Q132255 'Q132255'] ; [Q74973 'Danaus']		yes	3 listed parents do NOT collapse: they cluster into 3 distinct people, more than a biological pair. Deduplication cannot decide which 2 are the real parents, and choosing among 3 genuinely different claimed parents is genealogical judgement, not a merge. Clusters are shown for a human to rule on.
Q132278	Theano	3	[Q131028 'Polyxo'] ; [Q132255 'Q132255'] ; [Q74973 'Danaus']		yes	3 listed parents do NOT collapse: they cluster into 3 distinct people, more than a biological pair. Deduplication cannot decide which 2 are the real parents, and choosing among 3 genuinely different claimed parents is genealogical judgement, not a merge. Clusters are shown for a human to rule on.
Q132279	Electra	3	[Q131028 'Polyxo'] ; [Q132255 'Q132255'] ; [Q74973 'Danaus']		yes	3 listed parents do NOT collapse: they cluster into 3 distinct people, more than a biological pair. Deduplication cannot decide which 2 are the real parents, and choosing among 3 genuinely different claimed parents is genealogical judgement, not a merge. Clusters are shown for a human to rule on.
Q132280	Glaucippe	3	[Q131028 'Polyxo'] ; [Q132255 'Q132255'] ; [Q74973 'Danaus']		yes	3 listed parents do NOT collapse: they cluster into 3 distinct people, more than a biological pair. Deduplication cannot decide which 2 are the real parents, and choosing among 3 genuinely different claimed parents is genealogical judgement, not a merge. Clusters are shown for a human to rule on.
Q132281	Cleodore	3	[Q131028 'Polyxo'] ; [Q132255 'Q132255'] ; [Q74973 'Danaus']		yes	3 listed parents do NOT collapse: they cluster into 3 distinct people, more than a biological pair. Deduplication cannot decide which 2 are the real parents, and choosing among 3 genuinely different claimed parents is genealogical judgement, not a merge. Clusters are shown for a human to rule on.
Q132282	Erato	3	[Q131028 'Polyxo'] ; [Q132255 'Q132255'] ; [Q74973 'Danaus']		yes	3 listed parents do NOT collapse: they cluster into 3 distinct people, more than a biological pair. Deduplication cannot decide which 2 are the real parents, and choosing among 3 genuinely different claimed parents is genealogical judgement, not a merge. Clusters are shown for a human to rule on.
Q132329	Assaracus	3	[Q132327 'Tros' = Q74698 'Tros'] ; [Q133642 'Acallaris']	Q132327,Q133642	no	3 listed parents collapse to 2 distinct person(s): 1 record(s) are duplicates of another listed parent. Evidence — Q132327+Q74698: identical label 'Tros'. The two survivors are one male and one female, as a biological parent pair should be
Q132330	Ganymede	3	[Q131068 'Callirhoe'] ; [Q132327 'Tros' = Q74698 'Tros']	Q131068,Q132327	no	3 listed parents collapse to 2 distinct person(s): 1 record(s) are duplicates of another listed parent. Evidence — Q132327+Q74698: identical label 'Tros'. The two survivors are one male and one female, as a biological parent pair should be
Q132331	Cleomestra	3	[Q131068 'Callirhoe'] ; [Q132327 'Tros' = Q74698 'Tros']	Q131068,Q132327	no	3 listed parents collapse to 2 distinct person(s): 1 record(s) are duplicates of another listed parent. Evidence — Q132327+Q74698: identical label 'Tros'. The two survivors are one male and one female, as a biological parent pair should be
Q132731	Janus	3	[Q132028 'Q132028'] ; [Q134028 'Entoria'] ; [Q74680 'Saturn']		yes	3 listed parents do NOT collapse: they cluster into 3 distinct people, more than a biological pair. Deduplication cannot decide which 2 are the real parents, and choosing among 3 genuinely different claimed parents is genealogical judgement, not a merge. Clusters are shown for a human to rule on.
Q132786	Phobetor	3	[Q130498 'Q130498'] ; [Q131556 'Hypnos'] ; [Q74720 'Nyx']		yes	3 listed parents do NOT collapse: they cluster into 3 distinct people, more than a biological pair. Deduplication cannot decide which 2 are the real parents, and choosing among 3 genuinely different claimed parents is genealogical judgement, not a merge. Clusters are shown for a human to rule on.
Q133104	Amymone	3	[Q132255 'Q132255'] ; [Q133463 'Europe'] ; [Q74973 'Danaus']		yes	3 listed parents do NOT collapse: they cluster into 3 distinct people, more than a biological pair. Deduplication cannot decide which 2 are the real parents, and choosing among 3 genuinely different claimed parents is genealogical judgement, not a merge. Clusters are shown for a human to rule on.
Q133168	Celaeno	3	[Q132255 'Q132255'] ; [Q133468 'Crino'] ; [Q74973 'Danaus']		yes	3 listed parents do NOT collapse: they cluster into 3 distinct people, more than a biological pair. Deduplication cannot decide which 2 are the real parents, and choosing among 3 genuinely different claimed parents is genealogical judgement, not a merge. Clusters are shown for a human to rule on.
Q133254	Hymnus	3	[Q132028 'Q132028'] ; [Q134028 'Entoria'] ; [Q74680 'Saturn']		yes	3 listed parents do NOT collapse: they cluster into 3 distinct people, more than a biological pair. Deduplication cannot decide which 2 are the real parents, and choosing among 3 genuinely different claimed parents is genealogical judgement, not a merge. Clusters are shown for a human to rule on.
Q133255	Felix	3	[Q132028 'Q132028'] ; [Q134028 'Entoria'] ; [Q74680 'Saturn']		yes	3 listed parents do NOT collapse: they cluster into 3 distinct people, more than a biological pair. Deduplication cannot decide which 2 are the real parents, and choosing among 3 genuinely different claimed parents is genealogical judgement, not a merge. Clusters are shown for a human to rule on.
Q133256	Faustus	3	[Q132028 'Q132028'] ; [Q134028 'Entoria'] ; [Q74680 'Saturn']		yes	3 listed parents do NOT collapse: they cluster into 3 distinct people, more than a biological pair. Deduplication cannot decide which 2 are the real parents, and choosing among 3 genuinely different claimed parents is genealogical judgement, not a merge. Clusters are shown for a human to rule on.
Q133346	Thoon	3	[Q133344 'Q133344'] ; [Q134310 'Asterodeia'] ; [Q73380 'BAD MERGE']		yes	3 listed parents do NOT collapse: they cluster into 3 distinct people, more than a biological pair. Deduplication cannot decide which 2 are the real parents, and choosing among 3 genuinely different claimed parents is genealogical judgement, not a merge. Clusters are shown for a human to rule on.
Q133471	Automate	3	[Q132255 'Q132255'] ; [Q133463 'Europe'] ; [Q74973 'Danaus']		yes	3 listed parents do NOT collapse: they cluster into 3 distinct people, more than a biological pair. Deduplication cannot decide which 2 are the real parents, and choosing among 3 genuinely different claimed parents is genealogical judgement, not a merge. Clusters are shown for a human to rule on.
Q133472	Cleopatra	3	[Q132255 'Q132255'] ; [Q133467 'Atlantia'] ; [Q74973 'Danaus']		yes	3 listed parents do NOT collapse: they cluster into 3 distinct people, more than a biological pair. Deduplication cannot decide which 2 are the real parents, and choosing among 3 genuinely different claimed parents is genealogical judgement, not a merge. Clusters are shown for a human to rule on.
Q133473	Gorgophone	3	[Q132255 'Q132255'] ; [Q133464 'Elephantis'] ; [Q74973 'Danaus']		yes	3 listed parents do NOT collapse: they cluster into 3 distinct people, more than a biological pair. Deduplication cannot decide which 2 are the real parents, and choosing among 3 genuinely different claimed parents is genealogical judgement, not a merge. Clusters are shown for a human to rule on.
Q133474	Chrysippe	3	[Q132255 'Q132255'] ; [Q133465 'Memphis'] ; [Q74973 'Danaus']		yes	3 listed parents do NOT collapse: they cluster into 3 distinct people, more than a biological pair. Deduplication cannot decide which 2 are the real parents, and choosing among 3 genuinely different claimed parents is genealogical judgement, not a merge. Clusters are shown for a human to rule on.
Q133475	Adiante	3	[Q132255 'Q132255'] ; [Q133470 'Herse'] ; [Q74973 'Danaus']		yes	3 listed parents do NOT collapse: they cluster into 3 distinct people, more than a biological pair. Deduplication cannot decide which 2 are the real parents, and choosing among 3 genuinely different claimed parents is genealogical judgement, not a merge. Clusters are shown for a human to rule on.
Q133476	Clite	3	[Q132255 'Q132255'] ; [Q133465 'Memphis'] ; [Q74973 'Danaus']		yes	3 listed parents do NOT collapse: they cluster into 3 distinct people, more than a biological pair. Deduplication cannot decide which 2 are the real parents, and choosing among 3 genuinely different claimed parents is genealogical judgement, not a merge. Clusters are shown for a human to rule on.
Q133477	Sthenele	3	[Q132255 'Q132255'] ; [Q133465 'Memphis'] ; [Q74973 'Danaus']		yes	3 listed parents do NOT collapse: they cluster into 3 distinct people, more than a biological pair. Deduplication cannot decide which 2 are the real parents, and choosing among 3 genuinely different claimed parents is genealogical judgement, not a merge. Clusters are shown for a human to rule on.
Q133478	Hyperippe	3	[Q132255 'Q132255'] ; [Q133468 'Crino'] ; [Q74973 'Danaus']		yes	3 listed parents do NOT collapse: they cluster into 3 distinct people, more than a biological pair. Deduplication cannot decide which 2 are the real parents, and choosing among 3 genuinely different claimed parents is genealogical judgement, not a merge. Clusters are shown for a human to rule on.
Q133479	Phartis	3	[Q132255 'Q132255'] ; [Q133469 'Aethiopis'] ; [Q74973 'Danaus']		yes	3 listed parents do NOT collapse: they cluster into 3 distinct people, more than a biological pair. Deduplication cannot decide which 2 are the real parents, and choosing among 3 genuinely different claimed parents is genealogical judgement, not a merge. Clusters are shown for a human to rule on.
Q133480	Callidice	3	[Q132255 'Q132255'] ; [Q133468 'Crino'] ; [Q74973 'Danaus']		yes	3 listed parents do NOT collapse: they cluster into 3 distinct people, more than a biological pair. Deduplication cannot decide which 2 are the real parents, and choosing among 3 genuinely different claimed parents is genealogical judgement, not a merge. Clusters are shown for a human to rule on.
Q133481	Oeme	3	[Q132255 'Q132255'] ; [Q133468 'Crino'] ; [Q74973 'Danaus']		yes	3 listed parents do NOT collapse: they cluster into 3 distinct people, more than a biological pair. Deduplication cannot decide which 2 are the real parents, and choosing among 3 genuinely different claimed parents is genealogical judgement, not a merge. Clusters are shown for a human to rule on.
Q133482	Scaea	3	[Q132255 'Q132255'] ; [Q133463 'Europe'] ; [Q74973 'Danaus']		yes	3 listed parents do NOT collapse: they cluster into 3 distinct people, more than a biological pair. Deduplication cannot decide which 2 are the real parents, and choosing among 3 genuinely different claimed parents is genealogical judgement, not a merge. Clusters are shown for a human to rule on.
Q133483	Dioxippe	3	[Q132255 'Q132255'] ; [Q133462 'Pieria'] ; [Q74973 'Danaus']		yes	3 listed parents do NOT collapse: they cluster into 3 distinct people, more than a biological pair. Deduplication cannot decide which 2 are the real parents, and choosing among 3 genuinely different claimed parents is genealogical judgement, not a merge. Clusters are shown for a human to rule on.
Q133484	Actaea	3	[Q132255 'Q132255'] ; [Q133462 'Pieria'] ; [Q74973 'Danaus']		yes	3 listed parents do NOT collapse: they cluster into 3 distinct people, more than a biological pair. Deduplication cannot decide which 2 are the real parents, and choosing among 3 genuinely different claimed parents is genealogical judgement, not a merge. Clusters are shown for a human to rule on.
Q133485	Podarce	3	[Q132255 'Q132255'] ; [Q133462 'Pieria'] ; [Q74973 'Danaus']		yes	3 listed parents do NOT collapse: they cluster into 3 distinct people, more than a biological pair. Deduplication cannot decide which 2 are the real parents, and choosing among 3 genuinely different claimed parents is genealogical judgement, not a merge. Clusters are shown for a human to rule on.
Q133486	Pylarge	3	[Q132255 'Q132255'] ; [Q133462 'Pieria'] ; [Q74973 'Danaus']		yes	3 listed parents do NOT collapse: they cluster into 3 distinct people, more than a biological pair. Deduplication cannot decide which 2 are the real parents, and choosing among 3 genuinely different claimed parents is genealogical judgement, not a merge. Clusters are shown for a human to rule on.
Q133487	Adite	3	[Q132255 'Q132255'] ; [Q133462 'Pieria'] ; [Q74973 'Danaus']		yes	3 listed parents do NOT collapse: they cluster into 3 distinct people, more than a biological pair. Deduplication cannot decide which 2 are the real parents, and choosing among 3 genuinely different claimed parents is genealogical judgement, not a merge. Clusters are shown for a human to rule on.
Q133488	Ocypete	3	[Q132255 'Q132255'] ; [Q133462 'Pieria'] ; [Q74973 'Danaus']		yes	3 listed parents do NOT collapse: they cluster into 3 distinct people, more than a biological pair. Deduplication cannot decide which 2 are the real parents, and choosing among 3 genuinely different claimed parents is genealogical judgement, not a merge. Clusters are shown for a human to rule on.
Q133489	Hippodamia	3	[Q132255 'Q132255'] ; [Q133467 'Atlantia'] ; [Q74973 'Danaus']		yes	3 listed parents do NOT collapse: they cluster into 3 distinct people, more than a biological pair. Deduplication cannot decide which 2 are the real parents, and choosing among 3 genuinely different claimed parents is genealogical judgement, not a merge. Clusters are shown for a human to rule on.
Q133490	Gorge	3	[Q132255 'Q132255'] ; [Q133467 'Atlantia'] ; [Q74973 'Danaus']		yes	3 listed parents do NOT collapse: they cluster into 3 distinct people, more than a biological pair. Deduplication cannot decide which 2 are the real parents, and choosing among 3 genuinely different claimed parents is genealogical judgement, not a merge. Clusters are shown for a human to rule on.
Q133491	Iphimedusa	3	[Q132255 'Q132255'] ; [Q133467 'Atlantia'] ; [Q74973 'Danaus']		yes	3 listed parents do NOT collapse: they cluster into 3 distinct people, more than a biological pair. Deduplication cannot decide which 2 are the real parents, and choosing among 3 genuinely different claimed parents is genealogical judgement, not a merge. Clusters are shown for a human to rule on.
Q133492	Pirene	3	[Q132255 'Q132255'] ; [Q133469 'Aethiopis'] ; [Q74973 'Danaus']		yes	3 listed parents do NOT collapse: they cluster into 3 distinct people, more than a biological pair. Deduplication cannot decide which 2 are the real parents, and choosing among 3 genuinely different claimed parents is genealogical judgement, not a merge. Clusters are shown for a human to rule on.
Q133493	Glauce	3	[Q132255 'Q132255'] ; [Q133467 'Atlantia'] ; [Q74973 'Danaus']		yes	3 listed parents do NOT collapse: they cluster into 3 distinct people, more than a biological pair. Deduplication cannot decide which 2 are the real parents, and choosing among 3 genuinely different claimed parents is genealogical judgement, not a merge. Clusters are shown for a human to rule on.
Q133494	Rhodia	3	[Q132255 'Q132255'] ; [Q133467 'Atlantia'] ; [Q74973 'Danaus']		yes	3 listed parents do NOT collapse: they cluster into 3 distinct people, more than a biological pair. Deduplication cannot decide which 2 are the real parents, and choosing among 3 genuinely different claimed parents is genealogical judgement, not a merge. Clusters are shown for a human to rule on.
Q133495	Rhode	3	[Q132255 'Q132255'] ; [Q133467 'Atlantia'] ; [Q74973 'Danaus']		yes	3 listed parents do NOT collapse: they cluster into 3 distinct people, more than a biological pair. Deduplication cannot decide which 2 are the real parents, and choosing among 3 genuinely different claimed parents is genealogical judgement, not a merge. Clusters are shown for a human to rule on.
Q133496	Dorion	3	[Q132255 'Q132255'] ; [Q133469 'Aethiopis'] ; [Q74973 'Danaus']		yes	3 listed parents do NOT collapse: they cluster into 3 distinct people, more than a biological pair. Deduplication cannot decide which 2 are the real parents, and choosing among 3 genuinely different claimed parents is genealogical judgement, not a merge. Clusters are shown for a human to rule on.
Q133497	Nelo	3	[Q132255 'Q132255'] ; [Q133469 'Aethiopis'] ; [Q74973 'Danaus']		yes	3 listed parents do NOT collapse: they cluster into 3 distinct people, more than a biological pair. Deduplication cannot decide which 2 are the real parents, and choosing among 3 genuinely different claimed parents is genealogical judgement, not a merge. Clusters are shown for a human to rule on.
Q133498	Mnestra	3	[Q132255 'Q132255'] ; [Q133469 'Aethiopis'] ; [Q74973 'Danaus']		yes	3 listed parents do NOT collapse: they cluster into 3 distinct people, more than a biological pair. Deduplication cannot decide which 2 are the real parents, and choosing among 3 genuinely different claimed parents is genealogical judgement, not a merge. Clusters are shown for a human to rule on.
Q133499	Evippe	3	[Q132255 'Q132255'] ; [Q133469 'Aethiopis'] ; [Q74973 'Danaus']		yes	3 listed parents do NOT collapse: they cluster into 3 distinct people, more than a biological pair. Deduplication cannot decide which 2 are the real parents, and choosing among 3 genuinely different claimed parents is genealogical judgement, not a merge. Clusters are shown for a human to rule on.
Q133500	Agave	3	[Q132255 'Q132255'] ; [Q133463 'Europe'] ; [Q74973 'Danaus']		yes	3 listed parents do NOT collapse: they cluster into 3 distinct people, more than a biological pair. Deduplication cannot decide which 2 are the real parents, and choosing among 3 genuinely different claimed parents is genealogical judgement, not a merge. Clusters are shown for a human to rule on.
Q133501	Hippomedusa	3	[Q132255 'Q132255'] ; [Q133467 'Atlantia'] ; [Q74973 'Danaus']		yes	3 listed parents do NOT collapse: they cluster into 3 distinct people, more than a biological pair. Deduplication cannot decide which 2 are the real parents, and choosing among 3 genuinely different claimed parents is genealogical judgement, not a merge. Clusters are shown for a human to rule on.
Q133502	Asteria	3	[Q132255 'Q132255'] ; [Q133467 'Atlantia'] ; [Q74973 'Danaus']		yes	3 listed parents do NOT collapse: they cluster into 3 distinct people, more than a biological pair. Deduplication cannot decide which 2 are the real parents, and choosing among 3 genuinely different claimed parents is genealogical judgement, not a merge. Clusters are shown for a human to rule on.
Q133503	Hypermnestra	3	[Q132255 'Q132255'] ; [Q133464 'Elephantis'] ; [Q74973 'Danaus']		yes	3 listed parents do NOT collapse: they cluster into 3 distinct people, more than a biological pair. Deduplication cannot decide which 2 are the real parents, and choosing among 3 genuinely different claimed parents is genealogical judgement, not a merge. Clusters are shown for a human to rule on.
Q133504	Anaxibie	3	[Q132255 'Q132255'] ; [Q133469 'Aethiopis'] ; [Q74973 'Danaus']		yes	3 listed parents do NOT collapse: they cluster into 3 distinct people, more than a biological pair. Deduplication cannot decide which 2 are the real parents, and choosing among 3 genuinely different claimed parents is genealogical judgement, not a merge. Clusters are shown for a human to rule on.
Q133506	Hippodice	3	[Q132255 'Q132255'] ; [Q133470 'Herse'] ; [Q74973 'Danaus']		yes	3 listed parents do NOT collapse: they cluster into 3 distinct people, more than a biological pair. Deduplication cannot decide which 2 are the real parents, and choosing among 3 genuinely different claimed parents is genealogical judgement, not a merge. Clusters are shown for a human to rule on.
Q133643	Ilus	3	[Q131068 'Callirhoe'] ; [Q132327 'Tros' = Q74698 'Tros']	Q131068,Q132327	no	3 listed parents collapse to 2 distinct person(s): 1 record(s) are duplicates of another listed parent. Evidence — Q132327+Q74698: identical label 'Tros'. The two survivors are one male and one female, as a biological parent pair should be
Q134219	Hippasus	3	[Q74937 'Xanthus \ Scamander Scamander ?King of Boeotia' = Q90329 'Xanthus \ Scamander Scamander'] ; [Q90414 'Leucippe']	Q74937,Q90414	no	3 listed parents collapse to 2 distinct person(s): 1 record(s) are duplicates of another listed parent. Evidence — Q74937+Q90329: same given name and every surname token matches as a spelling variant ('Xanthus \ Scamander Scamander ?King of Boeotia' / 'Xanthus \ Scamander Scamander'). The two survivors are one male and one female, as a biological parent pair should be
Q134311	Thoas	3	[Q133344 'Q133344'] ; [Q73380 'BAD MERGE'] ; [Q90277 'Periboea']		yes	3 listed parents do NOT collapse: they cluster into 3 distinct people, more than a biological pair. Deduplication cannot decide which 2 are the real parents, and choosing among 3 genuinely different claimed parents is genealogical judgement, not a merge. Clusters are shown for a human to rule on.
Q134312	Perileos	3	[Q133344 'Q133344'] ; [Q73380 'BAD MERGE'] ; [Q90277 'Periboea']		yes	3 listed parents do NOT collapse: they cluster into 3 distinct people, more than a biological pair. Deduplication cannot decide which 2 are the real parents, and choosing among 3 genuinely different claimed parents is genealogical judgement, not a merge. Clusters are shown for a human to rule on.
Q134314	Amasichus	3	[Q133344 'Q133344'] ; [Q134310 'Asterodeia'] ; [Q73380 'BAD MERGE']		yes	3 listed parents do NOT collapse: they cluster into 3 distinct people, more than a biological pair. Deduplication cannot decide which 2 are the real parents, and choosing among 3 genuinely different claimed parents is genealogical judgement, not a merge. Clusters are shown for a human to rule on.
Q134315	Phalereus	3	[Q133344 'Q133344'] ; [Q134310 'Asterodeia'] ; [Q73380 'BAD MERGE']		yes	3 listed parents do NOT collapse: they cluster into 3 distinct people, more than a biological pair. Deduplication cannot decide which 2 are the real parents, and choosing among 3 genuinely different claimed parents is genealogical judgement, not a merge. Clusters are shown for a human to rule on.
Q134316	Pheremmelias	3	[Q133344 'Q133344'] ; [Q134310 'Asterodeia'] ; [Q73380 'BAD MERGE']		yes	3 listed parents do NOT collapse: they cluster into 3 distinct people, more than a biological pair. Deduplication cannot decide which 2 are the real parents, and choosing among 3 genuinely different claimed parents is genealogical judgement, not a merge. Clusters are shown for a human to rule on.
Q134317	Alyzeus	3	[Q133344 'Q133344'] ; [Q133345 'Polycaste'] ; [Q73380 'BAD MERGE']		yes	3 listed parents do NOT collapse: they cluster into 3 distinct people, more than a biological pair. Deduplication cannot decide which 2 are the real parents, and choosing among 3 genuinely different claimed parents is genealogical judgement, not a merge. Clusters are shown for a human to rule on.
Q134318	Damasippus	3	[Q133344 'Q133344'] ; [Q73380 'BAD MERGE'] ; [Q90277 'Periboea']		yes	3 listed parents do NOT collapse: they cluster into 3 distinct people, more than a biological pair. Deduplication cannot decide which 2 are the real parents, and choosing among 3 genuinely different claimed parents is genealogical judgement, not a merge. Clusters are shown for a human to rule on.
Q134319	Imeusimos	3	[Q133344 'Q133344'] ; [Q73380 'BAD MERGE'] ; [Q90277 'Periboea']		yes	3 listed parents do NOT collapse: they cluster into 3 distinct people, more than a biological pair. Deduplication cannot decide which 2 are the real parents, and choosing among 3 genuinely different claimed parents is genealogical judgement, not a merge. Clusters are shown for a human to rule on.
Q134320	Aletes	3	[Q133344 'Q133344'] ; [Q73380 'BAD MERGE'] ; [Q90277 'Periboea']		yes	3 listed parents do NOT collapse: they cluster into 3 distinct people, more than a biological pair. Deduplication cannot decide which 2 are the real parents, and choosing among 3 genuinely different claimed parents is genealogical judgement, not a merge. Clusters are shown for a human to rule on.
Q134321	Leucadius	3	[Q133344 'Q133344'] ; [Q133345 'Polycaste'] ; [Q73380 'BAD MERGE']		yes	3 listed parents do NOT collapse: they cluster into 3 distinct people, more than a biological pair. Deduplication cannot decide which 2 are the real parents, and choosing among 3 genuinely different claimed parents is genealogical judgement, not a merge. Clusters are shown for a human to rule on.
Q135184	Manasseh of Judah	3	[Q38070 'Hezekiah'] ; [Q4633 'Hephzibah'] ; [Q60243 'Q60243']		yes	3 listed parents do NOT collapse: they cluster into 3 distinct people, more than a biological pair. Deduplication cannot decide which 2 are the real parents, and choosing among 3 genuinely different claimed parents is genealogical judgement, not a merge. Clusters are shown for a human to rule on.
Q135223	Alexander the Great	3	[Q135177 'Philip II of Macedon'] ; [Q135218 'Olympias'] ; [Q165964 'II']		yes	3 listed parents do NOT collapse: they cluster into 3 distinct people, more than a biological pair. Deduplication cannot decide which 2 are the real parents, and choosing among 3 genuinely different claimed parents is genealogical judgement, not a merge. Clusters are shown for a human to rule on.
Q135225	Cleopatra of Macedon	3	[Q135177 'Philip II of Macedon'] ; [Q135218 'Olympias'] ; [Q165964 'II']		yes	3 listed parents do NOT collapse: they cluster into 3 distinct people, more than a biological pair. Deduplication cannot decide which 2 are the real parents, and choosing among 3 genuinely different claimed parents is genealogical judgement, not a merge. Clusters are shown for a human to rule on.
Q135294	Darius I of Persia	3	[Q135293 'Q135293'] ; [Q74296 'Hystaspes'] ; [Q74299 'Irdabama']		yes	3 listed parents do NOT collapse: they cluster into 3 distinct people, more than a biological pair. Deduplication cannot decide which 2 are the real parents, and choosing among 3 genuinely different claimed parents is genealogical judgement, not a merge. Clusters are shown for a human to rule on.
Q135406	Jehoiakim	3	[Q135301 'Josiah'] ; [Q4626 'Zebudah'] ; [Q60222 'Q60222']		yes	3 listed parents do NOT collapse: they cluster into 3 distinct people, more than a biological pair. Deduplication cannot decide which 2 are the real parents, and choosing among 3 genuinely different claimed parents is genealogical judgement, not a merge. Clusters are shown for a human to rule on.
Q135409	Johanan	3	[Q135301 'Josiah'] ; [Q4626 'Zebudah'] ; [Q60222 'Q60222']		yes	3 listed parents do NOT collapse: they cluster into 3 distinct people, more than a biological pair. Deduplication cannot decide which 2 are the real parents, and choosing among 3 genuinely different claimed parents is genealogical judgement, not a merge. Clusters are shown for a human to rule on.
Q135432	Leonidas I	3	[Q135318 'Anaxandridas II' = Q167003 'Anaxandridas II'] ; [Q167021 'First Wife']	Q135318,Q167021	no	3 listed parents collapse to 2 distinct person(s): 1 record(s) are duplicates of another listed parent. Evidence — Q135318+Q167003: identical label 'Anaxandridas II'. The two survivors are one male and one female, as a biological parent pair should be
Q135539	Jeconiah	3	[Q135406 'Jehoiakim'] ; [Q4618 'Nehusta'] ; [Q60198 'Q60198']		yes	3 listed parents do NOT collapse: they cluster into 3 distinct people, more than a biological pair. Deduplication cannot decide which 2 are the real parents, and choosing among 3 genuinely different claimed parents is genealogical judgement, not a merge. Clusters are shown for a human to rule on.
Q135746	Agathoclea	3	[Q135600 'Agathocles'] ; [Q135745 'Oenanthe of Egypt'] ; [Q29939 'Alexandria of Bactria']		yes	3 listed parents do NOT collapse: they cluster into 3 distinct people, more than a biological pair. Deduplication cannot decide which 2 are the real parents, and choosing among 3 genuinely different claimed parents is genealogical judgement, not a merge. Clusters are shown for a human to rule on.
Q135918	Ptolemy Apion	3	[Q136154 'Eirene'] ; [Q73038 'Ptolemy VIII Physcon'] ; [Q73197 'Ptolemy VI']		yes	3 listed parents do NOT collapse: they cluster into 3 distinct people, more than a biological pair. Deduplication cannot decide which 2 are the real parents, and choosing among 3 genuinely different claimed parents is genealogical judgement, not a merge. Clusters are shown for a human to rule on.
Q136139	Harmonia	3	[Q135908 'Gelo, son of Hiero II'] ; [Q165788 'Nereis'] ; [Q165853 'Gelo II, Co-King of Syracuse XVI (until 216 BC)']		yes	3 listed parents do NOT collapse: they cluster into 3 distinct people, more than a biological pair. Deduplication cannot decide which 2 are the real parents, and choosing among 3 genuinely different claimed parents is genealogical judgement, not a merge. Clusters are shown for a human to rule on.
Q136824	Constantius Gallus	3	[Q61235 'Galla'] ; [Q61301 'Julius Constantius' = Q99314 'Flavius Julius Constantius, Consul of Rome']	Q61235,Q61301	no	3 listed parents collapse to 2 distinct person(s): 1 record(s) are duplicates of another listed parent. Evidence — Q61301+Q99314: same Wikidata ID (Q450702). The two survivors are one male and one female, as a biological parent pair should be
Q136825	daughter of Julius Constantius	3	[Q61235 'Galla'] ; [Q61301 'Julius Constantius' = Q99314 'Flavius Julius Constantius, Consul of Rome']	Q61235,Q61301	no	3 listed parents collapse to 2 distinct person(s): 1 record(s) are duplicates of another listed parent. Evidence — Q61301+Q99314: same Wikidata ID (Q450702). The two survivors are one male and one female, as a biological parent pair should be
Q136827	Julian	3	[Q136823 'Basilina'] ; [Q61301 'Julius Constantius' = Q99314 'Flavius Julius Constantius, Consul of Rome']	Q136823,Q61301	no	3 listed parents collapse to 2 distinct person(s): 1 record(s) are duplicates of another listed parent. Evidence — Q61301+Q99314: same Wikidata ID (Q450702). The two survivors are one male and one female, as a biological parent pair should be
Q137592	Pepin, Count of Vermandois	3	[Q115552 'Bernard of Italy'] ; [Q118973 'Cunigunde'] ; [Q205174 'Person Q205174']		yes	3 listed parents do NOT collapse: they cluster into 3 distinct people, more than a biological pair. Deduplication cannot decide which 2 are the real parents, and choosing among 3 genuinely different claimed parents is genealogical judgement, not a merge. Clusters are shown for a human to rule on.
Q137731	Artabanus II	3	[Q137174 'Darius II of Media Atropatene'] ; [Q137727 'NN of Parthia'] ; [Q29360 'Vishtaspa']		yes	3 listed parents do NOT collapse: they cluster into 3 distinct people, more than a biological pair. Deduplication cannot decide which 2 are the real parents, and choosing among 3 genuinely different claimed parents is genealogical judgement, not a merge. Clusters are shown for a human to rule on.
Q139628	Lucius Aemilius Lepidus Paullus	3	[Q72434 'Marcus Aemilius Lepidus' = Q72514 'Marcus Aemilius Lepidus'] ; [Q72517 'Appuleia']	Q72514,Q72517	no	3 listed parents collapse to 2 distinct person(s): 1 record(s) are duplicates of another listed parent. Evidence — Q72434+Q72514: same Wikidata ID (Q435329). The two survivors are one male and one female, as a biological parent pair should be
Q141492	Lepidus	3	[Q72434 'Marcus Aemilius Lepidus' = Q72514 'Marcus Aemilius Lepidus'] ; [Q72517 'Appuleia']	Q72514,Q72517	no	3 listed parents collapse to 2 distinct person(s): 1 record(s) are duplicates of another listed parent. Evidence — Q72434+Q72514: same Wikidata ID (Q435329). The two survivors are one male and one female, as a biological parent pair should be
Q141493	Aemilius Regillus	3	[Q72434 'Marcus Aemilius Lepidus' = Q72514 'Marcus Aemilius Lepidus'] ; [Q72517 'Appuleia']	Q72514,Q72517	no	3 listed parents collapse to 2 distinct person(s): 1 record(s) are duplicates of another listed parent. Evidence — Q72434+Q72514: same Wikidata ID (Q435329). The two survivors are one male and one female, as a biological parent pair should be
Q141666	Pheroras	3	[Q78348 'Antipater the Idumaean' = Q99725 'Antipater the Idumaean'] ; [Q78351 'Cypros']	Q78348,Q78351	no	3 listed parents collapse to 2 distinct person(s): 1 record(s) are duplicates of another listed parent. Evidence — Q78348+Q99725: same Wikidata ID (Q319075). The two survivors are one male and one female, as a biological parent pair should be
Q141667	Phasael	3	[Q78348 'Antipater the Idumaean' = Q99725 'Antipater the Idumaean'] ; [Q78351 'Cypros']	Q78348,Q78351	no	3 listed parents collapse to 2 distinct person(s): 1 record(s) are duplicates of another listed parent. Evidence — Q78348+Q99725: same Wikidata ID (Q319075). The two survivors are one male and one female, as a biological parent pair should be
Q141668	Salome I	3	[Q78348 'Antipater the Idumaean' = Q99725 'Antipater the Idumaean'] ; [Q78351 'Cypros']	Q78348,Q78351	no	3 listed parents collapse to 2 distinct person(s): 1 record(s) are duplicates of another listed parent. Evidence — Q78348+Q99725: same Wikidata ID (Q319075). The two survivors are one male and one female, as a biological parent pair should be
Q141768	Lucius Plautius Lamia Silvanus	3	[Q144370 'Rupilia'] ; [Q76666 'Lucius Fundanius Lamia Aelianus'] ; [Q76669 'Annia']		yes	3 listed parents do NOT collapse: they cluster into 3 distinct people, more than a biological pair. Deduplication cannot decide which 2 are the real parents, and choosing among 3 genuinely different claimed parents is genealogical judgement, not a merge. Clusters are shown for a human to rule on.
Q143493	Ramiro II of León	3	[Q75438 'Elvira Menendez' = Q99895 'Elvira Menéndez'] ; [Q99907 'Ordoño II of León']	Q75438,Q99907	no	3 listed parents collapse to 2 distinct person(s): 1 record(s) are duplicates of another listed parent. Evidence — Q75438+Q99895: identical label 'Elvira Menendez'. The two survivors are one male and one female, as a biological parent pair should be
Q143971	Theodora II of Tusculum	3	[Q143969 'Theophylact I'] ; [Q143970 'Theodora' = Q205798 'Theodora']	Q143969,Q143970	no	3 listed parents collapse to 2 distinct person(s): 1 record(s) are duplicates of another listed parent. Evidence — Q143970+Q205798: identical label 'Theodora'. The two survivors are one male and one female, as a biological parent pair should be
Q144247	Octavia Sergia Plautilla	3	[Q144242 'Sergia Plautilla'] ; [Q70122 'Octavius Laenas'] ; [Q70685 'Q70685']		yes	3 listed parents do NOT collapse: they cluster into 3 distinct people, more than a biological pair. Deduplication cannot decide which 2 are the real parents, and choosing among 3 genuinely different claimed parents is genealogical judgement, not a merge. Clusters are shown for a human to rule on.
Q146960	Nuño Pérez de Lara	3	"[Q104246 'Eva Perez de Traba'] ; [Q104767 'Pedro ""Queen's Lover"" Gonzalez de Lara' = Q112885 'Pedro González de Lara']"	Q104246,Q112885	no	"3 listed parents collapse to 2 distinct person(s): 1 record(s) are duplicates of another listed parent. Evidence — Q104767+Q112885: same given name and every surname token matches as a spelling variant ('Pedro ""Queen's Lover"" Gonzalez de Lara' / 'Pedro González de Lara'). The two survivors are one male and one female, as a biological parent pair should be"
Q147893	Crescentius the Elder	3	[Q143971 'Theodora II of Tusculum'] ; [Q147889 'Giovanni Crescenzi'] ; [Q207193 'John I Crescentius']		yes	3 listed parents do NOT collapse: they cluster into 3 distinct people, more than a biological pair. Deduplication cannot decide which 2 are the real parents, and choosing among 3 genuinely different claimed parents is genealogical judgement, not a merge. Clusters are shown for a human to rule on.
Q148330	Aurelia Antonina	3	[Q148328 'Caracalla'] ; [Q151863 'Fulvia Plautilla'] ; [Q166259 'Publia Fulvia Plautilla']		yes	3 listed parents do NOT collapse: they cluster into 3 distinct people, more than a biological pair. Deduplication cannot decide which 2 are the real parents, and choosing among 3 genuinely different claimed parents is genealogical judgement, not a merge. Clusters are shown for a human to rule on.
Q152902	Seizapter the sixteen-gilled	3	[Q2782 'Dezotopter the eighteen-gilled'] ; [Q30614 'Dezotopter'] ; [Q54184 'Q54184']		yes	3 listed parents do NOT collapse: they cluster into 3 distinct people, more than a biological pair. Deduplication cannot decide which 2 are the real parents, and choosing among 3 genuinely different claimed parents is genealogical judgement, not a merge. Clusters are shown for a human to rule on.
Q152945	Onka Onychodontidae	3	[Q152944 '1 Onychodontidae'] ; [Q30767 'Onychodontidae'] ; [Q54336 'Q54336']		yes	3 listed parents do NOT collapse: they cluster into 3 distinct people, more than a biological pair. Deduplication cannot decide which 2 are the real parents, and choosing among 3 genuinely different claimed parents is genealogical judgement, not a merge. Clusters are shown for a human to rule on.
Q152973	Adam Y Chromosomal Adam	3	[Q105575574 'Ante Adam'] ; [Q1131 'Homo sapiens'] ; [Q30876 'Q30876']		yes	3 listed parents do NOT collapse: they cluster into 3 distinct people, more than a biological pair. Deduplication cannot decide which 2 are the real parents, and choosing among 3 genuinely different claimed parents is genealogical judgement, not a merge. Clusters are shown for a human to rule on.
Q153203	Rajasawardhana Sang Sinagara Placeholder surname	3	[Q153206 'Wikramawardhana (Maharaja Empayar Majapahit) Placeholder surname'] ; [Q1665 'Brawijaya I Kertawijaya or Bhre Tumapel III Majapahit 1447-1451'] ; [Q48227 'Dyah Aniswari']		yes	3 listed parents do NOT collapse: they cluster into 3 distinct people, more than a biological pair. Deduplication cannot decide which 2 are the real parents, and choosing among 3 genuinely different claimed parents is genealogical judgement, not a merge. Clusters are shown for a human to rule on.
Q153214	Adwayawarman \ Adwaya Brahman (Rakyan Maha menteri Singosari) Adwaya Brahman (Rakyan Maha menteri Singosari) Adwaya Brahman (Rakyan Maha menteri Singosari)	3	[Q153218 'Ranggawuni Singsari Placeholder surname'] ; [Q48315 'NO FURTHER INFO [EM]'] ; [Q48319 'Putri Melayu']		yes	3 listed parents do NOT collapse: they cluster into 3 distinct people, more than a biological pair. Deduplication cannot decide which 2 are the real parents, and choosing among 3 genuinely different claimed parents is genealogical judgement, not a merge. Clusters are shown for a human to rule on.
Q153215	Puti Reno Marak \ Dara Jingga [EM] . . . . . . . Dara Jingga [EM]	3	[Q153219 'Maharaja Malayu II - Tribhuwanaraja (1286-1316) Placeholder surname Sang Sapurba'] ; [Q48323 'Q48323'] ; [Q48331 'Wife of Tribhuwanaraja [EM]']		yes	3 listed parents do NOT collapse: they cluster into 3 distinct people, more than a biological pair. Deduplication cannot decide which 2 are the real parents, and choosing among 3 genuinely different claimed parents is genealogical judgement, not a merge. Clusters are shown for a human to rule on.
Q153217	Dyah Wiyat Wijaya	3	[Q1683 'Gayatri Rajapatni' = Q48279 'Gayatri Rajapatni'] ; [Q1684 'Raden Wijaya']	Q1683,Q1684	no	3 listed parents collapse to 2 distinct person(s): 1 record(s) are duplicates of another listed parent. Evidence — Q1683+Q48279: identical label 'Gayatri Rajapatni'. The two survivors are one male and one female, as a biological parent pair should be
Q153218	Ranggawuni Singsari Placeholder surname	3	[Q1699 'Wisnuwardana' = Q48347 'Wisnuwardana'] ; [Q48367 'Mahisa Cempaka \ Ratu Angabhaya \ Batara Narasinga Ratu Angabhaya']	Q1699,Q48367	no	3 listed parents collapse to 2 distinct person(s): 1 record(s) are duplicates of another listed parent. Evidence — Q1699+Q48347: identical label 'Wisnuwardana'. The two survivors are one male and one female, as a biological parent pair should be
Q153226	Maharaja Sriwijaya Sanggarama Placeholder surname	3	[Q153231 'Cicit Maharaja Sriwijaya XV - Sangrama-Vijayottunggawarman Placeholder surname'] ; [Q48464 'Q48464'] ; [Q48468 'Sri Maharaja Indrawarman (455-515M)']		yes	3 listed parents do NOT collapse: they cluster into 3 distinct people, more than a biological pair. Deduplication cannot decide which 2 are the real parents, and choosing among 3 genuinely different claimed parents is genealogical judgement, not a merge. Clusters are shown for a human to rule on.
Q153249	Resi Getayu, Purwotjarito III Placeholder surname	3	[Q1745 'Prabhu Djoyolengkoro, Purwotjarito II' = Q48650 'Prabhu Djoyolengkoro, Purwotjarito II'] ; [Q48654 'Permaisuri']	Q1745,Q48654	no	3 listed parents collapse to 2 distinct person(s): 1 record(s) are duplicates of another listed parent. Evidence — Q1745+Q48650: identical label 'Prabhu Djoyolengkoro, Purwotjarito II'. The two survivors are one male and one female, as a biological parent pair should be
Q153354	Mahamaya Gautama	3	[Q1908 'Anjana' = Q49492 'Anjana'] ; [Q49488 'Yashodhara']	Q1908,Q49488	no	3 listed parents collapse to 2 distinct person(s): 1 record(s) are duplicates of another listed parent. Evidence — Q1908+Q49492: identical label 'Anjana'. The two survivors are one male and one female, as a biological parent pair should be
Q153359	Shurasena Arjuna	3	[Q153373 'Kartavirya ARJUNA (Yadavas)'] ; [Q160445 'Wife' = Q49508 'Wife']	Q153373,Q160445	no	3 listed parents collapse to 2 distinct person(s): 1 record(s) are duplicates of another listed parent. Evidence — Q160445+Q49508: identical label 'Wife'. The two survivors are one male and one female, as a biological parent pair should be
Q153368	PANDU	3	[Q153382 'VICHITRAVIRYA (Krishnadwapayana)'] ; [Q49537 'Ambalika Man'] ; [Q49541 'Ved Vyas']		yes	3 listed parents do NOT collapse: they cluster into 3 distinct people, more than a biological pair. Deduplication cannot decide which 2 are the real parents, and choosing among 3 genuinely different claimed parents is genealogical judgement, not a merge. Clusters are shown for a human to rule on.
Q153373	Kartavirya ARJUNA (Yadavas)	3	[Q153384 'Krtavirya Dhanaka'] ; [Q160474 'Wife' = Q49566 'Wife']	Q153384,Q160474	no	3 listed parents collapse to 2 distinct person(s): 1 record(s) are duplicates of another listed parent. Evidence — Q160474+Q49566: identical label 'Wife'. The two survivors are one male and one female, as a biological parent pair should be
Q153384	Krtavirya Dhanaka	3	[Q153395 'Dhanaka Bhadrasena'] ; [Q160500 'Wife' = Q49614 'Wife']	Q153395,Q160500	no	3 listed parents collapse to 2 distinct person(s): 1 record(s) are duplicates of another listed parent. Evidence — Q160500+Q49614: identical label 'Wife'. The two survivors are one male and one female, as a biological parent pair should be
Q153390	DAKSHA (reborn as DAKSHA) Prachetas	3	[Q1955 'Prachetas (10 sons)' = Q49634 'Prachetas (10 sons)'] ; [Q49638 'Marisa-Tarkshi']	Q1955,Q49638	no	3 listed parents collapse to 2 distinct person(s): 1 record(s) are duplicates of another listed parent. Evidence — Q1955+Q49634: identical label 'Prachetas (10 sons)'. The two survivors are one male and one female, as a biological parent pair should be
Q153392	SATYAVATI (twin) Matsyagandhi Uparichara	3	[Q153399 'UPARICHARA VASU'] ; [Q49646 'ADRIKA Apsara turned into fish'] ; [Q49650 'Dasa Fisherman Leader']		yes	3 listed parents do NOT collapse: they cluster into 3 distinct people, more than a biological pair. Deduplication cannot decide which 2 are the real parents, and choosing among 3 genuinely different claimed parents is genealogical judgement, not a merge. Clusters are shown for a human to rule on.
Q153395	Dhanaka Bhadrasena	3	[Q153401 'BHADRASENA MAHISMAN'] ; [Q160524 'Naga Tribe' = Q49663 'Naga Tribe']	Q153401,Q160524	no	3 listed parents collapse to 2 distinct person(s): 1 record(s) are duplicates of another listed parent. Evidence — Q160524+Q49663: identical label 'Naga Tribe'. The two survivors are one male and one female, as a biological parent pair should be
Q153401	BHADRASENA MAHISMAN	3	[Q153412 'MAHISMAN SOHANJI'] ; [Q160550 'Wife' = Q49735 'Wife']	Q153412,Q160550	no	3 listed parents collapse to 2 distinct person(s): 1 record(s) are duplicates of another listed parent. Evidence — Q160550+Q49735: identical label 'Wife'. The two survivors are one male and one female, as a biological parent pair should be
Q153428	Maharaja Tarumanagara V - Indrawarman (455-515) Placeholder surname	3	[Q153435 'Maharaja Tarumanagara IV - Wisnuwarman (434-455) Placeholder surname'] ; [Q153436 'Suklawatidewi bint Wiryabanyu'] ; [Q49863 'Dewi Suklawati']		yes	3 listed parents do NOT collapse: they cluster into 3 distinct people, more than a biological pair. Deduplication cannot decide which 2 are the real parents, and choosing among 3 genuinely different claimed parents is genealogical judgement, not a merge. Clusters are shown for a human to rule on.
Q153443	ANGA Ulmukha	3	[Q2034 'ULMUKHA' = Q50064 'ULMUKHA'] ; [Q50068 'Pushkarini Ulmukha']	Q2034,Q50068	no	3 listed parents collapse to 2 distinct person(s): 1 record(s) are duplicates of another listed parent. Evidence — Q2034+Q50064: identical label 'ULMUKHA'. The two survivors are one male and one female, as a biological parent pair should be
Q153469	Yadu-Yadav	3	[Q153472 'DEVAYANI Yayati'] ; [Q153473 'YAYATI Nahusha'] ; [Q160753 'DEVAYANI Shukra']		yes	3 listed parents do NOT collapse: they cluster into 3 distinct people, more than a biological pair. Deduplication cannot decide which 2 are the real parents, and choosing among 3 genuinely different claimed parents is genealogical judgement, not a merge. Clusters are shown for a human to rule on.
Q153473	YAYATI Nahusha	3	[Q153479 'Nahusha'] ; [Q153480 'VIRAJA Nahusha' = Q160774 'VIRAJA Nahusha']	Q153479,Q160774	no	3 listed parents collapse to 2 distinct person(s): 1 record(s) are duplicates of another listed parent. Evidence — Q153480+Q160774: identical label 'VIRAJA Nahusha'. The two survivors are one male and one female, as a biological parent pair should be
Q153480	VIRAJA Nahusha	3	[Q153492 'ARUNDHATI Vasishta'] ; [Q50076 '(King of Trigarta, Punjab)'] ; [Q50080 'wife of Sage Trigarta']		yes	3 listed parents do NOT collapse: they cluster into 3 distinct people, more than a biological pair. Deduplication cannot decide which 2 are the real parents, and choosing among 3 genuinely different claimed parents is genealogical judgement, not a merge. Clusters are shown for a human to rule on.
Q153485	BRIHADASVA of Kosala Placeholder surname	3	[Q2623 'Sahdev DIWAKAR' = Q29951 'Sahdev DIWAKAR'] ; [Q53522 'Q53522']	Q29951,Q53522	no	3 listed parents collapse to 2 distinct person(s): 1 record(s) are duplicates of another listed parent. Evidence — Q2623+Q29951: identical label 'Sahdev DIWAKAR'
Q153578	SHIGRASVA of Kosala Placeholder surname	3	[Q2628 'Agnivarna, King of Kosala' = Q29971 'Agnivarna, King of Kosala'] ; [Q53542 'Q53542']	Q2628,Q53542	no	3 listed parents collapse to 2 distinct person(s): 1 record(s) are duplicates of another listed parent. Evidence — Q2628+Q29971: identical label 'Agnivarna, King of Kosala'
Q160004	Rajasawardhana Sang Sinagara	3	[Q160008 'Wikramawardhana (Maharaja Empayar Majapahit)'] ; [Q160009 'Dyah Aniswari'] ; [Q160010 'Kertawijaya (Maharaja Majapahit ke7: 1447-1451)']		yes	3 listed parents do NOT collapse: they cluster into 3 distinct people, more than a biological pair. Deduplication cannot decide which 2 are the real parents, and choosing among 3 genuinely different claimed parents is genealogical judgement, not a merge. Clusters are shown for a human to rule on.
Q160029	Gayatri Rajapatni	3	[Q160042 'Joko Dolok'] ; [Q160043 'Sri Bajradewi'] ; [Q160044 'Kertanegara, king of Singhasari']		yes	3 listed parents do NOT collapse: they cluster into 3 distinct people, more than a biological pair. Deduplication cannot decide which 2 are the real parents, and choosing among 3 genuinely different claimed parents is genealogical judgement, not a merge. Clusters are shown for a human to rule on.
Q160031	Adwayawarman \ Adwaya Brahman (Rakyan Maha menteri Singosari) Adwaya Brahman (Rakyan Maha menteri Sin	3	[Q160047 'NO FURTHER INFO [EM] .'] ; [Q160048 'Putri Melayu'] ; [Q160049 'Sri Hismatupa Kumala Ranggawuni Singsari']		yes	3 listed parents do NOT collapse: they cluster into 3 distinct people, more than a biological pair. Deduplication cannot decide which 2 are the real parents, and choosing among 3 genuinely different claimed parents is genealogical judgement, not a merge. Clusters are shown for a human to rule on.
Q160032	Puti Reno Marak \ Dara Jingga [EM] Dara Jingga [EM]	3	[Q160050 'Person Q160050'] ; [Q160051 'Maharaja Malayu II - Tribhuwanaraja (1286-1316)'] ; [Q160052 'Wife of Tribhuwanaraja [EM] .']		yes	3 listed parents do NOT collapse: they cluster into 3 distinct people, more than a biological pair. Deduplication cannot decide which 2 are the real parents, and choosing among 3 genuinely different claimed parents is genealogical judgement, not a merge. Clusters are shown for a human to rule on.
Q160045	Dyah Lembu Tal (Singhamurti)	3	[Q160063 'Raja Kediri XII - Narasinghamurti (1249-1269)'] ; [Q160064 'Waning Hyun \ Jayawardhani Jayawardhani'] ; [Q160065 '[52] NN (Istri Mahisa Campaka) bint Fulan']		yes	3 listed parents do NOT collapse: they cluster into 3 distinct people, more than a biological pair. Deduplication cannot decide which 2 are the real parents, and choosing among 3 genuinely different claimed parents is genealogical judgement, not a merge. Clusters are shown for a human to rule on.
Q160082	Raja Kediri X - Mahesa Wong Ateleng (1222-1230)	3	[Q160100 'Ken Dedes'] ; [Q160101 'Ken Arok, Raja of Singasari. Ancestor of the Royal Houses of Singasari and JavaKen Arok, Raja of Singasari. Ancestor of the Royal Houses of Singasari and Java 1222-1227'] ; [Q160102 'Ken Arok, king of Singhasari']		yes	3 listed parents do NOT collapse: they cluster into 3 distinct people, more than a biological pair. Deduplication cannot decide which 2 are the real parents, and choosing among 3 genuinely different claimed parents is genealogical judgement, not a merge. Clusters are shown for a human to rule on.
Q160099	Tunggul Ametung	3	[Q160113 'Raja Kediri VIII - Sri Kamesywara (1182-1194)'] ; [Q160114 '[49] Sri Kirana bint Fulan'] ; [Q160115 'Rakai Sirikan Sri Kameswara (Jayawarsa) .']		yes	3 listed parents do NOT collapse: they cluster into 3 distinct people, more than a biological pair. Deduplication cannot decide which 2 are the real parents, and choosing among 3 genuinely different claimed parents is genealogical judgement, not a merge. Clusters are shown for a human to rule on.
Q160404	ARJUNA Partha Pandava	3	[Q160432 'INDRA SAKRA Kashyapa'] ; [Q160433 'KUNTI aka PREETHA Pandu'] ; [Q160434 'PANDU Kuru']		yes	3 listed parents do NOT collapse: they cluster into 3 distinct people, more than a biological pair. Deduplication cannot decide which 2 are the real parents, and choosing among 3 genuinely different claimed parents is genealogical judgement, not a merge. Clusters are shown for a human to rule on.
Q160433	KUNTI aka PREETHA Pandu	3	[Q153359 'Shurasena Arjuna'] ; [Q160461 'KUNTIBHOJA (Yadavas)'] ; [Q49440 'Marisha']		yes	3 listed parents do NOT collapse: they cluster into 3 distinct people, more than a biological pair. Deduplication cannot decide which 2 are the real parents, and choosing among 3 genuinely different claimed parents is genealogical judgement, not a merge. Clusters are shown for a human to rule on.
Q160434	PANDU Kuru	3	[Q160462 'Ambalika'] ; [Q160463 'VYASA aka Krishnadvaipayana'] ; [Q160464 'VICHITRAVIRYA Shantanu']		yes	3 listed parents do NOT collapse: they cluster into 3 distinct people, more than a biological pair. Deduplication cannot decide which 2 are the real parents, and choosing among 3 genuinely different claimed parents is genealogical judgement, not a merge. Clusters are shown for a human to rule on.
Q160494	SATYAVATI Matsyagandhi	3	[Q160516 'ADRIKA Apsara turned into fish'] ; [Q160517 'UPARICHARA VASU'] ; [Q160518 'Dasabala Fisherman Leader']		yes	3 listed parents do NOT collapse: they cluster into 3 distinct people, more than a biological pair. Deduplication cannot decide which 2 are the real parents, and choosing among 3 genuinely different claimed parents is genealogical judgement, not a merge. Clusters are shown for a human to rule on.
Q160586	Maharaja Tarumanagara V - Indrawarman (455-515)	3	[Q160604 'Suklawatidewi bint Wiryabanyu'] ; [Q160605 'Maharaja Tarumanagara IV - Wisnuwarman (434-455)'] ; [Q160606 'Dewi Suklawati']		yes	3 listed parents do NOT collapse: they cluster into 3 distinct people, more than a biological pair. Deduplication cannot decide which 2 are the real parents, and choosing among 3 genuinely different claimed parents is genealogical judgement, not a merge. Clusters are shown for a human to rule on.
Q160605	Maharaja Tarumanagara IV - Wisnuwarman (434-455)	3	[Q160627 'Maharaja Tarumanagara III - Purnawarman (395-434)'] ; [Q160628 'Dewi Jelita'] ; [Q160629 'Dewi Jwalita bint Wirawarman']		yes	3 listed parents do NOT collapse: they cluster into 3 distinct people, more than a biological pair. Deduplication cannot decide which 2 are the real parents, and choosing among 3 genuinely different claimed parents is genealogical judgement, not a merge. Clusters are shown for a human to rule on.
Q1607	Gerreiformes (mojarras)	3	[Q153148 '1 Eupercaria'] ; [Q62693 'Q62693'] ; [Q6354 'Q6354']		yes	3 listed parents do NOT collapse: they cluster into 3 distinct people, more than a biological pair. Deduplication cannot decide which 2 are the real parents, and choosing among 3 genuinely different claimed parents is genealogical judgement, not a merge. Clusters are shown for a human to rule on.
Q160765	PUSHPARNAN	3	[Q160786 'VATSARA'] ; [Q160787 'Person Q160787'] ; [Q160788 'Svarvithi']		yes	3 listed parents do NOT collapse: they cluster into 3 distinct people, more than a biological pair. Deduplication cannot decide which 2 are the real parents, and choosing among 3 genuinely different claimed parents is genealogical judgement, not a merge. Clusters are shown for a human to rule on.
Q160897	PRASUTI Manu	3	[Q160534 'SHATARUPA Manu'] ; [Q160535 'MANU aka Prajapati Panchajana'] ; [Q160912 'Person Q160912']		yes	3 listed parents do NOT collapse: they cluster into 3 distinct people, more than a biological pair. Deduplication cannot decide which 2 are the real parents, and choosing among 3 genuinely different claimed parents is genealogical judgement, not a merge. Clusters are shown for a human to rule on.
Q160928	Swammbhu Brambha	3	[Q160946 '11 Rudras'] ; [Q160947 'Gobardhan Vishnu'] ; [Q160948 'Person Q160948']		yes	3 listed parents do NOT collapse: they cluster into 3 distinct people, more than a biological pair. Deduplication cannot decide which 2 are the real parents, and choosing among 3 genuinely different claimed parents is genealogical judgement, not a merge. Clusters are shown for a human to rule on.
Q161249	JARASANDHA Brihadratha	3	[Q161254 '1 of KASHI\Banaras\Varanasi Banaras'] ; [Q161255 'King VRIHADRATHA'] ; [Q161256 '2 of KASHI\Banaras\Varanasi Banaras']		yes	3 listed parents do NOT collapse: they cluster into 3 distinct people, more than a biological pair. Deduplication cannot decide which 2 are the real parents, and choosing among 3 genuinely different claimed parents is genealogical judgement, not a merge. Clusters are shown for a human to rule on.
Q161280	RAGHU Dirghabahu	3	[Q161283 'Dileepa Deerghabahu'] ; [Q161284 'BHAGIRATHA son of Dilipa'] ; [Q161285 'Duliduh or Mulaka Solar Dynasty']		yes	3 listed parents do NOT collapse: they cluster into 3 distinct people, more than a biological pair. Deduplication cannot decide which 2 are the real parents, and choosing among 3 genuinely different claimed parents is genealogical judgement, not a merge. Clusters are shown for a human to rule on.
Q161536	Raden Joko Kahiman \ Adipati Warga Utama II (1582-1583) \ ADIPATI MARAPAT [Versi 1 ARI] Adipati Warga Utama II (1582-1583)	3	[Q161478 'Raden Banyaksasra [Versi 1]'] ; [Q162262 'Raden Banyak Catra \ Catra \ Kamandaka, Raja Pasir Luhur Catra'] ; [Q171463 'Person Q171463']		yes	3 listed parents do NOT collapse: they cluster into 3 distinct people, more than a biological pair. Deduplication cannot decide which 2 are the real parents, and choosing among 3 genuinely different claimed parents is genealogical judgement, not a merge. Clusters are shown for a human to rule on.
Q161566	PRABU HAYAM WURUK ( MAJAPAHIT RAJASA )	3	[Q161506 'TRIBHUWANA WIJAYATUNGGADEWI RATU KENCONOWUNGU'] ; [Q161743 'Kertawijaya \ Brawijaya I (Bhre Tumapel III) Brawijaya I (Bhre Tumapel III)'] ; [Q171326 'Cakradhara \ Kertawijaya (Kertawardhana Bhre Tumapel) Kertawijaya (Kertawardhana Bhre Tumapel']		yes	3 listed parents do NOT collapse: they cluster into 3 distinct people, more than a biological pair. Deduplication cannot decide which 2 are the real parents, and choosing among 3 genuinely different claimed parents is genealogical judgement, not a merge. Clusters are shown for a human to rule on.
Q161567	Dewi Wukut	3	[Q161506 'TRIBHUWANA WIJAYATUNGGADEWI RATU KENCONOWUNGU'] ; [Q161743 'Kertawijaya \ Brawijaya I (Bhre Tumapel III) Brawijaya I (Bhre Tumapel III)'] ; [Q171326 'Cakradhara \ Kertawijaya (Kertawardhana Bhre Tumapel) Kertawijaya (Kertawardhana Bhre Tumapel']		yes	3 listed parents do NOT collapse: they cluster into 3 distinct people, more than a biological pair. Deduplication cannot decide which 2 are the real parents, and choosing among 3 genuinely different claimed parents is genealogical judgement, not a merge. Clusters are shown for a human to rule on.
Q161568	Dewi Sitisari	3	[Q161506 'TRIBHUWANA WIJAYATUNGGADEWI RATU KENCONOWUNGU'] ; [Q161743 'Kertawijaya \ Brawijaya I (Bhre Tumapel III) Brawijaya I (Bhre Tumapel III)'] ; [Q171326 'Cakradhara \ Kertawijaya (Kertawardhana Bhre Tumapel) Kertawijaya (Kertawardhana Bhre Tumapel']		yes	3 listed parents do NOT collapse: they cluster into 3 distinct people, more than a biological pair. Deduplication cannot decide which 2 are the real parents, and choosing among 3 genuinely different claimed parents is genealogical judgement, not a merge. Clusters are shown for a human to rule on.
Q161569	Dewi Subasiti	3	[Q161506 'TRIBHUWANA WIJAYATUNGGADEWI RATU KENCONOWUNGU'] ; [Q161743 'Kertawijaya \ Brawijaya I (Bhre Tumapel III) Brawijaya I (Bhre Tumapel III)'] ; [Q171326 'Cakradhara \ Kertawijaya (Kertawardhana Bhre Tumapel) Kertawijaya (Kertawardhana Bhre Tumapel']		yes	3 listed parents do NOT collapse: they cluster into 3 distinct people, more than a biological pair. Deduplication cannot decide which 2 are the real parents, and choosing among 3 genuinely different claimed parents is genealogical judgement, not a merge. Clusters are shown for a human to rule on.
Q161572	DARA PETAK \ DARA PETHAK \ INDRESWARI ( SRI TINUHENG PURA ) DARA PETHAK	3	[Q160051 'Maharaja Malayu II - Tribhuwanaraja (1286-1316)'] ; [Q160052 'Wife of Tribhuwanaraja [EM] .'] ; [Q171395 'Puti Reno Mandi Sari Lawik']		yes	3 listed parents do NOT collapse: they cluster into 3 distinct people, more than a biological pair. Deduplication cannot decide which 2 are the real parents, and choosing among 3 genuinely different claimed parents is genealogical judgement, not a merge. Clusters are shown for a human to rule on.
Q161658	Maharaja Parameswara @ Raja Iskandar Shah Paduka Sri Ratna Vira Vikrama di-Raja	3	[Q160051 'Maharaja Malayu II - Tribhuwanaraja (1286-1316)'] ; [Q162275 'Wan Sendari (Radin Ratna Cenderapuri)'] ; [Q171395 'Puti Reno Mandi Sari Lawik']		yes	3 listed parents do NOT collapse: they cluster into 3 distinct people, more than a biological pair. Deduplication cannot decide which 2 are the real parents, and choosing among 3 genuinely different claimed parents is genealogical judgement, not a merge. Clusters are shown for a human to rule on.
Q162252	Abdul Qodir Abdul Rahim (Aria Teja-Bupati Tuban)	3	[Q113366 'Maulana Ishaq'] ; [Q161949 'Dewi Sekar Dadu'] ; [Q171562 'Syarifah Siti Fatimah (Puteri Cempaka Biru) bt Ali Nurul Alam']		yes	3 listed parents do NOT collapse: they cluster into 3 distinct people, more than a biological pair. Deduplication cannot decide which 2 are the real parents, and choosing among 3 genuinely different claimed parents is genealogical judgement, not a merge. Clusters are shown for a human to rule on.
Q162256	Syarifah Siti Musallimah .	3	[Q113366 'Maulana Ishaq'] ; [Q161949 'Dewi Sekar Dadu'] ; [Q171562 'Syarifah Siti Fatimah (Puteri Cempaka Biru) bt Ali Nurul Alam']		yes	3 listed parents do NOT collapse: they cluster into 3 distinct people, more than a biological pair. Deduplication cannot decide which 2 are the real parents, and choosing among 3 genuinely different claimed parents is genealogical judgement, not a merge. Clusters are shown for a human to rule on.
Q162346	Pangeran Tanpa Nangkil bin RM Kadawung	3	[Q162029 'R. Ayu Ratna Dumilah'] ; [Q162960 'Ratu Hadi Waskita Jawi (Roro Sari) Ratu Mas'] ; [Q163603 'Panembahan Senopati']		yes	3 listed parents do NOT collapse: they cluster into 3 distinct people, more than a biological pair. Deduplication cannot decide which 2 are the real parents, and choosing among 3 genuinely different claimed parents is genealogical judgement, not a merge. Clusters are shown for a human to rule on.
Q162352	PA. Pringgoloyo I ? (Raden Mas Djulig)	3	[Q162029 'R. Ayu Ratna Dumilah'] ; [Q162960 'Ratu Hadi Waskita Jawi (Roro Sari) Ratu Mas'] ; [Q163603 'Panembahan Senopati']		yes	3 listed parents do NOT collapse: they cluster into 3 distinct people, more than a biological pair. Deduplication cannot decide which 2 are the real parents, and choosing among 3 genuinely different claimed parents is genealogical judgement, not a merge. Clusters are shown for a human to rule on.
Q162368	RM. Prabu Singajiwa Kusumah (Cipajaran Tamanjaya Gobras Cibeureum)	3	[Q162051 'Ratu Kulon Cirebon Binti Sultan Cirebon (III)'] ; [Q163000 'R. Mas Jatmika'] ; [Q163426 'Sultan Agung Hanyakrakusuma, Raden Mas Rangsang']		yes	3 listed parents do NOT collapse: they cluster into 3 distinct people, more than a biological pair. Deduplication cannot decide which 2 are the real parents, and choosing among 3 genuinely different claimed parents is genealogical judgement, not a merge. Clusters are shown for a human to rule on.
Q162465	Nyi Ageng Selo II\ Nyi Bicak (Rara Kinasih) Nyi Bicak	3	[Q162167 'Kyai Ageng Wonosobo (Raden Dukuh)'] ; [Q162169 'Nyai Ageng Ngerang (Rara Kasihan)'] ; [Q162192 'Ki Ageng Ngerang (Raden Ronggo Joyo)']		yes	3 listed parents do NOT collapse: they cluster into 3 distinct people, more than a biological pair. Deduplication cannot decide which 2 are the real parents, and choosing among 3 genuinely different claimed parents is genealogical judgement, not a merge. Clusters are shown for a human to rule on.
Q162492	Ki Ageng Ngenis (Bagus Anis)	3	[Q162191 'Ageng Selo \ Bagus Sogom'] ; [Q162193 'Roro Kinasih Azmatkhan (Nyai Bicak)'] ; [Q162465 'Nyi Ageng Selo II\ Nyi Bicak (Rara Kinasih) Nyi Bicak']		yes	3 listed parents do NOT collapse: they cluster into 3 distinct people, more than a biological pair. Deduplication cannot decide which 2 are the real parents, and choosing among 3 genuinely different claimed parents is genealogical judgement, not a merge. Clusters are shown for a human to rule on.
Q162527	Pnbh Ratu-1 Pgr. Emas \ Sultan Hadji (Sultan Cirebon-2) Sultan Hadji (Sultan Cirebon-2)	3	[Q162218 'Pgr. Dipati Carbon I \ Pgr. Sawarga \ Suwarga Pnb Ratu-1 Pgr. Sawarga'] ; [Q162420 'Kanjeng Ratu Ratu Gelampok'] ; [Q163093 'Person Q163093']		yes	3 listed parents do NOT collapse: they cluster into 3 distinct people, more than a biological pair. Deduplication cannot decide which 2 are the real parents, and choosing among 3 genuinely different claimed parents is genealogical judgement, not a merge. Clusters are shown for a human to rule on.
Q162529	Pangeran Manis	3	[Q162218 'Pgr. Dipati Carbon I \ Pgr. Sawarga \ Suwarga Pnb Ratu-1 Pgr. Sawarga'] ; [Q163093 'Person Q163093'] ; [Q163095 'Wanawati Raras']		yes	3 listed parents do NOT collapse: they cluster into 3 distinct people, more than a biological pair. Deduplication cannot decide which 2 are the real parents, and choosing among 3 genuinely different claimed parents is genealogical judgement, not a merge. Clusters are shown for a human to rule on.
Q165069	Berenice Baktriai	3	[Q165067 'Δημήτριος'] ; [Q165068 'Berenike (Syriai?; or of Bactria?)'] ; [Q165078 'Sundari Maurya Magadha']		yes	3 listed parents do NOT collapse: they cluster into 3 distinct people, more than a biological pair. Deduplication cannot decide which 2 are the real parents, and choosing among 3 genuinely different claimed parents is genealogical judgement, not a merge. Clusters are shown for a human to rule on.
Q165397	Ptolemy Memphites	3	[Q73038 'Ptolemy VIII Physcon'] ; [Q73194 'Cleopatra II of Egypt'] ; [Q73197 'Ptolemy VI']		yes	3 listed parents do NOT collapse: they cluster into 3 distinct people, more than a biological pair. Deduplication cannot decide which 2 are the real parents, and choosing among 3 genuinely different claimed parents is genealogical judgement, not a merge. Clusters are shown for a human to rule on.
Q165399	Ptolemy Apion King of Cyrene	3	[Q136154 'Eirene'] ; [Q73038 'Ptolemy VIII Physcon'] ; [Q73197 'Ptolemy VI']		yes	3 listed parents do NOT collapse: they cluster into 3 distinct people, more than a biological pair. Deduplication cannot decide which 2 are the real parents, and choosing among 3 genuinely different claimed parents is genealogical judgement, not a merge. Clusters are shown for a human to rule on.
Q165403	Ptolemy X Alexander I (107-88 BC)	3	[Q73038 'Ptolemy VIII Physcon'] ; [Q73197 'Ptolemy VI'] ; [Q78719 'Cleopatra III of Egypt']		yes	3 listed parents do NOT collapse: they cluster into 3 distinct people, more than a biological pair. Deduplication cannot decide which 2 are the real parents, and choosing among 3 genuinely different claimed parents is genealogical judgement, not a merge. Clusters are shown for a human to rule on.
Q165405	N.N.	3	[Q73038 'Ptolemy VIII Physcon'] ; [Q73197 'Ptolemy VI'] ; [Q78719 'Cleopatra III of Egypt']		yes	3 listed parents do NOT collapse: they cluster into 3 distinct people, more than a biological pair. Deduplication cannot decide which 2 are the real parents, and choosing among 3 genuinely different claimed parents is genealogical judgement, not a merge. Clusters are shown for a human to rule on.
Q165406	Laodice .	3	[Q73038 'Ptolemy VIII Physcon'] ; [Q73197 'Ptolemy VI'] ; [Q78719 'Cleopatra III of Egypt']		yes	3 listed parents do NOT collapse: they cluster into 3 distinct people, more than a biological pair. Deduplication cannot decide which 2 are the real parents, and choosing among 3 genuinely different claimed parents is genealogical judgement, not a merge. Clusters are shown for a human to rule on.
Q165408	Ptolemy Lathyrus Alexander Lagid .	3	[Q73038 'Ptolemy VIII Physcon'] ; [Q73197 'Ptolemy VI'] ; [Q78719 'Cleopatra III of Egypt']		yes	3 listed parents do NOT collapse: they cluster into 3 distinct people, more than a biological pair. Deduplication cannot decide which 2 are the real parents, and choosing among 3 genuinely different claimed parents is genealogical judgement, not a merge. Clusters are shown for a human to rule on.
Q165409	Menneus .	3	[Q73038 'Ptolemy VIII Physcon'] ; [Q73197 'Ptolemy VI'] ; [Q78719 'Cleopatra III of Egypt']		yes	3 listed parents do NOT collapse: they cluster into 3 distinct people, more than a biological pair. Deduplication cannot decide which 2 are the real parents, and choosing among 3 genuinely different claimed parents is genealogical judgement, not a merge. Clusters are shown for a human to rule on.
Q166466	Aquilin De Lyon	3	[Q154036 'Artemia'] ; [Q166406 'Artemie ...'] ; [Q166465 'Decime Rustique Des Gaules']		yes	3 listed parents do NOT collapse: they cluster into 3 distinct people, more than a biological pair. Deduplication cannot decide which 2 are the real parents, and choosing among 3 genuinely different claimed parents is genealogical judgement, not a merge. Clusters are shown for a human to rule on.
Q1676	Tribhuwana Wijayatunggadewi	3	[Q1683 'Gayatri Rajapatni' = Q48279 'Gayatri Rajapatni'] ; [Q1684 'Raden Wijaya']	Q1683,Q1684	no	3 listed parents collapse to 2 distinct person(s): 1 record(s) are duplicates of another listed parent. Evidence — Q1683+Q48279: identical label 'Gayatri Rajapatni'. The two survivors are one male and one female, as a biological parent pair should be
Q168	Dikar	3	[Q149 'Crown'] ; [Q165 'Symbius'] ; [Q169 'Freyr']		yes	3 listed parents do NOT collapse: they cluster into 3 distinct people, more than a biological pair. Deduplication cannot decide which 2 are the real parents, and choosing among 3 genuinely different claimed parents is genealogical judgement, not a merge. Clusters are shown for a human to rule on.
Q168299	Cornelia Corner	3	[Q168077 'Person Q168077'] ; [Q168079 'Giorgio Corner'] ; [Q168294 'Andriana Priuli']		yes	3 listed parents do NOT collapse: they cluster into 3 distinct people, more than a biological pair. Deduplication cannot decide which 2 are the real parents, and choosing among 3 genuinely different claimed parents is genealogical judgement, not a merge. Clusters are shown for a human to rule on.
Q169531	BHIMA Vayuputra	3	[Q160433 'KUNTI aka PREETHA Pandu'] ; [Q160434 'PANDU Kuru'] ; [Q169533 'Vayu (Wind)']		yes	3 listed parents do NOT collapse: they cluster into 3 distinct people, more than a biological pair. Deduplication cannot decide which 2 are the real parents, and choosing among 3 genuinely different claimed parents is genealogical judgement, not a merge. Clusters are shown for a human to rule on.
Q169532	YUDHISHTIRA Dharmaputra	3	[Q160433 'KUNTI aka PREETHA Pandu'] ; [Q160434 'PANDU Kuru'] ; [Q160673 'YAMA Dharma']		yes	3 listed parents do NOT collapse: they cluster into 3 distinct people, more than a biological pair. Deduplication cannot decide which 2 are the real parents, and choosing among 3 genuinely different claimed parents is genealogical judgement, not a merge. Clusters are shown for a human to rule on.
Q169601	NAKULA (twin) Asviniputra	3	[Q160434 'PANDU Kuru'] ; [Q169295 'Ashvini Twin-DASRA Surya'] ; [Q169600 'MADRI']		yes	3 listed parents do NOT collapse: they cluster into 3 distinct people, more than a biological pair. Deduplication cannot decide which 2 are the real parents, and choosing among 3 genuinely different claimed parents is genealogical judgement, not a merge. Clusters are shown for a human to rule on.
Q169602	SAHADEVA (twin) Asviniputra	3	[Q160434 'PANDU Kuru'] ; [Q169295 'Ashvini Twin-DASRA Surya'] ; [Q169600 'MADRI']		yes	3 listed parents do NOT collapse: they cluster into 3 distinct people, more than a biological pair. Deduplication cannot decide which 2 are the real parents, and choosing among 3 genuinely different claimed parents is genealogical judgement, not a merge. Clusters are shown for a human to rule on.
Q169648	DHRITARASHTRA	3	[Q160463 'VYASA aka Krishnadvaipayana'] ; [Q160464 'VICHITRAVIRYA Shantanu'] ; [Q169647 'Ambika']		yes	3 listed parents do NOT collapse: they cluster into 3 distinct people, more than a biological pair. Deduplication cannot decide which 2 are the real parents, and choosing among 3 genuinely different claimed parents is genealogical judgement, not a merge. Clusters are shown for a human to rule on.
Q169733	Sunaka	3	[Q169456 'Ruru'] ; [Q169732 'Pramadvara' = Q169734 'Pramadvara']	Q169456,Q169732	no	3 listed parents collapse to 2 distinct person(s): 1 record(s) are duplicates of another listed parent. Evidence — Q169732+Q169734: identical label 'Pramadvara'. The two survivors are one male and one female, as a biological parent pair should be
Q170135	MARUTI \ HANUMAN HANUMAN	3	[Q169722 'ANJANI Kesari'] ; [Q170134 'KESARI'] ; [Q170136 'Person Q170136']		yes	3 listed parents do NOT collapse: they cluster into 3 distinct people, more than a biological pair. Deduplication cannot decide which 2 are the real parents, and choosing among 3 genuinely different claimed parents is genealogical judgement, not a merge. Clusters are shown for a human to rule on.
Q170352	SHATRUGHNA (twin) Dasharatha	3	[Q170564 'SUMITRA'] ; [Q170565 'KAIKEYI Dasharatha'] ; [Q2319 'DASHARATHA']		yes	3 listed parents do NOT collapse: they cluster into 3 distinct people, more than a biological pair. Deduplication cannot decide which 2 are the real parents, and choosing among 3 genuinely different claimed parents is genealogical judgement, not a merge. Clusters are shown for a human to rule on.
Q170364	MAKARDHWAJA	3	[Q170135 'MARUTI \ HANUMAN HANUMAN'] ; [Q170363 'SUVANNAMACCHA'] ; [Q170487 'MAIYARAB Foster father of MACCHANU I']		yes	3 listed parents do NOT collapse: they cluster into 3 distinct people, more than a biological pair. Deduplication cannot decide which 2 are the real parents, and choosing among 3 genuinely different claimed parents is genealogical judgement, not a merge. Clusters are shown for a human to rule on.
Q170563	SANTHA Rushyashringa	3	[Q171069 'ROMAPADA of Angadesha'] ; [Q2319 'DASHARATHA'] ; [Q51372 'Kausalya']		yes	3 listed parents do NOT collapse: they cluster into 3 distinct people, more than a biological pair. Deduplication cannot decide which 2 are the real parents, and choosing among 3 genuinely different claimed parents is genealogical judgement, not a merge. Clusters are shown for a human to rule on.
Q1713	Tunggul Ametung	3	[Q153236 'Raja Kediri VIII - Sri Kamesywara (1182-1194) Placeholder surname'] ; [Q153237 '[49] Sri Kirana bint Fulan'] ; [Q48501 'Rakai Sirikan Sri Kameswara (Jayawarsa) .? Raja PANJALU']		yes	3 listed parents do NOT collapse: they cluster into 3 distinct people, more than a biological pair. Deduplication cannot decide which 2 are the real parents, and choosing among 3 genuinely different claimed parents is genealogical judgement, not a merge. Clusters are shown for a human to rule on.
Q171350	Bong Tak Keng (King of Kauthara Champa)	3	[Q171417 'Father of Bong Tak Keng'] ; [Q171418 'Champa Princess'] ; [Q171419 'Person Q171419']		yes	3 listed parents do NOT collapse: they cluster into 3 distinct people, more than a biological pair. Deduplication cannot decide which 2 are the real parents, and choosing among 3 genuinely different claimed parents is genealogical judgement, not a merge. Clusters are shown for a human to rule on.
Q1815	Balaputra	3	[Q153306 'Maharaja Sriwijaya VI (792840), Medang VI (828-847) - Rakai Garung Rakai Garung' = Q160332 'Maharaja Sriwijaya VI (792840), Medang VI (828-847) - Rakai Garu'] ; [Q160331 'Dewi Tara']	Q160332,Q160331	no	3 listed parents collapse to 2 distinct person(s): 1 record(s) are duplicates of another listed parent. Evidence — Q153306+Q160332: same given name and every surname token matches as a spelling variant ('Maharaja Sriwijaya VI (792840), Medang VI (828-847) - Rakai Garung Rakai Garung' / 'Maharaja Sriwijaya VI (792840), Medang VI (828-847) - Rakai Garu'). The two survivors are one male and one female, as a biological parent pair should be
Q1877	Vasudeva	3	[Q153359 'Shurasena Arjuna'] ; [Q170603 'Sursen'] ; [Q49440 'Marisha']		yes	3 listed parents do NOT collapse: they cluster into 3 distinct people, more than a biological pair. Deduplication cannot decide which 2 are the real parents, and choosing among 3 genuinely different claimed parents is genealogical judgement, not a merge. Clusters are shown for a human to rule on.
Q1893	Suppabuddha	3	[Q1908 'Anjana' = Q49492 'Anjana'] ; [Q49488 'Yashodhara']	Q1908,Q49488	no	3 listed parents collapse to 2 distinct person(s): 1 record(s) are duplicates of another listed parent. Evidence — Q1908+Q49492: identical label 'Anjana'. The two survivors are one male and one female, as a biological parent pair should be
Q1952	Creator BRAHMA	3	[Q153405 'India Genarch'] ; [Q49687 'Malichus Banu Adnan'] ; [Q49691 'N.N.']		yes	3 listed parents do NOT collapse: they cluster into 3 distinct people, more than a biological pair. Deduplication cannot decide which 2 are the real parents, and choosing among 3 genuinely different claimed parents is genealogical judgement, not a merge. Clusters are shown for a human to rule on.
Q195277	Semerkhet	3	[Q195216 'Anedjib'] ; [Q195217 'Betrest'] ; [Q195219 '(Ome de Betrest) .']		yes	3 listed parents do NOT collapse: they cluster into 3 distinct people, more than a biological pair. Deduplication cannot decide which 2 are the real parents, and choosing among 3 genuinely different claimed parents is genealogical judgement, not a merge. Clusters are shown for a human to rule on.
Q208301	Ruthilde	3	[Q114141 'Theobald III'] ; [Q206162 'Alix (Adela) de Valois'] ; [Q208861 'Adelaide De Valois']		yes	3 listed parents do NOT collapse: they cluster into 3 distinct people, more than a biological pair. Deduplication cannot decide which 2 are the real parents, and choosing among 3 genuinely different claimed parents is genealogical judgement, not a merge. Clusters are shown for a human to rule on.
Q2227	Susandhi, King of Kosala	3	[Q2627 'Prasusruta, King of Kosala' = Q29967 'Prasusruta, King of Kosala'] ; [Q53538 'Q53538']	Q2627,Q53538	no	3 listed parents collapse to 2 distinct person(s): 1 record(s) are duplicates of another listed parent. Evidence — Q2627+Q29967: identical label 'Prasusruta, King of Kosala'
Q2335	Anshuman	3	[Q28416 'ASAMANJA Sagara'] ; [Q51422 'AMBUJAKSHI Asamanja'] ; [Q52372 'Q52372']		yes	3 listed parents do NOT collapse: they cluster into 3 distinct people, more than a biological pair. Deduplication cannot decide which 2 are the real parents, and choosing among 3 genuinely different claimed parents is genealogical judgement, not a merge. Clusters are shown for a human to rule on.
Q2349	SINDHU DWEEP	3	[Q28477 'AMBARISH NABHAG'] ; [Q51462 'Q51462'] ; [Q52432 'Q52432']		yes	3 listed parents do NOT collapse: they cluster into 3 distinct people, more than a biological pair. Deduplication cannot decide which 2 are the real parents, and choosing among 3 genuinely different claimed parents is genealogical judgement, not a merge. Clusters are shown for a human to rule on.
Q2384	TRASADASYU 1	3	[Q28994 'PURUKUTSA of Ikshvaku Dynasty'] ; [Q51512 'NARMADA (sister of snakes, sarpa-gana) Purukutsa'] ; [Q52560 'Q52560']		yes	3 listed parents do NOT collapse: they cluster into 3 distinct people, more than a biological pair. Deduplication cannot decide which 2 are the real parents, and choosing among 3 genuinely different claimed parents is genealogical judgement, not a merge. Clusters are shown for a human to rule on.
Q2408	North Indo European languages	3	[Q2380 'Indo European languages'] ; [Q51516 'Q51516'] ; [Q52540 'Q52540']		yes	3 listed parents do NOT collapse: they cluster into 3 distinct people, more than a biological pair. Deduplication cannot decide which 2 are the real parents, and choosing among 3 genuinely different claimed parents is genealogical judgement, not a merge. Clusters are shown for a human to rule on.
Q2412	Pouru Chishti Kayan	3	[Q29136 'Zoroaster'] ; [Q51572 'Huvovi (Hvovi) Kayan'] ; [Q52701 'Q52701']		yes	3 listed parents do NOT collapse: they cluster into 3 distinct people, more than a biological pair. Deduplication cannot decide which 2 are the real parents, and choosing among 3 genuinely different claimed parents is genealogical judgement, not a merge. Clusters are shown for a human to rule on.
Q2419	South Indo European Languages	3	[Q2380 'Indo European languages'] ; [Q51516 'Q51516'] ; [Q52540 'Q52540']		yes	3 listed parents do NOT collapse: they cluster into 3 distinct people, more than a biological pair. Deduplication cannot decide which 2 are the real parents, and choosing among 3 genuinely different claimed parents is genealogical judgement, not a merge. Clusters are shown for a human to rule on.
Q2427	Tocharian languages	3	[Q2380 'Indo European languages'] ; [Q51516 'Q51516'] ; [Q52540 'Q52540']		yes	3 listed parents do NOT collapse: they cluster into 3 distinct people, more than a biological pair. Deduplication cannot decide which 2 are the real parents, and choosing among 3 genuinely different claimed parents is genealogical judgement, not a merge. Clusters are shown for a human to rule on.
Q2494	Mursili II	3	[Q2497 'Suppiluliuma I'] ; [Q51890 'Henti'] ; [Q53018 'Q53018']		yes	3 listed parents do NOT collapse: they cluster into 3 distinct people, more than a biological pair. Deduplication cannot decide which 2 are the real parents, and choosing among 3 genuinely different claimed parents is genealogical judgement, not a merge. Clusters are shown for a human to rule on.
Q2498	Arnuwanda II	3	[Q2497 'Suppiluliuma I'] ; [Q51890 'Henti'] ; [Q53018 'Q53018']		yes	3 listed parents do NOT collapse: they cluster into 3 distinct people, more than a biological pair. Deduplication cannot decide which 2 are the real parents, and choosing among 3 genuinely different claimed parents is genealogical judgement, not a merge. Clusters are shown for a human to rule on.
Q2506	Muwatti	3	[Q2497 'Suppiluliuma I'] ; [Q51906 'Tawannannash'] ; [Q53018 'Q53018']		yes	3 listed parents do NOT collapse: they cluster into 3 distinct people, more than a biological pair. Deduplication cannot decide which 2 are the real parents, and choosing among 3 genuinely different claimed parents is genealogical judgement, not a merge. Clusters are shown for a human to rule on.
Q2514	Asmu-nikal	3	[Q29517 'Tudhaliya'] ; [Q51930 'Nikkal-Mati'] ; [Q53090 'Q53090']		yes	3 listed parents do NOT collapse: they cluster into 3 distinct people, more than a biological pair. Deduplication cannot decide which 2 are the real parents, and choosing among 3 genuinely different claimed parents is genealogical judgement, not a merge. Clusters are shown for a human to rule on.
Q2516	Arnuwanda I	3	[Q29517 'Tudhaliya'] ; [Q51930 'Nikkal-Mati'] ; [Q53090 'Q53090']		yes	3 listed parents do NOT collapse: they cluster into 3 distinct people, more than a biological pair. Deduplication cannot decide which 2 are the real parents, and choosing among 3 genuinely different claimed parents is genealogical judgement, not a merge. Clusters are shown for a human to rule on.
Q275	Orthopter	3	[Q152934 'Orthops Polyneoptera'] ; [Q30727 'Polyneoptera'] ; [Q54296 'Q54296']		yes	3 listed parents do NOT collapse: they cluster into 3 distinct people, more than a biological pair. Deduplication cannot decide which 2 are the real parents, and choosing among 3 genuinely different claimed parents is genealogical judgement, not a merge. Clusters are shown for a human to rule on.
Q276	Dictyoptera	3	[Q152935 'Cryophanter Polyneoptera'] ; [Q30731 'Polyneoptera'] ; [Q54300 'Q54300']		yes	3 listed parents do NOT collapse: they cluster into 3 distinct people, more than a biological pair. Deduplication cannot decide which 2 are the real parents, and choosing among 3 genuinely different claimed parents is genealogical judgement, not a merge. Clusters are shown for a human to rule on.
Q28276	NABHA  Nala	3	[Q161239 'DAMAYANTI Nala'] ; [Q28292 'NISHADA Atithi'] ; [Q51326 '...']		yes	3 listed parents do NOT collapse: they cluster into 3 distinct people, more than a biological pair. Deduplication cannot decide which 2 are the real parents, and choosing among 3 genuinely different claimed parents is genealogical judgement, not a merge. Clusters are shown for a human to rule on.
Q28300	SAHADEVA of Magadha  Jarasandha	3	[Q28308 'JARASANDHA Brihadratha'] ; [Q51331 'Wife of Jarasandha'] ; [Q52264 'Q52264']		yes	3 listed parents do NOT collapse: they cluster into 3 distinct people, more than a biological pair. Deduplication cannot decide which 2 are the real parents, and choosing among 3 genuinely different claimed parents is genealogical judgement, not a merge. Clusters are shown for a human to rule on.
Q28332	King of Mithila	3	[Q28344 'HRASWAROMA SWANAROMA'] ; [Q51387 'Keikasi'] ; [Q52300 'Q52300']		yes	3 listed parents do NOT collapse: they cluster into 3 distinct people, more than a biological pair. Deduplication cannot decide which 2 are the real parents, and choosing among 3 genuinely different claimed parents is genealogical judgement, not a merge. Clusters are shown for a human to rule on.
Q28388	DILIPA 1  Anshuman	3	[Q2335 'Anshuman'] ; [Q51417 'Ilibila'] ; [Q52360 'Q52360']		yes	3 listed parents do NOT collapse: they cluster into 3 distinct people, more than a biological pair. Deduplication cannot decide which 2 are the real parents, and choosing among 3 genuinely different claimed parents is genealogical judgement, not a merge. Clusters are shown for a human to rule on.
Q28416	ASAMANJA  Sagara	3	[Q28429 'of Vedic period'] ; [Q51427 'KESHINI SAGARA'] ; [Q52384 'Q52384']		yes	3 listed parents do NOT collapse: they cluster into 3 distinct people, more than a biological pair. Deduplication cannot decide which 2 are the real parents, and choosing among 3 genuinely different claimed parents is genealogical judgement, not a merge. Clusters are shown for a human to rule on.
Q28425	SAUDAS (MITRASAH)  SUDAAS	3	[Q2343 'SUDAAS & SARVAKAMA' = Q51437 'SUDAAS & SARVAKAMA'] ; [Q52392 'Q52392']	Q2343,Q52392	no	3 listed parents collapse to 2 distinct person(s): 1 record(s) are duplicates of another listed parent. Evidence — Q2343+Q51437: identical label 'SUDAAS & SARVAKAMA'
Q28913	ROHITASHVA (Yuvanashva)	3	[Q28921 'HARISHCHANDRA (Dhundumara) Trishanku'] ; [Q51471 'TARAMATI (Shaivya) Harischandra'] ; [Q52488 'Q52488']		yes	3 listed parents do NOT collapse: they cluster into 3 distinct people, more than a biological pair. Deduplication cannot decide which 2 are the real parents, and choosing among 3 genuinely different claimed parents is genealogical judgement, not a merge. Clusters are shown for a human to rule on.
Q29002	MANDHATA of Ikshvaku Dynasty	3	[Q2389 'Yuvanashva II'] ; [Q51520 'GORI YUVANASHVA'] ; [Q52576 'Q52576']		yes	3 listed parents do NOT collapse: they cluster into 3 distinct people, more than a biological pair. Deduplication cannot decide which 2 are the real parents, and choosing among 3 genuinely different claimed parents is genealogical judgement, not a merge. Clusters are shown for a human to rule on.
Q29014	Prasenajit 1  Ikshvaku	3	[Q2391 'Krishasva' = Q51532 'Krishasva'] ; [Q52584 'Q52584']	Q2391,Q52584	no	3 listed parents collapse to 2 distinct person(s): 1 record(s) are duplicates of another listed parent. Evidence — Q2391+Q51532: identical label 'Krishasva'
Q29136	Zoroaster	3	[Q29184 'Pourushasp Spitama'] ; [Q51580 'Dughdova'] ; [Q52749 'Q52749']		yes	3 listed parents do NOT collapse: they cluster into 3 distinct people, more than a biological pair. Deduplication cannot decide which 2 are the real parents, and choosing among 3 genuinely different claimed parents is genealogical judgement, not a merge. Clusters are shown for a human to rule on.
Q29212	Arej  Darshane	3	[Q2440 'Hardaar' = Q51588 'Hardaar'] ; [Q52780 'Q52780']	Q2440,Q52780	no	3 listed parents collapse to 2 distinct person(s): 1 record(s) are duplicates of another listed parent. Evidence — Q2440+Q51588: identical label 'Hardaar'
Q29453	of the Hittites	3	[Q2497 'Suppiluliuma I'] ; [Q51890 'Henti'] ; [Q53018 'Q53018']		yes	3 listed parents do NOT collapse: they cluster into 3 distinct people, more than a biological pair. Deduplication cannot decide which 2 are the real parents, and choosing among 3 genuinely different claimed parents is genealogical judgement, not a merge. Clusters are shown for a human to rule on.
Q29457	of the Hittites	3	[Q2497 'Suppiluliuma I'] ; [Q51890 'Henti'] ; [Q53018 'Q53018']		yes	3 listed parents do NOT collapse: they cluster into 3 distinct people, more than a biological pair. Deduplication cannot decide which 2 are the real parents, and choosing among 3 genuinely different claimed parents is genealogical judgement, not a merge. Clusters are shown for a human to rule on.
Q29461	Zannanza, King of the Hittites	3	[Q2497 'Suppiluliuma I'] ; [Q51890 'Henti'] ; [Q53018 'Q53018']		yes	3 listed parents do NOT collapse: they cluster into 3 distinct people, more than a biological pair. Deduplication cannot decide which 2 are the real parents, and choosing among 3 genuinely different claimed parents is genealogical judgement, not a merge. Clusters are shown for a human to rule on.
Q29473	? Ulmi-Teshub \ Teszub (Niewolnica Teszuba)  Teszub (Niewolnica Teszuba)	3	[Q2495 'Muwatalli II' = Q51878 'Muwatalli II'] ; [Q53010 'Q53010']	Q2495,Q53010	no	3 listed parents collapse to 2 distinct person(s): 1 record(s) are duplicates of another listed parent. Evidence — Q2495+Q51878: identical label 'Muwatalli II'
Q29529	Princess of the Hittites	3	[Q2521 'Summiri'] ; [Q51946 'Huzziya II'] ; [Q53113 'Q53113']		yes	3 listed parents do NOT collapse: they cluster into 3 distinct people, more than a biological pair. Deduplication cannot decide which 2 are the real parents, and choosing among 3 genuinely different claimed parents is genealogical judgement, not a merge. Clusters are shown for a human to rule on.
Q29533	of KHATTI (1465-1420bc)	3	[Q29525 'of KHATTI (1495-1430bc)'] ; [Q51930 'Nikkal-Mati'] ; [Q53097 'Q53097']		yes	3 listed parents do NOT collapse: they cluster into 3 distinct people, more than a biological pair. Deduplication cannot decide which 2 are the real parents, and choosing among 3 genuinely different claimed parents is genealogical judgement, not a merge. Clusters are shown for a human to rule on.
Q29646	Bhagiratha  Solar Dynasty	3	[Q28388 'DILIPA 1 Anshuman'] ; [Q51412 'SUDAKSHINA Dilipa'] ; [Q52344 'Q52344']		yes	3 listed parents do NOT collapse: they cluster into 3 distinct people, more than a biological pair. Deduplication cannot decide which 2 are the real parents, and choosing among 3 genuinely different claimed parents is genealogical judgement, not a merge. Clusters are shown for a human to rule on.
Q30011	BHAGIRATHA  son of Dilipa	3	[Q28388 'DILIPA 1 Anshuman'] ; [Q51412 'SUDAKSHINA Dilipa'] ; [Q52344 'Q52344']		yes	3 listed parents do NOT collapse: they cluster into 3 distinct people, more than a biological pair. Deduplication cannot decide which 2 are the real parents, and choosing among 3 genuinely different claimed parents is genealogical judgement, not a merge. Clusters are shown for a human to rule on.
Q30743	Polyneoptera	3	[Q152935 'Cryophanter Polyneoptera'] ; [Q30735 'Polyneoptera'] ; [Q54304 'Q54304']		yes	3 listed parents do NOT collapse: they cluster into 3 distinct people, more than a biological pair. Deduplication cannot decide which 2 are the real parents, and choosing among 3 genuinely different claimed parents is genealogical judgement, not a merge. Clusters are shown for a human to rule on.
Q30775	Latimeria	3	[Q152954 'Anka Actinistia'] ; [Q30771 'Important unnamed clade Actinistia'] ; [Q54340 'Q54340']		yes	3 listed parents do NOT collapse: they cluster into 3 distinct people, more than a biological pair. Deduplication cannot decide which 2 are the real parents, and choosing among 3 genuinely different claimed parents is genealogical judgement, not a merge. Clusters are shown for a human to rule on.
Q30779	Diplocercides	3	[Q152954 'Anka Actinistia'] ; [Q30771 'Important unnamed clade Actinistia'] ; [Q54340 'Q54340']		yes	3 listed parents do NOT collapse: they cluster into 3 distinct people, more than a biological pair. Deduplication cannot decide which 2 are the real parents, and choosing among 3 genuinely different claimed parents is genealogical judgement, not a merge. Clusters are shown for a human to rule on.
Q31010	Diego  de Cervantes	3	[Q89995 'Francisco de Cervantes' = Q91765 'Francisco de Cervantes'] ; [Q92006 'beatriz de anaya']	Q91765,Q92006	no	3 listed parents collapse to 2 distinct person(s): 1 record(s) are duplicates of another listed parent. Evidence — Q89995+Q91765: identical label 'Francisco de Cervantes'. The two survivors are one male and one female, as a biological parent pair should be
Q31014	Maria  de Saavedra Cervantes	3	[Q89995 'Francisco de Cervantes' = Q91765 'Francisco de Cervantes'] ; [Q92006 'beatriz de anaya']	Q91765,Q92006	no	3 listed parents collapse to 2 distinct person(s): 1 record(s) are duplicates of another listed parent. Evidence — Q89995+Q91765: identical label 'Francisco de Cervantes'. The two survivors are one male and one female, as a biological parent pair should be
Q31018	Juana  de Avellaneda	3	[Q89995 'Francisco de Cervantes' = Q91765 'Francisco de Cervantes'] ; [Q92006 'beatriz de anaya']	Q91765,Q92006	no	3 listed parents collapse to 2 distinct person(s): 1 record(s) are duplicates of another listed parent. Evidence — Q89995+Q91765: identical label 'Francisco de Cervantes'. The two survivors are one male and one female, as a biological parent pair should be
Q31034	Leonel  de Cervantes Saavedra y Tello	3	[Q90003 'Diego de Cervantes' = Q91769 'Diego Cervantes Avellaneda'] ; [Q92010 'Guiomar Tello']	Q91769,Q92010	no	3 listed parents collapse to 2 distinct person(s): 1 record(s) are duplicates of another listed parent. Evidence — Q90003+Q91769: same given name and every surname token matches as a spelling variant ('Diego de Cervantes' / 'Diego Cervantes Avellaneda'). The two survivors are one male and one female, as a biological parent pair should be
Q31166	Leonor Catalina  de Salazar y de la Cadena	3	[Q90029 'Catalina de la Cadena y Maluenda' = Q91793 'Catalina De La Pena Cadena y Maluenda HaLevi'] ; [Q92044 'Gonzalo Fernandez de Salazar']	Q91793,Q92044	no	3 listed parents collapse to 2 distinct person(s): 1 record(s) are duplicates of another listed parent. Evidence — Q90029+Q91793: same given name and every surname token matches as a spelling variant ('Catalina de la Cadena y Maluenda' / 'Catalina De La Pena Cadena y Maluenda HaLevi'). The two survivors are one male and one female, as a biological parent pair should be
Q31178	de Salazar	3	[Q90029 'Catalina de la Cadena y Maluenda' = Q91793 'Catalina De La Pena Cadena y Maluenda HaLevi'] ; [Q92044 'Gonzalo Fernandez de Salazar']	Q91793,Q92044	no	3 listed parents collapse to 2 distinct person(s): 1 record(s) are duplicates of another listed parent. Evidence — Q90029+Q91793: same given name and every surname token matches as a spelling variant ('Catalina de la Cadena y Maluenda' / 'Catalina De La Pena Cadena y Maluenda HaLevi'). The two survivors are one male and one female, as a biological parent pair should be
Q31182	de Salazar	3	[Q90029 'Catalina de la Cadena y Maluenda' = Q91793 'Catalina De La Pena Cadena y Maluenda HaLevi'] ; [Q92044 'Gonzalo Fernandez de Salazar']	Q91793,Q92044	no	3 listed parents collapse to 2 distinct person(s): 1 record(s) are duplicates of another listed parent. Evidence — Q90029+Q91793: same given name and every surname token matches as a spelling variant ('Catalina de la Cadena y Maluenda' / 'Catalina De La Pena Cadena y Maluenda HaLevi'). The two survivors are one male and one female, as a biological parent pair should be
Q31235	Francisco  Alonso de Maluenda y de la Pena	3	[Q90039 'Diego Alonso de Maluenda y del Castillo' = Q91797 'Diego Alonso de Maluenda'] ; [Q92058 'Isabel de la Pena']	Q91797,Q92058	no	3 listed parents collapse to 2 distinct person(s): 1 record(s) are duplicates of another listed parent. Evidence — Q90039+Q91797: same given name and every surname token matches as a spelling variant ('Diego Alonso de Maluenda y del Castillo' / 'Diego Alonso de Maluenda'). The two survivors are one male and one female, as a biological parent pair should be
Q31239	Lope  Alonso de Maluenda y de la Pena	3	[Q90039 'Diego Alonso de Maluenda y del Castillo' = Q91797 'Diego Alonso de Maluenda'] ; [Q92058 'Isabel de la Pena']	Q91797,Q92058	no	3 listed parents collapse to 2 distinct person(s): 1 record(s) are duplicates of another listed parent. Evidence — Q90039+Q91797: same given name and every surname token matches as a spelling variant ('Diego Alonso de Maluenda y del Castillo' / 'Diego Alonso de Maluenda'). The two survivors are one male and one female, as a biological parent pair should be
Q31553	Francisco  de Maluenda	3	[Q90173 'Martin Rodriguez de Maluenda y Alvarez de Castro' = Q91962 'Martin Rodriguez de Maluenda Alvarez de Castro'] ; [Q92260 'Juana Garcia de Castro']	Q91962,Q92260	no	3 listed parents collapse to 2 distinct person(s): 1 record(s) are duplicates of another listed parent. Evidence — Q90173+Q91962: labels 98% identical, same given name ('Martin Rodriguez de Maluenda y Alvarez de Castro' / 'Martin Rodriguez de Maluenda Alvarez de Castro'). The two survivors are one male and one female, as a biological parent pair should be
Q31557	Andres  de Maluenda y Garcia de Castro	3	[Q90173 'Martin Rodriguez de Maluenda y Alvarez de Castro' = Q91962 'Martin Rodriguez de Maluenda Alvarez de Castro'] ; [Q92260 'Juana Garcia de Castro']	Q91962,Q92260	no	3 listed parents collapse to 2 distinct person(s): 1 record(s) are duplicates of another listed parent. Evidence — Q90173+Q91962: labels 98% identical, same given name ('Martin Rodriguez de Maluenda y Alvarez de Castro' / 'Martin Rodriguez de Maluenda Alvarez de Castro'). The two survivors are one male and one female, as a biological parent pair should be
Q31561	Beatriz  de Maluenda y Garcia de Castro	3	[Q90173 'Martin Rodriguez de Maluenda y Alvarez de Castro' = Q91962 'Martin Rodriguez de Maluenda Alvarez de Castro'] ; [Q92260 'Juana Garcia de Castro']	Q91962,Q92260	no	3 listed parents collapse to 2 distinct person(s): 1 record(s) are duplicates of another listed parent. Evidence — Q90173+Q91962: labels 98% identical, same given name ('Martin Rodriguez de Maluenda y Alvarez de Castro' / 'Martin Rodriguez de Maluenda Alvarez de Castro'). The two survivors are one male and one female, as a biological parent pair should be
Q31877	Alonso  Martinez de Lerma Cartagena	3	[Q89977 'Isabel de Cartagena y Leiva'] ; [Q90241 'Francisco de Cartagena y de Lerma'] ; [Q91478 'Francisco Alonso Martinez de Lerma Santa Gadea']		yes	3 listed parents do NOT collapse: they cluster into 3 distinct people, more than a biological pair. Deduplication cannot decide which 2 are the real parents, and choosing among 3 genuinely different claimed parents is genealogical judgement, not a merge. Clusters are shown for a human to rule on.
Q32234	Maria  Diaz de Cuellar	3	[Q31154 'Maria Catalina Maluenda de Salazar y Cadena Halevi'] ; [Q31166 'Leonor Catalina de Salazar y de la Cadena'] ; [Q92400 'Ruy Diaz Diaz De Mendoza']		yes	3 listed parents do NOT collapse: they cluster into 3 distinct people, more than a biological pair. Deduplication cannot decide which 2 are the real parents, and choosing among 3 genuinely different claimed parents is genealogical judgement, not a merge. Clusters are shown for a human to rule on.
Q32238	maria  de la pena	3	[Q31158 'pedro de salazar' = Q92046 'pedro Juan de salazar'] ; [Q92410 'isabela trevino quintanilla de fariass']	Q92046,Q92410	no	3 listed parents collapse to 2 distinct person(s): 1 record(s) are duplicates of another listed parent. Evidence — Q31158+Q92046: same given name and every surname token matches as a spelling variant ('pedro de salazar' / 'pedro Juan de salazar'). The two survivors are one male and one female, as a biological parent pair should be
Q32302	Francisca  Velasquez de Salazar y de la Cadena	3	[Q31174 'Juan Velazquez de Salazar y de la Cadena' = Q92050 'Juan Velasquez de Salazar y de la Cadena'] ; [Q92418 'Ana de Esquivel (Molina y Mosquera)']	Q92050,Q92418	no	3 listed parents collapse to 2 distinct person(s): 1 record(s) are duplicates of another listed parent. Evidence — Q31174+Q92050: labels 98% identical, same given name ('Juan Velazquez de Salazar y de la Cadena' / 'Juan Velasquez de Salazar y de la Cadena'). The two survivors are one male and one female, as a biological parent pair should be
Q32310	Gonzalo  de Salazar ( Velasquez de Salazar )	3	[Q31174 'Juan Velazquez de Salazar y de la Cadena' = Q92050 'Juan Velasquez de Salazar y de la Cadena'] ; [Q92418 'Ana de Esquivel (Molina y Mosquera)']	Q92050,Q92418	no	3 listed parents collapse to 2 distinct person(s): 1 record(s) are duplicates of another listed parent. Evidence — Q31174+Q92050: labels 98% identical, same given name ('Juan Velazquez de Salazar y de la Cadena' / 'Juan Velasquez de Salazar y de la Cadena'). The two survivors are one male and one female, as a biological parent pair should be
Q32323	Marina  de Saavedra Guzman	3	[Q31195 'Rexina de la Cadena y de Sotomayor'] ; [Q31721 'Juan de Saavedra de guzman' = Q92290 'Juan de Saavedra Guzman y Estrada']	Q31195,Q92290	no	3 listed parents collapse to 2 distinct person(s): 1 record(s) are duplicates of another listed parent. Evidence — Q31721+Q92290: same given name and every surname token matches as a spelling variant ('Juan de Saavedra de guzman' / 'Juan de Saavedra Guzman y Estrada'). The two survivors are one male and one female, as a biological parent pair should be
Q32335	Luis  Saavedra de la Cadena	3	[Q31195 'Rexina de la Cadena y de Sotomayor'] ; [Q31721 'Juan de Saavedra de guzman' = Q92290 'Juan de Saavedra Guzman y Estrada']	Q31195,Q92290	no	3 listed parents collapse to 2 distinct person(s): 1 record(s) are duplicates of another listed parent. Evidence — Q31721+Q92290: same given name and every surname token matches as a spelling variant ('Juan de Saavedra de guzman' / 'Juan de Saavedra Guzman y Estrada'). The two survivors are one male and one female, as a biological parent pair should be
Q32339	Antonia  Saavedra de la Cadena	3	[Q31195 'Rexina de la Cadena y de Sotomayor'] ; [Q31721 'Juan de Saavedra de guzman' = Q92290 'Juan de Saavedra Guzman y Estrada']	Q31195,Q92290	no	3 listed parents collapse to 2 distinct person(s): 1 record(s) are duplicates of another listed parent. Evidence — Q31721+Q92290: same given name and every surname token matches as a spelling variant ('Juan de Saavedra de guzman' / 'Juan de Saavedra Guzman y Estrada'). The two survivors are one male and one female, as a biological parent pair should be
Q32379	Juan  Rodriguez de Salamanca	3	[Q31243 'Ines Alonso de Maluenda y Castro de Lerma Polanco' = Q92062 'Ines Alonso de Maluenda y Castro de Lerma Pol'] ; [Q92436 'Jeronimo de Salamanca y Polanco']	Q92062,Q92436	no	3 listed parents collapse to 2 distinct person(s): 1 record(s) are duplicates of another listed parent. Evidence — Q31243+Q92062: labels 96% identical, same given name ('Ines Alonso de Maluenda y Castro de Lerma Polanco' / 'Ines Alonso de Maluenda y Castro de Lerma Pol'). The two survivors are one male and one female, as a biological parent pair should be
Q32383	Diego  Rodriguez de Salamanca	3	[Q31243 'Ines Alonso de Maluenda y Castro de Lerma Polanco' = Q92062 'Ines Alonso de Maluenda y Castro de Lerma Pol'] ; [Q92436 'Jeronimo de Salamanca y Polanco']	Q92062,Q92436	no	3 listed parents collapse to 2 distinct person(s): 1 record(s) are duplicates of another listed parent. Evidence — Q31243+Q92062: labels 96% identical, same given name ('Ines Alonso de Maluenda y Castro de Lerma Polanco' / 'Ines Alonso de Maluenda y Castro de Lerma Pol'). The two survivors are one male and one female, as a biological parent pair should be
Q32427	Juan Antonio  Funes de Villalpando y Arino	3	[Q31287 'Vicenta Clara de Arino'] ; [Q32411 'Garcia Funes de Villalpando y Fernandez de Heredia' = Q92591 'Garcia Funes de Villalpando y Fernandez de Here']	Q31287,Q92591	no	3 listed parents collapse to 2 distinct person(s): 1 record(s) are duplicates of another listed parent. Evidence — Q32411+Q92591: labels 97% identical, same given name ('Garcia Funes de Villalpando y Fernandez de Heredia' / 'Garcia Funes de Villalpando y Fernandez de Here'). The two survivors are one male and one female, as a biological parent pair should be
Q32431	Garcia  Funes de Villalpando y Arino	3	[Q31287 'Vicenta Clara de Arino'] ; [Q32411 'Garcia Funes de Villalpando y Fernandez de Heredia' = Q92591 'Garcia Funes de Villalpando y Fernandez de Here']	Q31287,Q92591	no	3 listed parents collapse to 2 distinct person(s): 1 record(s) are duplicates of another listed parent. Evidence — Q32411+Q92591: labels 97% identical, same given name ('Garcia Funes de Villalpando y Fernandez de Heredia' / 'Garcia Funes de Villalpando y Fernandez de Here'). The two survivors are one male and one female, as a biological parent pair should be
Q32435	Isabel  Funes de Villalpando y Arino	3	[Q31287 'Vicenta Clara de Arino'] ; [Q32411 'Garcia Funes de Villalpando y Fernandez de Heredia' = Q92591 'Garcia Funes de Villalpando y Fernandez de Here']	Q31287,Q92591	no	3 listed parents collapse to 2 distinct person(s): 1 record(s) are duplicates of another listed parent. Evidence — Q32411+Q92591: labels 97% identical, same given name ('Garcia Funes de Villalpando y Fernandez de Heredia' / 'Garcia Funes de Villalpando y Fernandez de Here'). The two survivors are one male and one female, as a biological parent pair should be
Q32495	Jaime  Cerdan	3	[Q31352 'N. de Francia'] ; [Q92613 'Jaime Cerdan'] ; [Q92617 'Domingo de Aznar']		yes	3 listed parents do NOT collapse: they cluster into 3 distinct people, more than a biological pair. Deduplication cannot decide which 2 are the real parents, and choosing among 3 genuinely different claimed parents is genealogical judgement, not a merge. Clusters are shown for a human to rule on.
Q32812	Mayor of Cadiz Capt. Diego  Polanco	3	[Q31593 'Juan Polanco Maluenda, Casa de Contratacion Sevilla' = Q92266 'Juan Polanco Maluenda, Casa de Contratacion S'] ; [Q92686 'Juana de Isla y Sanchez del Hierro']	Q92266,Q92686	no	3 listed parents collapse to 2 distinct person(s): 1 record(s) are duplicates of another listed parent. Evidence — Q31593+Q92266: labels 94% identical, same given name ('Juan Polanco Maluenda, Casa de Contratacion Sevilla' / 'Juan Polanco Maluenda, Casa de Contratacion S'). The two survivors are one male and one female, as a biological parent pair should be
Q32816	Catalina  de Polanco	3	[Q31593 'Juan Polanco Maluenda, Casa de Contratacion Sevilla' = Q92266 'Juan Polanco Maluenda, Casa de Contratacion S'] ; [Q92686 'Juana de Isla y Sanchez del Hierro']	Q92266,Q92686	no	3 listed parents collapse to 2 distinct person(s): 1 record(s) are duplicates of another listed parent. Evidence — Q31593+Q92266: labels 94% identical, same given name ('Juan Polanco Maluenda, Casa de Contratacion Sevilla' / 'Juan Polanco Maluenda, Casa de Contratacion S'). The two survivors are one male and one female, as a biological parent pair should be
Q32969	Brianda de  Bazan y Castro	3	[Q31625 'Hernando de Castro'] ; [Q92714 'Mayora de Bazan'] ; [Q92718 'Leonor Bazan y Bazan']		yes	3 listed parents do NOT collapse: they cluster into 3 distinct people, more than a biological pair. Deduplication cannot decide which 2 are the real parents, and choosing among 3 genuinely different claimed parents is genealogical judgement, not a merge. Clusters are shown for a human to rule on.
Q33266	Verena (Veronica)  Wyss	3	[Q31857 'Jakob Wyss'] ; [Q92306 'Jakob Wyss II'] ; [Q92787 'Margarete (Margarethe?) Sporri']		yes	3 listed parents do NOT collapse: they cluster into 3 distinct people, more than a biological pair. Deduplication cannot decide which 2 are the real parents, and choosing among 3 genuinely different claimed parents is genealogical judgement, not a merge. Clusters are shown for a human to rule on.
Q33552	Pedro  Ramirez de Arellano y Zuniga	3	[Q32146 'Francisco Ramirez de Arellano y Zuniga' = Q92386 'Francisco Ramirez de Arellano y Zuniga'] ; [Q92908 'Ana Gonzalez del Aguila']	Q32146,Q92908	no	3 listed parents collapse to 2 distinct person(s): 1 record(s) are duplicates of another listed parent. Evidence — Q32146+Q92386: identical label 'Francisco Ramirez de Arellano y Zuniga'. The two survivors are one male and one female, as a biological parent pair should be
Q33556	Gaspar  Ramirez de Arellano y Zuniga	3	[Q32146 'Francisco Ramirez de Arellano y Zuniga' = Q92386 'Francisco Ramirez de Arellano y Zuniga'] ; [Q92908 'Ana Gonzalez del Aguila']	Q32146,Q92908	no	3 listed parents collapse to 2 distinct person(s): 1 record(s) are duplicates of another listed parent. Evidence — Q32146+Q92386: identical label 'Francisco Ramirez de Arellano y Zuniga'. The two survivors are one male and one female, as a biological parent pair should be
Q33833	Maria  Rangel Perguero y Rosales	3	[Q32298 'Juan Viezma' = Q92426 'Juan Viezma'] ; [Q93010 'Maria de la Cruz']	Q92426,Q93010	no	3 listed parents collapse to 2 distinct person(s): 1 record(s) are duplicates of another listed parent. Evidence — Q32298+Q92426: identical label 'Juan Viezma'. The two survivors are one male and one female, as a biological parent pair should be
Q33857	Juan  Velazquez de Salazar y de Montejo	3	"[Q32306 'Juan Velazquez de Salazar y de la Cadena ""El mozo""' = Q92420 'Juan Velazquez de Salazar y de la Cadena ""El'] ; [Q93006 'Andrea de Montejo y del Castillo']"	Q92420,Q93006	no	"3 listed parents collapse to 2 distinct person(s): 1 record(s) are duplicates of another listed parent. Evidence — Q32306+Q92420: labels 94% identical, same given name ('Juan Velazquez de Salazar y de la Cadena ""El mozo""' / 'Juan Velazquez de Salazar y de la Cadena ""El'). The two survivors are one male and one female, as a biological parent pair should be"
Q33861	Diego  Velazquez del Castillo	3	"[Q32306 'Juan Velazquez de Salazar y de la Cadena ""El mozo""'] ; [Q92422 'Juan Velazquez de Salazar y Esquivel'] ; [Q93008 'Andrea Montejo del Castillo']"		yes	3 listed parents do NOT collapse: they cluster into 3 distinct people, more than a biological pair. Deduplication cannot decide which 2 are the real parents, and choosing among 3 genuinely different claimed parents is genealogical judgement, not a merge. Clusters are shown for a human to rule on.
Q33881	Juan  de Saavedra Guzman y Villafane	3	[Q32327 'Antonio de Saavedra Guzman' = Q92404 'Antonio de Saavedra Guzman y Estrada de la Caden'] ; [Q33129 'Catalina de Villafane y Alvarado']	Q92404,Q33129	no	3 listed parents collapse to 2 distinct person(s): 1 record(s) are duplicates of another listed parent. Evidence — Q32327+Q92404: same given name and every surname token matches as a spelling variant ('Antonio de Saavedra Guzman' / 'Antonio de Saavedra Guzman y Estrada de la Caden'). The two survivors are one male and one female, as a biological parent pair should be
Q34023	Matias  Marin de Resende Francia y de Ciria	3	[Q32439 'Antonio Marin de Resende Francia y Zamora Olivenza' = Q92601 'Antonio Marin de Resende Francia y Zamora Oliven'] ; [Q93179 'Maria de Ciria Beteta']	Q92601,Q93179	no	3 listed parents collapse to 2 distinct person(s): 1 record(s) are duplicates of another listed parent. Evidence — Q32439+Q92601: labels 98% identical, same given name ('Antonio Marin de Resende Francia y Zamora Olivenza' / 'Antonio Marin de Resende Francia y Zamora Oliven'). The two survivors are one male and one female, as a biological parent pair should be
Q34492	Beatriz  de Santa Cruz Polanco	3	[Q32776 'Diego de Santa Cruz Polanco Salamanca'] ; [Q32780 'Francisco de Santa Cruz'] ; [Q93277 'Isabel De Orduna']		yes	3 listed parents do NOT collapse: they cluster into 3 distinct people, more than a biological pair. Deduplication cannot decide which 2 are the real parents, and choosing among 3 genuinely different claimed parents is genealogical judgement, not a merge. Clusters are shown for a human to rule on.
Q34496	Juan  de Santa Cruz Polanco	3	[Q32776 'Diego de Santa Cruz Polanco Salamanca'] ; [Q32780 'Francisco de Santa Cruz'] ; [Q93277 'Isabel De Orduna']		yes	3 listed parents do NOT collapse: they cluster into 3 distinct people, more than a biological pair. Deduplication cannot decide which 2 are the real parents, and choosing among 3 genuinely different claimed parents is genealogical judgement, not a merge. Clusters are shown for a human to rule on.
Q34500	Feliciano  Santa Cruz Polanco	3	[Q32776 'Diego de Santa Cruz Polanco Salamanca'] ; [Q32780 'Francisco de Santa Cruz'] ; [Q93277 'Isabel De Orduna']		yes	3 listed parents do NOT collapse: they cluster into 3 distinct people, more than a biological pair. Deduplication cannot decide which 2 are the real parents, and choosing among 3 genuinely different claimed parents is genealogical judgement, not a merge. Clusters are shown for a human to rule on.
Q34504	Pedro  de Santa Cruz Polanco	3	[Q32776 'Diego de Santa Cruz Polanco Salamanca'] ; [Q32780 'Francisco de Santa Cruz'] ; [Q93277 'Isabel De Orduna']		yes	3 listed parents do NOT collapse: they cluster into 3 distinct people, more than a biological pair. Deduplication cannot decide which 2 are the real parents, and choosing among 3 genuinely different claimed parents is genealogical judgement, not a merge. Clusters are shown for a human to rule on.
Q34512	Estefania  Santa Cruz Polanco	3	[Q32776 'Diego de Santa Cruz Polanco Salamanca'] ; [Q32780 'Francisco de Santa Cruz'] ; [Q93277 'Isabel De Orduna']		yes	3 listed parents do NOT collapse: they cluster into 3 distinct people, more than a biological pair. Deduplication cannot decide which 2 are the real parents, and choosing among 3 genuinely different claimed parents is genealogical judgement, not a merge. Clusters are shown for a human to rule on.
Q34573	Francisco  Lopez de Polanco	3	[Q32796 'Pedro Polanco' = Q92688 'Pedro Polanco'] ; [Q93285 'Maria Gonzalez de Polanco']	Q92688,Q93285	no	3 listed parents collapse to 2 distinct person(s): 1 record(s) are duplicates of another listed parent. Evidence — Q32796+Q92688: identical label 'Pedro Polanco'. The two survivors are one male and one female, as a biological parent pair should be
Q34577	Gregorio  de Polanco	3	[Q32796 'Pedro Polanco' = Q92688 'Pedro Polanco'] ; [Q93285 'Maria Gonzalez de Polanco']	Q92688,Q93285	no	3 listed parents collapse to 2 distinct person(s): 1 record(s) are duplicates of another listed parent. Evidence — Q32796+Q92688: identical label 'Pedro Polanco'. The two survivors are one male and one female, as a biological parent pair should be
Q34581	Diego  Polanco	3	[Q32796 'Pedro Polanco' = Q92688 'Pedro Polanco'] ; [Q93285 'Maria Gonzalez de Polanco']	Q92688,Q93285	no	3 listed parents collapse to 2 distinct person(s): 1 record(s) are duplicates of another listed parent. Evidence — Q32796+Q92688: identical label 'Pedro Polanco'. The two survivors are one male and one female, as a biological parent pair should be
Q34585	Nicolas  Polanco	3	[Q32796 'Pedro Polanco' = Q92688 'Pedro Polanco'] ; [Q93285 'Maria Gonzalez de Polanco']	Q92688,Q93285	no	3 listed parents collapse to 2 distinct person(s): 1 record(s) are duplicates of another listed parent. Evidence — Q32796+Q92688: identical label 'Pedro Polanco'. The two survivors are one male and one female, as a biological parent pair should be
Q34589	Juan  Polanco	3	[Q32796 'Pedro Polanco' = Q92688 'Pedro Polanco'] ; [Q93285 'Maria Gonzalez de Polanco']	Q92688,Q93285	no	3 listed parents collapse to 2 distinct person(s): 1 record(s) are duplicates of another listed parent. Evidence — Q32796+Q92688: identical label 'Pedro Polanco'. The two survivors are one male and one female, as a biological parent pair should be
Q34593	Fernando  de Polanco	3	[Q32796 'Pedro Polanco' = Q92688 'Pedro Polanco'] ; [Q93285 'Maria Gonzalez de Polanco']	Q92688,Q93285	no	3 listed parents collapse to 2 distinct person(s): 1 record(s) are duplicates of another listed parent. Evidence — Q32796+Q92688: identical label 'Pedro Polanco'. The two survivors are one male and one female, as a biological parent pair should be
Q34601	Beatriz  de Polanco	3	[Q32800 'Antonio Polanco' = Q92690 'Antonio Polanco'] ; [Q93287 'Ines de Castro']	Q92690,Q93287	no	3 listed parents collapse to 2 distinct person(s): 1 record(s) are duplicates of another listed parent. Evidence — Q32800+Q92690: identical label 'Antonio Polanco'. The two survivors are one male and one female, as a biological parent pair should be
Q34605	Alonso  de Polanco	3	[Q32800 'Antonio Polanco' = Q92690 'Antonio Polanco'] ; [Q93287 'Ines de Castro']	Q92690,Q93287	no	3 listed parents collapse to 2 distinct person(s): 1 record(s) are duplicates of another listed parent. Evidence — Q32800+Q92690: identical label 'Antonio Polanco'. The two survivors are one male and one female, as a biological parent pair should be
Q34609	Beltran  Polanco de Castro	3	[Q32800 'Antonio Polanco' = Q92690 'Antonio Polanco'] ; [Q93287 'Ines de Castro']	Q92690,Q93287	no	3 listed parents collapse to 2 distinct person(s): 1 record(s) are duplicates of another listed parent. Evidence — Q32800+Q92690: identical label 'Antonio Polanco'. The two survivors are one male and one female, as a biological parent pair should be
Q34709	Maria  de Castro y Polanco	3	[Q32929 'Alonso Castro Polanco' = Q92708 'Alonso Fernandez de Castro y Polanco'] ; [Q93323 'Isabel Garcia de Castro']	Q92708,Q93323	no	3 listed parents collapse to 2 distinct person(s): 1 record(s) are duplicates of another listed parent. Evidence — Q32929+Q92708: same given name and every surname token matches as a spelling variant ('Alonso Castro Polanco' / 'Alonso Fernandez de Castro y Polanco'). The two survivors are one male and one female, as a biological parent pair should be
Q35580	Beatriz  de Cervantes y Alarcon	3	[Q33486 'Rodrigo de Soria Cervantes'] ; [Q93530 'Beatriz de Alarcon'] ; [Q93532 'Isabel de Alarcon']		yes	3 listed parents do NOT collapse: they cluster into 3 distinct people, more than a biological pair. Deduplication cannot decide which 2 are the real parents, and choosing among 3 genuinely different claimed parents is genealogical judgement, not a merge. Clusters are shown for a human to rule on.
Q35785	Maria  de Castro y Zuniga	3	[Q33680 'Diego de Castro y Lopez Zuniga Torquemada y Zuniga' = Q92930 'Diego de Castro y Lopez Zuniga Torquemada y Zu'] ; [Q93634 'Francisca de Sardeneta y Mendoza']	Q92930,Q93634	no	3 listed parents collapse to 2 distinct person(s): 1 record(s) are duplicates of another listed parent. Evidence — Q33680+Q92930: labels 96% identical, same given name ('Diego de Castro y Lopez Zuniga Torquemada y Zuniga' / 'Diego de Castro y Lopez Zuniga Torquemada y Zu'). The two survivors are one male and one female, as a biological parent pair should be
Q35793	N.  de Castro y Zuniga	3	[Q33680 'Diego de Castro y Lopez Zuniga Torquemada y Zuniga' = Q92930 'Diego de Castro y Lopez Zuniga Torquemada y Zu'] ; [Q93634 'Francisca de Sardeneta y Mendoza']	Q92930,Q93634	no	3 listed parents collapse to 2 distinct person(s): 1 record(s) are duplicates of another listed parent. Evidence — Q33680+Q92930: labels 96% identical, same given name ('Diego de Castro y Lopez Zuniga Torquemada y Zuniga' / 'Diego de Castro y Lopez Zuniga Torquemada y Zu'). The two survivors are one male and one female, as a biological parent pair should be
Q35889	Juan Andres  de Zaldivar	3	[Q33733 'Capitan Cristobal de Zaldivar Mendoza'] ; [Q39329 'Leonor de Tolosa Cortes de Moctezuma'] ; [Q4948 'de Zaldivar']		yes	3 listed parents do NOT collapse: they cluster into 3 distinct people, more than a biological pair. Deduplication cannot decide which 2 are the real parents, and choosing among 3 genuinely different claimed parents is genealogical judgement, not a merge. Clusters are shown for a human to rule on.
Q38238	Bethuel	3	[Q4675 'Nahor'] ; [Q4676 'Milcah'] ; [Q60372 'Q60372']		yes	3 listed parents do NOT collapse: they cluster into 3 distinct people, more than a biological pair. Deduplication cannot decide which 2 are the real parents, and choosing among 3 genuinely different claimed parents is genealogical judgement, not a merge. Clusters are shown for a human to rule on.
Q39309	Petronila  Sotelo de Moctezuma	3	[Q39168 'Leonor Valderrama de Moctezuma'] ; [Q39305 'Diego Arias de Sotelo'] ; [Q39413 'Leonor Cortez Moctezuma']		yes	3 listed parents do NOT collapse: they cluster into 3 distinct people, more than a biological pair. Deduplication cannot decide which 2 are the real parents, and choosing among 3 genuinely different claimed parents is genealogical judgement, not a merge. Clusters are shown for a human to rule on.
Q4238	María Manrique de Lara	3	[Q106950 'Manrique Perez de Lara' = Q118603 'Manrique Pérez de Lara'] ; [Q115806 'Ermesende of Narbonne']	Q118603,Q115806	no	3 listed parents collapse to 2 distinct person(s): 1 record(s) are duplicates of another listed parent. Evidence — Q106950+Q118603: identical label 'Manrique Perez de Lara'. The two survivors are one male and one female, as a biological parent pair should be
Q46167	Manuel I of Trebizond	3	[Q167261 'Theodora Axuchina' = Q50038 'Theodora Axouchina'] ; [Q50033 'Alexios I of Trebizond']	Q50038,Q50033	no	3 listed parents collapse to 2 distinct person(s): 1 record(s) are duplicates of another listed parent. Evidence — Q167261+Q50038: labels 97% identical, same given name ('Theodora Axuchina' / 'Theodora Axouchina'). The two survivors are one male and one female, as a biological parent pair should be
Q46179	Andronikos II of Trebizond	3	[Q167291 'Anna Xylaloe' = Q50050 'Anna Xylaloe'] ; [Q46167 'Manuel I of Trebizond']	Q50050,Q46167	no	3 listed parents collapse to 2 distinct person(s): 1 record(s) are duplicates of another listed parent. Evidence — Q167291+Q50050: identical label 'Anna Xylaloe'. The two survivors are one male and one female, as a biological parent pair should be
Q4881	Daughter	3	[Q2497 'Suppiluliuma I'] ; [Q51906 'Tawannannash'] ; [Q53018 'Q53018']		yes	3 listed parents do NOT collapse: they cluster into 3 distinct people, more than a biological pair. Deduplication cannot decide which 2 are the real parents, and choosing among 3 genuinely different claimed parents is genealogical judgement, not a merge. Clusters are shown for a human to rule on.
Q49428	Arjuna	3	[Q153367 'INDRA SAKRA Kashyapa'] ; [Q153368 'PANDU'] ; [Q1906 'Kunti']		yes	3 listed parents do NOT collapse: they cluster into 3 distinct people, more than a biological pair. Deduplication cannot decide which 2 are the real parents, and choosing among 3 genuinely different claimed parents is genealogical judgement, not a merge. Clusters are shown for a human to rule on.
Q51818	Ptolemy Memphites	3	[Q73035 'Cleopatra III of Egypt'] ; [Q73038 'Ptolemy VIII Physcon'] ; [Q73194 'Cleopatra II of Egypt']		yes	3 listed parents do NOT collapse: they cluster into 3 distinct people, more than a biological pair. Deduplication cannot decide which 2 are the real parents, and choosing among 3 genuinely different claimed parents is genealogical judgement, not a merge. Clusters are shown for a human to rule on.
Q51870	Mursili	3	[Q2497 'Suppiluliuma I'] ; [Q51890 'Henti'] ; [Q53018 'Q53018']		yes	3 listed parents do NOT collapse: they cluster into 3 distinct people, more than a biological pair. Deduplication cannot decide which 2 are the real parents, and choosing among 3 genuinely different claimed parents is genealogical judgement, not a merge. Clusters are shown for a human to rule on.
Q51894	Arnuwanda II	3	[Q2497 'Suppiluliuma I'] ; [Q51890 'Henti'] ; [Q53018 'Q53018']		yes	3 listed parents do NOT collapse: they cluster into 3 distinct people, more than a biological pair. Deduplication cannot decide which 2 are the real parents, and choosing among 3 genuinely different claimed parents is genealogical judgement, not a merge. Clusters are shown for a human to rule on.
Q51910	Muwatti	3	[Q2497 'Suppiluliuma I'] ; [Q51906 'Tawannannash'] ; [Q53018 'Q53018']		yes	3 listed parents do NOT collapse: they cluster into 3 distinct people, more than a biological pair. Deduplication cannot decide which 2 are the real parents, and choosing among 3 genuinely different claimed parents is genealogical judgement, not a merge. Clusters are shown for a human to rule on.
Q51914	Daughter	3	[Q2497 'Suppiluliuma I'] ; [Q51906 'Tawannannash'] ; [Q53018 'Q53018']		yes	3 listed parents do NOT collapse: they cluster into 3 distinct people, more than a biological pair. Deduplication cannot decide which 2 are the real parents, and choosing among 3 genuinely different claimed parents is genealogical judgement, not a merge. Clusters are shown for a human to rule on.
Q54368	Unnamed clade 2 Eotetrapodiformes	3	[Q152957 'Abu Eotetra Tetrapodomorpha'] ; [Q30792 'Unnamed clade Tetrapodomorpha'] ; [Q30796 'Q30796']		yes	3 listed parents do NOT collapse: they cluster into 3 distinct people, more than a biological pair. Deduplication cannot decide which 2 are the real parents, and choosing among 3 genuinely different claimed parents is genealogical judgement, not a merge. Clusters are shown for a human to rule on.
Q55608	Manuel III of Trebizond	3	[Q167388 'Theodora Cantacuzena'] ; [Q50087 'Alexios III of Trebizond'] ; [Q55599 'Theodora Kantakouzene']		yes	3 listed parents do NOT collapse: they cluster into 3 distinct people, more than a biological pair. Deduplication cannot decide which 2 are the real parents, and choosing among 3 genuinely different claimed parents is genealogical judgement, not a merge. Clusters are shown for a human to rule on.
Q55919	Alexios IV of Trebizond	3	[Q167352 'گل خان خاتون گرجی'] ; [Q50295 'Gulkhan-Eudokia of Georgia'] ; [Q55608 'Manuel III of Trebizond']		yes	3 listed parents do NOT collapse: they cluster into 3 distinct people, more than a biological pair. Deduplication cannot decide which 2 are the real parents, and choosing among 3 genuinely different claimed parents is genealogical judgement, not a merge. Clusters are shown for a human to rule on.
Q60944	Justus	3	[Q137789 'Q137789'] ; [Q61173 'Vettius Justus'] ; [Q61202 'Neratia Justus']		yes	3 listed parents do NOT collapse: they cluster into 3 distinct people, more than a biological pair. Deduplication cannot decide which 2 are the real parents, and choosing among 3 genuinely different claimed parents is genealogical judgement, not a merge. Clusters are shown for a human to rule on.
Q60974	Julia Galla	3	[Q61235 'Galla'] ; [Q61301 'Julius Constantius' = Q99314 'Flavius Julius Constantius, Consul of Rome']	Q61235,Q61301	no	3 listed parents collapse to 2 distinct person(s): 1 record(s) are duplicates of another listed parent. Evidence — Q61301+Q99314: same Wikidata ID (Q450702). The two survivors are one male and one female, as a biological parent pair should be
Q61355	正約  范陽涿縣	3	[Q60740 '道侃 希祖 范陽涿縣'] ; [Q60749 '道約 季恭 范陽涿縣'] ; [Q61418 '滎陽開封']		yes	3 listed parents do NOT collapse: they cluster into 3 distinct people, more than a biological pair. Deduplication cannot decide which 2 are the real parents, and choosing among 3 genuinely different claimed parents is genealogical judgement, not a merge. Clusters are shown for a human to rule on.
Q61532	Flavia Maximiana Theodora	3	[Q61598 'Maximian'] ; [Q61631 'Eutropia'] ; [Q61891 'Q61891']		yes	3 listed parents do NOT collapse: they cluster into 3 distinct people, more than a biological pair. Deduplication cannot decide which 2 are the real parents, and choosing among 3 genuinely different claimed parents is genealogical judgement, not a merge. Clusters are shown for a human to rule on.
Q61933	欽仁  廣平列人	3	[Q61211 '敬儀 趙郡柏仁'] ; [Q61505 '維 伯緒 廣平列人'] ; [Q61508 '紀 仲烈 廣平列人']		yes	3 listed parents do NOT collapse: they cluster into 3 distinct people, more than a biological pair. Deduplication cannot decide which 2 are the real parents, and choosing among 3 genuinely different claimed parents is genealogical judgement, not a merge. Clusters are shown for a human to rule on.
Q62555	Constantine the Great	3	[Q61565 'Constantius Chlorus' = Q62552 'Constantius I Chlorus Roman Emperor'] ; [Q61664 'Helena Augusta']	Q61565,Q61664	no	3 listed parents collapse to 2 distinct person(s): 1 record(s) are duplicates of another listed parent. Evidence — Q61565+Q62552: same given name and every surname token matches as a spelling variant ('Constantius Chlorus' / 'Constantius I Chlorus Roman Emperor'). The two survivors are one male and one female, as a biological parent pair should be
Q63625	Qurt (Quraat) bin Raza al-Adawi'	3	[Q63254 'Raza bin 'Adiyy'] ; [Q97606 'Rada son of Adi'] ; [Q98255 'Q98255']		yes	3 listed parents do NOT collapse: they cluster into 3 distinct people, more than a biological pair. Deduplication cannot decide which 2 are the real parents, and choosing among 3 genuinely different claimed parents is genealogical judgement, not a merge. Clusters are shown for a human to rule on.
Q63780	Marcus Aurelius	3	[Q139826 'Calvisia Domitia Lucilla'] ; [Q64549 'Marcus Annius Verus'] ; [Q64582 'Domitia Lucilla Minor']		yes	3 listed parents do NOT collapse: they cluster into 3 distinct people, more than a biological pair. Deduplication cannot decide which 2 are the real parents, and choosing among 3 genuinely different claimed parents is genealogical judgement, not a merge. Clusters are shown for a human to rule on.
Q64026	Hubba bint Hulail	3	[Q64447 'Hulail ibn Hubshiyyah'] ; [Q90676 'N.N.'] ; [Q95688 'N.N.']		yes	3 listed parents do NOT collapse: they cluster into 3 distinct people, more than a biological pair. Deduplication cannot decide which 2 are the real parents, and choosing among 3 genuinely different claimed parents is genealogical judgement, not a merge. Clusters are shown for a human to rule on.
Q64062	'Umar bin Makhzum	3	[Q63577 'Makhzum son of Yaqazah' = Q95649 'Makhzum son of Yaqazah'] ; [Q64059 'No Name Zauja-e-Makhzum son of Yaqazah']	Q63577,Q64059	no	3 listed parents collapse to 2 distinct person(s): 1 record(s) are duplicates of another listed parent. Evidence — Q63577+Q95649: identical label 'Makhzum son of Yaqazah'. The two survivors are one male and one female, as a biological parent pair should be
Q64065	'Imran bin Makhzum	3	[Q63577 'Makhzum son of Yaqazah' = Q95649 'Makhzum son of Yaqazah'] ; [Q64059 'No Name Zauja-e-Makhzum son of Yaqazah']	Q63577,Q64059	no	3 listed parents collapse to 2 distinct person(s): 1 record(s) are duplicates of another listed parent. Evidence — Q63577+Q95649: identical label 'Makhzum son of Yaqazah'. The two survivors are one male and one female, as a biological parent pair should be
Q64074	BASIS  AS	3	[Q63577 'Makhzum son of Yaqazah' = Q95649 'Makhzum son of Yaqazah'] ; [Q64059 'No Name Zauja-e-Makhzum son of Yaqazah']	Q63577,Q64059	no	3 listed parents collapse to 2 distinct person(s): 1 record(s) are duplicates of another listed parent. Evidence — Q63577+Q95649: identical label 'Makhzum son of Yaqazah'. The two survivors are one male and one female, as a biological parent pair should be
Q64077	Amr  Banu Taym	3	[Q63592 '<private> Banu Taym'] ; [Q63607 'Sa'ad bin Taym al-Quraysh'] ; [Q64089 'No Name Zauja-e-Sa'ad bin Taym al-Quraysh']		yes	3 listed parents do NOT collapse: they cluster into 3 distinct people, more than a biological pair. Deduplication cannot decide which 2 are the real parents, and choosing among 3 genuinely different claimed parents is genealogical judgement, not a merge. Clusters are shown for a human to rule on.
Q64080	Ka'ab bin  Sa'ad at-Taymi	3	[Q63592 '<private> Banu Taym'] ; [Q63607 'Sa'ad bin Taym al-Quraysh'] ; [Q64089 'No Name Zauja-e-Sa'ad bin Taym al-Quraysh']		yes	3 listed parents do NOT collapse: they cluster into 3 distinct people, more than a biological pair. Deduplication cannot decide which 2 are the real parents, and choosing among 3 genuinely different claimed parents is genealogical judgement, not a merge. Clusters are shown for a human to rule on.
Q6429	Shaohao	3	[Q6420 'Yellow Emperor'] ; [Q6425 'Leizu'] ; [Q87834 'Q87834']		yes	3 listed parents do NOT collapse: they cluster into 3 distinct people, more than a biological pair. Deduplication cannot decide which 2 are the real parents, and choosing among 3 genuinely different claimed parents is genealogical judgement, not a merge. Clusters are shown for a human to rule on.
Q6445	Zhuanxu	3	[Q6430 'Changyi'] ; [Q6443 'Jing Pu'] ; [Q70032 'Wife of Shaohao Wife of Shaohao']		yes	3 listed parents do NOT collapse: they cluster into 3 distinct people, more than a biological pair. Deduplication cannot decide which 2 are the real parents, and choosing among 3 genuinely different claimed parents is genealogical judgement, not a merge. Clusters are shown for a human to rule on.
Q64453	Abu Ghabshan al-Muhtarish son of Hulail al-Khuzaa	3	[Q64447 'Hulail ibn Hubshiyyah'] ; [Q90676 'N.N.'] ; [Q95688 'N.N.']		yes	3 listed parents do NOT collapse: they cluster into 3 distinct people, more than a biological pair. Deduplication cannot decide which 2 are the real parents, and choosing among 3 genuinely different claimed parents is genealogical judgement, not a merge. Clusters are shown for a human to rule on.
Q64516	Antoninus Pius	3	[Q65423 'Titus Aurelius Fulvus'] ; [Q65456 'Arria Fadilla'] ; [Q65489 'Hadrian']		yes	3 listed parents do NOT collapse: they cluster into 3 distinct people, more than a biological pair. Deduplication cannot decide which 2 are the real parents, and choosing among 3 genuinely different claimed parents is genealogical judgement, not a merge. Clusters are shown for a human to rule on.
Q64600	'Amr bin  Ka'ab at-Taymi	3	[Q64080 'Ka'ab bin Sa'ad at-Taymi' = Q64196 'Ka'ab Sa'ad bin Zayd at-Taymi'] ; [Q64597 'No Name Zauja-e-Ka'ab bin Sa'ad at-Taymi']	Q64080,Q64597	no	3 listed parents collapse to 2 distinct person(s): 1 record(s) are duplicates of another listed parent. Evidence — Q64080+Q64196: same given name and every surname token matches as a spelling variant ('Ka'ab bin Sa'ad at-Taymi' / 'Ka'ab Sa'ad bin Zayd at-Taymi'). The two survivors are one male and one female, as a biological parent pair should be
Q6462	Xu Fu	3	[Q153772 'Xú Měng'] ; [Q6491 'Izanagi'] ; [Q6493 'Izanami']		yes	3 listed parents do NOT collapse: they cluster into 3 distinct people, more than a biological pair. Deduplication cannot decide which 2 are the real parents, and choosing among 3 genuinely different claimed parents is genealogical judgement, not a merge. Clusters are shown for a human to rule on.
Q6478	Hou Ji	3	[Q6453 'Emperor Ku' = Q87823 'Emperor Ku descendant of the Yellow Emperor'] ; [Q6470 'Jiang Yuan']	Q6453,Q6470	no	3 listed parents collapse to 2 distinct person(s): 1 record(s) are duplicates of another listed parent. Evidence — Q6453+Q87823: same given name and every surname token matches as a spelling variant ('Emperor Ku' / 'Emperor Ku descendant of the Yellow Emperor'). The two survivors are one male and one female, as a biological parent pair should be
Q6480	Xie of Shang	3	[Q6453 'Emperor Ku' = Q87823 'Emperor Ku descendant of the Yellow Emperor'] ; [Q6472 'Jiandi']	Q6453,Q6472	no	3 listed parents collapse to 2 distinct person(s): 1 record(s) are duplicates of another listed parent. Evidence — Q6453+Q87823: same given name and every surname token matches as a spelling variant ('Emperor Ku' / 'Emperor Ku descendant of the Yellow Emperor'). The two survivors are one male and one female, as a biological parent pair should be
Q64849	Hilal son of Faalij	3	[Q64379 'Faalij son of Dhakwan (Zakwaan)'] ; [Q64846 'N.N.'] ; [Q96270 'Falij son of Dhakwan']		yes	3 listed parents do NOT collapse: they cluster into 3 distinct people, more than a biological pair. Deduplication cannot decide which 2 are the real parents, and choosing among 3 genuinely different claimed parents is genealogical judgement, not a merge. Clusters are shown for a human to rule on.
Q64990	'Abd al-'Uzza bin Sayyidi 'Abd Shams	3	[Q64471 'Abd Shams ibn Abd Manaf' = Q94808 'Abd Shams ibn Abd Manaf'] ; [Q95189 ''Abla Zauja-e-'Abd Shams bin Imaam Abd al-Man']	Q94808,Q95189	no	3 listed parents collapse to 2 distinct person(s): 1 record(s) are duplicates of another listed parent. Evidence — Q64471+Q94808: identical label 'Abd Shams ibn Abd Manaf'. The two survivors are one male and one female, as a biological parent pair should be
Q64993	Habib son of  Abd Shams	3	[Q64471 'Abd Shams ibn Abd Manaf' = Q94808 'Abd Shams ibn Abd Manaf'] ; [Q95189 ''Abla Zauja-e-'Abd Shams bin Imaam Abd al-Man']	Q94808,Q95189	no	3 listed parents collapse to 2 distinct person(s): 1 record(s) are duplicates of another listed parent. Evidence — Q64471+Q94808: identical label 'Abd Shams ibn Abd Manaf'. The two survivors are one male and one female, as a biological parent pair should be
Q64999	Umayyah al-Akbar bin Sayyidi 'Abd Shams	3	[Q64471 'Abd Shams ibn Abd Manaf' = Q94808 'Abd Shams ibn Abd Manaf'] ; [Q95189 ''Abla Zauja-e-'Abd Shams bin Imaam Abd al-Man']	Q94808,Q95189	no	3 listed parents collapse to 2 distinct person(s): 1 record(s) are duplicates of another listed parent. Evidence — Q64471+Q94808: identical label 'Abd Shams ibn Abd Manaf'. The two survivors are one male and one female, as a biological parent pair should be
Q6513	Shun	3	[Q2453 'Notarga'] ; [Q6529 'Gusou'] ; [Q6531 'Wodeng']		yes	3 listed parents do NOT collapse: they cluster into 3 distinct people, more than a biological pair. Deduplication cannot decide which 2 are the real parents, and choosing among 3 genuinely different claimed parents is genealogical judgement, not a merge. Clusters are shown for a human to rule on.
Q65192	Gaius Annianus Verus	3	[Q141756 'Annia Rupilia Faustina'] ; [Q66425 'Gaius Ummidius Quadratus Sertorius Severus'] ; [Q66455 'Sertoria Sallustius']		yes	3 listed parents do NOT collapse: they cluster into 3 distinct people, more than a biological pair. Deduplication cannot decide which 2 are the real parents, and choosing among 3 genuinely different claimed parents is genealogical judgement, not a merge. Clusters are shown for a human to rule on.
Q65225	Annia Cornificia Faustina	3	[Q139826 'Calvisia Domitia Lucilla'] ; [Q64549 'Marcus Annius Verus'] ; [Q64582 'Domitia Lucilla Minor']		yes	3 listed parents do NOT collapse: they cluster into 3 distinct people, more than a biological pair. Deduplication cannot decide which 2 are the real parents, and choosing among 3 genuinely different claimed parents is genealogical judgement, not a merge. Clusters are shown for a human to rule on.
Q65555	'Adnaan Bin  Imaam 'Udd	3	[Q66382 'al-Mutamattarah 'Ali bin Jarham'] ; [Q66385 'Imaam 'Udd \ Add Ben Add Ben ?'Udadh'] ; [Q66394 'Udd son of Umaisi']		yes	3 listed parents do NOT collapse: they cluster into 3 distinct people, more than a biological pair. Deduplication cannot decide which 2 are the real parents, and choosing among 3 genuinely different claimed parents is genealogical judgement, not a merge. Clusters are shown for a human to rule on.
Q65585	Julius	3	[Q66976 'Boionia Procilla Sevilla'] ; [Q66991 'Gaius Julius Longinus Soaemus of Emesa'] ; [Q67024 'Gaius Julius Sampsigeramus']		yes	3 listed parents do NOT collapse: they cluster into 3 distinct people, more than a biological pair. Deduplication cannot decide which 2 are the real parents, and choosing among 3 genuinely different claimed parents is genealogical judgement, not a merge. Clusters are shown for a human to rule on.
Q65750	Abdullah  Banu Hashim	3	[Q65008 'Abd al-Muttalib born of Hashim'] ; [Q65909 '#1 Fatima Banu Hashim al Makhzumi'] ; [Q94219 'Fatima daughter of Amr al-Makhzumi']		yes	3 listed parents do NOT collapse: they cluster into 3 distinct people, more than a biological pair. Deduplication cannot decide which 2 are the real parents, and choosing among 3 genuinely different claimed parents is genealogical judgement, not a merge. Clusters are shown for a human to rule on.
Q65808	Abu al-'As ibn Umayya	3	[Q108181 'Umayya ibn Abd Shams'] ; [Q64987 'Ummayah Ibn 'Abd Shams' = Q95187 'Ummayah Ibn 'Abd Shams']	Q108181,Q95187	no	3 listed parents collapse to 2 distinct person(s): 1 record(s) are duplicates of another listed parent. Evidence — Q64987+Q95187: identical label 'Ummayah Ibn 'Abd Shams'. NOTE both survivors are recorded male — the collapse is clean but the resulting pair is not a biological one; a further duplicate may be hiding behind differing labels
Q65831	Harb son of Umayyah Ibn  Umayyah	3	[Q64999 'Umayyah al-Akbar bin Sayyidi 'Abd Shams'] ; [Q65075 'Umayyah'] ; [Q95704 'Amina']		yes	3 listed parents do NOT collapse: they cluster into 3 distinct people, more than a biological pair. Deduplication cannot decide which 2 are the real parents, and choosing among 3 genuinely different claimed parents is genealogical judgement, not a merge. Clusters are shown for a human to rule on.
Q66140	Warraqa'	3	[Q65237 'Nawfal bin As'sad bin `Abd al-`Uzza'] ; [Q96266 'Naufal'] ; [Q96922 'No Name Zauja-e-Sayyidna Nawfal bin As'sad']		yes	3 listed parents do NOT collapse: they cluster into 3 distinct people, more than a biological pair. Deduplication cannot decide which 2 are the real parents, and choosing among 3 genuinely different claimed parents is genealogical judgement, not a merge. Clusters are shown for a human to rule on.
Q6616	Taibo	3	[Q6605 'King Tai of Zhou'] ; [Q6612 'Tai Jiang'] ; [Q87737 'Gu Gong Dan Fu Ji']		yes	3 listed parents do NOT collapse: they cluster into 3 distinct people, more than a biological pair. Deduplication cannot decide which 2 are the real parents, and choosing among 3 genuinely different claimed parents is genealogical judgement, not a merge. Clusters are shown for a human to rule on.
Q66164	Petronius Probinus	3	[Q123588 'Petronius Probianus'] ; [Q75610 'Betitia Rome'] ; [Q75613 'Faltonius Probus De Rome']		yes	3 listed parents do NOT collapse: they cluster into 3 distinct people, more than a biological pair. Deduplication cannot decide which 2 are the real parents, and choosing among 3 genuinely different claimed parents is genealogical judgement, not a merge. Clusters are shown for a human to rule on.
Q6618	Zhongyong of Wu	3	[Q6605 'King Tai of Zhou'] ; [Q6612 'Tai Jiang'] ; [Q87737 'Gu Gong Dan Fu Ji']		yes	3 listed parents do NOT collapse: they cluster into 3 distinct people, more than a biological pair. Deduplication cannot decide which 2 are the real parents, and choosing among 3 genuinely different claimed parents is genealogical judgement, not a merge. Clusters are shown for a human to rule on.
Q66363	Abu Bakr son of Maulana Ali	3	[Q65450 'Laila Bint Mas'ud'] ; [Q66360 'Sayyidina Ali ibn Abi Talib'] ; [Q94016 'Layla bint Mas'ud']		yes	3 listed parents do NOT collapse: they cluster into 3 distinct people, more than a biological pair. Deduplication cannot decide which 2 are the real parents, and choosing among 3 genuinely different claimed parents is genealogical judgement, not a merge. Clusters are shown for a human to rule on.
Q66385	Imaam 'Udd \ Add Ben  Add Ben ?'Udadh	3	[Q67549 ''Udadh ('Udaz) Beyt Kedar'] ; [Q67552 'Humaisi' direct to Addi \ Udd desc Malchut ben Abraham'] ; [Q67555 'N.N.']		yes	3 listed parents do NOT collapse: they cluster into 3 distinct people, more than a biological pair. Deduplication cannot decide which 2 are the real parents, and choosing among 3 genuinely different claimed parents is genealogical judgement, not a merge. Clusters are shown for a human to rule on.
Q66530	"Arwaa' ""Umm-e-Jamil"" binte Harb"	3	[Q65708 'Shafiyah daughter of`Abdi l-Muttalib'] ; [Q65831 'Harb son of Umayyah Ibn Umayyah' = Q95706 'Harb son of Umayya']	Q65708,Q95706	no	3 listed parents collapse to 2 distinct person(s): 1 record(s) are duplicates of another listed parent. Evidence — Q65831+Q95706: same given name and every surname token matches as a spelling variant ('Harb son of Umayyah Ibn Umayyah' / 'Harb son of Umayya'). The two survivors are one male and one female, as a biological parent pair should be
Q66536	Safi son of Harith son of Harb	3	[Q65708 'Shafiyah daughter of`Abdi l-Muttalib'] ; [Q66533 'Al-Harith ibn Harb'] ; [Q94405 'Safiyyah daughter of Abd al-Muttalib']		yes	3 listed parents do NOT collapse: they cluster into 3 distinct people, more than a biological pair. Deduplication cannot decide which 2 are the real parents, and choosing among 3 genuinely different claimed parents is genealogical judgement, not a merge. Clusters are shown for a human to rule on.
Q66590	Amir son of  Hamza	3	[Q65732 '3 Hamzah son of Abdul Muthalib son of Abdul Muttalib'] ; [Q94413 'Hamza ibn Abd al-Muttalib'] ; [Q94749 '#1 Bintul Millah ibn Malik']		yes	3 listed parents do NOT collapse: they cluster into 3 distinct people, more than a biological pair. Deduplication cannot decide which 2 are the real parents, and choosing among 3 genuinely different claimed parents is genealogical judgement, not a merge. Clusters are shown for a human to rule on.
Q66662	Abu al-'As bin ar-Rabeea'	3	[Q65817 'ar-Rabeea' bin 'Abd al-'Uzza bin 'Abd Shams'] ; [Q66128 'Halah daughter of Khuwaylid'] ; [Q96276 'Hala daughter of Khuwaylid']		yes	3 listed parents do NOT collapse: they cluster into 3 distinct people, more than a biological pair. Deduplication cannot decide which 2 are the real parents, and choosing among 3 genuinely different claimed parents is genealogical judgement, not a merge. Clusters are shown for a human to rule on.
Q66670	Fatimah binte Shaibah ar-Rabi'ah	3	[Q65820 'Shaibah bin ar-Rabi'ah bin 'Abd Shams'] ; [Q95700 'Shaiba bin Rabi'a'] ; [Q96278 'No Name Zauja-e-Shaibah bin ar-Rabi'ah']		yes	3 listed parents do NOT collapse: they cluster into 3 distinct people, more than a biological pair. Deduplication cannot decide which 2 are the real parents, and choosing among 3 genuinely different claimed parents is genealogical judgement, not a merge. Clusters are shown for a human to rule on.
Q66682	Amir son of  Kurayz	3	[Q65825 'Kariz son of Abi al-As'] ; [Q65876 'Ummu'l Hakim al-Bayda' bint Imaam 'Abd al-Muttalib'] ; [Q94223 'Um al-Hakim al-Bayda']		yes	3 listed parents do NOT collapse: they cluster into 3 distinct people, more than a biological pair. Deduplication cannot decide which 2 are the real parents, and choosing among 3 genuinely different claimed parents is genealogical judgement, not a merge. Clusters are shown for a human to rule on.
Q66688	Talha son of  Kurayz	3	[Q65825 'Kariz son of Abi al-As'] ; [Q65876 'Ummu'l Hakim al-Bayda' bint Imaam 'Abd al-Muttalib'] ; [Q94223 'Um al-Hakim al-Bayda']		yes	3 listed parents do NOT collapse: they cluster into 3 distinct people, more than a biological pair. Deduplication cannot decide which 2 are the real parents, and choosing among 3 genuinely different claimed parents is genealogical judgement, not a merge. Clusters are shown for a human to rule on.
Q66691	Umm Talha daughter of  Kurayz	3	[Q65825 'Kariz son of Abi al-As'] ; [Q65876 'Ummu'l Hakim al-Bayda' bint Imaam 'Abd al-Muttalib'] ; [Q94223 'Um al-Hakim al-Bayda']		yes	3 listed parents do NOT collapse: they cluster into 3 distinct people, more than a biological pair. Deduplication cannot decide which 2 are the real parents, and choosing among 3 genuinely different claimed parents is genealogical judgement, not a merge. Clusters are shown for a human to rule on.
Q66706	Naufal son of al-Haarith	3	[Q65861 'Al-Harith son of Abdul-Muttalib' = Q94403 'al-Harith son of Abdul-Muttalib'] ; [Q94709 'NN Mrs. al-Harith Zauja-e-al-Haarith bin Imaam 'Abd al-Mut']	Q65861,Q94709	no	3 listed parents collapse to 2 distinct person(s): 1 record(s) are duplicates of another listed parent. Evidence — Q65861+Q94403: identical label 'Al-Harith son of Abdul-Muttalib'. The two survivors are one male and one female, as a biological parent pair should be
Q66709	Arwah binte al-Haarith	3	[Q65861 'Al-Harith son of Abdul-Muttalib' = Q94403 'al-Harith son of Abdul-Muttalib'] ; [Q94719 'Ghaziya daughter of Qays']	Q65861,Q94719	no	3 listed parents collapse to 2 distinct person(s): 1 record(s) are duplicates of another listed parent. Evidence — Q65861+Q94403: identical label 'Al-Harith son of Abdul-Muttalib'. The two survivors are one male and one female, as a biological parent pair should be
Q66712	'Abd Shams bin al-Haarith	3	[Q65861 'Al-Harith son of Abdul-Muttalib' = Q94403 'al-Harith son of Abdul-Muttalib'] ; [Q94709 'NN Mrs. al-Harith Zauja-e-al-Haarith bin Imaam 'Abd al-Mut']	Q65861,Q94709	no	3 listed parents collapse to 2 distinct person(s): 1 record(s) are duplicates of another listed parent. Evidence — Q65861+Q94403: identical label 'Al-Harith son of Abdul-Muttalib'. The two survivors are one male and one female, as a biological parent pair should be
Q66724	Rabeea' bin al-Haarith	3	[Q65861 'Al-Harith son of Abdul-Muttalib' = Q94403 'al-Harith son of Abdul-Muttalib'] ; [Q94709 'NN Mrs. al-Harith Zauja-e-al-Haarith bin Imaam 'Abd al-Mut']	Q65861,Q94709	no	3 listed parents collapse to 2 distinct person(s): 1 record(s) are duplicates of another listed parent. Evidence — Q65861+Q94403: identical label 'Al-Harith son of Abdul-Muttalib'. The two survivors are one male and one female, as a biological parent pair should be
Q66727	Abu Sufyaan son of al-Haarith	3	[Q65861 'Al-Harith son of Abdul-Muttalib' = Q94403 'al-Harith son of Abdul-Muttalib'] ; [Q94709 'NN Mrs. al-Harith Zauja-e-al-Haarith bin Imaam 'Abd al-Mut']	Q65861,Q94709	no	3 listed parents collapse to 2 distinct person(s): 1 record(s) are duplicates of another listed parent. Evidence — Q65861+Q94403: identical label 'Al-Harith son of Abdul-Muttalib'. The two survivors are one male and one female, as a biological parent pair should be
Q66739	Utaybah bin Abu Lahab	3	"[Q65867 'Abu Lahab Abd al-Uzza bin Imaam 'Abd al-Muttalib' = Q94227 'Abu Lahab'] ; [Q66530 'Arwaa' ""Umm-e-Jamil"" binte Harb']"	Q94227,Q66530	no	3 listed parents collapse to 2 distinct person(s): 1 record(s) are duplicates of another listed parent. Evidence — Q65867+Q94227: same given name and every surname token matches as a spelling variant ('Abu Lahab Abd al-Uzza bin Imaam 'Abd al-Muttalib' / 'Abu Lahab'). The two survivors are one male and one female, as a biological parent pair should be
Q66742	Uzza bin  Abd al-'Uzza (Abu Lahab)	3	"[Q65867 'Abu Lahab Abd al-Uzza bin Imaam 'Abd al-Muttalib' = Q94227 'Abu Lahab'] ; [Q66530 'Arwaa' ""Umm-e-Jamil"" binte Harb']"	Q94227,Q66530	no	3 listed parents collapse to 2 distinct person(s): 1 record(s) are duplicates of another listed parent. Evidence — Q65867+Q94227: same given name and every surname token matches as a spelling variant ('Abu Lahab Abd al-Uzza bin Imaam 'Abd al-Muttalib' / 'Abu Lahab'). The two survivors are one male and one female, as a biological parent pair should be
Q66745	MU'ATTIB bin  Abd al-'Uzza (Abu Lahab)	3	"[Q65867 'Abu Lahab Abd al-Uzza bin Imaam 'Abd al-Muttalib' = Q94227 'Abu Lahab'] ; [Q66530 'Arwaa' ""Umm-e-Jamil"" binte Harb']"	Q94227,Q66530	no	3 listed parents collapse to 2 distinct person(s): 1 record(s) are duplicates of another listed parent. Evidence — Q65867+Q94227: same given name and every surname token matches as a spelling variant ('Abu Lahab Abd al-Uzza bin Imaam 'Abd al-Muttalib' / 'Abu Lahab'). The two survivors are one male and one female, as a biological parent pair should be
Q66751	Publius Aelius Hadrianus Afer	3	[Q68157 'Ulpia Domitia'] ; [Q68190 'Aelius Hadrianus Marullinus'] ; [Q70095 'Ulpia']		yes	3 listed parents do NOT collapse: they cluster into 3 distinct people, more than a biological pair. Deduplication cannot decide which 2 are the real parents, and choosing among 3 genuinely different claimed parents is genealogical judgement, not a merge. Clusters are shown for a human to rule on.
Q66754	Khalid bin  Abd al-'Uzza (Abu Lahab)	3	"[Q65867 'Abu Lahab Abd al-Uzza bin Imaam 'Abd al-Muttalib' = Q94227 'Abu Lahab'] ; [Q66530 'Arwaa' ""Umm-e-Jamil"" binte Harb']"	Q94227,Q66530	no	3 listed parents collapse to 2 distinct person(s): 1 record(s) are duplicates of another listed parent. Evidence — Q65867+Q94227: same given name and every surname token matches as a spelling variant ('Abu Lahab Abd al-Uzza bin Imaam 'Abd al-Muttalib' / 'Abu Lahab'). The two survivors are one male and one female, as a biological parent pair should be
Q66763	Utbah son of Abu Lahab  Abu Lahab	3	"[Q65867 'Abu Lahab Abd al-Uzza bin Imaam 'Abd al-Muttalib' = Q94227 'Abu Lahab'] ; [Q66530 'Arwaa' ""Umm-e-Jamil"" binte Harb']"	Q94227,Q66530	no	3 listed parents collapse to 2 distinct person(s): 1 record(s) are duplicates of another listed parent. Evidence — Q65867+Q94227: same given name and every surname token matches as a spelling variant ('Abu Lahab Abd al-Uzza bin Imaam 'Abd al-Muttalib' / 'Abu Lahab'). The two survivors are one male and one female, as a biological parent pair should be
Q66766	Masruh bin  Abd al-'Uzza (Abu Lahab)	3	[Q65867 'Abu Lahab Abd al-Uzza bin Imaam 'Abd al-Muttalib' = Q94227 'Abu Lahab'] ; [Q94467 'Thuwayba Abdul-Muttalib']	Q94227,Q94467	no	3 listed parents collapse to 2 distinct person(s): 1 record(s) are duplicates of another listed parent. Evidence — Q65867+Q94227: same given name and every surname token matches as a spelling variant ('Abu Lahab Abd al-Uzza bin Imaam 'Abd al-Muttalib' / 'Abu Lahab'). The two survivors are one male and one female, as a biological parent pair should be
Q66784	Andhra Pradesh	3	[Q68223 'Marcus Ulpius Traianus'] ; [Q68256 'Marcia'] ; [Q68283 'Nerva']		yes	3 listed parents do NOT collapse: they cluster into 3 distinct people, more than a biological pair. Deduplication cannot decide which 2 are the real parents, and choosing among 3 genuinely different claimed parents is genealogical judgement, not a merge. Clusters are shown for a human to rule on.
Q66796	Arwa daughter of  Kurayz	3	[Q65876 'Ummu'l Hakim al-Bayda' bint Imaam 'Abd al-Muttalib'] ; [Q94223 'Um al-Hakim al-Bayda'] ; [Q94447 'Kurayz ibn Rabi'ah']		yes	3 listed parents do NOT collapse: they cluster into 3 distinct people, more than a biological pair. Deduplication cannot decide which 2 are the real parents, and choosing among 3 genuinely different claimed parents is genealogical judgement, not a merge. Clusters are shown for a human to rule on.
Q66799	Duba'ah bint  Az-Zubayr	3	[Q65882 'az-Zubayr Bin Imaam 'Abd al-Muttalib'] ; [Q94225 'al-Zubayr son of Abdul-Muttalib'] ; [Q94449 'Atika daughter of Abu Wahb']		yes	3 listed parents do NOT collapse: they cluster into 3 distinct people, more than a biological pair. Deduplication cannot decide which 2 are the real parents, and choosing among 3 genuinely different claimed parents is genealogical judgement, not a merge. Clusters are shown for a human to rule on.
Q66802	Umm Hakim daughter of  Az-Zubayr	3	[Q65882 'az-Zubayr Bin Imaam 'Abd al-Muttalib'] ; [Q94225 'al-Zubayr son of Abdul-Muttalib'] ; [Q94449 'Atika daughter of Abu Wahb']		yes	3 listed parents do NOT collapse: they cluster into 3 distinct people, more than a biological pair. Deduplication cannot decide which 2 are the real parents, and choosing among 3 genuinely different claimed parents is genealogical judgement, not a merge. Clusters are shown for a human to rule on.
Q66805	Safiya daughter of  Az-Zubayr	3	[Q65882 'az-Zubayr Bin Imaam 'Abd al-Muttalib'] ; [Q94225 'al-Zubayr son of Abdul-Muttalib'] ; [Q94449 'Atika daughter of Abu Wahb']		yes	3 listed parents do NOT collapse: they cluster into 3 distinct people, more than a biological pair. Deduplication cannot decide which 2 are the real parents, and choosing among 3 genuinely different claimed parents is genealogical judgement, not a merge. Clusters are shown for a human to rule on.
Q66808	Umm al-Zubayr daughter of  Az-Zubayr	3	[Q65882 'az-Zubayr Bin Imaam 'Abd al-Muttalib'] ; [Q94225 'al-Zubayr son of Abdul-Muttalib'] ; [Q94449 'Atika daughter of Abu Wahb']		yes	3 listed parents do NOT collapse: they cluster into 3 distinct people, more than a biological pair. Deduplication cannot decide which 2 are the real parents, and choosing among 3 genuinely different claimed parents is genealogical judgement, not a merge. Clusters are shown for a human to rule on.
Q66817	Pompeia Plotina	3	[Q151520 'Lucius Pompeius' = Q68317 'Lucius Pompeius'] ; [Q68335 'Plotia']	Q151520,Q68335	no	3 listed parents collapse to 2 distinct person(s): 1 record(s) are duplicates of another listed parent. Evidence — Q151520+Q68317: identical label 'Lucius Pompeius'. The two survivors are one male and one female, as a biological parent pair should be
Q66826	Tulayb son of  Umayr	3	[Q65885 ''Arwa Bint Abdul Muttalib'] ; [Q94229 'Arwa daughter of Abdul-Muttalib'] ; [Q94469 'Umair son of Wahb']		yes	3 listed parents do NOT collapse: they cluster into 3 distinct people, more than a biological pair. Deduplication cannot decide which 2 are the real parents, and choosing among 3 genuinely different claimed parents is genealogical judgement, not a merge. Clusters are shown for a human to rule on.
Q66829	Abu Salma 'Abdullah bin 'Abdul Asad	3	[Q65888 'Barrah daughter of Abdul Muttalib'] ; [Q94237 'Barra daughter of Abdul-Muttalib'] ; [Q94491 ''Abdul Asad bin Hilal']		yes	3 listed parents do NOT collapse: they cluster into 3 distinct people, more than a biological pair. Deduplication cannot decide which 2 are the real parents, and choosing among 3 genuinely different claimed parents is genealogical judgement, not a merge. Clusters are shown for a human to rule on.
Q66832	Abu Sabra son of  Abu Ruhm	3	[Q65888 'Barrah daughter of Abdul Muttalib'] ; [Q94237 'Barra daughter of Abdul-Muttalib'] ; [Q94491 ''Abdul Asad bin Hilal']		yes	3 listed parents do NOT collapse: they cluster into 3 distinct people, more than a biological pair. Deduplication cannot decide which 2 are the real parents, and choosing among 3 genuinely different claimed parents is genealogical judgement, not a merge. Clusters are shown for a human to rule on.
Q66838	Abdullah son of  Jahsh	3	[Q65900 'Umaymah daughter of Abdul Muttalib'] ; [Q94235 'Umayma daughter of Abdul-Muttalib'] ; [Q94483 'Jahsh son of Rabab al-Asadi']		yes	3 listed parents do NOT collapse: they cluster into 3 distinct people, more than a biological pair. Deduplication cannot decide which 2 are the real parents, and choosing among 3 genuinely different claimed parents is genealogical judgement, not a merge. Clusters are shown for a human to rule on.
Q66844	Hammanah binte Jahash al-Asadi	3	[Q65900 'Umaymah daughter of Abdul Muttalib'] ; [Q94235 'Umayma daughter of Abdul-Muttalib'] ; [Q94483 'Jahsh son of Rabab al-Asadi']		yes	3 listed parents do NOT collapse: they cluster into 3 distinct people, more than a biological pair. Deduplication cannot decide which 2 are the real parents, and choosing among 3 genuinely different claimed parents is genealogical judgement, not a merge. Clusters are shown for a human to rule on.
Q66847	Abu Ahmad	3	[Q65900 'Umaymah daughter of Abdul Muttalib'] ; [Q94235 'Umayma daughter of Abdul-Muttalib'] ; [Q94483 'Jahsh son of Rabab al-Asadi']		yes	3 listed parents do NOT collapse: they cluster into 3 distinct people, more than a biological pair. Deduplication cannot decide which 2 are the real parents, and choosing among 3 genuinely different claimed parents is genealogical judgement, not a merge. Clusters are shown for a human to rule on.
Q66853	Habiba (Umm Habib) daughter of  Jahsh	3	[Q65900 'Umaymah daughter of Abdul Muttalib'] ; [Q94235 'Umayma daughter of Abdul-Muttalib'] ; [Q94483 'Jahsh son of Rabab al-Asadi']		yes	3 listed parents do NOT collapse: they cluster into 3 distinct people, more than a biological pair. Deduplication cannot decide which 2 are the real parents, and choosing among 3 genuinely different claimed parents is genealogical judgement, not a merge. Clusters are shown for a human to rule on.
Q66895	Zaynab (daughter of Jahsh)  Banu Asad-Mudar	3	[Q65933 'Umama Banu Hashim'] ; [Q94235 'Umayma daughter of Abdul-Muttalib'] ; [Q94479 'Jahsh Banu Asad-Mudar']		yes	3 listed parents do NOT collapse: they cluster into 3 distinct people, more than a biological pair. Deduplication cannot decide which 2 are the real parents, and choosing among 3 genuinely different claimed parents is genealogical judgement, not a merge. Clusters are shown for a human to rule on.
Q66940	Umme Katheer binte al-Abbas	3	[Q86888 'Al-Abbas son of Abdul Muttalib'] ; [Q94415 'Abbas ibn Abd al-Muttalib'] ; [Q94772 'Musliya (Greek Woman)']		yes	3 listed parents do NOT collapse: they cluster into 3 distinct people, more than a biological pair. Deduplication cannot decide which 2 are the real parents, and choosing among 3 genuinely different claimed parents is genealogical judgement, not a merge. Clusters are shown for a human to rule on.
Q66943	Safiya binte al-Abbas	3	[Q86888 'Al-Abbas son of Abdul Muttalib'] ; [Q94415 'Abbas ibn Abd al-Muttalib'] ; [Q94772 'Musliya (Greek Woman)']		yes	3 listed parents do NOT collapse: they cluster into 3 distinct people, more than a biological pair. Deduplication cannot decide which 2 are the real parents, and choosing among 3 genuinely different claimed parents is genealogical judgement, not a merge. Clusters are shown for a human to rule on.
Q66949	Amina daughter of  al-Abbas	3	[Q86888 'Al-Abbas son of Abdul Muttalib'] ; [Q94415 'Abbas ibn Abd al-Muttalib'] ; [Q94772 'Musliya (Greek Woman)']		yes	3 listed parents do NOT collapse: they cluster into 3 distinct people, more than a biological pair. Deduplication cannot decide which 2 are the real parents, and choosing among 3 genuinely different claimed parents is genealogical judgement, not a merge. Clusters are shown for a human to rule on.
Q66952	Katheer son of al-Abbas	3	[Q86888 'Al-Abbas son of Abdul Muttalib'] ; [Q94415 'Abbas ibn Abd al-Muttalib'] ; [Q94772 'Musliya (Greek Woman)']		yes	3 listed parents do NOT collapse: they cluster into 3 distinct people, more than a biological pair. Deduplication cannot decide which 2 are the real parents, and choosing among 3 genuinely different claimed parents is genealogical judgement, not a merge. Clusters are shown for a human to rule on.
Q66955	Tamaam son of al-Abbas	3	[Q86888 'Al-Abbas son of Abdul Muttalib'] ; [Q94415 'Abbas ibn Abd al-Muttalib'] ; [Q94772 'Musliya (Greek Woman)']		yes	3 listed parents do NOT collapse: they cluster into 3 distinct people, more than a biological pair. Deduplication cannot decide which 2 are the real parents, and choosing among 3 genuinely different claimed parents is genealogical judgement, not a merge. Clusters are shown for a human to rule on.
Q66958	al-Faraa daughter of  al-Abbas	3	[Q86888 'Al-Abbas son of Abdul Muttalib'] ; [Q94415 'Abbas ibn Abd al-Muttalib'] ; [Q94778 'Tukana (Jewish Woman)']		yes	3 listed parents do NOT collapse: they cluster into 3 distinct people, more than a biological pair. Deduplication cannot decide which 2 are the real parents, and choosing among 3 genuinely different claimed parents is genealogical judgement, not a merge. Clusters are shown for a human to rule on.
Q66961	al-Abbas son of  al-Abbas	3	[Q86888 'Al-Abbas son of Abdul Muttalib'] ; [Q94415 'Abbas ibn Abd al-Muttalib'] ; [Q94778 'Tukana (Jewish Woman)']		yes	3 listed parents do NOT collapse: they cluster into 3 distinct people, more than a biological pair. Deduplication cannot decide which 2 are the real parents, and choosing among 3 genuinely different claimed parents is genealogical judgement, not a merge. Clusters are shown for a human to rule on.
Q66964	Mushir son of  al-Abbas	3	[Q86888 'Al-Abbas son of Abdul Muttalib'] ; [Q94415 'Abbas ibn Abd al-Muttalib'] ; [Q94778 'Tukana (Jewish Woman)']		yes	3 listed parents do NOT collapse: they cluster into 3 distinct people, more than a biological pair. Deduplication cannot decide which 2 are the real parents, and choosing among 3 genuinely different claimed parents is genealogical judgement, not a merge. Clusters are shown for a human to rule on.
Q66967	Awn son of  Abbas	3	[Q86888 'Al-Abbas son of Abdul Muttalib'] ; [Q94415 'Abbas ibn Abd al-Muttalib'] ; [Q94778 'Tukana (Jewish Woman)']		yes	3 listed parents do NOT collapse: they cluster into 3 distinct people, more than a biological pair. Deduplication cannot decide which 2 are the real parents, and choosing among 3 genuinely different claimed parents is genealogical judgement, not a merge. Clusters are shown for a human to rule on.
Q66991	Gaius Julius Longinus Soaemus of Emesa	3	[Q67024 'Gaius Julius Sampsigeramus' = Q99322 'Sampsiceramus III of Emesa'] ; [Q99324 'N.N.']	Q67024,Q99324	no	3 listed parents collapse to 2 distinct person(s): 1 record(s) are duplicates of another listed parent. Evidence — Q67024+Q99322: same Geni ID (6000000041117057104). The two survivors are one male and one female, as a biological parent pair should be
Q67486	Yahya son of  Maulana Ali	3	[Q66360 'Sayyidina Ali ibn Abi Talib'] ; [Q66566 'Asma daughter of Umais'] ; [Q66874 '1 Ali (ibn Abu Talib) ibn Abi Talib (abt. 0600 - abt. 0661) Banu Umayya']		yes	3 listed parents do NOT collapse: they cluster into 3 distinct people, more than a biological pair. Deduplication cannot decide which 2 are the real parents, and choosing among 3 genuinely different claimed parents is genealogical judgement, not a merge. Clusters are shown for a human to rule on.
Q67492	Awn son of  Maulana Ali	3	[Q66360 'Sayyidina Ali ibn Abi Talib'] ; [Q66566 'Asma daughter of Umais'] ; [Q66874 '1 Ali (ibn Abu Talib) ibn Abi Talib (abt. 0600 - abt. 0661) Banu Umayya']		yes	3 listed parents do NOT collapse: they cluster into 3 distinct people, more than a biological pair. Deduplication cannot decide which 2 are the real parents, and choosing among 3 genuinely different claimed parents is genealogical judgement, not a merge. Clusters are shown for a human to rule on.
Q67672	"Muhammad bin ""Abu Salma"" 'Abdullah"	3	[Q66506 'Ummu Salamah Hind Bint Abi Umayyah'] ; [Q66829 'Abu Salma 'Abdullah bin 'Abdul Asad'] ; [Q94475 'Umm Salamah Hind daughter of Abi Umayya']		yes	3 listed parents do NOT collapse: they cluster into 3 distinct people, more than a biological pair. Deduplication cannot decide which 2 are the real parents, and choosing among 3 genuinely different claimed parents is genealogical judgement, not a merge. Clusters are shown for a human to rule on.
Q67675	"Salma bin ""Abu Salma"" 'Abdullah"	3	[Q66506 'Ummu Salamah Hind Bint Abi Umayyah'] ; [Q66829 'Abu Salma 'Abdullah bin 'Abdul Asad'] ; [Q94475 'Umm Salamah Hind daughter of Abi Umayya']		yes	3 listed parents do NOT collapse: they cluster into 3 distinct people, more than a biological pair. Deduplication cannot decide which 2 are the real parents, and choosing among 3 genuinely different claimed parents is genealogical judgement, not a merge. Clusters are shown for a human to rule on.
Q67678	Umar son of  Abu Salama	3	[Q66506 'Ummu Salamah Hind Bint Abi Umayyah'] ; [Q66829 'Abu Salma 'Abdullah bin 'Abdul Asad'] ; [Q94475 'Umm Salamah Hind daughter of Abi Umayya']		yes	3 listed parents do NOT collapse: they cluster into 3 distinct people, more than a biological pair. Deduplication cannot decide which 2 are the real parents, and choosing among 3 genuinely different claimed parents is genealogical judgement, not a merge. Clusters are shown for a human to rule on.
Q67681	Durah daughter of  Abu Salama	3	[Q66506 'Ummu Salamah Hind Bint Abi Umayyah'] ; [Q66829 'Abu Salma 'Abdullah bin 'Abdul Asad'] ; [Q94475 'Umm Salamah Hind daughter of Abi Umayya']		yes	3 listed parents do NOT collapse: they cluster into 3 distinct people, more than a biological pair. Deduplication cannot decide which 2 are the real parents, and choosing among 3 genuinely different claimed parents is genealogical judgement, not a merge. Clusters are shown for a human to rule on.
Q67684	Zainab daughter of  Abu Salama	3	[Q66506 'Ummu Salamah Hind Bint Abi Umayyah'] ; [Q66829 'Abu Salma 'Abdullah bin 'Abdul Asad'] ; [Q94475 'Umm Salamah Hind daughter of Abi Umayya']		yes	3 listed parents do NOT collapse: they cluster into 3 distinct people, more than a biological pair. Deduplication cannot decide which 2 are the real parents, and choosing among 3 genuinely different claimed parents is genealogical judgement, not a merge. Clusters are shown for a human to rule on.
Q67690	Umayna daughter of  Sakhr (Abu Sufyan)	3	"[Q66527 'Abu Sufyaan ""Sakhr"" Bin Harb'] ; [Q66659 'Safiya binte Abu al-'As'] ; [Q96284 'Abu Sufyan son of Harb']"		yes	3 listed parents do NOT collapse: they cluster into 3 distinct people, more than a biological pair. Deduplication cannot decide which 2 are the real parents, and choosing among 3 genuinely different claimed parents is genealogical judgement, not a merge. Clusters are shown for a human to rule on.
Q67693	Hind daughter of  Sakhr (Abu Sufyan)	3	"[Q66527 'Abu Sufyaan ""Sakhr"" Bin Harb'] ; [Q66659 'Safiya binte Abu al-'As'] ; [Q96284 'Abu Sufyan son of Harb']"		yes	3 listed parents do NOT collapse: they cluster into 3 distinct people, more than a biological pair. Deduplication cannot decide which 2 are the real parents, and choosing among 3 genuinely different claimed parents is genealogical judgement, not a merge. Clusters are shown for a human to rule on.
Q67696	Sakhra daughter of  Sakhr (Abu Sufyan)	3	"[Q66527 'Abu Sufyaan ""Sakhr"" Bin Harb'] ; [Q66659 'Safiya binte Abu al-'As'] ; [Q96284 'Abu Sufyan son of Harb']"		yes	3 listed parents do NOT collapse: they cluster into 3 distinct people, more than a biological pair. Deduplication cannot decide which 2 are the real parents, and choosing among 3 genuinely different claimed parents is genealogical judgement, not a merge. Clusters are shown for a human to rule on.
Q67702	'Amr bin Abu Sufyaan	3	"[Q66527 'Abu Sufyaan ""Sakhr"" Bin Harb'] ; [Q66659 'Safiya binte Abu al-'As'] ; [Q96284 'Abu Sufyan son of Harb']"		yes	3 listed parents do NOT collapse: they cluster into 3 distinct people, more than a biological pair. Deduplication cannot decide which 2 are the real parents, and choosing among 3 genuinely different claimed parents is genealogical judgement, not a merge. Clusters are shown for a human to rule on.
Q67768	Juwayriya daughter of  Sakhr (Abu Sufyan)	3	"[Q66527 'Abu Sufyaan ""Sakhr"" Bin Harb'] ; [Q66673 'Hind binte 'Utbah ar-Rabi'ah'] ; [Q96284 'Abu Sufyan son of Harb']"		yes	3 listed parents do NOT collapse: they cluster into 3 distinct people, more than a biological pair. Deduplication cannot decide which 2 are the real parents, and choosing among 3 genuinely different claimed parents is genealogical judgement, not a merge. Clusters are shown for a human to rule on.
Q67771	Umm Hakam daughter of  Sakhr (Abu Sufyan)	3	"[Q66527 'Abu Sufyaan ""Sakhr"" Bin Harb'] ; [Q66673 'Hind binte 'Utbah ar-Rabi'ah'] ; [Q96284 'Abu Sufyan son of Harb']"		yes	3 listed parents do NOT collapse: they cluster into 3 distinct people, more than a biological pair. Deduplication cannot decide which 2 are the real parents, and choosing among 3 genuinely different claimed parents is genealogical judgement, not a merge. Clusters are shown for a human to rule on.
Q67774	Utbah son of  Sakhr (Abu Sufyan)	3	"[Q66527 'Abu Sufyaan ""Sakhr"" Bin Harb'] ; [Q66673 'Hind binte 'Utbah ar-Rabi'ah'] ; [Q96284 'Abu Sufyan son of Harb']"		yes	3 listed parents do NOT collapse: they cluster into 3 distinct people, more than a biological pair. Deduplication cannot decide which 2 are the real parents, and choosing among 3 genuinely different claimed parents is genealogical judgement, not a merge. Clusters are shown for a human to rule on.
Q67777	Hanzala son of Abu Sufyaan	3	"[Q66527 'Abu Sufyaan ""Sakhr"" Bin Harb'] ; [Q66673 'Hind binte 'Utbah ar-Rabi'ah'] ; [Q96284 'Abu Sufyan son of Harb']"		yes	3 listed parents do NOT collapse: they cluster into 3 distinct people, more than a biological pair. Deduplication cannot decide which 2 are the real parents, and choosing among 3 genuinely different claimed parents is genealogical judgement, not a merge. Clusters are shown for a human to rule on.
Q67780	Maimoona binte Abu Sufyaan	3	"[Q66527 'Abu Sufyaan ""Sakhr"" Bin Harb'] ; [Q96284 'Abu Sufyan son of Harb'] ; [Q96950 'No Name daughter of Zauja-e-Abu Sufyaan']"		yes	3 listed parents do NOT collapse: they cluster into 3 distinct people, more than a biological pair. Deduplication cannot decide which 2 are the real parents, and choosing among 3 genuinely different claimed parents is genealogical judgement, not a merge. Clusters are shown for a human to rule on.
Q67789	Harith son of  Sakhr (Abu Sufyan)	3	"[Q66527 'Abu Sufyaan ""Sakhr"" Bin Harb'] ; [Q96284 'Abu Sufyan son of Harb'] ; [Q96958 'NN Mr. Sakhr (Abu Sufyan)']"		yes	3 listed parents do NOT collapse: they cluster into 3 distinct people, more than a biological pair. Deduplication cannot decide which 2 are the real parents, and choosing among 3 genuinely different claimed parents is genealogical judgement, not a merge. Clusters are shown for a human to rule on.
Q67792	Azzah daughter of  Sakhr (Abu Sufyan)	3	"[Q66527 'Abu Sufyaan ""Sakhr"" Bin Harb'] ; [Q96284 'Abu Sufyan son of Harb'] ; [Q96958 'NN Mr. Sakhr (Abu Sufyan)']"		yes	3 listed parents do NOT collapse: they cluster into 3 distinct people, more than a biological pair. Deduplication cannot decide which 2 are the real parents, and choosing among 3 genuinely different claimed parents is genealogical judgement, not a merge. Clusters are shown for a human to rule on.
Q67834	Khalid son of  Zubayr	3	[Q66539 'az-Zubair son of al-Awwam'] ; [Q94723 'al-Zubair son of al-Awwam'] ; [Q95135 'Umm Khaled']		yes	3 listed parents do NOT collapse: they cluster into 3 distinct people, more than a biological pair. Deduplication cannot decide which 2 are the real parents, and choosing among 3 genuinely different claimed parents is genealogical judgement, not a merge. Clusters are shown for a human to rule on.
Q67837	Umar son of  Zubayr	3	[Q66539 'az-Zubair son of al-Awwam'] ; [Q94723 'al-Zubair son of al-Awwam'] ; [Q95135 'Umm Khaled']		yes	3 listed parents do NOT collapse: they cluster into 3 distinct people, more than a biological pair. Deduplication cannot decide which 2 are the real parents, and choosing among 3 genuinely different claimed parents is genealogical judgement, not a merge. Clusters are shown for a human to rule on.
Q67840	Habiba daughter of  Zubayr	3	[Q66539 'az-Zubair son of al-Awwam'] ; [Q94723 'al-Zubair son of al-Awwam'] ; [Q95135 'Umm Khaled']		yes	3 listed parents do NOT collapse: they cluster into 3 distinct people, more than a biological pair. Deduplication cannot decide which 2 are the real parents, and choosing among 3 genuinely different claimed parents is genealogical judgement, not a merge. Clusters are shown for a human to rule on.
Q67843	Sawda daughter of  Zubayr	3	[Q66539 'az-Zubair son of al-Awwam'] ; [Q94723 'al-Zubair son of al-Awwam'] ; [Q95135 'Umm Khaled']		yes	3 listed parents do NOT collapse: they cluster into 3 distinct people, more than a biological pair. Deduplication cannot decide which 2 are the real parents, and choosing among 3 genuinely different claimed parents is genealogical judgement, not a merge. Clusters are shown for a human to rule on.
Q67846	Hind daughter of  Zubayr	3	[Q66539 'az-Zubair son of al-Awwam'] ; [Q94723 'al-Zubair son of al-Awwam'] ; [Q95135 'Umm Khaled']		yes	3 listed parents do NOT collapse: they cluster into 3 distinct people, more than a biological pair. Deduplication cannot decide which 2 are the real parents, and choosing among 3 genuinely different claimed parents is genealogical judgement, not a merge. Clusters are shown for a human to rule on.
Q67855	Ramlah daughter of  Zubayr	3	[Q66539 'az-Zubair son of al-Awwam'] ; [Q94723 'al-Zubair son of al-Awwam'] ; [Q95139 'Rabbab daughter of Unayf i al-kalbiyyah']		yes	3 listed parents do NOT collapse: they cluster into 3 distinct people, more than a biological pair. Deduplication cannot decide which 2 are the real parents, and choosing among 3 genuinely different claimed parents is genealogical judgement, not a merge. Clusters are shown for a human to rule on.
Q67858	Hamzah son of  Zubayr	3	[Q66539 'az-Zubair son of al-Awwam'] ; [Q94723 'al-Zubair son of al-Awwam'] ; [Q95139 'Rabbab daughter of Unayf i al-kalbiyyah']		yes	3 listed parents do NOT collapse: they cluster into 3 distinct people, more than a biological pair. Deduplication cannot decide which 2 are the real parents, and choosing among 3 genuinely different claimed parents is genealogical judgement, not a merge. Clusters are shown for a human to rule on.
Q67885	Abdullah bin  Ja'afar ut-Tayyar	3	[Q66566 'Asma daughter of Umais'] ; [Q66775 'Ja'afar ut-Tayyar Bin Imaam Abu Taalib'] ; [Q66877 'Ja'far ibn Abi Talib']		yes	3 listed parents do NOT collapse: they cluster into 3 distinct people, more than a biological pair. Deduplication cannot decide which 2 are the real parents, and choosing among 3 genuinely different claimed parents is genealogical judgement, not a merge. Clusters are shown for a human to rule on.
Q67932	Asma binte Sayyidna Aqeel	3	"[Q66670 'Fatimah binte Shaibah ar-Rabi'ah'] ; [Q66772 'Aqeel ""Abu Yazid"" Bin Imaam Abu Taalib'] ; [Q94034 'Aqeel son of Abu Talib']"		yes	3 listed parents do NOT collapse: they cluster into 3 distinct people, more than a biological pair. Deduplication cannot decide which 2 are the real parents, and choosing among 3 genuinely different claimed parents is genealogical judgement, not a merge. Clusters are shown for a human to rule on.
Q67935	Zainab binte Sayyidna Aqeel	3	"[Q66670 'Fatimah binte Shaibah ar-Rabi'ah'] ; [Q66772 'Aqeel ""Abu Yazid"" Bin Imaam Abu Taalib'] ; [Q94034 'Aqeel son of Abu Talib']"		yes	3 listed parents do NOT collapse: they cluster into 3 distinct people, more than a biological pair. Deduplication cannot decide which 2 are the real parents, and choosing among 3 genuinely different claimed parents is genealogical judgement, not a merge. Clusters are shown for a human to rule on.
Q67938	Muhammad son of Sayyidna Aqeel	3	"[Q66670 'Fatimah binte Shaibah ar-Rabi'ah'] ; [Q66772 'Aqeel ""Abu Yazid"" Bin Imaam Abu Taalib'] ; [Q94034 'Aqeel son of Abu Talib']"		yes	3 listed parents do NOT collapse: they cluster into 3 distinct people, more than a biological pair. Deduplication cannot decide which 2 are the real parents, and choosing among 3 genuinely different claimed parents is genealogical judgement, not a merge. Clusters are shown for a human to rule on.
Q67941	'Isa bin Sayyidna Aqeel	3	"[Q66670 'Fatimah binte Shaibah ar-Rabi'ah'] ; [Q66772 'Aqeel ""Abu Yazid"" Bin Imaam Abu Taalib'] ; [Q94034 'Aqeel son of Abu Talib']"		yes	3 listed parents do NOT collapse: they cluster into 3 distinct people, more than a biological pair. Deduplication cannot decide which 2 are the real parents, and choosing among 3 genuinely different claimed parents is genealogical judgement, not a merge. Clusters are shown for a human to rule on.
Q67944	al-Hasan son of Sayyidna Aqeel	3	"[Q66670 'Fatimah binte Shaibah ar-Rabi'ah'] ; [Q66772 'Aqeel ""Abu Yazid"" Bin Imaam Abu Taalib'] ; [Q94034 'Aqeel son of Abu Talib']"		yes	3 listed parents do NOT collapse: they cluster into 3 distinct people, more than a biological pair. Deduplication cannot decide which 2 are the real parents, and choosing among 3 genuinely different claimed parents is genealogical judgement, not a merge. Clusters are shown for a human to rule on.
Q67947	Yazid son of Sayyidna Aqeel	3	"[Q66670 'Fatimah binte Shaibah ar-Rabi'ah'] ; [Q66772 'Aqeel ""Abu Yazid"" Bin Imaam Abu Taalib'] ; [Q94034 'Aqeel son of Abu Talib']"		yes	3 listed parents do NOT collapse: they cluster into 3 distinct people, more than a biological pair. Deduplication cannot decide which 2 are the real parents, and choosing among 3 genuinely different claimed parents is genealogical judgement, not a merge. Clusters are shown for a human to rule on.
Q67983	Utbah son of  Nawfal	3	[Q66706 'Naufal son of al-Haarith'] ; [Q66748 'DURRAH bint Abd al-'Uzza (Abu Lahab)' = Q94461 'Durrah bint Abd al-'Uzza (Abu Lahab)']	Q66706,Q94461	no	3 listed parents collapse to 2 distinct person(s): 1 record(s) are duplicates of another listed parent. Evidence — Q66748+Q94461: identical label 'DURRAH bint Abd al-'Uzza (Abu Lahab)'. The two survivors are one male and one female, as a biological parent pair should be
Q67986	Walid son of  Naufal	3	[Q66706 'Naufal son of al-Haarith'] ; [Q66748 'DURRAH bint Abd al-'Uzza (Abu Lahab)' = Q94461 'Durrah bint Abd al-'Uzza (Abu Lahab)']	Q66706,Q94461	no	3 listed parents collapse to 2 distinct person(s): 1 record(s) are duplicates of another listed parent. Evidence — Q66748+Q94461: identical label 'DURRAH bint Abd al-'Uzza (Abu Lahab)'. The two survivors are one male and one female, as a biological parent pair should be
Q67989	Abu Muslim son of  Naufal	3	[Q66706 'Naufal son of al-Haarith'] ; [Q66748 'DURRAH bint Abd al-'Uzza (Abu Lahab)' = Q94461 'Durrah bint Abd al-'Uzza (Abu Lahab)']	Q66706,Q94461	no	3 listed parents collapse to 2 distinct person(s): 1 record(s) are duplicates of another listed parent. Evidence — Q66748+Q94461: identical label 'DURRAH bint Abd al-'Uzza (Abu Lahab)'. The two survivors are one male and one female, as a biological parent pair should be
Q68016	Abdullah son of Abu Sufyaan son of al-Haarith	3	[Q66727 'Abu Sufyaan son of al-Haarith'] ; [Q66787 'Jumaana daughter of Imaam Abu Taalib'] ; [Q94040 'Jumana daughter of Abu Talib']		yes	3 listed parents do NOT collapse: they cluster into 3 distinct people, more than a biological pair. Deduplication cannot decide which 2 are the real parents, and choosing among 3 genuinely different claimed parents is genealogical judgement, not a merge. Clusters are shown for a human to rule on.
Q68019	Ali son of Abu Sufyaan son of al-Haarith	3	[Q66727 'Abu Sufyaan son of al-Haarith'] ; [Q66787 'Jumaana daughter of Imaam Abu Taalib'] ; [Q94040 'Jumana daughter of Abu Talib']		yes	3 listed parents do NOT collapse: they cluster into 3 distinct people, more than a biological pair. Deduplication cannot decide which 2 are the real parents, and choosing among 3 genuinely different claimed parents is genealogical judgement, not a merge. Clusters are shown for a human to rule on.
Q68022	NN Daughter of Abu Sufyan daughter of  Abu Sufyan	3	[Q66727 'Abu Sufyaan son of al-Haarith'] ; [Q66787 'Jumaana daughter of Imaam Abu Taalib'] ; [Q94040 'Jumana daughter of Abu Talib']		yes	3 listed parents do NOT collapse: they cluster into 3 distinct people, more than a biological pair. Deduplication cannot decide which 2 are the real parents, and choosing among 3 genuinely different claimed parents is genealogical judgement, not a merge. Clusters are shown for a human to rule on.
Q68028	Ja'afar bin Abu Sufyaan bin al-Haarith	3	[Q66727 'Abu Sufyaan son of al-Haarith'] ; [Q66787 'Jumaana daughter of Imaam Abu Taalib'] ; [Q94040 'Jumana daughter of Abu Talib']		yes	3 listed parents do NOT collapse: they cluster into 3 distinct people, more than a biological pair. Deduplication cannot decide which 2 are the real parents, and choosing among 3 genuinely different claimed parents is genealogical judgement, not a merge. Clusters are shown for a human to rule on.
Q68079	Abdullah son of  Aqeel	3	"[Q66772 'Aqeel ""Abu Yazid"" Bin Imaam Abu Taalib'] ; [Q67241 'Fatimah binte al-Walid'] ; [Q94034 'Aqeel son of Abu Talib']"		yes	3 listed parents do NOT collapse: they cluster into 3 distinct people, more than a biological pair. Deduplication cannot decide which 2 are the real parents, and choosing among 3 genuinely different claimed parents is genealogical judgement, not a merge. Clusters are shown for a human to rule on.
Q68082	Abu Said son of  Aqeel	3	"[Q66772 'Aqeel ""Abu Yazid"" Bin Imaam Abu Taalib'] ; [Q67241 'Fatimah binte al-Walid'] ; [Q94034 'Aqeel son of Abu Talib']"		yes	3 listed parents do NOT collapse: they cluster into 3 distinct people, more than a biological pair. Deduplication cannot decide which 2 are the real parents, and choosing among 3 genuinely different claimed parents is genealogical judgement, not a merge. Clusters are shown for a human to rule on.
Q68085	Ramlah binte Sayyidna Aqeel	3	"[Q66772 'Aqeel ""Abu Yazid"" Bin Imaam Abu Taalib'] ; [Q67241 'Fatimah binte al-Walid'] ; [Q94034 'Aqeel son of Abu Talib']"		yes	3 listed parents do NOT collapse: they cluster into 3 distinct people, more than a biological pair. Deduplication cannot decide which 2 are the real parents, and choosing among 3 genuinely different claimed parents is genealogical judgement, not a merge. Clusters are shown for a human to rule on.
Q68088	Abdul Rahman son of  Aqeel	3	"[Q66772 'Aqeel ""Abu Yazid"" Bin Imaam Abu Taalib'] ; [Q67241 'Fatimah binte al-Walid'] ; [Q94034 'Aqeel son of Abu Talib']"		yes	3 listed parents do NOT collapse: they cluster into 3 distinct people, more than a biological pair. Deduplication cannot decide which 2 are the real parents, and choosing among 3 genuinely different claimed parents is genealogical judgement, not a merge. Clusters are shown for a human to rule on.
Q68094	Ja'far bin  Aqeel	3	"[Q66772 'Aqeel ""Abu Yazid"" Bin Imaam Abu Taalib'] ; [Q67241 'Fatimah binte al-Walid'] ; [Q94034 'Aqeel son of Abu Talib']"		yes	3 listed parents do NOT collapse: they cluster into 3 distinct people, more than a biological pair. Deduplication cannot decide which 2 are the real parents, and choosing among 3 genuinely different claimed parents is genealogical judgement, not a merge. Clusters are shown for a human to rule on.
Q68097	Musa son of  Aqeel	3	"[Q66772 'Aqeel ""Abu Yazid"" Bin Imaam Abu Taalib'] ; [Q67241 'Fatimah binte al-Walid'] ; [Q94034 'Aqeel son of Abu Talib']"		yes	3 listed parents do NOT collapse: they cluster into 3 distinct people, more than a biological pair. Deduplication cannot decide which 2 are the real parents, and choosing among 3 genuinely different claimed parents is genealogical judgement, not a merge. Clusters are shown for a human to rule on.
Q68118	Arwa bint Kurayz	3	[Q107397 'Umm Hakim bint Abd al-Muttalib'] ; [Q66796 'Arwa daughter of Kurayz'] ; [Q67965 ''Uqbah bin Abu Mu'ayt']		yes	3 listed parents do NOT collapse: they cluster into 3 distinct people, more than a biological pair. Deduplication cannot decide which 2 are the real parents, and choosing among 3 genuinely different claimed parents is genealogical judgement, not a merge. Clusters are shown for a human to rule on.
Q68148	Usama son of  Abu Ahmad	3	[Q66847 'Abu Ahmad'] ; [Q67786 'al-Faraa daughter of Sakhr (Abu Sufyan)'] ; [Q94858 'Al-Fara daughter of Abi Sufyan']		yes	3 listed parents do NOT collapse: they cluster into 3 distinct people, more than a biological pair. Deduplication cannot decide which 2 are the real parents, and choosing among 3 genuinely different claimed parents is genealogical judgement, not a merge. Clusters are shown for a human to rule on.
Q68293	Muhammad son of  Abdullah	3	[Q86876 'Abdullah son of al-Abbas' = Q94757 'Abdullah ibn Abbas'] ; [Q95155 'Zur'ah bint Musharah']	Q94757,Q95155	no	3 listed parents collapse to 2 distinct person(s): 1 record(s) are duplicates of another listed parent. Evidence — Q86876+Q94757: same given name and every surname token matches as a spelling variant ('Abdullah son of al-Abbas' / 'Abdullah ibn Abbas'). The two survivors are one male and one female, as a biological parent pair should be
Q68302	al-Fadl son of  Abdullah	3	[Q86876 'Abdullah son of al-Abbas' = Q94757 'Abdullah ibn Abbas'] ; [Q95155 'Zur'ah bint Musharah']	Q94757,Q95155	no	3 listed parents collapse to 2 distinct person(s): 1 record(s) are duplicates of another listed parent. Evidence — Q86876+Q94757: same given name and every surname token matches as a spelling variant ('Abdullah son of al-Abbas' / 'Abdullah ibn Abbas'). The two survivors are one male and one female, as a biological parent pair should be
Q68308	Asma daughter of  Abdullah	3	[Q86876 'Abdullah son of al-Abbas' = Q94757 'Abdullah ibn Abbas'] ; [Q95159 'Shamaila Bint Abi Hana'ah']	Q94757,Q95159	no	3 listed parents collapse to 2 distinct person(s): 1 record(s) are duplicates of another listed parent. Evidence — Q86876+Q94757: same given name and every surname token matches as a spelling variant ('Abdullah son of al-Abbas' / 'Abdullah ibn Abbas'). The two survivors are one male and one female, as a biological parent pair should be
Q68617	Umar bin Khaththab (Amirul mu'minin)	3	[Q67142 'Hantamah daughter of Hisham'] ; [Q67148 'Hantamah'] ; [Q67364 'al-Khattab']		yes	3 listed parents do NOT collapse: they cluster into 3 distinct people, more than a biological pair. Deduplication cannot decide which 2 are the real parents, and choosing among 3 genuinely different claimed parents is genealogical judgement, not a merge. Clusters are shown for a human to rule on.
Q69170	Fatimah bint Husayn	3	[Q67465 'Husayn ibn Ali'] ; [Q68782 'Umm Ishaq daughter of Talha'] ; [Q68815 'Hafsah 'Abdur Rahman bin Abu Bakr']		yes	3 listed parents do NOT collapse: they cluster into 3 distinct people, more than a biological pair. Deduplication cannot decide which 2 are the real parents, and choosing among 3 genuinely different claimed parents is genealogical judgement, not a merge. Clusters are shown for a human to rule on.
Q69413	Muhammad son of  Abdur Rahman	3	[Q67651 'Umm Kulthoom daughter of Uqba'] ; [Q94836 'Umm Kulthoom binte 'Uqbah'] ; [Q94862 'Abdul-Rahman son of Awf']		yes	3 listed parents do NOT collapse: they cluster into 3 distinct people, more than a biological pair. Deduplication cannot decide which 2 are the real parents, and choosing among 3 genuinely different claimed parents is genealogical judgement, not a merge. Clusters are shown for a human to rule on.
Q69416	Humayd son of  Abdur Rahman	3	[Q67651 'Umm Kulthoom daughter of Uqba'] ; [Q94836 'Umm Kulthoom binte 'Uqbah'] ; [Q94862 'Abdul-Rahman son of Awf']		yes	3 listed parents do NOT collapse: they cluster into 3 distinct people, more than a biological pair. Deduplication cannot decide which 2 are the real parents, and choosing among 3 genuinely different claimed parents is genealogical judgement, not a merge. Clusters are shown for a human to rule on.
Q69425	Amat ar-Rahman son of  Abdur Rahman	3	[Q67651 'Umm Kulthoom daughter of Uqba'] ; [Q94836 'Umm Kulthoom binte 'Uqbah'] ; [Q94862 'Abdul-Rahman son of Awf']		yes	3 listed parents do NOT collapse: they cluster into 3 distinct people, more than a biological pair. Deduplication cannot decide which 2 are the real parents, and choosing among 3 genuinely different claimed parents is genealogical judgement, not a merge. Clusters are shown for a human to rule on.
Q69428	Ibrahim son of Abdul Rahman son of al-Awf	3	[Q67651 'Umm Kulthoom daughter of Uqba'] ; [Q94836 'Umm Kulthoom binte 'Uqbah'] ; [Q94862 'Abdul-Rahman son of Awf']		yes	3 listed parents do NOT collapse: they cluster into 3 distinct people, more than a biological pair. Deduplication cannot decide which 2 are the real parents, and choosing among 3 genuinely different claimed parents is genealogical judgement, not a merge. Clusters are shown for a human to rule on.
Q69431	Hamida daughter of  Abdur Rahman	3	[Q67651 'Umm Kulthoom daughter of Uqba'] ; [Q94836 'Umm Kulthoom binte 'Uqbah'] ; [Q94862 'Abdul-Rahman son of Awf']		yes	3 listed parents do NOT collapse: they cluster into 3 distinct people, more than a biological pair. Deduplication cannot decide which 2 are the real parents, and choosing among 3 genuinely different claimed parents is genealogical judgement, not a merge. Clusters are shown for a human to rule on.
Q69434	Yahya son of Abdul Rahman son of al-Awf	3	[Q67651 'Umm Kulthoom daughter of Uqba'] ; [Q94836 'Umm Kulthoom binte 'Uqbah'] ; [Q94862 'Abdul-Rahman son of Awf']		yes	3 listed parents do NOT collapse: they cluster into 3 distinct people, more than a biological pair. Deduplication cannot decide which 2 are the real parents, and choosing among 3 genuinely different claimed parents is genealogical judgement, not a merge. Clusters are shown for a human to rule on.
Q69437	Urwa son of  Abdur Rahman	3	[Q67651 'Umm Kulthoom daughter of Uqba'] ; [Q94836 'Umm Kulthoom binte 'Uqbah'] ; [Q94862 'Abdul-Rahman son of Awf']		yes	3 listed parents do NOT collapse: they cluster into 3 distinct people, more than a biological pair. Deduplication cannot decide which 2 are the real parents, and choosing among 3 genuinely different claimed parents is genealogical judgement, not a merge. Clusters are shown for a human to rule on.
Q69440	Bilal son of  Abdur Rahman	3	[Q67651 'Umm Kulthoom daughter of Uqba'] ; [Q94836 'Umm Kulthoom binte 'Uqbah'] ; [Q94862 'Abdul-Rahman son of Awf']		yes	3 listed parents do NOT collapse: they cluster into 3 distinct people, more than a biological pair. Deduplication cannot decide which 2 are the real parents, and choosing among 3 genuinely different claimed parents is genealogical judgement, not a merge. Clusters are shown for a human to rule on.
Q69503	Abu Sufyan son of Huwaithib	3	[Q67708 'Umaimah' = Q96932 'Umaimah'] ; [Q97632 'Huwaithib son of Abdul-Uzza']	Q96932,Q97632	no	3 listed parents collapse to 2 distinct person(s): 1 record(s) are duplicates of another listed parent. Evidence — Q67708+Q96932: identical label 'Umaimah'. The two survivors are one male and one female, as a biological parent pair should be
Q69535	Hisham bin 'Urwah	3	[Q67801 ''Urwah bin az-Zubayr'] ; [Q95113 'Urwah son of al-Zubayr'] ; [Q95651 'Q95651']		yes	3 listed parents do NOT collapse: they cluster into 3 distinct people, more than a biological pair. Deduplication cannot decide which 2 are the real parents, and choosing among 3 genuinely different claimed parents is genealogical judgement, not a merge. Clusters are shown for a human to rule on.
Q69589	Muhammad son of Marwan I son of al-Hakam	3	[Q67906 'Marwan I son of Al- Hakam son of al-Hakam'] ; [Q94363 'Marwan Bin Al- Hakam Bin Abu Al- 'As Bint Umaiyah'] ; [Q98269 'Q98269']		yes	3 listed parents do NOT collapse: they cluster into 3 distinct people, more than a biological pair. Deduplication cannot decide which 2 are the real parents, and choosing among 3 genuinely different claimed parents is genealogical judgement, not a merge. Clusters are shown for a human to rule on.
Q69706	Plancina  Munatia	3	[Q141581 'Quintus Aelius Tubero'] ; [Q70331 'Aemilia Paulla'] ; [Q70334 'Lucius Munatius Plancus Paulinus']		yes	3 listed parents do NOT collapse: they cluster into 3 distinct people, more than a biological pair. Deduplication cannot decide which 2 are the real parents, and choosing among 3 genuinely different claimed parents is genealogical judgement, not a merge. Clusters are shown for a human to rule on.
Q70152	Rubellia Bassa	3	[Q70718 'Gaius Rubellius Blandus'] ; [Q70751 'Sergia Plautilla'] ; [Q77386 'Julia Livia']		yes	3 listed parents do NOT collapse: they cluster into 3 distinct people, more than a biological pair. Deduplication cannot decide which 2 are the real parents, and choosing among 3 genuinely different claimed parents is genealogical judgement, not a merge. Clusters are shown for a human to rule on.
Q70340	Lucius Scribonius Libo	3	[Q139746 'Cornelia Magna'] ; [Q70988 'Lucius Scribonius Libo Drusus'] ; [Q71002 'Sulpicia']		yes	3 listed parents do NOT collapse: they cluster into 3 distinct people, more than a biological pair. Deduplication cannot decide which 2 are the real parents, and choosing among 3 genuinely different claimed parents is genealogical judgement, not a merge. Clusters are shown for a human to rule on.
Q70361	Marcus Junius Silanus	3	[Q144099 'Manlia Torquata'] ; [Q71137 'Marcus Junius Silanus'] ; [Q71146 'Quinctia Crispina Silanus']		yes	3 listed parents do NOT collapse: they cluster into 3 distinct people, more than a biological pair. Deduplication cannot decide which 2 are the real parents, and choosing among 3 genuinely different claimed parents is genealogical judgement, not a merge. Clusters are shown for a human to rule on.
Q70439	Shu-Ilishu	3	[Q129841 'Lamech'] ; [Q70436 'Ilushu'] ; [Q70475 'Bat-Enosh']		yes	3 listed parents do NOT collapse: they cluster into 3 distinct people, more than a biological pair. Deduplication cannot decide which 2 are the real parents, and choosing among 3 genuinely different claimed parents is genealogical judgement, not a merge. Clusters are shown for a human to rule on.
Q70910	Arrecina Clementina	3	[Q71882 'Marcus Arrecinus Clemens'] ; [Q71915 'Tertulla'] ; [Q77257 'Julia']		yes	3 listed parents do NOT collapse: they cluster into 3 distinct people, more than a biological pair. Deduplication cannot decide which 2 are the real parents, and choosing among 3 genuinely different claimed parents is genealogical judgement, not a merge. Clusters are shown for a human to rule on.
Q70988	Lucius Scribonius Libo Drusus	3	[Q139601 'Marcus Livius Drusus Libo'] ; [Q72272 'Lucius Scribonius Libo'] ; [Q72275 'Sentia']		yes	3 listed parents do NOT collapse: they cluster into 3 distinct people, more than a biological pair. Deduplication cannot decide which 2 are the real parents, and choosing among 3 genuinely different claimed parents is genealogical judgement, not a merge. Clusters are shown for a human to rule on.
Q71137	Marcus Junius Silanus	3	[Q72287 'Decimus Junius Silanus'] ; [Q72290 'Sempronia Silanus'] ; [Q72439 'Servilia']		yes	3 listed parents do NOT collapse: they cluster into 3 distinct people, more than a biological pair. Deduplication cannot decide which 2 are the real parents, and choosing among 3 genuinely different claimed parents is genealogical judgement, not a merge. Clusters are shown for a human to rule on.
Q72311	Triumvir (43-36 BC) - Marcus Aemilius Lepidus (up)	3	[Q72434 'Marcus Aemilius Lepidus' = Q72514 'Marcus Aemilius Lepidus'] ; [Q72517 'Appuleia']	Q72514,Q72517	no	3 listed parents collapse to 2 distinct person(s): 1 record(s) are duplicates of another listed parent. Evidence — Q72434+Q72514: same Wikidata ID (Q435329). The two survivors are one male and one female, as a biological parent pair should be
Q72434	Marcus Aemilius Lepidus	3	[Q72615 'Quintus Aemilius Lepidus' = Q72693 'Quintus Aemilius Lepidus'] ; [Q72618 'NN WIfe of Quintus Aemilius Lepidus)']	Q72693,Q72618	no	3 listed parents collapse to 2 distinct person(s): 1 record(s) are duplicates of another listed parent. Evidence — Q72615+Q72693: identical label 'Quintus Aemilius Lepidus'. The two survivors are one male and one female, as a biological parent pair should be
Q72457	Gnaeus Pompeius Strabo	3	[Q72645 'Lucilia' = Q73020 'Lucilia'] ; [Q72648 'Sextus Pompeius']	Q73020,Q72648	no	3 listed parents collapse to 2 distinct person(s): 1 record(s) are duplicates of another listed parent. Evidence — Q72645+Q73020: identical label 'Lucilia'. The two survivors are one male and one female, as a biological parent pair should be
Q72624	Livia	3	[Q72798 'Marcus Livius Drusus'] ; [Q72801 'Cornelia'] ; [Q73284 'Q73284']		yes	3 listed parents do NOT collapse: they cluster into 3 distinct people, more than a biological pair. Deduplication cannot decide which 2 are the real parents, and choosing among 3 genuinely different claimed parents is genealogical judgement, not a merge. Clusters are shown for a human to rule on.
Q72798	Marcus Livius Drusus	3	[Q72951 'Gaius Livius Drusus'] ; [Q72954 'Julia Caesaris Drusus'] ; [Q73431 'Marcus Livius Drusus']		yes	3 listed parents do NOT collapse: they cluster into 3 distinct people, more than a biological pair. Deduplication cannot decide which 2 are the real parents, and choosing among 3 genuinely different claimed parents is genealogical judgement, not a merge. Clusters are shown for a human to rule on.
Q72888	Tryphaena	3	[Q73035 'Cleopatra III of Egypt' = Q78719 'Cleopatra III of Egypt'] ; [Q73038 'Ptolemy VIII Physcon']	Q78719,Q73038	no	3 listed parents collapse to 2 distinct person(s): 1 record(s) are duplicates of another listed parent. Evidence — Q73035+Q78719: same Wikidata ID (Q40003). The two survivors are one male and one female, as a biological parent pair should be
Q72933	Marcus Licinius Crassus	3	[Q72657 'Publius Licinius Crassus Dives' = Q73083 'Publius Licinius Crassus Dives (consul 97 BC)'] ; [Q73098 'Venuleia']	Q72657,Q73098	no	3 listed parents collapse to 2 distinct person(s): 1 record(s) are duplicates of another listed parent. Evidence — Q72657+Q73083: same given name and every surname token matches as a spelling variant ('Publius Licinius Crassus Dives' / 'Publius Licinius Crassus Dives (consul 97 BC)'). The two survivors are one male and one female, as a biological parent pair should be
Q72957	Consul (138 BC) - Publius Cornelius Scipio Nasica Serapio	3	[Q73128 'Publius Cornelius Scipio Nasica Corculum'] ; [Q73131 'Cornelia Africana Major'] ; [Q99368 'Q99368']		yes	3 listed parents do NOT collapse: they cluster into 3 distinct people, more than a biological pair. Deduplication cannot decide which 2 are the real parents, and choosing among 3 genuinely different claimed parents is genealogical judgement, not a merge. Clusters are shown for a human to rule on.
Q73020	Lucilia	3	[Q139727 'Marcus Lucilius'] ; [Q72645 'Lucilia'] ; [Q72648 'Sextus Pompeius']		yes	3 listed parents do NOT collapse: they cluster into 3 distinct people, more than a biological pair. Deduplication cannot decide which 2 are the real parents, and choosing among 3 genuinely different claimed parents is genealogical judgement, not a merge. Clusters are shown for a human to rule on.
Q73035	Cleopatra III of Egypt	3	[Q73038 'Ptolemy VIII Physcon'] ; [Q73194 'Cleopatra II of Egypt'] ; [Q73197 'Ptolemy VI']		yes	3 listed parents do NOT collapse: they cluster into 3 distinct people, more than a biological pair. Deduplication cannot decide which 2 are the real parents, and choosing among 3 genuinely different claimed parents is genealogical judgement, not a merge. Clusters are shown for a human to rule on.
Q73044	Cleopatra Thea	3	[Q73038 'Ptolemy VIII Physcon'] ; [Q73194 'Cleopatra II of Egypt'] ; [Q73197 'Ptolemy VI']		yes	3 listed parents do NOT collapse: they cluster into 3 distinct people, more than a biological pair. Deduplication cannot decide which 2 are the real parents, and choosing among 3 genuinely different claimed parents is genealogical judgement, not a merge. Clusters are shown for a human to rule on.
Q73101	Consul (182 & 168 BC) - Lucius Aemilius Paullus Macedonicus	3	[Q73266 'Lucius Aemilius Paullus'] ; [Q73269 'N.N.'] ; [Q99378 'Q99378']		yes	3 listed parents do NOT collapse: they cluster into 3 distinct people, more than a biological pair. Deduplication cannot decide which 2 are the real parents, and choosing among 3 genuinely different claimed parents is genealogical judgement, not a merge. Clusters are shown for a human to rule on.
Q73113	Marcus Aemilius Lepidus	3	[Q73275 'Marcus Aemilius Lepidus' = Q73419 'Marcus Aemilius Lepidus'] ; [Q73278 'NN (Wife of Marcus Aemilius Lepidus)']	Q73275,Q73278	no	3 listed parents collapse to 2 distinct person(s): 1 record(s) are duplicates of another listed parent. Evidence — Q73275+Q73419: identical label 'Marcus Aemilius Lepidus'. The two survivors are one male and one female, as a biological parent pair should be
Q73128	Publius Cornelius Scipio Nasica Corculum	3	[Q73293 'Publius Cornelius Scipio Nasica'] ; [Q99384 'NN (Wife of Publius Cornelius Scipio Nasica)'] ; [Q99386 'Q99386']		yes	3 listed parents do NOT collapse: they cluster into 3 distinct people, more than a biological pair. Deduplication cannot decide which 2 are the real parents, and choosing among 3 genuinely different claimed parents is genealogical judgement, not a merge. Clusters are shown for a human to rule on.
Q73275	Marcus Aemilius Lepidus	3	[Q151633 'Marcus Aemilius Lepidus' = Q73419 'Marcus Aemilius Lepidus'] ; [Q73422 'NN (Wife of Marcus Aemilius Lepidus)']	Q151633,Q73422	no	3 listed parents collapse to 2 distinct person(s): 1 record(s) are duplicates of another listed parent. Evidence — Q151633+Q73419: identical label 'Marcus Aemilius Lepidus'. The two survivors are one male and one female, as a biological parent pair should be
Q73284		3	[Q72951 'Gaius Livius Drusus'] ; [Q72954 'Julia Caesaris Drusus'] ; [Q73431 'Marcus Livius Drusus']		yes	3 listed parents do NOT collapse: they cluster into 3 distinct people, more than a biological pair. Deduplication cannot decide which 2 are the real parents, and choosing among 3 genuinely different claimed parents is genealogical judgement, not a merge. Clusters are shown for a human to rule on.
Q73296	Aemilia Tertia	3	[Q73266 'Lucius Aemilius Paullus'] ; [Q73269 'N.N.'] ; [Q99378 'Q99378']		yes	3 listed parents do NOT collapse: they cluster into 3 distinct people, more than a biological pair. Deduplication cannot decide which 2 are the real parents, and choosing among 3 genuinely different claimed parents is genealogical judgement, not a merge. Clusters are shown for a human to rule on.
Q73377	Nysa	3	[Q135914 'Q135914'] ; [Q73368 'Laodice IV'] ; [Q73380 'BAD MERGE']		yes	3 listed parents do NOT collapse: they cluster into 3 distinct people, more than a biological pair. Deduplication cannot decide which 2 are the real parents, and choosing among 3 genuinely different claimed parents is genealogical judgement, not a merge. Clusters are shown for a human to rule on.
Q73389	Sextus Julius Caesar	3	[Q144027 'Lucius Julius Caesar'] ; [Q73524 'Cornelia Cinna Minor'] ; [Q73527 'Lucius Julius Caesar, I']		yes	3 listed parents do NOT collapse: they cluster into 3 distinct people, more than a biological pair. Deduplication cannot decide which 2 are the real parents, and choosing among 3 genuinely different claimed parents is genealogical judgement, not a merge. Clusters are shown for a human to rule on.
Q73503	Laodice II	3	[Q73635 'Unknown Wife'] ; [Q73638 'Andromachus'] ; [Q73746 'Achaeus']		yes	3 listed parents do NOT collapse: they cluster into 3 distinct people, more than a biological pair. Deduplication cannot decide which 2 are the real parents, and choosing among 3 genuinely different claimed parents is genealogical judgement, not a merge. Clusters are shown for a human to rule on.
Q73515	Laodice	3	[Q133344 'Q133344'] ; [Q134310 'Asterodeia'] ; [Q73380 'BAD MERGE']		yes	3 listed parents do NOT collapse: they cluster into 3 distinct people, more than a biological pair. Deduplication cannot decide which 2 are the real parents, and choosing among 3 genuinely different claimed parents is genealogical judgement, not a merge. Clusters are shown for a human to rule on.
Q73563	Publius Claudius Pulcher	3	[Q73677 'Gaius Claudius Centho'] ; [Q73680 'NN (Wife of Gaius Claudius Centho)'] ; [Q73782 'Appius Claudius Caecus']		yes	3 listed parents do NOT collapse: they cluster into 3 distinct people, more than a biological pair. Deduplication cannot decide which 2 are the real parents, and choosing among 3 genuinely different claimed parents is genealogical judgement, not a merge. Clusters are shown for a human to rule on.
Q73893	Lucius Cornelius Scipio Asiaticus Aemilianus	3	[Q72434 'Marcus Aemilius Lepidus' = Q72514 'Marcus Aemilius Lepidus'] ; [Q72517 'Appuleia']	Q72514,Q72517	no	3 listed parents collapse to 2 distinct person(s): 1 record(s) are duplicates of another listed parent. Evidence — Q72434+Q72514: same Wikidata ID (Q435329). The two survivors are one male and one female, as a biological parent pair should be
Q73970	Appius Claudius Crassus Inregillensis	3	[Q151743 'Appius Claudius Crassus' = Q74091 'Appius Claudius Crassus Regillensis Crassus'] ; [Q78752 'Publius Claudius-Nero']	Q151743,Q78752	no	3 listed parents collapse to 2 distinct person(s): 1 record(s) are duplicates of another listed parent. Evidence — Q151743+Q74091: same given name and every surname token matches as a spelling variant ('Appius Claudius Crassus' / 'Appius Claudius Crassus Regillensis Crassus'). NOTE both survivors are recorded male — the collapse is clean but the resulting pair is not a biological one; a further duplicate may be hiding behind differing labels
Q74067	Darius II	3	[Q74126 'Cosmartidene'] ; [Q74129 'Artaxerxes I of Persia'] ; [Q99426 'الملك أرتازركسيس- أردشير الأول بن الملك زركسيس الأول']		yes	3 listed parents do NOT collapse: they cluster into 3 distinct people, more than a biological pair. Deduplication cannot decide which 2 are the real parents, and choosing among 3 genuinely different claimed parents is genealogical judgement, not a merge. Clusters are shown for a human to rule on.
Q74201	Numa Marcius  Numae	3	[Q74258 'NN (Wife of Marcius)'] ; [Q74261 'Marcus'] ; [Q74509 'Q74509']		yes	3 listed parents do NOT collapse: they cluster into 3 distinct people, more than a biological pair. Deduplication cannot decide which 2 are the real parents, and choosing among 3 genuinely different claimed parents is genealogical judgement, not a merge. Clusters are shown for a human to rule on.
Q74252	Tatia	3	[Q74311 'Titus Tatius I'] ; [Q74314 'NN (Wife of Titus Tatius)'] ; [Q74317 'Q74317']		yes	3 listed parents do NOT collapse: they cluster into 3 distinct people, more than a biological pair. Deduplication cannot decide which 2 are the real parents, and choosing among 3 genuinely different claimed parents is genealogical judgement, not a merge. Clusters are shown for a human to rule on.
Q74255	King of Rome II - Numa Pompilius (716-672 BC)	3	[Q134935 'Pompo'] ; [Q74320 'Pomponius'] ; [Q74323 'Silvia of Rome']		yes	3 listed parents do NOT collapse: they cluster into 3 distinct people, more than a biological pair. Deduplication cannot decide which 2 are the real parents, and choosing among 3 genuinely different claimed parents is genealogical judgement, not a merge. Clusters are shown for a human to rule on.
Q74494		3	[Q74629 'Cyaxares Medina, van'] ; [Q74632 'Q74632'] ; [Q99494 'N.N.']		yes	3 listed parents do NOT collapse: they cluster into 3 distinct people, more than a biological pair. Deduplication cannot decide which 2 are the real parents, and choosing among 3 genuinely different claimed parents is genealogical judgement, not a merge. Clusters are shown for a human to rule on.
Q74717	Erebos	3	[Q130496 'Ananke'] ; [Q131426 'Chronos'] ; [Q131428 'Q131428']		yes	3 listed parents do NOT collapse: they cluster into 3 distinct people, more than a biological pair. Deduplication cannot decide which 2 are the real parents, and choosing among 3 genuinely different claimed parents is genealogical judgement, not a merge. Clusters are shown for a human to rule on.
Q74804	Latinus Silvius	3	[Q134044 'Aeneas Silvius' = Q74813 'Aeneas Silvius'] ; [Q74816 '.']	Q134044,Q74816	no	3 listed parents collapse to 2 distinct person(s): 1 record(s) are duplicates of another listed parent. Evidence — Q134044+Q74813: identical label 'Aeneas Silvius'. The two survivors are one male and one female, as a biological parent pair should be
Q74861	"Faunus ""Lupercus""  ben Picus"	3	"[Q74873 'Canens of Latium'] ; [Q74876 'Picus ""the Cronid""' = Q90259 'Picus ""the Cronid""']"	Q74873,Q74876	no	"3 listed parents collapse to 2 distinct person(s): 1 record(s) are duplicates of another listed parent. Evidence — Q74876+Q90259: identical label 'Picus ""the Cronid""'. The two survivors are one male and one female, as a biological parent pair should be"
Q74909	Tros  King of Troy	3	[Q74940 'Astyoche Dardaniers, van de'] ; [Q74943 'Erichthonius' = Q90464 'Erichthonius']	Q74940,Q74943	no	3 listed parents collapse to 2 distinct person(s): 1 record(s) are duplicates of another listed parent. Evidence — Q74943+Q90464: identical label 'Erichthonius'. The two survivors are one male and one female, as a biological parent pair should be
Q74991	Abas	3	[Q132482 'Ixion'] ; [Q133142 'Arethusa'] ; [Q75039 'Poseidon']		yes	3 listed parents do NOT collapse: they cluster into 3 distinct people, more than a biological pair. Deduplication cannot decide which 2 are the real parents, and choosing among 3 genuinely different claimed parents is genealogical judgement, not a merge. Clusters are shown for a human to rule on.
Q75012	Electra 	3	[Q74970 'Tethys'] ; [Q74973 'Danaus' = Q90309 'Oceanus']	Q74970,Q74973	no	3 listed parents collapse to 2 distinct person(s): 1 record(s) are duplicates of another listed parent. Evidence — Q74973+Q90309: same Wikidata ID (Q161419). The two survivors are one male and one female, as a biological parent pair should be
Q75087	"Enarete, ""Aenarete"", ""Enareta"", ""Aegiale"""	3	[Q75120 'Glaucia'] ; [Q75123 'Deimachus' = Q90470 'Deimachus']	Q75120,Q75123	no	3 listed parents collapse to 2 distinct person(s): 1 record(s) are duplicates of another listed parent. Evidence — Q75123+Q90470: identical label 'Deimachus'. The two survivors are one male and one female, as a biological parent pair should be
Q75138	Ladon	3	[Q74970 'Tethys'] ; [Q74973 'Danaus' = Q90309 'Oceanus']	Q74970,Q74973	no	3 listed parents collapse to 2 distinct person(s): 1 record(s) are duplicates of another listed parent. Evidence — Q74973+Q90309: same Wikidata ID (Q161419). The two survivors are one male and one female, as a biological parent pair should be
Q75201	Cambo Blascon (Jupiter II)  Janigenae	3	[Q75231 'Blascon King Of Janigenae of the Janigenae'] ; [Q75234 '(Female)' = Q90608 '(Female)']	Q75231,Q75234	no	3 listed parents collapse to 2 distinct person(s): 1 record(s) are duplicates of another listed parent. Evidence — Q75234+Q90608: identical label '(Female)'. The two survivors are one male and one female, as a biological parent pair should be
Q75231	Blascon King Of Janigenae  of the Janigenae	3	[Q75270 'Q75270'] ; [Q75273 'Altheus (Altheo) King of the Janigenae Janigenorum'] ; [Q90610 'Q90610']		yes	3 listed parents do NOT collapse: they cluster into 3 distinct people, more than a biological pair. Deduplication cannot decide which 2 are the real parents, and choosing among 3 genuinely different claimed parents is genealogical judgement, not a merge. Clusters are shown for a human to rule on.
Q75279	Pelasgus	3	[Q74656 'Q74656'] ; [Q75315 'Niobe'] ; [Q90359 'Zeus']		yes	3 listed parents do NOT collapse: they cluster into 3 distinct people, more than a biological pair. Deduplication cannot decide which 2 are the real parents, and choosing among 3 genuinely different claimed parents is genealogical judgement, not a merge. Clusters are shown for a human to rule on.
Q75336	Phoroneus	3	[Q75357 'Melia'] ; [Q75360 'Inachus' = Q90325 'Inachus']	Q75357,Q75360	no	3 listed parents collapse to 2 distinct person(s): 1 record(s) are duplicates of another listed parent. Evidence — Q75360+Q90325: identical label 'Inachus'. The two survivors are one male and one female, as a biological parent pair should be
Q75348	Tithonus	3	[Q132332 'Q132332'] ; [Q74656 'Q74656'] ; [Q75369 'Leto - - Latona']		yes	3 listed parents do NOT collapse: they cluster into 3 distinct people, more than a biological pair. Deduplication cannot decide which 2 are the real parents, and choosing among 3 genuinely different claimed parents is genealogical judgement, not a merge. Clusters are shown for a human to rule on.
Q75357	Melia	3	[Q74970 'Tethys'] ; [Q74973 'Danaus' = Q90309 'Oceanus']	Q74970,Q74973	no	3 listed parents collapse to 2 distinct person(s): 1 record(s) are duplicates of another listed parent. Evidence — Q74973+Q90309: same Wikidata ID (Q161419). The two survivors are one male and one female, as a biological parent pair should be
Q75360	Inachus	3	[Q74970 'Tethys'] ; [Q74973 'Danaus' = Q90309 'Oceanus']	Q74970,Q74973	no	3 listed parents collapse to 2 distinct person(s): 1 record(s) are duplicates of another listed parent. Evidence — Q74973+Q90309: same Wikidata ID (Q161419). The two survivors are one male and one female, as a biological parent pair should be
Q75495	Maria  de Rome	3	[Q75498 'Volusiana'] ; [Q75501 'Flavius Anicius Petronius Maximus'] ; [Q99627 'Petronius Maximus']		yes	3 listed parents do NOT collapse: they cluster into 3 distinct people, more than a biological pair. Deduplication cannot decide which 2 are the real parents, and choosing among 3 genuinely different claimed parents is genealogical judgement, not a merge. Clusters are shown for a human to rule on.
Q76355	Appia Veturia Aurelia Coeciva Sabinilla	3	[Q151576 'Appius Claudius Pulcher' = Q76580 'Appius Claudius Pulcher'] ; [Q76577 'Sextia']	Q151576,Q76577	no	3 listed parents collapse to 2 distinct person(s): 1 record(s) are duplicates of another listed parent. Evidence — Q151576+Q76580: identical label 'Appius Claudius Pulcher'. The two survivors are one male and one female, as a biological parent pair should be
Q76475	Sergius Octavius  Laenas Paullus	3	[Q76693 'Sergius Octavius Pontianus Laenes Octavius Pontainus'] ; [Q76696 'Julia'] ; [Q99659 'Pontianus Sergius Octavius']		yes	3 listed parents do NOT collapse: they cluster into 3 distinct people, more than a biological pair. Deduplication cannot decide which 2 are the real parents, and choosing among 3 genuinely different claimed parents is genealogical judgement, not a merge. Clusters are shown for a human to rule on.
Q76625	Gaius Neratius	3	[Q76864 'Neratia Procilla'] ; [Q77083 'Gaius Betitius' = Q99665 'Gaius Betitius Pietas']	Q76864,Q99665	no	3 listed parents collapse to 2 distinct person(s): 1 record(s) are duplicates of another listed parent. Evidence — Q77083+Q99665: same given name and every surname token matches as a spelling variant ('Gaius Betitius' / 'Gaius Betitius Pietas'). The two survivors are one male and one female, as a biological parent pair should be
Q77257	Julia	3	[Q72374 'Tiberius Julius Lupus' = Q77485 'Tiberius Julius Lupus' = Q77722 'Tiberius Julius Lupus']	Q77485	no	3 listed parents collapse to 1 distinct person(s): 2 record(s) are duplicates of another listed parent. Evidence — Q72374+Q77485: identical label 'Tiberius Julius Lupus'; Q72374+Q77722: identical label 'Tiberius Julius Lupus'; Q77485+Q77722: identical label 'Tiberius Julius Lupus'. Only one person survives, so this child ends up with a single recorded parent; the other parent is missing from the dump rather than wrong
Q77791	Lucius Cassius Longinus	3	[Q153597 'Sulpicia'] ; [Q77958 'Lucius Cassius Longinus'] ; [Q77961 'Iunia Tertia']		yes	3 listed parents do NOT collapse: they cluster into 3 distinct people, more than a biological pair. Deduplication cannot decide which 2 are the real parents, and choosing among 3 genuinely different claimed parents is genealogical judgement, not a merge. Clusters are shown for a human to rule on.
Q78027	Glaphyra	3	[Q78192 'N.N.' = Q99709 'NN'] ; [Q78195 'Archelaus of Cappadocia']	Q78192,Q78195	no	3 listed parents collapse to 2 distinct person(s): 1 record(s) are duplicates of another listed parent. Evidence — Q78192+Q99709: same Geni ID (6000000016780425590). The two survivors are one male and one female, as a biological parent pair should be
Q78189	Herod the Great	3	[Q78348 'Antipater the Idumaean' = Q99725 'Antipater the Idumaean'] ; [Q78351 'Cypros']	Q78348,Q78351	no	3 listed parents collapse to 2 distinct person(s): 1 record(s) are duplicates of another listed parent. Evidence — Q78348+Q99725: same Wikidata ID (Q319075). The two survivors are one male and one female, as a biological parent pair should be
Q78393	Appius Claudius Pulcher	3	[Q78396 'Antistia de Rome'] ; [Q78525 'Gaius Claudius Pulcher'] ; [Q78528 'Consul (143 BC) - Appius Claudius Pulcher']		yes	3 listed parents do NOT collapse: they cluster into 3 distinct people, more than a biological pair. Deduplication cannot decide which 2 are the real parents, and choosing among 3 genuinely different claimed parents is genealogical judgement, not a merge. Clusters are shown for a human to rule on.
Q78582	Attalus I, king of Pergamon	3	[Q78685 'Antiochis'] ; [Q78688 'Attalus'] ; [Q78691 'King of Pergamon II - Eumenes I (263241 BC)']		yes	3 listed parents do NOT collapse: they cluster into 3 distinct people, more than a biological pair. Deduplication cannot decide which 2 are the real parents, and choosing among 3 genuinely different claimed parents is genealogical judgement, not a merge. Clusters are shown for a human to rule on.
Q78603	Archelaus	3	[Q74228 'Perdiccas II of Macedon'] ; [Q78710 'Archelaus'] ; [Q79010 'Slave Woman']		yes	3 listed parents do NOT collapse: they cluster into 3 distinct people, more than a biological pair. Deduplication cannot decide which 2 are the real parents, and choosing among 3 genuinely different claimed parents is genealogical judgement, not a merge. Clusters are shown for a human to rule on.
Q78691	King of Pergamon II - Eumenes I (263241 BC)	3	[Q78764 'Eumenes of Pergamon'] ; [Q78767 'Satyra of Pergamon'] ; [Q78770 'Philetaerus']		yes	3 listed parents do NOT collapse: they cluster into 3 distinct people, more than a biological pair. Deduplication cannot decide which 2 are the real parents, and choosing among 3 genuinely different claimed parents is genealogical judgement, not a merge. Clusters are shown for a human to rule on.
Q78704	John Hyrcanus	3	[Q151286 'Q151286'] ; [Q78776 'Simon Thassi'] ; [Q85148 'Alexandra Simona Bat Yehuda ha Kohen']		yes	3 listed parents do NOT collapse: they cluster into 3 distinct people, more than a biological pair. Deduplication cannot decide which 2 are the real parents, and choosing among 3 genuinely different claimed parents is genealogical judgement, not a merge. Clusters are shown for a human to rule on.
Q79114	Epiphania	3	[Q113001 'NN'] ; [Q79102 'Esteban Balthes'] ; [Q99508 'Lucia']		yes	3 listed parents do NOT collapse: they cluster into 3 distinct people, more than a biological pair. Deduplication cannot decide which 2 are the real parents, and choosing among 3 genuinely different claimed parents is genealogical judgement, not a merge. Clusters are shown for a human to rule on.
Q82390	Fernao  Soares de Moscoso	3	[Q81587 'Leonor Pacheco Soares'] ; [Q82362 'Pedro Sanches de Moscoso'] ; [Q82364 'Joao Soares de Moscoso']		yes	3 listed parents do NOT collapse: they cluster into 3 distinct people, more than a biological pair. Deduplication cannot decide which 2 are the real parents, and choosing among 3 genuinely different claimed parents is genealogical judgement, not a merge. Clusters are shown for a human to rule on.
Q85240	Nitocris  Princess of Egypt	3	[Q195013 'Necho II, Pharaoh of Egypt'] ; [Q85249 'Necho'] ; [Q85251 'Chedebnitjerbone']		yes	3 listed parents do NOT collapse: they cluster into 3 distinct people, more than a biological pair. Deduplication cannot decide which 2 are the real parents, and choosing among 3 genuinely different claimed parents is genealogical judgement, not a merge. Clusters are shown for a human to rule on.
Q85247	Neferibre Psamtek Psammetichus last king of Judah	3	[Q195013 'Necho II, Pharaoh of Egypt'] ; [Q85249 'Necho'] ; [Q85251 'Chedebnitjerbone']		yes	3 listed parents do NOT collapse: they cluster into 3 distinct people, more than a biological pair. Deduplication cannot decide which 2 are the real parents, and choosing among 3 genuinely different claimed parents is genealogical judgement, not a merge. Clusters are shown for a human to rule on.
Q85253	Psamtek Wahibre	3	[Q195390 'Necho I' = Q85263 'Menkheperre Necho'] ; [Q85261 'Istemabat']	Q195390,Q85261	no	3 listed parents collapse to 2 distinct person(s): 1 record(s) are duplicates of another listed parent. Evidence — Q195390+Q85263: same Wikidata ID (Q455594). The two survivors are one male and one female, as a biological parent pair should be
Q85380	Shoshenq D . 	3	"[Q195124 'Karomat / Karomama /Princess of Egypt/' = Q85392 'Karomat \ Karomama Karomama ?Princess of Egypt'] ; [Q85374 'Ozorkon II Usermare Setepenamun ""the Libyan"" II ""the Libyan"", Pharaoh of Pharaoh of Egypt']"	Q195124,Q85374	no	3 listed parents collapse to 2 distinct person(s): 1 record(s) are duplicates of another listed parent. Evidence — Q195124+Q85392: same given name and every surname token matches as a spelling variant ('Karomat / Karomama /Princess of Egypt/' / 'Karomat \ Karomama Karomama ?Princess of Egypt'). The two survivors are one male and one female, as a biological parent pair should be
Q85438	Maatkare	3	[Q195446 'Psusennes II . . High Priest of Amun, Pharaoh of Egypt' = Q85418 'Psusennes II .'] ; [Q85416 'This line really does not make sense']	Q195446,Q85416	no	3 listed parents collapse to 2 distinct person(s): 1 record(s) are duplicates of another listed parent. Evidence — Q195446+Q85418: same given name and every surname token matches as a spelling variant ('Psusennes II . . High Priest of Amun, Pharaoh of Egypt' / 'Psusennes II .'). The two survivors are one male and one female, as a biological parent pair should be
Q85654	Mentuhotep III (IV), King of Egypt 	3	[Q85662 'Neferu'] ; [Q85664 'Mentuhotep II Nebhepetra, King of Egypt'] ; [Q85985 'Sankhkare Mentuhotep III Mentouhotep']		yes	3 listed parents do NOT collapse: they cluster into 3 distinct people, more than a biological pair. Deduplication cannot decide which 2 are the real parents, and choosing among 3 genuinely different claimed parents is genealogical judgement, not a merge. Clusters are shown for a human to rule on.
Q85664	Mentuhotep II Nebhepetra, King of Egypt 	3	[Q85668 'Inyotef III Nakhtnebtepnefer, King of Egypt' = Q85678 'Inyotef III Nakhtnebtepnefer, King of Egypt'] ; [Q85670 'Aoh']	Q85668,Q85670	no	3 listed parents collapse to 2 distinct person(s): 1 record(s) are duplicates of another listed parent. Evidence — Q85668+Q85678: identical label 'Inyotef III Nakhtnebtepnefer, King of Egypt'. The two survivors are one male and one female, as a biological parent pair should be
Q85674	Inyotef II, King of Egypt 	3	[Q85680 'Inyotef I the Great, King of Egypt'] ; [Q85682 'Mother of Inyotef II, King of Egypt'] ; [Q85903 'Mentuhotep I Tepy-a']		yes	3 listed parents do NOT collapse: they cluster into 3 distinct people, more than a biological pair. Deduplication cannot decide which 2 are the real parents, and choosing among 3 genuinely different claimed parents is genealogical judgement, not a merge. Clusters are shown for a human to rule on.
Q85686	Ankhfn-Khonsu, Prince of Egypt 	3	[Q85692 'Merenenre II'] ; [Q85694 'Nitocris'] ; [Q85704 'Pepi I']		yes	3 listed parents do NOT collapse: they cluster into 3 distinct people, more than a biological pair. Deduplication cannot decide which 2 are the real parents, and choosing among 3 genuinely different claimed parents is genealogical judgement, not a merge. Clusters are shown for a human to rule on.
Q85740	Neferirkare Kakai 	3	[Q195152 'Neferhetepes . . Queen of Egypt'] ; [Q85744 'Userkaf'] ; [Q85746 'Neferhetepes .']		yes	3 listed parents do NOT collapse: they cluster into 3 distinct people, more than a biological pair. Deduplication cannot decide which 2 are the real parents, and choosing among 3 genuinely different claimed parents is genealogical judgement, not a merge. Clusters are shown for a human to rule on.
Q85754	Menkaure Khet	3	[Q195158 'Khamerernebty I'] ; [Q85756 'Khafre'] ; [Q85758 'Khamerernebty .']		yes	3 listed parents do NOT collapse: they cluster into 3 distinct people, more than a biological pair. Deduplication cannot decide which 2 are the real parents, and choosing among 3 genuinely different claimed parents is genealogical judgement, not a merge. Clusters are shown for a human to rule on.
Q85808	Djet	3	[Q195273 'Nakhtneith'] ; [Q85810 'Herneith of Egypt'] ; [Q85812 'Djer']		yes	3 listed parents do NOT collapse: they cluster into 3 distinct people, more than a biological pair. Deduplication cannot decide which 2 are the real parents, and choosing among 3 genuinely different claimed parents is genealogical judgement, not a merge. Clusters are shown for a human to rule on.
Q86189	Senusret-sonbe . 	3	[Q195205 'Senusret II' = Q86147 'Khakheperre Senusret II'] ; [Q86159 'Itaweret Itaurt of Egypt']	Q195205,Q86159	no	3 listed parents collapse to 2 distinct person(s): 1 record(s) are duplicates of another listed parent. Evidence — Q195205+Q86147: same Wikidata ID (Q18722). The two survivors are one male and one female, as a biological parent pair should be
Q86191	Khakhaure Senusret III	3	[Q195205 'Senusret II' = Q86147 'Khakheperre Senusret II'] ; [Q86149 'Khenemetneferhedjet I Weret .']	Q195205,Q86149	no	3 listed parents collapse to 2 distinct person(s): 1 record(s) are duplicates of another listed parent. Evidence — Q195205+Q86147: same Wikidata ID (Q18722). The two survivors are one male and one female, as a biological parent pair should be
Q86193	Sithathoryunet . 	3	[Q195205 'Senusret II' = Q86147 'Khakheperre Senusret II'] ; [Q86157 'Khnemet .']	Q195205,Q86157	no	3 listed parents collapse to 2 distinct person(s): 1 record(s) are duplicates of another listed parent. Evidence — Q195205+Q86147: same Wikidata ID (Q18722). The two survivors are one male and one female, as a biological parent pair should be
Q86197	Hetshepsut . 	3	[Q195205 'Senusret II' = Q86147 'Khakheperre Senusret II'] ; [Q86155 'Neferet .']	Q195205,Q86155	no	3 listed parents collapse to 2 distinct person(s): 1 record(s) are duplicates of another listed parent. Evidence — Q195205+Q86147: same Wikidata ID (Q18722). The two survivors are one male and one female, as a biological parent pair should be
Q86199	Atmuneferu . 	3	[Q195205 'Senusret II' = Q86147 'Khakheperre Senusret II'] ; [Q86155 'Neferet .']	Q195205,Q86155	no	3 listed parents collapse to 2 distinct person(s): 1 record(s) are duplicates of another listed parent. Evidence — Q195205+Q86147: same Wikidata ID (Q18722). The two survivors are one male and one female, as a biological parent pair should be
Q86269	Intef the Elder	3	[Q195814 'Mother of Inyotef I the Great, King of Egypt' = Q85688 'Mother of Inyotef I the Great, King of Egypt'] ; [Q85686 'Ankhfn-Khonsu, Prince of Egypt']	Q195814,Q85686	no	3 listed parents collapse to 2 distinct person(s): 1 record(s) are duplicates of another listed parent. Evidence — Q195814+Q85688: identical label 'Mother of Inyotef I the Great, King of Egypt'. The two survivors are one male and one female, as a biological parent pair should be
Q86565	Nachum  ben Achaya	3	"[Q86573 'Achaya son of Akkub'] ; [Q86575 'bat Abba ""Abbahu"" bar Acha'] ; [Q91032 'Unknown bat Abba ""Abbahu"" bar Acha']"		yes	3 listed parents do NOT collapse: they cluster into 3 distinct people, more than a biological pair. Deduplication cannot decide which 2 are the real parents, and choosing among 3 genuinely different claimed parents is genealogical judgement, not a merge. Clusters are shown for a human to rule on.
Q86567	Hobah  bat Rab	3	[Q86577 'Rab Abba Arika bar Abba'] ; [Q86579 'Q86579'] ; [Q91038 '?']		yes	3 listed parents do NOT collapse: they cluster into 3 distinct people, more than a biological pair. Deduplication cannot decide which 2 are the real parents, and choosing among 3 genuinely different claimed parents is genealogical judgement, not a merge. Clusters are shown for a human to rule on.
Q86605	Hunya  ben Nathan	3	[Q86613 'Nathan'] ; [Q86615 'Wife #1 of Shechanya ben Shemaya'] ; [Q91216 'Nathan de Zuzita ben Shalom']		yes	3 listed parents do NOT collapse: they cluster into 3 distinct people, more than a biological pair. Deduplication cannot decide which 2 are the real parents, and choosing among 3 genuinely different claimed parents is genealogical judgement, not a merge. Clusters are shown for a human to rule on.
Q86665	bat Hizkiya ibn Nearya	3	[Q86675 'Hiskiasz'] ; [Q86677 'bat Shahanya son of Obadya'] ; [Q92232 'Unknown bat Shahanya son of Obadya']		yes	3 listed parents do NOT collapse: they cluster into 3 distinct people, more than a biological pair. Deduplication cannot decide which 2 are the real parents, and choosing among 3 genuinely different claimed parents is genealogical judgement, not a merge. Clusters are shown for a human to rule on.
Q86683	Hizkiya  ben Shehanya	3	[Q86695 'wife, Shehnya bat Hillel HaZaken'] ; [Q86697 'Shehanya (a\k\a 'Shachna') k?a 'Shachna') ?ibn Eliab' = Q92659 'Shehanya (a\k\a 'Shachna') ibn Eliab']	Q86695,Q92659	no	3 listed parents collapse to 2 distinct person(s): 1 record(s) are duplicates of another listed parent. Evidence — Q86697+Q92659: same given name and every surname token matches as a spelling variant ('Shehanya (a\k\a 'Shachna') k?a 'Shachna') ?ibn Eliab' / 'Shehanya (a\k\a 'Shachna') ibn Eliab'). The two survivors are one male and one female, as a biological parent pair should be
Q86836	Hazrat Syed Imam Muhammad Baqer RH son of  Imam Zainal Abidin	3	[Q86852 '+ Ali Zainal Abidin -4 [Versi 1]'] ; [Q86854 'Imam Ali Al-Sajjad Zain-ul-Abedin Al Husayni'] ; [Q86856 'Fatima daughter of al-Hasan']		yes	3 listed parents do NOT collapse: they cluster into 3 distinct people, more than a biological pair. Deduplication cannot decide which 2 are the real parents, and choosing among 3 genuinely different claimed parents is genealogical judgement, not a merge. Clusters are shown for a human to rule on.
Q86975	Lu'ay born of Ghalib	3	[Q153797 'Q153797'] ; [Q62689 'Atikah born of Yakhlud'] ; [Q85847 'BROKEN PERSON UNLINK']		yes	3 listed parents do NOT collapse: they cluster into 3 distinct people, more than a biological pair. Deduplication cannot decide which 2 are the real parents, and choosing among 3 genuinely different claimed parents is genealogical judgement, not a merge. Clusters are shown for a human to rule on.
Q87322	劉	3	[Q87314 'Che Liu'] ; [Q87342 'NN'] ; [Q87344 'Q87344']		yes	3 listed parents do NOT collapse: they cluster into 3 distinct people, more than a biological pair. Deduplication cannot decide which 2 are the real parents, and choosing among 3 genuinely different claimed parents is genealogical judgement, not a merge. Clusters are shown for a human to rule on.
Q87340	Elchishye Bektur  	3	[Q60233 'Zhong Nu' = Q87364 'Zhong Nu'] ; [Q87362 'Kiyok (Laoshang) Chanyu']	Q60233,Q87362	no	3 listed parents collapse to 2 distinct person(s): 1 record(s) are duplicates of another listed parent. Evidence — Q60233+Q87364: identical label 'Zhong Nu'. The two survivors are one male and one female, as a biological parent pair should be
Q87428	  	3	[Q58889 'of Chao' = Q87434 'of Chao'] ; [Q87436 'Q87436']	Q58889,Q87436	no	3 listed parents collapse to 2 distinct person(s): 1 record(s) are duplicates of another listed parent. Evidence — Q58889+Q87434: identical label 'of Chao'. The two survivors are one male and one female, as a biological parent pair should be
Q87448	Cheng Kung  of Yan	3	[Q58290 'of Tsai' = Q87454 'of Tsai'] ; [Q87452 'Hsiao Kung of Yan']	Q58290,Q87452	no	3 listed parents collapse to 2 distinct person(s): 1 record(s) are duplicates of another listed parent. Evidence — Q58290+Q87454: identical label 'of Tsai'. The two survivors are one male and one female, as a biological parent pair should be
Q87513	 Kung  	3	[Q58281 'of Chi' = Q87523 'of Chi'] ; [Q87525 'Kung']	Q58281,Q87525	no	3 listed parents collapse to 2 distinct person(s): 1 record(s) are duplicates of another listed parent. Evidence — Q58281+Q87523: identical label 'of Chi'. The two survivors are one male and one female, as a biological parent pair should be
Q87533	 Kung  	3	[Q57987 'of Eastern Chou' = Q87543 'of Eastern Chou'] ; [Q87545 'Q87545']	Q57987,Q87545	no	3 listed parents collapse to 2 distinct person(s): 1 record(s) are duplicates of another listed parent. Evidence — Q57987+Q87543: identical label 'of Eastern Chou'. The two survivors are one male and one female, as a biological parent pair should be
Q87535	 Kung  	3	[Q57183 'Ji'] ; [Q87547 'Q87547'] ; [Q87549 'Ji']		yes	3 listed parents do NOT collapse: they cluster into 3 distinct people, more than a biological pair. Deduplication cannot decide which 2 are the real parents, and choosing among 3 genuinely different claimed parents is genealogical judgement, not a merge. Clusters are shown for a human to rule on.
Q87727	Ji Li , 39  Ji 	3	[Q6605 'King Tai of Zhou'] ; [Q87737 'Gu Gong Dan Fu Ji'] ; [Q87739 'Jiang']		yes	3 listed parents do NOT collapse: they cluster into 3 distinct people, more than a biological pair. Deduplication cannot decide which 2 are the real parents, and choosing among 3 genuinely different claimed parents is genealogical judgement, not a merge. Clusters are shown for a human to rule on.
Q87821	 	3	[Q6453 'Emperor Ku' = Q87823 'Emperor Ku descendant of the Yellow Emperor'] ; [Q87825 'Yuan']	Q6453,Q87825	no	3 listed parents collapse to 2 distinct person(s): 1 record(s) are duplicates of another listed parent. Evidence — Q6453+Q87823: same given name and every surname token matches as a spelling variant ('Emperor Ku' / 'Emperor Ku descendant of the Yellow Emperor'). The two survivors are one male and one female, as a biological parent pair should be
Q87896	Adda (or Addoi) daughter of Bustenai	3	[Q86519 'Adoa bat Assad'] ; [Q87872 'Bustanai'] ; [Q90684 'The Priest Rafa']		yes	3 listed parents do NOT collapse: they cluster into 3 distinct people, more than a biological pair. Deduplication cannot decide which 2 are the real parents, and choosing among 3 genuinely different claimed parents is genealogical judgement, not a merge. Clusters are shown for a human to rule on.
Q87906	"Mar Sutra I ""Guriya""  ben Mar Zutra III"	3	[Q68341 'unknown bint al-Rabi' al-Huqayq al-Nadir'] ; [Q87880 'bint al-Rabi' al-Huqayq al-Nadir'] ; [Q90759 'Mar Sutra II (Sa'adya) ben Mar Tsutra I']		yes	3 listed parents do NOT collapse: they cluster into 3 distinct people, more than a biological pair. Deduplication cannot decide which 2 are the real parents, and choosing among 3 genuinely different claimed parents is genealogical judgement, not a merge. Clusters are shown for a human to rule on.
Q88032	Nechemya  ben Magis	3	"[Q88006 'Haninai ""Magis \ Majus"" Majus"" ?ben Mar Sutra II'] ; [Q90821 'Haninai ""Magis\Majus"" ben Mar Sutra II'] ; [Q90845 'bat Al Palestin bat Abaye haKohen Gaon']"		yes	3 listed parents do NOT collapse: they cluster into 3 distinct people, more than a biological pair. Deduplication cannot decide which 2 are the real parents, and choosing among 3 genuinely different claimed parents is genealogical judgement, not a merge. Clusters are shown for a human to rule on.
Q88144	David Avraham  ben Hazub	3	[Q88096 'Ben Yosef'] ; [Q88216 'Judith Bat Zemah ben Paltoi Kohen Sedeq Gaon de Pumbeditha bat Zemah ben Paltoi Kohen Sedeq Gaon of Pumbeditha'] ; [Q90849 'bat Zemah ben Paltoi Kohen Sedeq']		yes	3 listed parents do NOT collapse: they cluster into 3 distinct people, more than a biological pair. Deduplication cannot decide which 2 are the real parents, and choosing among 3 genuinely different claimed parents is genealogical judgement, not a merge. Clusters are shown for a human to rule on.
Q88146	"Abu Zakkai ""Yehudah""  ben David"	3	[Q88096 'Ben Yosef'] ; [Q88216 'Judith Bat Zemah ben Paltoi Kohen Sedeq Gaon de Pumbeditha bat Zemah ben Paltoi Kohen Sedeq Gaon of Pumbeditha'] ; [Q90849 'bat Zemah ben Paltoi Kohen Sedeq']		yes	3 listed parents do NOT collapse: they cluster into 3 distinct people, more than a biological pair. Deduplication cannot decide which 2 are the real parents, and choosing among 3 genuinely different claimed parents is genealogical judgement, not a merge. Clusters are shown for a human to rule on.
Q88184	Avin ben Eliyahu	3	[Q88136 'son of Hanina'] ; [Q90873 'Eliyahu ben Menahem Ha-Zaken' = Q99125 'Eliyahu haZaken']	Q88136,Q99125	no	3 listed parents collapse to 2 distinct person(s): 1 record(s) are duplicates of another listed parent. Evidence — Q90873+Q99125: same given name and every surname token matches as a spelling variant ('Eliyahu ben Menahem Ha-Zaken' / 'Eliyahu haZaken'). The two survivors are one male and one female, as a biological parent pair should be
Q88248	Yehuda ben Yosef  ibn Ezra Ibn Shaprut	3	[Q88172 'Abu Yusuf Yehuda (Hasday\Hasadya) Hasadya) ?ben Yitzhak ben Ezra ibn Shaprut'] ; [Q90867 'Hasdai ben Yitzhak ben Ezra Ibn Shaprut'] ; [Q90904 'unknown']		yes	3 listed parents do NOT collapse: they cluster into 3 distinct people, more than a biological pair. Deduplication cannot decide which 2 are the real parents, and choosing among 3 genuinely different claimed parents is genealogical judgement, not a merge. Clusters are shown for a human to rule on.
Q88250	Yitzhak ben Hasdai  ibn Ezra ibn Shaprut	3	[Q88172 'Abu Yusuf Yehuda (Hasday\Hasadya) Hasadya) ?ben Yitzhak ben Ezra ibn Shaprut'] ; [Q90867 'Hasdai ben Yitzhak ben Ezra Ibn Shaprut'] ; [Q90904 'unknown']		yes	3 listed parents do NOT collapse: they cluster into 3 distinct people, more than a biological pair. Deduplication cannot decide which 2 are the real parents, and choosing among 3 genuinely different claimed parents is genealogical judgement, not a merge. Clusters are shown for a human to rule on.
Q88448	Sitt al-Muna  bat Nathan	3	[Q88370 'Sitt bat Abu Yosef Yakob ben Amram ibn Mar Sahl al-Nag'hdilah'] ; [Q88374 'Abu Ishaq Abraham ben Nathan'] ; [Q90976 'Sitt bat Abu Yosef Yakob ben Amram ibn Mar Sa']		yes	3 listed parents do NOT collapse: they cluster into 3 distinct people, more than a biological pair. Deduplication cannot decide which 2 are the real parents, and choosing among 3 genuinely different claimed parents is genealogical judgement, not a merge. Clusters are shown for a human to rule on.
Q88454	Esther  bat Sahlan ben Abraham	3	[Q88380 'Esther bat Yosef ben 'Amram haDayyan al-Sijilmasa' = Q90982 'Esther bat Yosef ben 'Amram haDayyan al-Sijilma'] ; [Q91024 'Alluf Abu Amr Sahlan ben Abraham']	Q90982,Q91024	no	3 listed parents collapse to 2 distinct person(s): 1 record(s) are duplicates of another listed parent. Evidence — Q88380+Q90982: labels 98% identical, same given name ('Esther bat Yosef ben 'Amram haDayyan al-Sijilmasa' / 'Esther bat Yosef ben 'Amram haDayyan al-Sijilma'). The two survivors are one male and one female, as a biological parent pair should be
Q88604	"David ""Ya'ish"" ibn Hiyya"	3	"[Q88526 'Mansukha ben Nissim Nagid'] ; [Q88532 'Yehudah Hayy ""Yahya"" ben Hiyya'] ; [Q88536 'Hiyya HaNasi']"		yes	3 listed parents do NOT collapse: they cluster into 3 distinct people, more than a biological pair. Deduplication cannot decide which 2 are the real parents, and choosing among 3 genuinely different claimed parents is genealogical judgement, not a merge. Clusters are shown for a human to rule on.
Q88606	Shmuel  ben Yehudah	3	"[Q88526 'Mansukha ben Nissim Nagid'] ; [Q88532 'Yehudah Hayy ""Yahya"" ben Hiyya'] ; [Q88536 'Hiyya HaNasi']"		yes	3 listed parents do NOT collapse: they cluster into 3 distinct people, more than a biological pair. Deduplication cannot decide which 2 are the real parents, and choosing among 3 genuinely different claimed parents is genealogical judgement, not a merge. Clusters are shown for a human to rule on.
Q88630	Avraham II  ben Ezra. HaLevi	3	[Q88550 'Ezra ben Mevorakh'] ; [Q88650 'bat Shlomo ben Masliah haKohen, Gaon of Palestine Yeshiva of Damascus'] ; [Q91112 '???? bat Shlomo ben Masliah haKohen, Gaon of']		yes	3 listed parents do NOT collapse: they cluster into 3 distinct people, more than a biological pair. Deduplication cannot decide which 2 are the real parents, and choosing among 3 genuinely different claimed parents is genealogical judgement, not a merge. Clusters are shown for a human to rule on.
Q88644	Shmuel  Abravanel	3	[Q88566 'bat Abu Ibrahim Yitzhak ben Ya'qob ibn Ezra'] ; [Q88628 'Abu Ya'qub' Yitzhak Ohev ben Me'ir ibn Muhajir'] ; [Q91098 'unknown bat Abu Ibrahim Yitzhak ben Ya'qob ibn E']		yes	3 listed parents do NOT collapse: they cluster into 3 distinct people, more than a biological pair. Deduplication cannot decide which 2 are the real parents, and choosing among 3 genuinely different claimed parents is genealogical judgement, not a merge. Clusters are shown for a human to rule on.
Q88646	????  Daughter of Isaac ibn Muhajir	3	[Q88566 'bat Abu Ibrahim Yitzhak ben Ya'qob ibn Ezra'] ; [Q88628 'Abu Ya'qub' Yitzhak Ohev ben Me'ir ibn Muhajir'] ; [Q91098 'unknown bat Abu Ibrahim Yitzhak ben Ya'qob ibn E']		yes	3 listed parents do NOT collapse: they cluster into 3 distinct people, more than a biological pair. Deduplication cannot decide which 2 are the real parents, and choosing among 3 genuinely different claimed parents is genealogical judgement, not a merge. Clusters are shown for a human to rule on.
Q88827	Perfet Nasi	3	[Q88741 'unknown Bat bat Zerachiah HaLevi'] ; [Q88978 'Vidal Avraham de Saporta'] ; [Q91240 'Don Abraham Afaquim Beneviste']		yes	3 listed parents do NOT collapse: they cluster into 3 distinct people, more than a biological pair. Deduplication cannot decide which 2 are the real parents, and choosing among 3 genuinely different claimed parents is genealogical judgement, not a merge. Clusters are shown for a human to rule on.
Q89371	Gonzalo  Garcia de Santa Maria	3	[Q89215 'Beatriz de la Caballeria'] ; [Q89309 'Tomas Garcia de Santa Maria (Todroz Benveniste)' = Q91378 'Tomas Garcia de Santa Maria (Todroz Benveniste']	Q89215,Q91378	no	3 listed parents collapse to 2 distinct person(s): 1 record(s) are duplicates of another listed parent. Evidence — Q89309+Q91378: labels 99% identical, same given name ('Tomas Garcia de Santa Maria (Todroz Benveniste)' / 'Tomas Garcia de Santa Maria (Todroz Benveniste'). The two survivors are one male and one female, as a biological parent pair should be
Q89491	Alonzo  Gutierrez de La Caballeria	3	"[Q89327 'Catalina De la Caballeria De la Cabra'] ; [Q89369 'Martin (Min\ Mene) ""Men"" Mene) ""Men"" ?Gutierrez' = Q91406 'Martin ""Men"" Gutierrez']"	Q89327,Q91406	no	"3 listed parents collapse to 2 distinct person(s): 1 record(s) are duplicates of another listed parent. Evidence — Q89369+Q91406: same given name and every surname token matches as a spelling variant ('Martin (Min\ Mene) ""Men"" Mene) ""Men"" ?Gutierrez' / 'Martin ""Men"" Gutierrez'). The two survivors are one male and one female, as a biological parent pair should be"
Q89493	Gonzalo  Gutierrez de la Caballeria	3	"[Q89327 'Catalina De la Caballeria De la Cabra'] ; [Q89369 'Martin (Min\ Mene) ""Men"" Mene) ""Men"" ?Gutierrez' = Q91406 'Martin ""Men"" Gutierrez']"	Q89327,Q91406	no	"3 listed parents collapse to 2 distinct person(s): 1 record(s) are duplicates of another listed parent. Evidence — Q89369+Q91406: same given name and every surname token matches as a spelling variant ('Martin (Min\ Mene) ""Men"" Mene) ""Men"" ?Gutierrez' / 'Martin ""Men"" Gutierrez'). The two survivors are one male and one female, as a biological parent pair should be"
Q89495	Pedro  Gutierrez de la Cavalleria	3	"[Q89327 'Catalina De la Caballeria De la Cabra'] ; [Q89369 'Martin (Min\ Mene) ""Men"" Mene) ""Men"" ?Gutierrez' = Q91406 'Martin ""Men"" Gutierrez']"	Q89327,Q91406	no	"3 listed parents collapse to 2 distinct person(s): 1 record(s) are duplicates of another listed parent. Evidence — Q89369+Q91406: same given name and every surname token matches as a spelling variant ('Martin (Min\ Mene) ""Men"" Mene) ""Men"" ?Gutierrez' / 'Martin ""Men"" Gutierrez'). The two survivors are one male and one female, as a biological parent pair should be"
Q89497	Diego  Gutierrez de la Cavalleria	3	"[Q89327 'Catalina De la Caballeria De la Cabra'] ; [Q89369 'Martin (Min\ Mene) ""Men"" Mene) ""Men"" ?Gutierrez' = Q91406 'Martin ""Men"" Gutierrez']"	Q89327,Q91406	no	"3 listed parents collapse to 2 distinct person(s): 1 record(s) are duplicates of another listed parent. Evidence — Q89369+Q91406: same given name and every surname token matches as a spelling variant ('Martin (Min\ Mene) ""Men"" Mene) ""Men"" ?Gutierrez' / 'Martin ""Men"" Gutierrez'). The two survivors are one male and one female, as a biological parent pair should be"
Q89498	Rodrigo  Gutierrez	3	"[Q89327 'Catalina De la Caballeria De la Cabra'] ; [Q89369 'Martin (Min\ Mene) ""Men"" Mene) ""Men"" ?Gutierrez' = Q91406 'Martin ""Men"" Gutierrez']"	Q89327,Q91406	no	"3 listed parents collapse to 2 distinct person(s): 1 record(s) are duplicates of another listed parent. Evidence — Q89369+Q91406: same given name and every surname token matches as a spelling variant ('Martin (Min\ Mene) ""Men"" Mene) ""Men"" ?Gutierrez' / 'Martin ""Men"" Gutierrez'). The two survivors are one male and one female, as a biological parent pair should be"
Q89540	Teresa  Rodriguez de Maluenda	3	[Q89353 'Gonzalo'] ; [Q91458 'Maria'] ; [Q91460 'Leonor Rodriguez']		yes	3 listed parents do NOT collapse: they cluster into 3 distinct people, more than a biological pair. Deduplication cannot decide which 2 are the real parents, and choosing among 3 genuinely different claimed parents is genealogical judgement, not a merge. Clusters are shown for a human to rule on.
Q89570	N.  de la Cavalleria	3	[Q89373 'Alonso de la Caballeria'] ; [Q91494 'Isabel de Aro'] ; [Q91496 'Francisca de Resendi']		yes	3 listed parents do NOT collapse: they cluster into 3 distinct people, more than a biological pair. Deduplication cannot decide which 2 are the real parents, and choosing among 3 genuinely different claimed parents is genealogical judgement, not a merge. Clusters are shown for a human to rule on.
Q89777	Lope  Perez de Maluenda	3	[Q89544 'Juana Alvar Rodriguez Maluenda y Ruiz' = Q91464 'Juana Rodriguez de Maluenda'] ; [Q91596 'Diego Alonso de Burgos']	Q91464,Q91596	no	3 listed parents collapse to 2 distinct person(s): 1 record(s) are duplicates of another listed parent. Evidence — Q89544+Q91464: same given name and every surname token matches as a spelling variant ('Juana Alvar Rodriguez Maluenda y Ruiz' / 'Juana Rodriguez de Maluenda'). The two survivors are one male and one female, as a biological parent pair should be
Q89779	Diego  Perez de Maluenda	3	[Q89544 'Juana Alvar Rodriguez Maluenda y Ruiz' = Q91464 'Juana Rodriguez de Maluenda'] ; [Q91596 'Diego Alonso de Burgos']	Q91464,Q91596	no	3 listed parents collapse to 2 distinct person(s): 1 record(s) are duplicates of another listed parent. Evidence — Q89544+Q91464: same given name and every surname token matches as a spelling variant ('Juana Alvar Rodriguez Maluenda y Ruiz' / 'Juana Rodriguez de Maluenda'). The two survivors are one male and one female, as a biological parent pair should be
Q89781	Alvar  Perez de Maluenda	3	[Q89544 'Juana Alvar Rodriguez Maluenda y Ruiz' = Q91464 'Juana Rodriguez de Maluenda'] ; [Q91596 'Diego Alonso de Burgos']	Q91464,Q91596	no	3 listed parents collapse to 2 distinct person(s): 1 record(s) are duplicates of another listed parent. Evidence — Q89544+Q91464: same given name and every surname token matches as a spelling variant ('Juana Alvar Rodriguez Maluenda y Ruiz' / 'Juana Rodriguez de Maluenda'). The two survivors are one male and one female, as a biological parent pair should be
Q89823	N.  de Maluenda	3	[Q89570 'N. de la Cavalleria' = Q89572 'N. de la Cavalleria'] ; [Q91662 'Mathias Martin de Maluenda']	Q89570,Q91662	no	3 listed parents collapse to 2 distinct person(s): 1 record(s) are duplicates of another listed parent. Evidence — Q89570+Q89572: identical label 'N. de la Cavalleria'. The two survivors are one male and one female, as a biological parent pair should be
Q89993	Gonzalo  de Cervantes Avellaneda	3	[Q89759 'Diego de Cervantes y Toledo' = Q91574 'Diego de Cervantes y Alvarez de Toledo'] ; [Q91763 'Juana Arias de Avellaneda Saavedra']	Q91574,Q91763	no	3 listed parents collapse to 2 distinct person(s): 1 record(s) are duplicates of another listed parent. Evidence — Q89759+Q91574: same given name and every surname token matches as a spelling variant ('Diego de Cervantes y Toledo' / 'Diego de Cervantes y Alvarez de Toledo'). The two survivors are one male and one female, as a biological parent pair should be
Q89999	hernando  arias de Cervantes	3	[Q89759 'Diego de Cervantes y Toledo' = Q91574 'Diego de Cervantes y Alvarez de Toledo'] ; [Q91763 'Juana Arias de Avellaneda Saavedra']	Q91574,Q91763	no	3 listed parents collapse to 2 distinct person(s): 1 record(s) are duplicates of another listed parent. Evidence — Q89759+Q91574: same given name and every surname token matches as a spelling variant ('Diego de Cervantes y Toledo' / 'Diego de Cervantes y Alvarez de Toledo'). The two survivors are one male and one female, as a biological parent pair should be
Q90001	Luisa de Avellaneda y Cervantes	3	[Q89759 'Diego de Cervantes y Toledo' = Q91574 'Diego de Cervantes y Alvarez de Toledo'] ; [Q91763 'Juana Arias de Avellaneda Saavedra']	Q91574,Q91763	no	3 listed parents collapse to 2 distinct person(s): 1 record(s) are duplicates of another listed parent. Evidence — Q89759+Q91574: same given name and every surname token matches as a spelling variant ('Diego de Cervantes y Toledo' / 'Diego de Cervantes y Alvarez de Toledo'). The two survivors are one male and one female, as a biological parent pair should be
Q90031	Antonio  de la Cadena Maluenda	3	[Q89775 'Pedro Jose de Baeza de Maluenda'] ; [Q91594 'Licenciado Pedro Jose de Maluenda y Romero'] ; [Q91791 'Catalina Martinez de Lerma y de la Cadena']		yes	3 listed parents do NOT collapse: they cluster into 3 distinct people, more than a biological pair. Deduplication cannot decide which 2 are the real parents, and choosing among 3 genuinely different claimed parents is genealogical judgement, not a merge. Clusters are shown for a human to rule on.
Q90033	Luis  de la Cadena Maluenda	3	[Q89775 'Pedro Jose de Baeza de Maluenda'] ; [Q91594 'Licenciado Pedro Jose de Maluenda y Romero'] ; [Q91791 'Catalina Martinez de Lerma y de la Cadena']		yes	3 listed parents do NOT collapse: they cluster into 3 distinct people, more than a biological pair. Deduplication cannot decide which 2 are the real parents, and choosing among 3 genuinely different claimed parents is genealogical judgement, not a merge. Clusters are shown for a human to rule on.
Q90223	Clara  de Bocanegra Gutierrez Cavalleria	3	[Q89951 'Diego Gutierrez de la Cavalleria y Flores de Guevara' = Q91733 'Diego Gutierrez de la Cavalleria y Flores de G'] ; [Q91976 'Isabel Mexia de Bocanegra']	Q91733,Q91976	no	3 listed parents collapse to 2 distinct person(s): 1 record(s) are duplicates of another listed parent. Evidence — Q89951+Q91733: labels 94% identical, same given name ('Diego Gutierrez de la Cavalleria y Flores de Guevara' / 'Diego Gutierrez de la Cavalleria y Flores de G'). The two survivors are one male and one female, as a biological parent pair should be
Q90225	Juan  Gutierrez de Bocanegra	3	[Q89951 'Diego Gutierrez de la Cavalleria y Flores de Guevara' = Q91733 'Diego Gutierrez de la Cavalleria y Flores de G'] ; [Q91976 'Isabel Mexia de Bocanegra']	Q91733,Q91976	no	3 listed parents collapse to 2 distinct person(s): 1 record(s) are duplicates of another listed parent. Evidence — Q89951+Q91733: labels 94% identical, same given name ('Diego Gutierrez de la Cavalleria y Flores de Guevara' / 'Diego Gutierrez de la Cavalleria y Flores de G'). The two survivors are one male and one female, as a biological parent pair should be
Q90227	Marcos  Mexia de Bocanegera	3	[Q89951 'Diego Gutierrez de la Cavalleria y Flores de Guevara' = Q91733 'Diego Gutierrez de la Cavalleria y Flores de G'] ; [Q91976 'Isabel Mexia de Bocanegra']	Q91733,Q91976	no	3 listed parents collapse to 2 distinct person(s): 1 record(s) are duplicates of another listed parent. Evidence — Q89951+Q91733: labels 94% identical, same given name ('Diego Gutierrez de la Cavalleria y Flores de Guevara' / 'Diego Gutierrez de la Cavalleria y Flores de G'). The two survivors are one male and one female, as a biological parent pair should be
Q90283	Creusa  Zauja Ascanius	3	[Q90301 'Hecuba daughter of Dymas' = Q90672 'Hecuba daughter of Dymas'] ; [Q90303 'Priam ben Laomedon']	Q90301,Q90303	no	3 listed parents collapse to 2 distinct person(s): 1 record(s) are duplicates of another listed parent. Evidence — Q90301+Q90672: identical label 'Hecuba daughter of Dymas'. The two survivors are one male and one female, as a biological parent pair should be
Q90293	Perseis  Goddess	3	[Q74970 'Tethys'] ; [Q74973 'Danaus' = Q90309 'Oceanus']	Q74970,Q74973	no	3 listed parents collapse to 2 distinct person(s): 1 record(s) are duplicates of another listed parent. Evidence — Q74973+Q90309: same Wikidata ID (Q161419). The two survivors are one male and one female, as a biological parent pair should be
Q90325	Inachus	3	[Q74970 'Tethys'] ; [Q74973 'Danaus' = Q90309 'Oceanus']	Q74970,Q74973	no	3 listed parents collapse to 2 distinct person(s): 1 record(s) are duplicates of another listed parent. Evidence — Q74973+Q90309: same Wikidata ID (Q161419). The two survivors are one male and one female, as a biological parent pair should be
Q90353	Placia (Strymo)	3	[Q74937 'Xanthus \ Scamander Scamander ?King of Boeotia' = Q90329 'Xanthus \ Scamander Scamander'] ; [Q90414 'Leucippe']	Q74937,Q90414	no	3 listed parents collapse to 2 distinct person(s): 1 record(s) are duplicates of another listed parent. Evidence — Q74937+Q90329: same given name and every surname token matches as a spelling variant ('Xanthus \ Scamander Scamander ?King of Boeotia' / 'Xanthus \ Scamander Scamander'). The two survivors are one male and one female, as a biological parent pair should be
Q90402	Themisto	3	[Q75138 'Ladon'] ; [Q90321 'Ladon (Peneius)'] ; [Q90400 '[unknown]']		yes	3 listed parents do NOT collapse: they cluster into 3 distinct people, more than a biological pair. Deduplication cannot decide which 2 are the real parents, and choosing among 3 genuinely different claimed parents is genealogical judgement, not a merge. Clusters are shown for a human to rule on.
Q90462	Eurybia	3	[Q74701 'Terra'] ; [Q74997 'Pontus -' = Q90460 'Pontus -']	Q74701,Q74997	no	3 listed parents collapse to 2 distinct person(s): 1 record(s) are duplicates of another listed parent. Evidence — Q74997+Q90460: identical label 'Pontus -'. The two survivors are one male and one female, as a biological parent pair should be
Q90482	Leukon	3	[Q75039 'Poseidon' = Q90291 'Poseidon'] ; [Q90402 'Themisto']	Q75039,Q90402	no	3 listed parents collapse to 2 distinct person(s): 1 record(s) are duplicates of another listed parent. Evidence — Q75039+Q90291: identical label 'Poseidon'. The two survivors are one male and one female, as a biological parent pair should be
Q90506	Iolcus	3	[Q75051 'Cretheus Iolcus' = Q90534 'Cretheus Iolcus'] ; [Q90556 'Q90556']	Q75051,Q90556	no	3 listed parents collapse to 2 distinct person(s): 1 record(s) are duplicates of another listed parent. Evidence — Q75051+Q90534: identical label 'Cretheus Iolcus'. The two survivors are one male and one female, as a biological parent pair should be
Q90564	Lelex	3	[Q75039 'Poseidon' = Q90291 'Poseidon'] ; [Q90514 'Libya']	Q75039,Q90514	no	3 listed parents collapse to 2 distinct person(s): 1 record(s) are duplicates of another listed parent. Evidence — Q75039+Q90291: identical label 'Poseidon'. The two survivors are one male and one female, as a biological parent pair should be
Q90584	Cephissus	3	[Q74970 'Tethys'] ; [Q74973 'Danaus' = Q90309 'Oceanus']	Q74970,Q74973	no	3 listed parents collapse to 2 distinct person(s): 1 record(s) are duplicates of another listed parent. Evidence — Q74973+Q90309: same Wikidata ID (Q161419). The two survivors are one male and one female, as a biological parent pair should be
Q92406	Juan  de Saavedra	3	[Q31195 'Rexina de la Cadena y de Sotomayor'] ; [Q31721 'Juan de Saavedra de guzman' = Q92290 'Juan de Saavedra Guzman y Estrada']	Q31195,Q92290	no	3 listed parents collapse to 2 distinct person(s): 1 record(s) are duplicates of another listed parent. Evidence — Q31721+Q92290: same given name and every surname token matches as a spelling variant ('Juan de Saavedra de guzman' / 'Juan de Saavedra Guzman y Estrada'). The two survivors are one male and one female, as a biological parent pair should be
Q93810	Mattan	3	[Q136469 'Eleazar'] ; [Q93800 'Eleasar'] ; [Q93808 'Wife of Eleazar']		yes	3 listed parents do NOT collapse: they cluster into 3 distinct people, more than a biological pair. Deduplication cannot decide which 2 are the real parents, and choosing among 3 genuinely different claimed parents is genealogical judgement, not a merge. Clusters are shown for a human to rule on.
Q94149	Ali ibn al-Husayn Zayn al-'Abidin	3	[Q107980 'Shahrbanu'] ; [Q67465 'Husayn ibn Ali'] ; [Q94147 'Princess Shahrbanu bint Yazdegird III']		yes	3 listed parents do NOT collapse: they cluster into 3 distinct people, more than a biological pair. Deduplication cannot decide which 2 are the real parents, and choosing among 3 genuinely different claimed parents is genealogical judgement, not a merge. Clusters are shown for a human to rule on.
Q94363	Marwan Bin Al- Hakam  Bin Abu Al- 'As Bint Umaiyah	3	[Q107844 'Al-Hakam ibn Abi al-As'] ; [Q66647 'ibn Abi al-'As'] ; [Q96930 'Aminah binte al-Kama al-Kinaniyya']		yes	3 listed parents do NOT collapse: they cluster into 3 distinct people, more than a biological pair. Deduplication cannot decide which 2 are the real parents, and choosing among 3 genuinely different claimed parents is genealogical judgement, not a merge. Clusters are shown for a human to rule on.
Q94405	Safiyyah daughter of Abd al-Muttalib	3	[Q107580 'Halah bint Wuhayb'] ; [Q64909 'Halah binte Wahb'] ; [Q65008 'Abd al-Muttalib born of Hashim']		yes	3 listed parents do NOT collapse: they cluster into 3 distinct people, more than a biological pair. Deduplication cannot decide which 2 are the real parents, and choosing among 3 genuinely different claimed parents is genealogical judgement, not a merge. Clusters are shown for a human to rule on.
Q94413	Hamza ibn Abd al-Muttalib	3	[Q107580 'Halah bint Wuhayb'] ; [Q64909 'Halah binte Wahb'] ; [Q65008 'Abd al-Muttalib born of Hashim']		yes	3 listed parents do NOT collapse: they cluster into 3 distinct people, more than a biological pair. Deduplication cannot decide which 2 are the real parents, and choosing among 3 genuinely different claimed parents is genealogical judgement, not a merge. Clusters are shown for a human to rule on.
Q94415	Abbas ibn Abd al-Muttalib	3	[Q107586 'Nutayla bint Janab'] ; [Q65008 'Abd al-Muttalib born of Hashim'] ; [Q65948 'Nutayla daughter of Janab b. Kulayb']		yes	3 listed parents do NOT collapse: they cluster into 3 distinct people, more than a biological pair. Deduplication cannot decide which 2 are the real parents, and choosing among 3 genuinely different claimed parents is genealogical judgement, not a merge. Clusters are shown for a human to rule on.
Q95660	Salih son of Ali	3	[Q108028 'Alí ibn Abd-Al·lah ibn al-Abbàs'] ; [Q95157 'Ali al-Sajjad Al-Abbasi'] ; [Q95656 'Aliyah daughter of Ubaidullah']		yes	3 listed parents do NOT collapse: they cluster into 3 distinct people, more than a biological pair. Deduplication cannot decide which 2 are the real parents, and choosing among 3 genuinely different claimed parents is genealogical judgement, not a merge. Clusters are shown for a human to rule on.
Q96032	Muhammad al-Taqi	3	"[Q108946 'Ahmad al-Wafi'] ; [Q95512 'Imaam 'Abdullah ""Ahmad al-Wafi"" bin Imaam Muhammad ""ash-Shakir""'] ; [Q96030 'Sayyida Aminah binte Sayyidi Hamdan']"		yes	3 listed parents do NOT collapse: they cluster into 3 distinct people, more than a biological pair. Deduplication cannot decide which 2 are the real parents, and choosing among 3 genuinely different claimed parents is genealogical judgement, not a merge. Clusters are shown for a human to rule on.
Q96888	Abbasa	3	[Q108742 'Al-Mahdi'] ; [Q96218 'Muhammad al-Mahdi Muhammad al-Mahdi'] ; [Q96224 'Princess Rayta son of al-Saffah']		yes	3 listed parents do NOT collapse: they cluster into 3 distinct people, more than a biological pair. Deduplication cannot decide which 2 are the real parents, and choosing among 3 genuinely different claimed parents is genealogical judgement, not a merge. Clusters are shown for a human to rule on.
Q97109	Husayn	3	[Q96424 'Syarif Abdullah Al-Akbar ibnu Syarif Muhammad At-Thaer'] ; [Q97107 'Wife of Sharif Abdullah'] ; [Q97799 'Sulayman']		yes	3 listed parents do NOT collapse: they cluster into 3 distinct people, more than a biological pair. Deduplication cannot decide which 2 are the real parents, and choosing among 3 genuinely different claimed parents is genealogical judgement, not a merge. Clusters are shown for a human to rule on.
Q97111	Ali ibn Abd Allah	3	[Q109087 'Abd Allah'] ; [Q96424 'Syarif Abdullah Al-Akbar ibnu Syarif Muhammad At-Thaer'] ; [Q97107 'Wife of Sharif Abdullah']		yes	3 listed parents do NOT collapse: they cluster into 3 distinct people, more than a biological pair. Deduplication cannot decide which 2 are the real parents, and choosing among 3 genuinely different claimed parents is genealogical judgement, not a merge. Clusters are shown for a human to rule on.
Q97336	"Imaam Abdullah ""Al-Mahdi Billah"" bin Imaam Husain ""Radi Abdullah"""	3	"[Q109161 'Abd Allah al-Radi'] ; [Q96681 'Imaam Husain ""Radi Abdullah"" bin Imaam Ahmad ""Muhammad at-Taqi""'] ; [Q97360 'Sayyida Baarra ""Umm-ul-Khair"" Zauja-e-Imaam Husain ""Radi Abdullah""']"		yes	3 listed parents do NOT collapse: they cluster into 3 distinct people, more than a biological pair. Deduplication cannot decide which 2 are the real parents, and choosing among 3 genuinely different claimed parents is genealogical judgement, not a merge. Clusters are shown for a human to rule on.
Q98239	Al-Harith son of Fihr	3	[Q153798 'Fihr born of Iamblichus'] ; [Q62779 'Laila born of al-Haarith'] ; [Q85847 'BROKEN PERSON UNLINK']		yes	3 listed parents do NOT collapse: they cluster into 3 distinct people, more than a biological pair. Deduplication cannot decide which 2 are the real parents, and choosing among 3 genuinely different claimed parents is genealogical judgement, not a merge. Clusters are shown for a human to rule on.
Q99310	Olybrius	3	[Q111907 'Anicia Juliana'] ; [Q60293 'Flavius Areobindus Dagalaifus Areobindus'] ; [Q62558 'Dagalaiphus']		yes	3 listed parents do NOT collapse: they cluster into 3 distinct people, more than a biological pair. Deduplication cannot decide which 2 are the real parents, and choosing among 3 genuinely different claimed parents is genealogical judgement, not a merge. Clusters are shown for a human to rule on.
Q99322	Sampsiceramus III of Emesa	3	[Q68650 'Gaius Julius Alexion'] ; [Q68680 'Claudia Piso' = Q99326 'Cladia Arrius Calpurnius Silo Calpurnius Piso']	Q68650,Q68680	no	3 listed parents collapse to 2 distinct person(s): 1 record(s) are duplicates of another listed parent. Evidence — Q68680+Q99326: same Geni ID (6000000041127273231). The two survivors are one male and one female, as a biological parent pair should be
Q99797	Gatón de Bierzo	3	[Q75453 'Ramiro I of Asturias'] ; [Q75456 'Urraca of Asturias'] ; [Q99795 'Urraca']		yes	3 listed parents do NOT collapse: they cluster into 3 distinct people, more than a biological pair. Deduplication cannot decide which 2 are the real parents, and choosing among 3 genuinely different claimed parents is genealogical judgement, not a merge. Clusters are shown for a human to rule on.
Q99799	Ordoño I of Asturias	3	[Q110408 'Urraca' = Q99795 'Urraca'] ; [Q75453 'Ramiro I of Asturias']	Q110408,Q75453	no	3 listed parents collapse to 2 distinct person(s): 1 record(s) are duplicates of another listed parent. Evidence — Q110408+Q99795: identical label 'Urraca'. The two survivors are one male and one female, as a biological parent pair should be
Q99839	Alfonso III of Asturias	3	[Q110012 'Nuña' = Q99833 'Nuna'] ; [Q99799 'Ordoño I of Asturias']	Q110012,Q99799	no	3 listed parents collapse to 2 distinct person(s): 1 record(s) are duplicates of another listed parent. Evidence — Q110012+Q99833: identical label 'Nuña'. The two survivors are one male and one female, as a biological parent pair should be
Q99863	Vimarano	3	[Q111406 'Ermesinda'] ; [Q99819 'Alfonso I of Asturias'] ; [Q99859 'Ermessenda']		yes	3 listed parents do NOT collapse: they cluster into 3 distinct people, more than a biological pair. Deduplication cannot decide which 2 are the real parents, and choosing among 3 genuinely different claimed parents is genealogical judgement, not a merge. Clusters are shown for a human to rule on.
Q99881	Gudilona  Menéndez	3	[Q75441 'Hermenegildo Gutiérrez' = Q99879 'Hermenegildo (Mendo) Guterres de Coimbra'] ; [Q75444 'Hermesinda Gatoniz']	Q75441,Q75444	no	3 listed parents collapse to 2 distinct person(s): 1 record(s) are duplicates of another listed parent. Evidence — Q75441+Q99879: same Wikidata ID (Q840579). The two survivors are one male and one female, as a biological parent pair should be
Q99883	Inderquina  Pallas	3	[Q75441 'Hermenegildo Gutiérrez' = Q99879 'Hermenegildo (Mendo) Guterres de Coimbra'] ; [Q75444 'Hermesinda Gatoniz']	Q75441,Q75444	no	3 listed parents collapse to 2 distinct person(s): 1 record(s) are duplicates of another listed parent. Evidence — Q75441+Q99879: same Wikidata ID (Q840579). The two survivors are one male and one female, as a biological parent pair should be
Q99885	Hermensenda  Gutierrez	3	[Q75441 'Hermenegildo Gutiérrez' = Q99879 'Hermenegildo (Mendo) Guterres de Coimbra'] ; [Q75444 'Hermesinda Gatoniz']	Q75441,Q75444	no	3 listed parents collapse to 2 distinct person(s): 1 record(s) are duplicates of another listed parent. Evidence — Q75441+Q99879: same Wikidata ID (Q840579). The two survivors are one male and one female, as a biological parent pair should be
Q99887	Guterre  Arias de Menéndez	3	[Q75441 'Hermenegildo Gutiérrez' = Q99879 'Hermenegildo (Mendo) Guterres de Coimbra'] ; [Q75444 'Hermesinda Gatoniz']	Q75441,Q75444	no	3 listed parents collapse to 2 distinct person(s): 1 record(s) are duplicates of another listed parent. Evidence — Q75441+Q99879: same Wikidata ID (Q840579). The two survivors are one male and one female, as a biological parent pair should be
Q99889	Arias  Mendes de Coimbra, Conde de Coimbra	3	[Q75441 'Hermenegildo Gutiérrez' = Q99879 'Hermenegildo (Mendo) Guterres de Coimbra'] ; [Q75444 'Hermesinda Gatoniz']	Q75441,Q75444	no	3 listed parents collapse to 2 distinct person(s): 1 record(s) are duplicates of another listed parent. Evidence — Q75441+Q99879: same Wikidata ID (Q840579). The two survivors are one male and one female, as a biological parent pair should be
Q99891	Aldonza  Menéndez	3	[Q75441 'Hermenegildo Gutiérrez' = Q99879 'Hermenegildo (Mendo) Guterres de Coimbra'] ; [Q75444 'Hermesinda Gatoniz']	Q75441,Q75444	no	3 listed parents collapse to 2 distinct person(s): 1 record(s) are duplicates of another listed parent. Evidence — Q75441+Q99879: same Wikidata ID (Q840579). The two survivors are one male and one female, as a biological parent pair should be
Q99893	Aldara	3	[Q75441 'Hermenegildo Gutiérrez' = Q99879 'Hermenegildo (Mendo) Guterres de Coimbra'] ; [Q75444 'Hermesinda Gatoniz']	Q75441,Q75444	no	3 listed parents collapse to 2 distinct person(s): 1 record(s) are duplicates of another listed parent. Evidence — Q75441+Q99879: same Wikidata ID (Q840579). The two survivors are one male and one female, as a biological parent pair should be
Q99895	Elvira  Menéndez	3	[Q75441 'Hermenegildo Gutiérrez' = Q99879 'Hermenegildo (Mendo) Guterres de Coimbra'] ; [Q75444 'Hermesinda Gatoniz']	Q75441,Q75444	no	3 listed parents collapse to 2 distinct person(s): 1 record(s) are duplicates of another listed parent. Evidence — Q75441+Q99879: same Wikidata ID (Q840579). The two survivors are one male and one female, as a biological parent pair should be
Q99897	Aloito  Gutiérrez	3	[Q75441 'Hermenegildo Gutiérrez' = Q99879 'Hermenegildo (Mendo) Guterres de Coimbra'] ; [Q75444 'Hermesinda Gatoniz']	Q75441,Q75444	no	3 listed parents collapse to 2 distinct person(s): 1 record(s) are duplicates of another listed parent. Evidence — Q75441+Q99879: same Wikidata ID (Q840579). The two survivors are one male and one female, as a biological parent pair should be
