verdict	role	child	child_label	a	a_label	b	b_label	a_wd	b_wd	a_kind	b_kind	shared_parents	shared_spouses
ABSENT	father	Q275	Orthopter	Q30727	Polyneoptera	Q54296				real	phantom	Q30723	
ABSENT	father	Q275	Orthopter	Q54296		Q152934	Orthops Polyneoptera			phantom	real		
ABSENT	father	Q276	Dictyoptera	Q30731	Polyneoptera	Q54300				real	phantom	Q30727	
ABSENT	father	Q276	Dictyoptera	Q54300		Q152935	Cryophanter Polyneoptera			phantom	real		
ABSENT	father	Q317	Toadstools	Q314	Nourishing Mushrooms	Q54248				real	phantom	Q310	
ABSENT	mother	Q1010	Dipnomorpha	Q30783		Q54352				real	phantom		Q1001
ABSENT	mother	Q1117	Homo floresiensis (0.05)	Q30868		Q54436				real	phantom		Q1112
ABSENT	mother	Q1118	Australopithecus sediba (2.0)	Q30868		Q54436				real	phantom		Q1112
ABSENT	mother	Q1119	Homo rudolfensis (1.9)	Q30868		Q54436				real	phantom		Q1112
ABSENT	mother	Q1120	Homo habilis (1.5)	Q30868		Q54436				real	phantom		Q1112
ABSENT	father	Q1435	Eumetabola	Q30626	Neopter	Q54196				real	missing	Q30622	
ABSENT	father	Q1607	Gerreiformes (mojarras)	Q6354		Q62693				phantom	phantom	Q41307	
ABSENT	father	Q1607	Gerreiformes (mojarras)	Q6354		Q153148	1 Eupercaria			phantom	real		
ABSENT	father	Q1607	Gerreiformes (mojarras)	Q62693		Q153148	1 Eupercaria			phantom	real		
ABSENT	father	Q2137	MATINARA	Q29983	RICHEYU \ ANADHRISHTI  ANADHRISHTI \Raudraswa	Q53554				real	phantom	Q50697,Q153533	
ABSENT	father	Q2137	MATINARA	Q53554		Q153525	RICHEYU \ ANADHRISHTI Raudraswa Raudraswa Raudraswa Raudraswa Raudraswa Raudraswa Raudraswa ANADHRISHTI			phantom	real	Q50697,Q153533	
ABSENT	father	Q2227	Susandhi, King of Kosala	Q2627	Prasusruta, King of Kosala	Q53538				real	phantom	Q2234	
ABSENT	father	Q2227	Susandhi, King of Kosala	Q29967	Prasusruta, King of Kosala	Q53538				real	phantom	Q2234	
ABSENT	father	Q2286	SENAJIT of Magadha	Q2289	BRIHATKARMAN of Magadha	Q52176				real	phantom	Q2292	
ABSENT	father	Q2289	BRIHATKARMAN of Magadha	Q2292	SUKSHATRA of Magadha	Q52188				real	phantom	Q2296	
ABSENT	father	Q2292	SUKSHATRA of Magadha	Q2296	NIRAMITRA of Magadha	Q52204				real	phantom	Q2299	
ABSENT	father	Q2296	NIRAMITRA of Magadha	Q2299	AYUTAYUS of Magadha	Q52216				real	phantom	Q2302	
ABSENT	father	Q2322	Aja	Q28364	RAGHU  Dirghabahu	Q52320				real	phantom	Q2327,Q28376,Q30011,Q52328	
ABSENT	father	Q2334	Burusho people	Q2324	Haplogroup R2	Q52316				real	phantom	Q1186	
ABSENT	father	Q2344	BAHUKA	Q2347	VRIKA	Q52408				real	phantom	Q26609	
ABSENT	father	Q2347	VRIKA	Q26609	BHARUK	Q52420				real	phantom	Q2354	
ABSENT	father	Q2359	SHRUT	Q28376	Solar Dynasty	Q52332				real	phantom	Q29558	
ABSENT	father	Q2359	SHRUT	Q28376	Solar Dynasty	Q53583				real	phantom		
ABSENT	father	Q2359	SHRUT	Q30011	BHAGIRATHA  son of Dilipa	Q52332				real	phantom		
ABSENT	father	Q2359	SHRUT	Q30011	BHAGIRATHA  son of Dilipa	Q53583				real	phantom	Q28388,Q51412	
ABSENT	father	Q2359	SHRUT	Q52332		Q53583				phantom	phantom		
ABSENT	father	Q2360	Champ	Q28905	HARIT (Mandhata)  Yuvanashva	Q52472				real	phantom	Q28913	
ABSENT	father	Q2369	SATYAVRATA aka Trishanku	Q2372	TRIDHANVA	Q52508				real	phantom	Q2374	
ABSENT	father	Q2372	TRIDHANVA	Q2374	VASUMAN aka SUMANAS 6 aka SUMATI	Q52516				real	phantom	Q2376	
ABSENT	father	Q2374	VASUMAN aka SUMANAS 6 aka SUMATI	Q2376	HARYASHVA II	Q52524				real	phantom	Q2378	
ABSENT	father	Q2376	HARYASHVA II	Q2378	PRISHADASHVA	Q52532				real	phantom	Q2381	
ABSENT	father	Q2378	PRISHADASHVA	Q2381	ANARANYA II	Q52544				real	phantom	Q28986	
ABSENT	father	Q2381	ANARANYA II	Q28986	SAMBHUTA 5	Q52552				real	phantom	Q2384	
ABSENT	father	Q2384	TRASADASYU 1	Q28994	PURUKUTSA of Ikshvaku Dynasty	Q52560				real	phantom	Q28998	Q51512
ABSENT	father	Q2391	Krishasva	Q2392	Santashva	Q52588				real	phantom	Q2393	
ABSENT	father	Q2392	Santashva	Q2393	Nikumbh	Q52592				real	phantom	Q2394	
ABSENT	father	Q2393	Nikumbh	Q2394	Haryashva I	Q52596				real	phantom	Q2395	
ABSENT	father	Q2408	North Indo European languages	Q2380	Indo European languages	Q52540				real	phantom	Q28469	Q51516
ABSENT	father	Q2412	Pouru Chishti Kayan	Q29136	Zoroaster	Q52701		Q35811		real	phantom	Q29184,Q51580	Q51572
ABSENT	father	Q2419	South Indo European Languages	Q2380	Indo European languages	Q52540				real	phantom	Q28469	Q51516
ABSENT	father	Q2427	Tocharian languages	Q2380	Indo European languages	Q52540				real	phantom	Q28469	Q51516
ABSENT	father	Q2440	Hardaar	Q2441	Spitama	Q52784				real	phantom	Q2442	
ABSENT	father	Q2443	Niaajem	Q29232	Ererch \ Rajan  Rajan ?	Q52796				real	phantom	Q2445	
ABSENT	father	Q2445	Dora Sharoob	Q29180	Midian  Raja Iran	Q52745				real	phantom	Q1341	
ABSENT	father	Q2447	Germanic	Q2408	North Indo European languages	Q52653				real	phantom	Q2380,Q51516	
ABSENT	father	Q2449	Peshotanu of Iran	Q29096	Vishtaspa  Raja Iran	Q52661				real	phantom	Q29100	Q2412
ABSENT	father	Q2450	Urvat-Ga	Q2448	Frasht	Q52812				real	phantom	Q2446	
ABSENT	father	Q2451	Italo-Celtic	Q2408	North Indo European languages	Q52653				real	phantom	Q2380,Q51516	
ABSENT	father	Q2452	Frashta-ka	Q2450	Urvat-Ga	Q52820				real	phantom	Q2448	
ABSENT	father	Q2453	Notarga	Q2452	Frashta-ka	Q52828				real	phantom	Q2450	
ABSENT	father	Q2454	Frana	Q2453	Notarga	Q52832				real	phantom	Q2452	
ABSENT	father	Q2455	Vamun	Q2453	Notarga	Q52832				real	phantom	Q2452	
ABSENT	father	Q2457	Changranha	Q2453	Notarga	Q52832				real	phantom	Q2452	
ABSENT	father	Q2461	Balto-Slavic	Q2408	North Indo European languages	Q52653				real	phantom	Q2380,Q51516	
ABSENT	father	Q2468	Ardashir	Q2467	Peshotan	Q52888				real	phantom	Q2476	
ABSENT	father	Q2469	Helleno-Armenian	Q2419	South Indo European Languages	Q52697				real	phantom	Q2380,Q51516	
ABSENT	father	Q2470	Shapur	Q2468	Ardashir	Q52892				real	phantom	Q2467	
ABSENT	father	Q2471	Bahram	Q2470	Shapur	Q51650				real	phantom	Q2468	
ABSENT	father	Q2472	Qobad	Q2471	Bahram	Q52914				real	phantom	Q2470	
ABSENT	father	Q2473	Kavus	Q2472	Qobad	Q52918				real	phantom	Q2471	
ABSENT	father	Q2474	Khosrow	Q2473	Kavus	Q52922				real	phantom	Q2472	
ABSENT	father	Q2475	Lohurasp	Q2474	Khosrow	Q52926				real	phantom	Q2473	
ABSENT	father	Q2476	Vishtaspa	Q2465	Lohrasp	Q52880				real	phantom		
ABSENT	father	Q2479	Homai	Q29304	Bahman  King of Iran	Q52868				real	phantom	Q29108	
ABSENT	father	Q2480	Greek	Q2469	Helleno-Armenian	Q52896				real	phantom	Q2419	
ABSENT	father	Q2481	Armenian	Q2469	Helleno-Armenian	Q52896				real	phantom	Q2419	
ABSENT	father	Q2482	Phrygian	Q2469	Helleno-Armenian	Q52896				real	phantom	Q2419	
ABSENT	father	Q2483	Albanian	Q2469	Helleno-Armenian	Q52896				real	phantom	Q2419	
ABSENT	father	Q2488	Indo-Aryan	Q2419	South Indo European Languages	Q52697				real	phantom	Q2380,Q51516	
ABSENT	father	Q2494	Mursili II	Q2497	Suppiluliuma I	Q53018		Q354903		real	phantom	Q2508	Q51890,Q51906
ABSENT	father	Q2496	Indic (Vedic)	Q2488	Indo-Aryan	Q52982				real	phantom	Q2419	
ABSENT	father	Q2498	Arnuwanda II	Q2497	Suppiluliuma I	Q53018		Q354903		real	phantom	Q2508	Q51890,Q51906
ABSENT	father	Q2502	Ulmi-Teshup - Mursili III	Q2495	Muwatalli II	Q53010		Q311650		real	phantom	Q2494	
ABSENT	father	Q2503	Urhi-Teshup	Q2495	Muwatalli II	Q53010		Q311650		real	phantom	Q2494	
ABSENT	father	Q2505	Iranic	Q2488	Indo-Aryan	Q52982				real	phantom	Q2419	
ABSENT	father	Q2506	Muwatti	Q2497	Suppiluliuma I	Q53018		Q354903		real	phantom	Q2508	Q51890,Q51906
ABSENT	father	Q2510	Zannanza	Q29461	Zannanza, King of the Hittites	Q53034				real	phantom	Q2497,Q51890	
ABSENT	father	Q2513	Italic	Q2451	Italo-Celtic	Q52824				real	phantom	Q2408	
ABSENT	father	Q2514	Asmu-nikal	Q29517	Tudhaliya	Q53090				real	phantom	Q29529,Q51934	Q51930
ABSENT	father	Q2516	Arnuwanda I	Q29517	Tudhaliya	Q53090				real	phantom	Q29529,Q51934	Q51930
ABSENT	father	Q2520	Celtic	Q2451	Italo-Celtic	Q52824				real	phantom	Q2408	
ABSENT	mother	Q2522	Muwatalli I	Q2521	Summiri	Q53113				real	phantom	Q153053	
ABSENT	father	Q2530	Baltic	Q2461	Balto-Slavic	Q52864				real	phantom	Q2408	
ABSENT	father	Q2541	Slavic	Q2461	Balto-Slavic	Q52864				real	phantom	Q2408	
ABSENT	father	Q2553	E1b1b1a (V68)	Q2551	E1b1b1 (M35)	Q53233				real	phantom	Q29658	
ABSENT	father	Q2554	E1b1b1b (Z827)	Q2551	E1b1b1 (M35)	Q53233				real	phantom	Q29658	
ABSENT	father	Q2555	E-M81	Q2554	E1b1b1b (Z827)	Q53245				real	phantom	Q2551	
ABSENT	father	Q2556	E-M123	Q2554	E1b1b1b (Z827)	Q53245				real	phantom	Q2551	
ABSENT	father	Q2557	E-M78	Q2553	E1b1b1a (V68)	Q53241				real	phantom	Q2551	
ABSENT	father	Q2558	E-V2729	Q2553	E1b1b1a (V68)	Q53241				real	phantom	Q2551	
ABSENT	father	Q2559	E-V12	Q2557	E-M78	Q53257				real	phantom	Q2553	
ABSENT	father	Q2560	E-V65	Q2557	E-M78	Q53257				real	phantom	Q2553	
ABSENT	father	Q2562	E-V22	Q2557	E-M78	Q53257				real	phantom	Q2553	
ABSENT	father	Q2568	Samoyedic	Q29726	Nural  Uralic languages	Q53298				real	phantom	Q152988	
ABSENT	father	Q2569	Finno-Ugric	Q29726	Nural  Uralic languages	Q53298				real	phantom	Q152988	
ABSENT	father	Q2570	Ugric	Q2569	Finno-Ugric	Q53306				real	phantom	Q29726	
ABSENT	father	Q2571	Hungarian	Q2570	Ugric	Q53310				real	phantom	Q2569	
ABSENT	father	Q2572	Ob-Ugric	Q2570	Ugric	Q53310				real	phantom	Q2569	
ABSENT	father	Q2614	Euthydemus	Q2615	Antialcidas III	Q53490				real	phantom	Q2616	
ABSENT	father	Q2615	Antialcidas III	Q2616	Antialcidas II	Q53494				real	phantom	Q29926	
ABSENT	father	Q2616	Antialcidas II	Q29926	Apollodotus  I	Q53498				real	phantom	Q2618	
ABSENT	mother	Q2618	Antialcidas I	Q53506		Q135746	Agathoclea		Q391426	phantom	real	Q29939	
ABSENT	father	Q3043	Lanthanolania	Q3032	Orovenator	Q55195				real	phantom		
ABSENT	father	Q3153	Thalattosauria	Q3142	Ichthyosauromorpha	Q55635				real	phantom	Q3087	
ABSENT	father	Q3175	Hupehsuchia	Q32158	Neodiapsida	Q55725				real	phantom	Q3142	
ABSENT	father	Q3186	Ichthyopterygia	Q32158	Neodiapsida	Q55725				real	phantom	Q3142	
ABSENT	father	Q3197	Archosauromorpha (=Archelosauria)	Q32026	Sauria  Sauria	Q55592				real	phantom	Q3087	
ABSENT	father	Q3207	Lepidosauromorpha	Q32026	Sauria  Sauria	Q55592				real	phantom	Q3087	
ABSENT	father	Q3271	Placodontia	Q32459	Pantestudines	Q56024				real	phantom		
ABSENT	father	Q3293	Sinosaurosphargis	Q32548	Pantestudines	Q56112				real	phantom	Q32459	
ABSENT	father	Q3304	Testudinata	Q32632	Pantestudines	Q56190				real	phantom	Q32548	
ABSENT	father	Q3315	Odontochelys	Q32632	Pantestudines	Q56190				real	phantom	Q32548	
ABSENT	father	Q3337	Proganochelys	Q3304	Testudinata	Q56256				real	phantom	Q32632	
ABSENT	father	Q3381	Prolacertiformes	Q32897	Archosauromorpha	Q56387				real	phantom		
ABSENT	father	Q3447	Proterosuchidae	Q3524		Q56519				phantom	phantom	Q32985	
ABSENT	father	Q3458	Archosaurus	Q3447	Proterosuchidae	Q56684				real	phantom		
ABSENT	father	Q3469	Proterosuchus	Q3447	Proterosuchidae	Q56684				real	phantom		
ABSENT	father	Q3546	Tropidosuchus	Q3535	Proterochampsia	Q56949				real	phantom	Q33514	
ABSENT	father	Q3557	Chanaresuchus	Q3535	Proterochampsia	Q56949				real	phantom	Q33514	
ABSENT	father	Q3590	Archosauria	Q3568	Crurotarsi	Q57049				real	phantom	Q33604	
ABSENT	father	Q3654	Avemetatarsalia	Q3590	Archosauria	Q57115				real	phantom	Q3568	
ABSENT	father	Q3665	Pseudosuchia	Q3590	Archosauria	Q57115				real	phantom	Q3568	
ABSENT	father	Q4188	Ornithosuchidae	Q3665	Pseudosuchia	Q57339				real	phantom	Q3590	
ABSENT	father	Q4285	Loricata	Q4263	Paracrocodylomorpha	Q59131				real	phantom	Q36322	
ABSENT	father	Q4296	Poposauroidea	Q4263	Paracrocodylomorpha	Q59131				real	phantom	Q36322	
ABSENT	father	Q4301	Ornithodira	Q3654	Avemetatarsalia	Q57306				real	phantom	Q3590	
ABSENT	father	Q4311	Aphanosauria	Q3654	Avemetatarsalia	Q57306				real	phantom	Q3590	
ABSENT	father	Q4322	Dinosauromorpha	Q4301	Ornithodira	Q59247				real	phantom	Q3654	
ABSENT	father	Q4333	Pterosauromorpha	Q4301	Ornithodira	Q59247				real	phantom	Q3654	
ABSENT	father	Q4344	Dinosauriformes	Q4322	Dinosauromorpha	Q59310				real	phantom	Q4301	
ABSENT	father	Q4355	Lagerpetidae	Q4322	Dinosauromorpha	Q59310				real	phantom	Q4301	
ABSENT	father	Q4366	Dracohors	Q4344	Dinosauriformes	Q59374				real	phantom	Q4322	
ABSENT	father	Q4377	Marasuchus	Q4344	Dinosauriformes	Q59374				real	phantom	Q4322	
ABSENT	father	Q4388	Dinosauria	Q4366	Dracohors	Q59440				real	phantom	Q4344	
ABSENT	father	Q4399	Silesauridae	Q4366	Dracohors	Q59440				real	phantom	Q4344	
ABSENT	father	Q4410	Saurischia	Q4388	Dinosauria	Q59506				real	phantom	Q4366	
ABSENT	father	Q4421	Ornithischia	Q4388	Dinosauria	Q59506				real	phantom	Q4366	
ABSENT	father	Q4432	Theropoda	Q4410	Saurischia	Q59572				real	phantom	Q4388	
ABSENT	father	Q4443	Sauropodomorpha	Q4410	Saurischia	Q59572				real	phantom	Q4388	
ABSENT	father	Q4630	Meshullemeth	Q4631	Haruz	Q60237		Q115804881		real	phantom		
ABSENT	father	Q4881	Daughter	Q2497	Suppiluliuma I	Q53018		Q354903		real	phantom	Q2508	Q51890,Q51906
ABSENT	father	Q26609	BHARUK	Q2354	VIJAY aka Dhruvasandhi	Q52436				real	phantom	Q2357	
ABSENT	father	Q28300	SAHADEVA of Magadha  Jarasandha	Q28308	JARASANDHA  Brihadratha	Q52264				real	phantom	Q28320,Q51341	Q51331
ABSENT	father	Q28308	JARASANDHA  Brihadratha	Q28320	King VRIHADRATHA	Q52276				real	phantom	Q51352,Q153399	Q51341
ABSENT	father	Q28308	JARASANDHA  Brihadratha	Q28320	King VRIHADRATHA	Q53518				real	phantom	Q51352,Q153399	
ABSENT	father	Q28308	JARASANDHA  Brihadratha	Q52276		Q53518				phantom	phantom	Q51352,Q153399	
ABSENT	father	Q28364	RAGHU  Dirghabahu	Q28376	Solar Dynasty	Q52332				real	phantom	Q29558	
ABSENT	father	Q28364	RAGHU  Dirghabahu	Q28376	Solar Dynasty	Q53583				real	phantom		
ABSENT	father	Q28364	RAGHU  Dirghabahu	Q30011	BHAGIRATHA  son of Dilipa	Q52332				real	phantom		
ABSENT	father	Q28364	RAGHU  Dirghabahu	Q30011	BHAGIRATHA  son of Dilipa	Q53583				real	phantom	Q28388,Q51412	
ABSENT	father	Q28364	RAGHU  Dirghabahu	Q52332		Q53583				phantom	phantom		
ABSENT	father	Q28376	Solar Dynasty	Q29558	Animitra  Solar Dynasty	Q53129				real	phantom	Q29562	
ABSENT	father	Q28425	SAUDAS (MITRASAH)  SUDAAS	Q2343	SUDAAS & SARVAKAMA	Q52392				real	phantom	Q2346	
ABSENT	father	Q28425	SAUDAS (MITRASAH)  SUDAAS	Q51437	SUDAAS & SARVAKAMA	Q52392				real	phantom	Q2346	
ABSENT	father	Q28429	of Vedic period	Q2344	BAHUKA	Q52396				real	phantom	Q2347	
ABSENT	father	Q28429	of Vedic period	Q51442	BAHUKA	Q52396				real	phantom		
ABSENT	father	Q28905	HARIT (Mandhata)  Yuvanashva	Q28913	ROHITASHVA (Yuvanashva)	Q52480				real	phantom	Q28921,Q51471	
ABSENT	father	Q28913	ROHITASHVA (Yuvanashva)	Q28921	HARISHCHANDRA (Dhundumara)  Trishanku	Q52488				real	phantom	Q2369	Q51471
ABSENT	father	Q28921	HARISHCHANDRA (Dhundumara)  Trishanku	Q2369	SATYAVRATA aka Trishanku	Q52496				real	phantom	Q2372	
ABSENT	father	Q28921	HARISHCHANDRA (Dhundumara)  Trishanku	Q51475	SATYAVRATA aka Trishanku	Q52496				real	phantom		
ABSENT	father	Q28970	NIMI  Ikshvaku	Q28982	Ikshvaku	Q52548				real	phantom	Q29963,Q50184	
ABSENT	father	Q28998	AMBARISHA  Mandhata	Q29002	MANDHATA of Ikshvaku Dynasty	Q52568				real	phantom	Q2389,Q51520	Q29006
ABSENT	father	Q29014	Prasenajit 1  Ikshvaku	Q2391	Krishasva	Q52584				real	phantom	Q2392	
ABSENT	father	Q29014	Prasenajit 1  Ikshvaku	Q51532	Krishasva	Q52584				real	phantom		
ABSENT	father	Q29072	PRITHU  ANARANYA	Q29076	ANARANYA aka Anena  Bana	Q52640				real	phantom	Q29080	
ABSENT	father	Q29076	ANARANYA aka Anena  Bana	Q29080	PURANJAYA aka Kakutsta aka Bana  Vikukshi	Q52644				real	phantom	Q29084	
ABSENT	father	Q29092	KUKSHI  Ikshvaku	Q28982	Ikshvaku	Q52548				real	phantom	Q29963,Q50184	
ABSENT	father	Q29096	Vishtaspa  Raja Iran	Q29100	Kay Lohrasp (aurvataspa)  Raja Iran	Q52665				real	phantom	Q29140	
ABSENT	father	Q29108	Isfandiyar \ Spandodata \ Isfendiyar \ Spendoclata  Raja Iran	Q29096	Vishtaspa  Raja Iran	Q52661				real	phantom	Q29100	Q2412
ABSENT	father	Q29116	Peroshtan  Raja Iran	Q29112	Vishtasp II \ Vishtaspa  Raja Iran	Q52677				real	phantom	Q29108	
ABSENT	father	Q29120	Tchishpish - Raja Iran  Raja Iran	Q29116	Peroshtan  Raja Iran	Q52681				real	phantom		
ABSENT	father	Q29124	Kambujiya  Raja Iran	Q29120	Tchishpish - Raja Iran  Raja Iran	Q52685				real	phantom	Q29116	
ABSENT	father	Q29128	Kuras  Raja Iran	Q29124	Kambujiya  Raja Iran	Q52689				real	phantom	Q29120	
ABSENT	father	Q29136	Zoroaster	Q29184	Pourushasp  Spitama	Q52749				real	phantom	Q29188	Q51580
ABSENT	father	Q29140	kay kaus  Raja Iran	Q29156	kay apiveh  Raja Iran	Q52721				real	phantom	Q29160	
ABSENT	father	Q29144	kay uyarsh  Raja Iran	Q29152	kay arsh  Raja Iran	Q52717				real	phantom	Q29156	
ABSENT	father	Q29152	kay arsh  Raja Iran	Q29156	kay apiveh  Raja Iran	Q52721				real	phantom	Q29160	
ABSENT	father	Q29156	kay apiveh  Raja Iran	Q29160	kay kavadh  Raja Iran	Q52725				real	phantom	Q29168	
ABSENT	father	Q29160	kay kavadh  Raja Iran	Q29168	auzobo  Raja Iran	Q52733				real	phantom	Q29172	
ABSENT	father	Q29168	auzobo  Raja Iran	Q29172	Agairnasuak  Raja Iran	Q52737				real	phantom	Q29176	
ABSENT	father	Q29172	Agairnasuak  Raja Iran	Q29176	Hanoch  Raja Iran	Q52741				real	phantom	Q29180	
ABSENT	father	Q29176	Hanoch  Raja Iran	Q29180	Midian  Raja Iran	Q52745				real	phantom	Q1341	
ABSENT	father	Q29184	Pourushasp  Spitama	Q29188	Peteretrasp  Spitama	Q52753				real	phantom	Q29192	
ABSENT	father	Q29188	Peteretrasp  Spitama	Q29192	Aurogdaspa  Spitama	Q52756				real	phantom	Q29196	
ABSENT	father	Q29192	Aurogdaspa  Spitama	Q29196	Haechatasp  Spitama	Q52760				real	phantom	Q29204	
ABSENT	father	Q29196	Haechatasp  Spitama	Q29204	Chakhshnush  Spitama	Q52768				real	phantom	Q29208	
ABSENT	father	Q29204	Chakhshnush  Spitama	Q29208	Petirasp  Spitama	Q52772				real	phantom	Q29212	
ABSENT	father	Q29208	Petirasp  Spitama	Q29212	Arej  Darshane	Q52776				real	phantom	Q2440	
ABSENT	father	Q29212	Arej  Darshane	Q2440	Hardaar	Q52780				real	phantom	Q2441	
ABSENT	father	Q29212	Arej  Darshane	Q51588	Hardaar	Q52780				real	phantom		
ABSENT	father	Q29292	kay khusraw  Raja Iran	Q29288	siyavakhsh  Raja Iran	Q52852				real	phantom	Q29140	
ABSENT	father	Q29296	Arasti  Spitama	Q29192	Aurogdaspa  Spitama	Q52756				real	phantom	Q29196	
ABSENT	father	Q29304	Bahman  King of Iran	Q29108	Isfandiyar \ Spandodata \ Isfendiyar \ Spendoclata  Raja Iran	Q52673				real	phantom	Q2412,Q29096	
ABSENT	father	Q29360	Vishtaspa	Q2475	Lohurasp	Q52930				real	phantom	Q2474	
ABSENT	father	Q29453	of the Hittites	Q2497	Suppiluliuma I	Q53018		Q354903		real	phantom	Q2508	Q51890,Q51906
ABSENT	father	Q29457	of the Hittites	Q2497	Suppiluliuma I	Q53018		Q354903		real	phantom	Q2508	Q51890,Q51906
ABSENT	father	Q29461	Zannanza, King of the Hittites	Q2497	Suppiluliuma I	Q53018		Q354903		real	phantom	Q2508	Q51890,Q51906
ABSENT	father	Q29473	? Ulmi-Teshub \ Teszub (Niewolnica Teszuba)  Teszub (Niewolnica Teszuba)	Q2495	Muwatalli II	Q53010		Q311650		real	phantom	Q2494	
ABSENT	father	Q29473	? Ulmi-Teshub \ Teszub (Niewolnica Teszuba)  Teszub (Niewolnica Teszuba)	Q51878	Muwatalli II	Q53010				real	phantom		
ABSENT	father	Q29525	of KHATTI (1495-1430bc)	Q29517	Tudhaliya	Q53090				real	phantom	Q29529,Q51934	Q51930
ABSENT	mother	Q29529	Princess of the Hittites	Q2521	Summiri	Q53113				real	phantom	Q153053	
ABSENT	father	Q29558	Animitra  Solar Dynasty	Q29562	Nidhna  Solar Dynasty	Q53133				real	phantom	Q29566	
ABSENT	father	Q29562	Nidhna  Solar Dynasty	Q29566	Vishvamashaha  Solar Dynasty	Q53137				real	phantom	Q29570	
ABSENT	father	Q29566	Vishvamashaha  Solar Dynasty	Q29570	Ilibil or Ananaranya III  Solar Dynasty	Q53141				real	phantom	Q29574	
ABSENT	father	Q29570	Ilibil or Ananaranya III  Solar Dynasty	Q29574	Dasharatha I  Solar Dynasty	Q53145				real	phantom	Q29582	
ABSENT	father	Q29574	Dasharatha I  Solar Dynasty	Q29582	Mulaka or Sarvakama II  Solar Dynasty	Q53153				real	phantom	Q29586	
ABSENT	father	Q29582	Mulaka or Sarvakama II  Solar Dynasty	Q29586	Asmaka (Asmaka)  Solar Dynasty	Q53157				real	phantom	Q29590	
ABSENT	father	Q29586	Asmaka (Asmaka)  Solar Dynasty	Q29590	Kalmashapada  Solar Dynasty	Q53161				real	phantom	Q29594	
ABSENT	father	Q29590	Kalmashapada  Solar Dynasty	Q29594	Sudasa  Solar Dynasty	Q53165				real	phantom	Q29598	
ABSENT	father	Q29594	Sudasa  Solar Dynasty	Q29598	Sarvakama I  Solar Dynasty	Q53169				real	phantom	Q29602	
ABSENT	father	Q29598	Sarvakama I  Solar Dynasty	Q29602	Rituparna  Solar Dynasty	Q53173				real	phantom	Q29606	
ABSENT	father	Q29602	Rituparna  Solar Dynasty	Q29606	Pratayu  Solar Dynasty	Q53177				real	phantom	Q29610	
ABSENT	father	Q29606	Pratayu  Solar Dynasty	Q29610	Ayutayu  Solar Dynasty	Q53181				real	phantom	Q29614	
ABSENT	father	Q29610	Ayutayu  Solar Dynasty	Q29614	Shindhudvipa  Solar Dynasty	Q53185				real	phantom	Q29618	
ABSENT	father	Q29614	Shindhudvipa  Solar Dynasty	Q29618	Ambarisha II  Solar Dynasty	Q53189				real	phantom	Q29626	
ABSENT	father	Q29618	Ambarisha II  Solar Dynasty	Q29626	Nabhaga  Solar Dynasty	Q53197				real	phantom	Q29630	
ABSENT	father	Q29626	Nabhaga  Solar Dynasty	Q29630	Raghu I  Solar Dynasty	Q53201				real	phantom	Q29634	
ABSENT	father	Q29630	Raghu I  Solar Dynasty	Q29634	Kukutsa II  Solar Dynasty	Q53205				real	phantom	Q29638	
ABSENT	father	Q29634	Kukutsa II  Solar Dynasty	Q29638	Shruti  Solar Dynasty	Q53209				real	phantom	Q29642	
ABSENT	father	Q29638	Shruti  Solar Dynasty	Q29642	Suhotra  Solar Dynasty	Q53213				real	phantom	Q29646	
ABSENT	father	Q29642	Suhotra  Solar Dynasty	Q29646	Bhagiratha  Solar Dynasty	Q53217				real	phantom	Q28388,Q51412	
ABSENT	father	Q29646	Bhagiratha  Solar Dynasty	Q28388	DILIPA 1  Anshuman	Q52344				real	phantom	Q2335,Q51417	Q51412
ABSENT	father	Q29702	Balkans  E-V13	Q2557	E-M78	Q53257				real	phantom	Q2553	
ABSENT	father	Q29762	2  Haplogroup G	Q29758	1  Haplogroup G	Q53330				real	phantom	Q152981	
ABSENT	father	Q29766	Malcolm  Mureybet	Q29770	George Gobekli	Q53342				real	phantom	Q29774	Q29782
ABSENT	mother	Q29766	Malcolm  Mureybet	Q29782	Xenia  Haplogroup X	Q53354				real	phantom	Q29786	
ABSENT	father	Q29774	4  Haplogroup G	Q29778	3  Haplogroup G	Q53350				real	phantom	Q29762	
ABSENT	father	Q29778	3  Haplogroup G	Q29762	2  Haplogroup G	Q53334				real	phantom	Q29758	
ABSENT	father	Q29794	7  Haplogroup J1	Q29798	6  Haplogroup J1	Q53370				real	phantom	Q29802	
ABSENT	father	Q29798	6  Haplogroup J1	Q29802	5  Haplogroup J1	Q53374				real	phantom	Q29806	
ABSENT	father	Q29802	5  Haplogroup J1	Q29806	4  Haplogroup J1	Q53378				real	phantom	Q29810	
ABSENT	father	Q29806	4  Haplogroup J1	Q29810	Generation 3  Haplogroup J1	Q53382				real	phantom	Q29710	
ABSENT	father	Q29814	Horus Parallel  Haplogroup G2	Q29818	Greek Parallel  Haplogroup G2	Q53390				real	phantom	Q29822	
ABSENT	father	Q29818	Greek Parallel  Haplogroup G2	Q29822	Helleno-Armenian Parallel  Haplogroup G2	Q53394				real	phantom	Q29826	
ABSENT	father	Q29822	Helleno-Armenian Parallel  Haplogroup G2	Q29826	South Indo European Parallel  Haplogroup G2	Q53398				real	phantom	Q29830	
ABSENT	father	Q29826	South Indo European Parallel  Haplogroup G2	Q29830	Anatolian Parallel  Haplogroup G2	Q53402				real	phantom	Q29834	
ABSENT	father	Q29830	Anatolian Parallel  Haplogroup G2	Q29834	Manu Parallel  Haplogroup G2	Q53406				real	phantom	Q29790	
ABSENT	father	Q29834	Manu Parallel  Haplogroup G2	Q29790	Jerichus  Founder of Jericho	Q53362				real	phantom	Q29766	
ABSENT	father	Q29838	Otzi  The Iceman	Q29842	Gen 1  Haplogroup G2	Q53414				real	phantom	Q29846	
ABSENT	father	Q29842	Gen 1  Haplogroup G2	Q29846	Gen 2  Haplogroup G2	Q53418				real	phantom	Q29850	
ABSENT	father	Q29846	Gen 2  Haplogroup G2	Q29850	Gen 3  Haplogroup G2	Q53422				real	phantom	Q29854	
ABSENT	father	Q29850	Gen 3  Haplogroup G2	Q29854	Gen 4  Haplogroup G2	Q53426				real	phantom	Q29858	
ABSENT	father	Q29854	Gen 4  Haplogroup G2	Q29858	Gen 5  Haplogroup G2	Q53430				real	phantom	Q29862	
ABSENT	father	Q29858	Gen 5  Haplogroup G2	Q29862	Gen 6  Haplogroup G2	Q53434				real	phantom	Q29866	
ABSENT	father	Q29862	Gen 6  Haplogroup G2	Q29866	Gen 7  Haplogroup G2	Q53438				real	phantom	Q29870	
ABSENT	father	Q29866	Gen 7  Haplogroup G2	Q29870	Gen 8  Haplogroup G2	Q53442				real	phantom	Q29874	
ABSENT	father	Q29870	Gen 8  Haplogroup G2	Q29874	Udul-kalama (Gen 9)  Haplogroup G2	Q53446				real	phantom	Q29878	
ABSENT	father	Q29874	Udul-kalama (Gen 9)  Haplogroup G2	Q29878	Gen 10  Haplogroup G2	Q53450				real	phantom	Q29882	
ABSENT	father	Q29878	Gen 10  Haplogroup G2	Q29882	Gen 11  Haplogroup G2	Q53454				real	phantom	Q29886	
ABSENT	father	Q29882	Gen 11  Haplogroup G2	Q29886	Gen 12  Haplogroup G2	Q53458				real	phantom	Q29890	
ABSENT	father	Q29886	Gen 12  Haplogroup G2	Q29890	Gen 13 (Enmerkar)  Haplogroup G2	Q53462				real	phantom	Q29894	
ABSENT	father	Q29890	Gen 13 (Enmerkar)  Haplogroup G2	Q29894	Gen 14  Haplogroup G2	Q53466				real	phantom	Q29898	
ABSENT	father	Q29894	Gen 14  Haplogroup G2	Q29898	Gen 15 (Dumuzi)  Haplogroup G2	Q53470				real	phantom	Q29814	
ABSENT	father	Q29898	Gen 15 (Dumuzi)  Haplogroup G2	Q29814	Horus Parallel  Haplogroup G2	Q53386				real	phantom	Q29818	
ABSENT	father	Q29926	Apollodotus  I	Q2618	Antialcidas I	Q53502				real	phantom		
ABSENT	mother	Q29939	Alexandria  of Bactria	Q29943	Sundari Maurya  Magadha	Q53514				real	phantom	Q2188	
ABSENT	father	Q29971	Agnivarna, King of Kosala	Q29979	SUDARSHAN  DHRUVASANDHI	Q53550				real	phantom	Q2250	
ABSENT	father	Q30011	BHAGIRATHA  son of Dilipa	Q28388	DILIPA 1  Anshuman	Q52344				real	phantom	Q2335,Q51417	Q51412
ABSENT	father	Q30437	Ptycho	Q30425	Arthur	Q53995				real	phantom	Q30417	
ABSENT	father	Q30457	Melehan	Q30441	Mordred	Q54011		Q81109		real	phantom		
ABSENT	father	Q30469	Eubar	Q30461	Brachy	Q54031				real	phantom	Q30457	
ABSENT	father	Q30473	Buchan	Q30461	Brachy	Q54031				real	phantom	Q30457	
ABSENT	father	Q30477	Homosteus	Q30461	Brachy	Q54031				real	phantom	Q30457	
ABSENT	father	Q30481	Pachos	Q30469	Eubar	Q54039				real	phantom	Q30461	
ABSENT	father	Q30485	Coccos	Q30469	Eubar	Q54039				real	phantom	Q30461	
ABSENT	father	Q30489	Dunkella	Q30481	Pachos	Q54051				real	phantom	Q30469	
ABSENT	father	Q30494	Aspino	Q30481	Pachos	Q54051				real	phantom	Q30469	
ABSENT	mother	Q30510	Mary	Q30437	Ptycho	Q54007				real	phantom	Q30425	
ABSENT	mother	Q30514	Icthys	Q30510	Mary	Q54079				real	phantom	Q30437	
ABSENT	father	Q30570	Hexapus	Q30562	Romulus	Q54132				real	phantom	Q298	
ABSENT	father	Q30574	Proturus	Q30570	Hexapus	Q54140				real	phantom	Q30562	
ABSENT	father	Q30578	Vernus	Q30570	Hexapus	Q54140				real	phantom	Q30562	
ABSENT	father	Q30582	Tails	Q30578	Vernus	Q54148				real	phantom	Q30570	
ABSENT	father	Q30586	Dipluron	Q30582	Tails	Q54152				real	phantom	Q30578	
ABSENT	father	Q30590	Ectognus	Q30582	Tails	Q54152				real	phantom	Q30578	
ABSENT	father	Q30594	Archegnos	Q30590	Ectognus	Q54160				real	phantom	Q30582	
ABSENT	father	Q30598	Zerygos	Q30590	Ectognus	Q54160				real	phantom	Q30582	
ABSENT	father	Q30602	Zygentos	Q30598	Zerygos	Q54168				real	phantom	Q30590	
ABSENT	father	Q30606	Pterygos	Q30598	Zerygos	Q54168				real	phantom	Q30590	
ABSENT	father	Q30610	Isopter	Q30606	Pterygos	Q54176				real	phantom	Q30598	
ABSENT	father	Q30614	Dezotopter	Q30610	Isopter	Q54180				real	phantom	Q30606	
ABSENT	father	Q30626	Neopter	Q30622	Draco	Q54192				real	phantom		
ABSENT	father	Q30630	Odonatos	Q30622	Draco	Q54192				real	phantom		
ABSENT	father	Q30699	Neuropterida	Q30691	Neuropteroidea	Q54260				real	phantom		
ABSENT	father	Q30703	Coleopterida	Q30691	Neuropteroidea	Q54260				real	phantom		
ABSENT	father	Q30715	Polyneoptera	Q30626	Neopter	Q54196				real	missing	Q30622	
ABSENT	father	Q30719	Polyneoptera	Q30715	Polyneoptera	Q54284				real	phantom	Q30626	
ABSENT	father	Q30723	Polyneoptera	Q30715	Polyneoptera	Q54284				real	phantom	Q30626	
ABSENT	father	Q30727	Polyneoptera	Q30723	Polyneoptera	Q54292				real	phantom	Q30715	
ABSENT	father	Q30731	Polyneoptera	Q30727	Polyneoptera	Q54296				real	phantom	Q30723	
ABSENT	father	Q30735	Polyneoptera	Q30731	Polyneoptera	Q54300				real	phantom	Q30727	
ABSENT	father	Q30739	Polyneoptera	Q30735	Polyneoptera	Q54304				real	phantom	Q30731	
ABSENT	father	Q30743	Polyneoptera	Q30735	Polyneoptera	Q54304				real	phantom	Q30731	
ABSENT	father	Q30747	Embioptera (webspinners)	Q30739	Polyneoptera	Q54308				real	phantom	Q30735	
ABSENT	father	Q30751	Phasmatodea (stick insects)	Q30739	Polyneoptera	Q54308				real	phantom	Q30735	
ABSENT	father	Q30755	Mantophasmatodea (gladiators)	Q30743	Polyneoptera	Q54312				real	phantom	Q30735	
ABSENT	father	Q30759	Grylloblattodea (ice crawlers)	Q30743	Polyneoptera	Q54312				real	phantom	Q30735	
ABSENT	father	Q30775	Latimeria	Q30771	Important unnamed clade  Actinistia	Q54340				real	phantom	Q152946	
ABSENT	father	Q30779	Diplocercides	Q30771	Important unnamed clade  Actinistia	Q54340				real	phantom	Q152946	
ABSENT	father	Q30804	Osteolepiformes	Q30792	Unnamed clade  Tetrapodomorpha	Q54360				real	phantom	Q152956	Q30796
ABSENT	mother	Q30804	Osteolepiformes	Q30796		Q54364				real	phantom		Q30792
ABSENT	father	Q32158	Neodiapsida	Q3142	Ichthyosauromorpha	Q55635				real	phantom	Q3087	
ABSENT	father	Q32459	Pantestudines	Q3282		Q55980				phantom	phantom	Q3197	
ABSENT	father	Q32548	Pantestudines	Q32459	Pantestudines	Q56024				real	phantom		
ABSENT	father	Q32632	Pantestudines	Q32548	Pantestudines	Q56112				real	phantom	Q32459	
ABSENT	father	Q32808	Turtle  Testudines	Q3304	Testudinata	Q56256				real	phantom	Q32632	
ABSENT	father	Q32897	Archosauromorpha	Q3403		Q55936				phantom	phantom	Q3197	
ABSENT	father	Q32985	Archosauromorpha	Q32897	Archosauromorpha	Q56387				real	phantom		
ABSENT	father	Q33117	Archosauromorpha	Q32985	Archosauromorpha	Q56453				real	phantom	Q32897	
ABSENT	father	Q33249	Archosauriformes	Q3524		Q56519				phantom	phantom	Q32985	
ABSENT	father	Q33959	Phytosauria	Q3612		Q57148				phantom	phantom	Q3568	
ABSENT	father	Q36322	Suchia	Q4210		Q58873				phantom	phantom	Q3665	
ABSENT	father	Q36367	Suchia	Q4210		Q58873				phantom	phantom	Q3665	
ABSENT	mother	Q38238	Bethuel	Q4676	Milcah	Q60372		Q1752707		real	phantom		Q4675
ABSENT	father	Q42760	Ovalentaria	Q6083		Q62759				phantom	phantom	Q41395	
ABSENT	father	Q43125	Ovalentaria	Q6083		Q62759				phantom	phantom	Q41395	
ABSENT	father	Q44127	Eupercaria	Q6354		Q62693				phantom	phantom	Q41307	
ABSENT	father	Q46261	Lesothosaurus	Q4421	Ornithischia	Q59605				real	phantom	Q4388	
ABSENT	father	Q46305	Ornithischia	Q4421	Ornithischia	Q59605				real	phantom	Q4388	
ABSENT	father	Q46703	Herrerasauridae	Q4432	Theropoda	Q59638				real	phantom	Q4410	
ABSENT	father	Q46748	Theropoda	Q4432	Theropoda	Q59638				real	phantom	Q4410	
ABSENT	father	Q51655	Aryan  Genarch	Q2505	Iranic	Q53050				real	phantom	Q2488	
ABSENT	mother	Q51822	Ptolemy XII Auletes	Q78402		Q78719	Cleopatra III of Egypt		Q40003	missing	real	Q73038,Q73194	Q73038,Q78713
ABSENT	father	Q51870	Mursili	Q2497	Suppiluliuma I	Q53018		Q354903		real	phantom	Q2508	Q51890,Q51906
ABSENT	father	Q51894	Arnuwanda II	Q2497	Suppiluliuma I	Q53018		Q354903		real	phantom	Q2508	Q51890,Q51906
ABSENT	father	Q51910	Muwatti	Q2497	Suppiluliuma I	Q53018		Q354903		real	phantom	Q2508	Q51890,Q51906
ABSENT	father	Q51914	Daughter	Q2497	Suppiluliuma I	Q53018		Q354903		real	phantom	Q2508	Q51890,Q51906
ABSENT	father	Q52857	Khanty	Q2572	Ob-Ugric	Q53318				real	phantom	Q2570	
ABSENT	father	Q52899	Mansi	Q2572	Ob-Ugric	Q53318				real	phantom	Q2570	
ABSENT	father	Q52909	Finno-Permic	Q2569	Finno-Ugric	Q53306				real	phantom	Q29726	
ABSENT	father	Q53356	Nganasan (Tavgi or Tawgi-Samoyed)	Q2568	Samoyedic	Q53302				real	phantom	Q29726	
ABSENT	father	Q53400	Core-Samoyedic	Q2568	Samoyedic	Q53302				real	phantom	Q29726	
ABSENT	father	Q53440	Mator (Sayan-Samoyed)	Q2568	Samoyedic	Q53302				real	phantom	Q29726	
ABSENT	father	Q55966	rr1b	Q28509	Yemo  Haplogroup R1b	Q52464				real	phantom	Q2318,Q51432	
ABSENT	father	Q60944	Justus	Q61173	Vettius Justus	Q137789		Q1239423		real	phantom	Q61400	
ABSENT	father	Q61532	Flavia Maximiana Theodora	Q61598	Maximian	Q61891		Q46768		real	phantom		Q61631
ABSENT	father	Q73026	Aurelia	Q73182	Lucius Aurelius Cotta	Q99374		Q935566		real	phantom	Q73341	Q73179
ABSENT	mother	Q73026	Aurelia	Q73179	Rutilia	Q99372		Q56259970		real	phantom	Q73338	Q73182
ABSENT	father	Q73101	Consul (182 & 168 BC) - Lucius Aemilius Paullus Macedonicus	Q73266	Lucius Aemilius Paullus	Q99378		Q432244		real	phantom	Q73413	Q73269
ABSENT	father	Q73296	Aemilia Tertia	Q73266	Lucius Aemilius Paullus	Q99378		Q432244		real	phantom	Q73413	Q73269
ABSENT	father	Q73377	Nysa	Q73380	BAD MERGE	Q135914		Q3356		real	phantom	Q73359,Q73362	Q73368
ABSENT	father	Q73515	Laodice	Q73380	BAD MERGE	Q133344		Q3356		real	phantom	Q90289,Q132823	Q90277,Q132314,Q133345,Q134310
ABSENT	father	Q74201	Numa Marcius  Numae	Q74261	Marcus	Q74509		Q118186		real	phantom	Q74326,Q118436	
ABSENT	father	Q74252	Tatia	Q74311	Titus Tatius I	Q74317				real	phantom		
ABSENT	father	Q74677	Ops	Q74698	Uranus	Q131438		Q79999		real	phantom	Q130392,Q131430	Q74701
ABSENT	mother	Q74677	Ops	Q74701	Terra	Q131440		Q93172		real	phantom	Q130392,Q131430	Q74698
ABSENT	father	Q74680	Saturn	Q74698	Uranus	Q131438		Q79999		real	phantom	Q130392,Q131430	Q74701
ABSENT	mother	Q74680	Saturn	Q74701	Terra	Q131440		Q93172		real	phantom	Q130392,Q131430	Q74698
ABSENT	mother	Q74701	Terra	Q74720	Nyx	Q130498		Q131203		real	phantom	Q74717,Q130496	Q74698,Q74717,Q130392,Q130590,Q131556
ABSENT	mother	Q74717	Erebos	Q130496	Ananke	Q131428		Q4286521		real	phantom	Q132730	Q131426
ABSENT	father	Q75192	Klymene	Q74973	Danaus	Q132255		Q161419		real	phantom	Q90576,Q131024	Q131028,Q133462,Q133463,Q133464,Q133465,Q133466,Q133467,Q133468,Q133469,Q133470
ABSENT	father	Q78704	John Hyrcanus	Q78776	Simon Thassi	Q151286		Q359711		real	phantom	Q78836	
ABSENT	mother	Q78713	Ptolemy IX Lathyros	Q78402		Q78719	Cleopatra III of Egypt		Q40003	missing	real	Q73038,Q73194	Q73038,Q78713
ABSENT	mother	Q78716	Cleopatra Selene I of Egypt	Q78402		Q78719	Cleopatra III of Egypt		Q40003	missing	real	Q73038,Q73194	Q73038,Q78713
ABSENT	father	Q104137	Henry of Burgundy	Q106776		Q118429	Henry of Burgundy		Q2351549	phantom	real	Q112695,Q114530	Q111733
ABSENT	father	Q112801	Hugh I, Duke of Burgundy	Q106776		Q118429	Henry of Burgundy		Q2351549	phantom	real	Q112695,Q114530	Q111733
ABSENT	father	Q112803	Odo I, Duke of Burgundy	Q106776		Q118429	Henry of Burgundy		Q2351549	phantom	real	Q112695,Q114530	Q111733
ABSENT	father	Q112805	Raynald I, abbot of Flavigny	Q106776		Q118429	Henry of Burgundy		Q2351549	phantom	real	Q112695,Q114530	Q111733
ABSENT	father	Q112807	Beatrice de Bourgogne	Q106776		Q118429	Henry of Burgundy		Q2351549	phantom	real	Q112695,Q114530	Q111733
ABSENT	mother	Q129331	Kemuel	Q4676	Milcah	Q60372		Q1752707		real	phantom		Q4675
ABSENT	mother	Q129333	Uz	Q4676	Milcah	Q60372		Q1752707		real	phantom		Q4675
ABSENT	mother	Q129335	Buz	Q4676	Milcah	Q60372		Q1752707		real	phantom		Q4675
ABSENT	mother	Q129337	Chesed	Q4676	Milcah	Q60372		Q1752707		real	phantom		Q4675
ABSENT	mother	Q129339	Hazo	Q4676	Milcah	Q60372		Q1752707		real	phantom		Q4675
ABSENT	mother	Q129341	Pildash	Q4676	Milcah	Q60372		Q1752707		real	phantom		Q4675
ABSENT	mother	Q129345	Jidlaph	Q4676	Milcah	Q60372		Q1752707		real	phantom		Q4675
ABSENT	mother	Q135184	Manasseh of Judah	Q4633	Hephzibah	Q60243		Q114771167		real	phantom		Q38070
ABSENT	mother	Q135294	Darius I of Persia	Q74299	Irdabama	Q135293		Q131732243		real	phantom		Q74296
ABSENT	mother	Q135539	Jeconiah	Q4618	Nehusta	Q60198		Q20502297		real	phantom		Q135406
ABSENT	father	Q152902	Seizapter the sixteen-gilled	Q2782	Dezotopter the eighteen-gilled	Q54184				real	phantom		
ABSENT	father	Q152902	Seizapter the sixteen-gilled	Q30614	Dezotopter	Q54184				real	phantom	Q30610	
ABSENT	father	Q152921	Raphidioptera (snakeflies) Placeholder surname	Q30699	Neuropterida	Q54268				real	phantom	Q30691	
ABSENT	father	Q152922	Megalo Megaloptera (alderflies and allies)	Q30699	Neuropterida	Q54268				real	phantom	Q30691	
ABSENT	father	Q152923	Neuro Neuroptera (lacewings and allies)	Q30699	Neuropterida	Q54268				real	phantom	Q30691	
ABSENT	father	Q152924	Coleo Coleoptera (beetles)	Q30703	Coleopterida	Q54272				real	phantom	Q30691	
ABSENT	father	Q152925	Strepsi Strepsiptera (twisted-wing parasites)	Q30703	Coleopterida	Q54272				real	phantom	Q30691	
ABSENT	father	Q152926	Tricho Trichoptera (caddisflies)	Q30707	Amphiesmenoptera	Q54276				real	phantom	Q30695	
ABSENT	father	Q152927	Lepido Lepidoptera (butterflies, moths)	Q30707	Amphiesmenoptera	Q54276				real	phantom	Q30695	
ABSENT	father	Q152945	Onka Onychodontidae	Q30767	Onychodontidae	Q54336				real	phantom	Q152943	
ABSENT	father	Q152945	Onka Onychodontidae	Q54336		Q152944	1 Onychodontidae			phantom	real	Q152943	
ABSENT	father	Q152998	Horus Parallel Generation 62	Q2480	Greek	Q52950				real	phantom	Q2469	
ABSENT	father	Q153052	Aryan Genarch Generation 55	Q2505	Iranic	Q53050				real	phantom	Q2488	
ABSENT	father	Q153405	India Genarch	Q2496	Indic (Vedic)	Q53014				real	phantom	Q2488	
ABSENT	father	Q153447	HASTI (founder of Hastinapur) Suhotra	Q29959	SUHOTRA \ VAITITHI  VAITITHI \Brihatkshatra	Q53530				real	phantom	Q153462	Q153453
ABSENT	father	Q153447	HASTI (founder of Hastinapur) Suhotra	Q50084		Q53530				real	phantom		
ABSENT	father	Q153447	HASTI (founder of Hastinapur) Suhotra	Q53530		Q153454	SUHOTRA \ VAITITHI Brihatkshatra Brihatkshatra Brihatkshatra Brihatkshatra Brihatkshatra Brihatkshatra Br			phantom	real	Q153462	Q153453
ABSENT	father	Q153485	BRIHADASVA of Kosala Placeholder surname	Q2623	Sahdev DIWAKAR	Q53522				real	phantom	Q2123	
ABSENT	father	Q153485	BRIHADASVA of Kosala Placeholder surname	Q29951	Sahdev  DIWAKAR	Q53522				real	phantom	Q2123	
ABSENT	father	Q153494	DHRUVA Uttanapada	Q50544		Q53559				real	phantom		
ABSENT	father	Q153494	DHRUVA Uttanapada	Q53559		Q130322	unknown		Q24238356	phantom	real		
ABSENT	father	Q153494	DHRUVA Uttanapada	Q53559		Q153503	UTTANAPADA Manu			phantom	real		
ABSENT	father	Q153494	DHRUVA Uttanapada	Q53559		Q153674	Placeholder surname?			phantom	real		
ABSENT	father	Q153495	ILINA Tansu	Q29975	Sumati \ Tansu  Tansu \Matinara	Q53546				real	phantom	Q2137	
ABSENT	father	Q153495	ILINA Tansu	Q53546		Q153504	Sumati \ Tansu Matinara Matinara Matinara Matinara Matinara Matinara Matinara Tansu			phantom	real	Q2137	
ABSENT	father	Q153509	BUDHA (planet Mercury) Chandra	Q30007	CHANDRA \ SOMA (Haoma), the moon-god Indu  SOMA (Haoma), the moon-god Indu \Atri	Q53579				real	phantom	Q153507	
ABSENT	father	Q153509	BUDHA (planet Mercury) Chandra	Q53579		Q153521	CHANDRA \ SOMA (Haoma), the moon-god Indu Atri Atri Atri Atri Atri Atri Atri SOMA (Haoma), the moon-god Indu			phantom	real	Q153507	
ABSENT	mother	Q153520	DHATA	Q50669		Q53587				real	phantom		Q2159
ABSENT	mother	Q153520	DHATA	Q53587		Q130322	unknown		Q24238356	phantom	real		Q2159
ABSENT	mother	Q153520	DHATA	Q53587		Q153530	KHYATI Bhrigu			phantom	real		Q2159
ABSENT	mother	Q153520	DHATA	Q53587		Q153713	Placeholder surname			phantom	real		Q2159
ABSENT	father	Q153548	BRIHATKSHATRA BRIHADBAL	Q53526		Q153552	BRIHADBAL TAKSHAKA			phantom	real	Q153556	
ABSENT	father	Q153578	SHIGRASVA of Kosala Placeholder surname	Q2628	Agnivarna, King of Kosala	Q53542				real	phantom		
ABSENT	father	Q153578	SHIGRASVA of Kosala Placeholder surname	Q29971	Agnivarna, King of Kosala	Q53542				real	phantom	Q29979	
COLLAPSE	father	Q4626	Zebudah	Q4617	Pedaiah	Q60195		Q20101444		real	phantom		
COLLAPSE	father	Q6421	Shaodian	Q6433	Fuxi	Q87840		Q236972		real	real		
COLLAPSE	father	Q6421	Shaodian	Q51954	You Xiong	Q87840				real	real		
COLLAPSE	father	Q6421	Shaodian	Q87840		Q87862	(You Xiong)  Youxiong			real	real		
COLLAPSE	father	Q28364	RAGHU  Dirghabahu	Q2327	Dileepa Deerghabahu	Q28376	Solar Dynasty			real	real		
COLLAPSE	father	Q28364	RAGHU  Dirghabahu	Q2327	Dileepa Deerghabahu	Q30011	BHAGIRATHA  son of Dilipa			real	real		
COLLAPSE	father	Q28364	RAGHU  Dirghabahu	Q2327	Dileepa Deerghabahu	Q52332				real	phantom		
COLLAPSE	father	Q28364	RAGHU  Dirghabahu	Q2327	Dileepa Deerghabahu	Q53583				real	phantom		
COLLAPSE	father	Q28364	RAGHU  Dirghabahu	Q28376	Solar Dynasty	Q51407	Dileepa Deerghabahu			real	real		
COLLAPSE	father	Q28364	RAGHU  Dirghabahu	Q28376	Solar Dynasty	Q52328				real	real		
COLLAPSE	father	Q28364	RAGHU  Dirghabahu	Q30011	BHAGIRATHA  son of Dilipa	Q51407	Dileepa Deerghabahu			real	real		
COLLAPSE	father	Q28364	RAGHU  Dirghabahu	Q30011	BHAGIRATHA  son of Dilipa	Q52328				real	real		
COLLAPSE	father	Q28364	RAGHU  Dirghabahu	Q51407	Dileepa Deerghabahu	Q52332				real	phantom		
COLLAPSE	father	Q28364	RAGHU  Dirghabahu	Q51407	Dileepa Deerghabahu	Q53583				real	phantom		
COLLAPSE	father	Q28364	RAGHU  Dirghabahu	Q52328		Q52332				real	phantom		
COLLAPSE	father	Q28364	RAGHU  Dirghabahu	Q52328		Q53583				real	phantom		
COLLAPSE	father	Q29140	kay kaus  Raja Iran	Q29144	kay uyarsh  Raja Iran	Q29156	kay apiveh  Raja Iran			real	real		
COLLAPSE	father	Q29140	kay kaus  Raja Iran	Q29144	kay uyarsh  Raja Iran	Q52721				real	phantom		
COLLAPSE	father	Q29144	kay uyarsh  Raja Iran	Q29148	kay pisan  Raja Iran	Q29152	kay arsh  Raja Iran			real	real		
COLLAPSE	father	Q29144	kay uyarsh  Raja Iran	Q29148	kay pisan  Raja Iran	Q52717				real	phantom		
COLLAPSE	father	Q31877	Alonso  Martinez de Lerma Cartagena	Q90241	Francisco  de Cartagena y de Lerma	Q91478	Francisco Alonso  Martinez de Lerma Santa Gadea			real	real		
COLLAPSE	father	Q32146	Francisco  Ramirez de Arellano y Zuniga	Q92384	Juan  Ramirez de Arellano y Gonzalez de la Plazuela	Q92386	Francisco  Ramirez de Arellano y Zuniga			real	real		
COLLAPSE	father	Q33552	Pedro  Ramirez de Arellano y Zuniga	Q32146	Francisco  Ramirez de Arellano y Zuniga	Q92386	Francisco  Ramirez de Arellano y Zuniga			real	real	Q31110,Q92384	
COLLAPSE	father	Q33556	Gaspar  Ramirez de Arellano y Zuniga	Q32146	Francisco  Ramirez de Arellano y Zuniga	Q92386	Francisco  Ramirez de Arellano y Zuniga			real	real	Q31110,Q92384	
COLLAPSE	mother	Q40310	Maria  Ruiz de Esparza y Lopez de Elizalde	Q40306	Maria Angelina  Lopez de Elizalde y Becerra	Q40378	Juana Maria  Lopez De Elizalde			real	real		
COLLAPSE	mother	Q49500	Sihahanu	Q49496	Kacchana	Q49557	N.N.			real	real		
COLLAPSE	father	Q62555	Constantine the Great	Q61565	Constantius Chlorus	Q62552	Constantius I Chlorus  Roman Emperor	Q131195		real	real	Q61924,Q61957	
COLLAPSE	father	Q64516	Antoninus Pius	Q65423	Titus Aurelius Fulvus	Q65489	Hadrian	Q1230832	Q1427	real	real		
COLLAPSE	mother	Q65192	Gaius Annianus Verus	Q66455	Sertoria  Sallustius	Q141756	Annia Rupilia Faustina		Q111988914	real	real		Q66425
COLLAPSE	father	Q65489	Hadrian	Q66751	Publius Aelius Hadrianus Afer	Q66784	Andhra Pradesh	Q2280800	Q1159	real	real		
COLLAPSE	father	Q65585	Julius	Q66991	Gaius Julius Longinus Soaemus of Emesa	Q67024	Gaius Julius Sampsigeramus		Q5517443	real	real		
COLLAPSE	father	Q66784	Andhra Pradesh	Q68223	Marcus Ulpius Traianus	Q68283	Nerva	Q714856	Q1424	real	real		
COLLAPSE	mother	Q67645	Uthman ibn Affan	Q66796	Arwa daughter of  Kurayz	Q68118	Arwa bint Kurayz		Q7901600	real	real		
COLLAPSE	father	Q69972	Octavia Sergia Plotilla	Q70122	Octavius Laenas	Q70685		Q1242010		real	phantom		Q70652,Q144242
COLLAPSE	mother	Q69972	Octavia Sergia Plotilla	Q70152	Rubellia Bassa	Q144242	Sergia Plautilla		Q110320988	real	real		Q70122
COLLAPSE	mother	Q70152	Rubellia Bassa	Q70751	Sergia Plautilla	Q77386	Julia Livia			real	real		Q70718
COLLAPSE	mother	Q70340	Lucius Scribonius Libo	Q71002	Sulpicia	Q139746	Cornelia Magna		Q3656046	real	real		Q70988
COLLAPSE	father	Q72278	Marcus Pupius Piso Frugi Calpurnianus	Q72466	Marcus Licinius Crassus	Q72469	Marcus Pupius  Pupius	Q175121		real	real		Q72463
COLLAPSE	father	Q72278	Marcus Pupius Piso Frugi Calpurnianus	Q72466	Marcus Licinius Crassus	Q141610	Lucius Calpurnius Piso Frugi	Q175121	Q12118997	real	real		
COLLAPSE	mother	Q72457	Gnaeus Pompeius Strabo	Q72645	Lucilia	Q73020	Lucilia		Q56259966	real	real		Q72648
COLLAPSE	father	Q72615	Quintus Aemilius Lepidus	Q72786	Marcus Aemilius Lepidus	Q144279	Marcus Aemilius Lepidus		Q3625112	real	real		
COLLAPSE	father	Q72786	Marcus Aemilius Lepidus	Q73011	Marcus Aemilius Lepidus	Q73173	Marcus Aemilius Lepidus, Consul	Q3622705		real	real		
COLLAPSE	mother	Q72786	Marcus Aemilius Lepidus	Q72789	NN (Wife of Marcus Aemilius Lepidus)	Q72801	Cornelia		Q100804879	real	real		
COLLAPSE	mother	Q72786	Marcus Aemilius Lepidus	Q72801	Cornelia	Q73110	NN (Wife of Marcus Aemilius Lepidus)	Q100804879		real	real		
COLLAPSE	father	Q72798	Marcus Livius Drusus	Q72951	Gaius Livius Drusus	Q73431	Marcus Livius Drusus	Q1270114		real	real		Q72954
COLLAPSE	father	Q72801	Cornelia	Q72957	Consul (138 BC) - Publius Cornelius Scipio Nasica Serapio	Q73017	Pacuvius Calavius			real	real		
COLLAPSE	father	Q72951	Gaius Livius Drusus	Q73119	Marcus Livius Drusus	Q148206		Q433463		real	phantom	Q151476	
COLLAPSE	father	Q73113	Marcus Aemilius Lepidus	Q73275	Marcus Aemilius Lepidus	Q73419	Marcus Aemilius Lepidus	Q4281819		real	real		Q73278
COLLAPSE	father	Q73119	Marcus Livius Drusus	Q72798	Marcus Livius Drusus	Q73173	Marcus Aemilius Lepidus, Consul	Q703346		real	real		
COLLAPSE	father	Q73119	Marcus Livius Drusus	Q72798	Marcus Livius Drusus	Q78453	Marcus Livius maior  Drusus	Q703346		real	real		
COLLAPSE	father	Q73119	Marcus Livius Drusus	Q72798	Marcus Livius Drusus	Q151476	Marcus Livius Salinator	Q703346	Q703448	real	real		
COLLAPSE	father	Q73182	Lucius Aurelius Cotta	Q73341	Lucius Aurelius Cotta	Q73485	Gaius Aurelius Cotta	Q3265869		real	real		
COLLAPSE	father	Q73260	Marcus Licinius Crassus Agelastus	Q72972	Publius Licinius Crassus Dives	Q73410	Publius Licinius Crassus	Q29518656		real	real		Q72969
COLLAPSE	father	Q73260	Marcus Licinius Crassus Agelastus	Q72981	Publius Licinius Crassus	Q73410	Publius Licinius Crassus	Q20100913		real	real		Q73407
COLLAPSE	father	Q73383	Lucius Junius  Brutus	Q73518	C. Junius Junius Brutus  Brutus	Q73863	Junius  Brutus			real	real		
COLLAPSE	father	Q73503	Laodice II	Q73638	Andromachus	Q73746	Achaeus	Q512839	Q1897013	real	real		
COLLAPSE	father	Q73530	Marcus Flaccus	Q73653	Cassus Curvus	Q73872	Lucius Fulvius Curvus			real	real		
COLLAPSE	father	Q73563	Publius Claudius Pulcher	Q73677	Gaius Claudius Centho	Q73782	Appius Claudius Caecus	Q155312	Q297783	real	real		
COLLAPSE	father	Q73653	Cassus Curvus	Q73530	Marcus Flaccus	Q99414	Marcus Curvus			real	real	Q73872	
COLLAPSE	father	Q73970	Appius Claudius Crassus Inregillensis	Q74091	Appius Claudius Crassus Regillensis  Crassus	Q78752	Publius  Claudius-Nero			real	real		
COLLAPSE	father	Q73970	Appius Claudius Crassus Inregillensis	Q78752	Publius  Claudius-Nero	Q151743	Appius Claudius Crassus		Q283141	real	real		
COLLAPSE	father	Q74698	Uranus	Q74717	Erebos	Q130392	Aether	Q131090	Q189175	real	real		Q74701,Q74720,Q130498
COLLAPSE	mother	Q74698	Uranus	Q74701	Terra	Q74720	Nyx	Q93172	Q131203	real	real	Q74717	Q74656,Q74698,Q74717,Q130392,Q132070
COLLAPSE	mother	Q74698	Uranus	Q74701	Terra	Q131430	Dies	Q93172	Q18206465	real	real	Q74717,Q74720,Q130498,Q130652	Q130392
COLLAPSE	mother	Q74698	Uranus	Q74720	Nyx	Q131430	Dies	Q131203	Q18206465	real	real	Q74717	Q130392
COLLAPSE	father	Q74701	Terra	Q74717	Erebos	Q130392	Aether	Q131090	Q189175	real	real		Q74701,Q74720,Q130498
COLLAPSE	father	Q74701	Terra	Q74717	Erebos	Q130652		Q131090		real	phantom	Q130496	Q74720,Q132106
COLLAPSE	father	Q74701	Terra	Q130392	Aether	Q130652		Q189175		real	phantom	Q74717	Q74720
COLLAPSE	mother	Q74701	Terra	Q74720	Nyx	Q131430	Dies	Q131203	Q18206465	real	real	Q74717	Q130392
COLLAPSE	mother	Q74701	Terra	Q130498		Q131430	Dies		Q18206465	phantom	real	Q74717	Q130392
COLLAPSE	father	Q75054	Themis	Q74698	Uranus	Q74973	Danaus	Q79999	Q161419	real	real	Q74701	Q74701
COLLAPSE	mother	Q75054	Themis	Q74701	Terra	Q74970	Tethys	Q93172	Q184216	real	real		Q74973,Q90309
COLLAPSE	father	Q75087	Enarete, "Aenarete", "Enareta", "Aegiale"	Q75123	Deimachus	Q90470	Deimachus	Q1183226	Q1183222	real	real	Q131902,Q133062	Q75120
COLLAPSE	father	Q75123	Deimachus	Q75162	Cleon	Q131902	Neleus	Q57911514	Q637955	real	real		
COLLAPSE	father	Q75348	Tithonus	Q74656		Q132332			Q332324	missing	real		
COLLAPSE	mother	Q75573	Anicius Auchenius Bassus	Q75634	Caeionia Auchenia Bassa	Q151955	Turrenia Honorata		Q12297063	real	real		Q75637
COLLAPSE	mother	Q75573	Anicius Auchenius Bassus	Q75634	Caeionia Auchenia Bassa	Q154066	Pincia			real	real		Q75637
COLLAPSE	father	Q76625	Gaius Neratius	Q77083	Gaius Betitius	Q99665	Gaius Betitius Pietas			real	real		
COLLAPSE	father	Q76693	Sergius Octavius Pontianus Laenes Octavius  Pontainus	Q76930	Lucius Octavius Laenus	Q76933	Sergius Octavius Pontainus			real	real		
COLLAPSE	father	Q76693	Sergius Octavius Pontianus Laenes Octavius  Pontainus	Q76933	Sergius Octavius Pontainus	Q76936	Octavius Laenas			real	real		
COLLAPSE	father	Q76693	Sergius Octavius Pontianus Laenes Octavius  Pontainus	Q76933	Sergius Octavius Pontainus	Q76945	Lucius Octavius Laenas			real	real		
COLLAPSE	father	Q77257	Julia	Q77485	Tiberius Julius Lupus	Q77722	Tiberius Julius Lupus	Q11729324	Q30069228	real	real		
COLLAPSE	mother	Q78713	Ptolemy IX Lathyros	Q73035	Cleopatra III of Egypt	Q78402		Q40003		real	missing	Q73038,Q73194	Q73038
COLLAPSE	father	Q86089	Itakayt .	Q86065	Kheperkare Senusret I	Q86147	Khakheperre Senusret II		Q18722	real	real		
COLLAPSE	mother	Q86089	Itakayt .	Q85640	Nefrusheri	Q86159	Itaweret Itaurt of  Egypt			real	real		
COLLAPSE	father	Q86607	Acha  Ish Kfar Temarta	Q86617	Shila  Ish Kfar Temarta	Q91224	Shila  Ish Kfar Temarta			real	real		
COLLAPSE	father	Q87229	Tingtosh Chu  Tsu	Q87241	Liu of the Southern av Hiung  Xiongnu	Q87243	(Hou Yeh) Shih Chu Hou Ti Chu Hou  Ti			real	real		
COLLAPSE	father	Q88819	Boneta  Saltell	Q88733	Bonastrug "Astrug" ca Porta  Saltell	Q88817	"Don Astrug" Saltell  Nassi			real	real		
COLLAPSE	father	Q97109	Husayn	Q96424	Syarif Abdullah Al-Akbar ibnu Syarif Muhammad At-Thaer	Q97799	Sulayman		Q61310624	real	real		
COLLAPSE	father	Q99310	Olybrius	Q60293	Flavius Areobindus Dagalaifus Areobindus	Q62558	Dagalaiphus	Q642469		real	real		
COLLAPSE	mother	Q107162	Ermengol VII, Count of Urgell	Q104371	Arsende  de Cabrera	Q118293	Arsenda de Cabrera		Q21126905	real	real		Q107158
COLLAPSE	father	Q111909	Anicius Probus	Q75504	Anicius Olybrius Probus	Q75516	Anicius Hermogenianus Olybrius		Q1372249	real	real		
COLLAPSE	mother	Q111909	Anicius Probus	Q75507	Adelphia  de Limoge	Q113011	Anicia Juliana		Q12272064	real	real		
COLLAPSE	mother	Q113732	Adela of Roucy	Q113718	Alix de Roucy	Q113989	Beatrix de Hainaut	Q18606694	Q48925204	real	real		
COLLAPSE	mother	Q113981	Gilbert, Duke of Burgundy	Q115656	Ermengarde	Q206593	Ermengarde Of Bourgogne	Q100327211		real	real	Q113566	
COLLAPSE	father	Q123618	Serena	Q67474	Theodosius I	Q114989	Honorius	Q46696	Q159798	real	real		
COLLAPSE	father	Q123964	Ki Ageng Panjawi	Q123962	Ki Ageng Ngerang III	Q162889	Ki Ageng Ngerang-3	Q118720037		real	real		Q118858
COLLAPSE	father	Q134774	Aristodemus	Q74723	Aristomachus	Q74780	Aristomachus	Q311536		real	real		
COLLAPSE	father	Q153203	Rajasawardhana Sang Sinagara Placeholder surname	Q1665	Brawijaya I Kertawijaya or Bhre Tumapel III Majapahit 1447-1451	Q153206	Wikramawardhana (Maharaja Empayar Majapahit) Placeholder surname			real	real		
COLLAPSE	father	Q160004	Rajasawardhana Sang Sinagara	Q160008	Wikramawardhana (Maharaja Empayar Majapahit)	Q160010	Kertawijaya (Maharaja Majapahit ke7: 1447-1451)			real	real		
COLLAPSE	father	Q160433	KUNTI aka PREETHA Pandu	Q153359	Shurasena Arjuna	Q160461	KUNTIBHOJA (Yadavas)			real	real		
COLLAPSE	mother	Q160438	King Sihahanu of Shakya	Q160437	Kaccana of Devadeha	Q160469	N.N.			real	real		
COLLAPSE	father	Q160905	RICHEYU \ ANADHRISHTI ANADHRISHTI	Q160920	Ariha	Q160922	RAUDRASVA Ahamyati			real	real		
COLLAPSE	father	Q160905	RICHEYU \ ANADHRISHTI ANADHRISHTI	Q160920	Ariha	Q160924	PRAVIRA Puru			real	real		
COLLAPSE	father	Q160905	RICHEYU \ ANADHRISHTI ANADHRISHTI	Q160922	RAUDRASVA Ahamyati	Q160924	PRAVIRA Puru			real	real		
COLLAPSE	father	Q160928	Swammbhu Brambha	Q160946	11 Rudras	Q160947	Gobardhan Vishnu			real	real		
COLLAPSE	father	Q161280	RAGHU Dirghabahu	Q161283	Dileepa Deerghabahu	Q161284	BHAGIRATHA son of Dilipa			real	real		
COLLAPSE	mother	Q161658	Maharaja Parameswara @ Raja Iskandar Shah Paduka Sri Ratna Vira Vikrama di-Raja	Q162275	Wan Sendari (Radin Ratna Cenderapuri)	Q171395	Puti Reno Mandi Sari Lawik			real	real		Q160051
COLLAPSE	father	Q162368	RM. Prabu Singajiwa Kusumah (Cipajaran Tamanjaya Gobras Cibeureum)	Q163000	R. Mas Jatmika	Q163426	Sultan Agung Hanyakrakusuma, Raden Mas Rangsang			real	real		
COLLAPSE	father	Q169532	YUDHISHTIRA Dharmaputra	Q160434	PANDU Kuru	Q160673	YAMA Dharma			real	real		Q160433
COLLAPSE	father	Q170333	Kaksreyu	Q160922	RAUDRASVA Ahamyati	Q160924	PRAVIRA Puru			real	real		
COLLAPSE	father	Q170334	Vrikeyu	Q160922	RAUDRASVA Ahamyati	Q160924	PRAVIRA Puru			real	real		
COLLAPSE	father	Q170335	Sthandileyu	Q160922	RAUDRASVA Ahamyati	Q160924	PRAVIRA Puru			real	real		
COLLAPSE	father	Q170336	Vaneyu	Q160922	RAUDRASVA Ahamyati	Q160924	PRAVIRA Puru			real	real		
COLLAPSE	father	Q170337	Jaleyu	Q160922	RAUDRASVA Ahamyati	Q160924	PRAVIRA Puru			real	real		
COLLAPSE	father	Q170338	Tejeyu	Q160922	RAUDRASVA Ahamyati	Q160924	PRAVIRA Puru			real	real		
COLLAPSE	father	Q170339	Satyeyu	Q160922	RAUDRASVA Ahamyati	Q160924	PRAVIRA Puru			real	real		
COLLAPSE	father	Q170340	DHARMEYU Raudrasva	Q160922	RAUDRASVA Ahamyati	Q160924	PRAVIRA Puru			real	real		
COLLAPSE	father	Q170341	Sannateyu	Q160922	RAUDRASVA Ahamyati	Q160924	PRAVIRA Puru			real	real		
COLLAPSE	father	Q171493	Venkatacharyar Jatavallabha (Jatavallabha award by Maha	Q171378	Govindacharyar Jatavallabha (Jatavallabha award by Maha	Q171648	Rangacharya Jatavallabha (Jatavallabha award by Maha			real	real		
DEDUPE	father	Q272	Zorapter	Q30719	Polyneoptera	Q152932	Aurapter Polyneoptera			real	real		
DEDUPE	father	Q273	Dermaptera	Q30719	Polyneoptera	Q152932	Aurapter Polyneoptera			real	real		
DEDUPE	father	Q274	Stone	Q30723	Polyneoptera	Q152933	Petropter Polyneoptera			real	real		
DEDUPE	father	Q275	Orthopter	Q30727	Polyneoptera	Q152934	Orthops Polyneoptera			real	real		
DEDUPE	father	Q276	Dictyoptera	Q30731	Polyneoptera	Q152935	Cryophanter Polyneoptera			real	real		
DEDUPE	father	Q1493	Neoteleostei	Q39502	Euteleostei	Q153134	1 Euteleostei			real	real	Q153133	
DEDUPE	father	Q1494	Stomiati	Q39502	Euteleostei	Q153134	1 Euteleostei			real	real	Q153133	
DEDUPE	father	Q1529	Batrachoidaria Batrachoididae (toadfishes)	Q40900	Percomorpha	Q153143	7 Percomorpha			real	real	Q5482	
DEDUPE	father	Q1532	Pelagiaria Scombriformes (tunas, mackerel, etc.)	Q41022	Percomorpha	Q153145	5 Percomorpha			real	real		
DEDUPE	father	Q1533	Syngnatharia Syngnathiformes (seahorses, seadragon, etc.)	Q41022	Percomorpha	Q153145	5 Percomorpha			real	real		
DEDUPE	father	Q1535	Gobiaria	Q41143	Percomorpha	Q153146	4 Percomorpha			real	real		
DEDUPE	father	Q1575	Cichlomorphae	Q42760	Ovalentaria	Q153163	2 Ovalentaria			real	real		
DEDUPE	father	Q1584	Ambassidae (Asiatic glassfishes)	Q43125	Ovalentaria	Q153165	3 Ovalentaria			real	real		
DEDUPE	father	Q1587	Congrogadidae (eel blenny)	Q43253	Ovalentaria	Q153167	5 Ovalentaria			real	real		
DEDUPE	father	Q1588	Pomacentridae (damselfishes, clownfish)	Q43253	Ovalentaria	Q153167	5 Ovalentaria			real	real		
DEDUPE	father	Q1591	Embiotocidae (surfperches)	Q43420	Ovalentaria	Q153169	7 Ovalentaria			real	real		
DEDUPE	father	Q1592	Mugilomorphae Mugiliformes (mullets)	Q43420	Ovalentaria	Q153169	7 Ovalentaria			real	real		
DEDUPE	father	Q1594	Lipogramma	Q43544	Ovalentaria	Q153170	8 Ovalentaria			real	real		
DEDUPE	father	Q1597	Plesiopidae (roundheads)	Q43629	Ovalentaria	Q153171	9 Ovalentaria			real	real		
DEDUPE	father	Q1599	Pseudochromidae (dottybacks)	Q43713	Ovalentaria	Q153172	10 Ovalentaria			real	real		
DEDUPE	father	Q1601	Grammatidae (basslets)	Q43797	Ovalentaria	Q153173	11 Ovalentaria			real	real		
DEDUPE	father	Q1603	Opistognathidae (jawfishes)	Q43882	Ovalentaria	Q153174	12 Ovalentaria			real	real		
DEDUPE	father	Q1604	Blenniimorphae	Q43882	Ovalentaria	Q153174	12 Ovalentaria			real	real		
DEDUPE	father	Q1610	Uranoscopiformes (stargazers)	Q44172	Eupercaria	Q153176	3 Eupercaria			real	real		
DEDUPE	father	Q1612	Labriformes (wrasses, cales, parrotfish)	Q44256	Eupercaria	Q153177	4 Eupercaria			real	real		
DEDUPE	father	Q1613	Centrogenyidae (false scorpionfish)	Q44256	Eupercaria	Q153177	4 Eupercaria			real	real		
DEDUPE	father	Q1616	Perciformes (perches, sticklebacks, scorpionfishes, etc.)	Q44421	Eupercaria	Q153179	6 Eupercaria			real	real		
DEDUPE	father	Q1618	Centrarchiformes (black basses, temperate perches, etc.)	Q44506	Eupercaria	Q153180	7 Eupercaria			real	real		
DEDUPE	father	Q1619	Pempheriformes (sweepers)	Q44506	Eupercaria	Q153180	7 Eupercaria			real	real		
DEDUPE	father	Q1622	Moronidae (temperate basses)	Q44676	Eupercaria	Q153182	9 Eupercaria			real	real		
DEDUPE	father	Q1623	Sillaginidae (smelt-whitings)	Q44676	Eupercaria	Q153182	9 Eupercaria			real	real		
DEDUPE	father	Q1625	Ephippiformes (spadefishes, batfishes)	Q44800	Eupercaria	Q153183	10 Eupercaria			real	real		
DEDUPE	father	Q1629	Chaetodontiformes (butterflyfishes)	Q44972	Eupercaria	Q153186	13 Eupercaria			real	real		
DEDUPE	father	Q1630	Sciaenidae (drums, croakers)	Q44972	Eupercaria	Q153186	13 Eupercaria			real	real		
DEDUPE	father	Q1633	Acanthuriformes (surgeonfishes, ponyfishes)	Q45142	Eupercaria	Q153188	15 Eupercaria			real	real		
DEDUPE	father	Q1634	Monodactylidae (moonyfishes, fingerfishes)	Q45142	Eupercaria	Q153188	15 Eupercaria			real	real		
DEDUPE	father	Q1636	Emmelichthyidae (rovers)	Q45266	Eupercaria	Q153189	16 Eupercaria			real	real		
DEDUPE	father	Q1638	Pomacanthidae (angelfishes)	Q45350	Eupercaria	Q153190	18 Eupercaria			real	real		
DEDUPE	father	Q1640	Lutjaniformes (snappers)	Q45430	Eupercaria	Q153191	17 Eupercaria			real	real		
DEDUPE	father	Q1642	Callanthiidae (splendid perches)	Q45506	Eupercaria	Q153192	26 Eupercaria			real	real		
DEDUPE	father	Q1643	Malacanthidae (tilefishes)	Q45506	Eupercaria	Q153192	26 Eupercaria			real	real		
DEDUPE	father	Q1646	Lobotiformes (tripletails)	Q45674	Eupercaria	Q153194	19 Eupercaria			real	real		
DEDUPE	father	Q1647	Spariformes	Q45674	Eupercaria	Q153194	19 Eupercaria			real	real		
DEDUPE	father	Q1649	Siganidae (rabbitfishes)	Q45799	Eupercaria	Q153195	22 Eupercaria			real	real		
DEDUPE	father	Q1653	Priacanthiformes (bigeyes, bandfishes)	Q45928	Eupercaria	Q153197	24 Eupercaria			real	real		
DEDUPE	father	Q1654	Scatophagidae (scats)	Q45928	Eupercaria	Q153197	24 Eupercaria			real	real		
DEDUPE	father	Q1655	Caproiformes (boarfishes)	Q45972	Eupercaria	Q153198	23 Eupercaria			real	real		
DEDUPE	father	Q1657	Lophiiformes (anglerfishes)	Q46137	Eupercaria	Q153199	25 Eupercaria			real	real		
DEDUPE	father	Q1658	Tetraodontiformes (pufferfishes, triggerfishes, etc.)	Q46137	Eupercaria	Q153199	25 Eupercaria			real	real		
DEDUPE	mother	Q1676	Tribhuwana Wijayatunggadewi	Q1683	Gayatri Rajapatni	Q48279	Gayatri Rajapatni			real	real		Q1684
DEDUPE	father	Q1713	Tunggul Ametung	Q48501	Rakai Sirikan Sri Kameswara (Jayawarsa)  .? Raja PANJALU	Q153236	Raja Kediri VIII - Sri Kamesywara (1182-1194) Placeholder surname			real	real		
DEDUPE	father	Q1815	Balaputra	Q153306	Maharaja Sriwijaya VI (792840), Medang VI (828-847) - Rakai Garung Rakai Garung	Q160332	Maharaja Sriwijaya VI (792840), Medang VI (828-847) - Rakai Garu			real	real		
DEDUPE	father	Q1861	Krishna	Q1877	Vasudeva	Q49387	Nanda Baba	Q890382		real	real		
DEDUPE	father	Q1861	Krishna	Q1877	Vasudeva	Q160387	NANDA RAI aka NANDA BABA of GOKUL Shurasena	Q890382		real	real	Q49440,Q153359	
DEDUPE	father	Q1861	Krishna	Q49387	Nanda Baba	Q160387	NANDA RAI aka NANDA BABA of GOKUL Shurasena			real	real		Q49383
DEDUPE	mother	Q1861	Krishna	Q1876	Devaki	Q49383	Yashoda			real	real		
DEDUPE	father	Q1876	Devaki	Q153358	UGRASENA Ahuka	Q160412	UGRASENA Ahuka			real	real		
DEDUPE	mother	Q1876	Devaki	Q49436	PADMAVATI  Satyaketu	Q160411	PADMAVATI Satyaketu			real	real		
DEDUPE	father	Q1877	Vasudeva	Q153359	Shurasena Arjuna	Q170603	Sursen			real	real		
DEDUPE	father	Q1893	Suppabuddha	Q1908	Anjana	Q49492	Anjana			real	real		
DEDUPE	father	Q1944	Shantanu	Q1958	Pratipa	Q160520	PRATIPA			real	real		
DEDUPE	mother	Q1944	Shantanu	Q49655	Sunanda  Pratipa	Q160519	SUNANDA Pratipa			real	real		
DEDUPE	father	Q1952	Creator BRAHMA	Q49687	Malichus  Banu Adnan	Q153405	India Genarch			real	real		
DEDUPE	father	Q2069	Pratikanshva	Q2079	Bhanuratha, King of Kosala	Q153475	Bhanuratha, King of Kosala Placeholder surname			real	real	Q153485	
DEDUPE	father	Q2076	Bharata	Q153482	DUSHYANTA Ilina	Q160789	DUSHYANTA Ilina			real	real		
DEDUPE	mother	Q2076	Bharata	Q153483	Shakuntala Placeholder surname	Q160790	SHAKUNTALA Viswamitra			real	real		
DEDUPE	father	Q2137	MATINARA	Q29983	RICHEYU \ ANADHRISHTI  ANADHRISHTI \Raudraswa	Q153525	RICHEYU \ ANADHRISHTI Raudraswa Raudraswa Raudraswa Raudraswa Raudraswa Raudraswa Raudraswa ANADHRISHTI			real	real	Q50697,Q153533	
DEDUPE	father	Q2227	Susandhi, King of Kosala	Q2627	Prasusruta, King of Kosala	Q29967	Prasusruta, King of Kosala			real	real	Q2234	
DEDUPE	father	Q2299	AYUTAYUS of Magadha	Q2302	SRUTASRAVA of Magadha	Q52228				real	real	Q28284	
DEDUPE	father	Q2319	DASHARATHA	Q2322	Aja	Q52308				real	real	Q28364	Q51402
DEDUPE	father	Q2319	DASHARATHA	Q2322	Aja	Q161277	Aja			real	real		
DEDUPE	father	Q2319	DASHARATHA	Q52308		Q161277	Aja			real	real		
DEDUPE	mother	Q2319	DASHARATHA	Q51402	Indumati	Q161276	Indumati			real	real		
DEDUPE	father	Q2327	Dileepa Deerghabahu	Q2330	Khatvanga	Q52340				real	real	Q2333	
DEDUPE	father	Q2330	Khatvanga	Q2333	ANANARANYA III	Q52352				real	real	Q28412	
DEDUPE	father	Q2333	ANANARANYA III	Q28412	SAUDAS (MITRASAH)	Q52368				real	real	Q28425	
DEDUPE	father	Q2335	Anshuman	Q28416	ASAMANJA  Sagara	Q52372				real	real	Q28429,Q51427	Q51422
DEDUPE	father	Q2343	SUDAAS & SARVAKAMA	Q2346	SHRUTUPARNA & PRATAYU	Q52404				real	real	Q2349	
DEDUPE	father	Q2346	SHRUTUPARNA & PRATAYU	Q2349	SINDHU DWEEP	Q52416				real	real	Q28477,Q51462	
DEDUPE	father	Q2349	SINDHU DWEEP	Q28477	AMBARISH  NABHAG	Q52432				real	real	Q2356	Q51462
DEDUPE	father	Q2354	VIJAY aka Dhruvasandhi	Q2357	SUSANDHI aka Sudev	Q52448				real	real	Q2360	
DEDUPE	father	Q2356	Nabh	Q2359	SHRUT	Q52456				real	real	Q28376,Q30011	
DEDUPE	father	Q2357	SUSANDHI aka Sudev	Q2360	Champ	Q52460				real	real	Q28905	
DEDUPE	father	Q2359	SHRUT	Q28376	Solar Dynasty	Q30011	BHAGIRATHA  son of Dilipa			real	real		
DEDUPE	father	Q2389	Yuvanashva II	Q29014	Prasenajit 1  Ikshvaku	Q52580				real	real	Q2391	Q51524
DEDUPE	father	Q2389	Yuvanashva II	Q29014	Prasenajit 1  Ikshvaku	Q161377	Prasenajit 1 Ikshvaku			real	real		
DEDUPE	father	Q2389	Yuvanashva II	Q52580		Q161377	Prasenajit 1 Ikshvaku			real	real		
DEDUPE	mother	Q2389	Yuvanashva II	Q51524	wife of Prasenjit l	Q161378	wife of Prasenjit l			real	real		
DEDUPE	father	Q2403	Vishvagashva	Q29072	PRITHU  ANARANYA	Q52636				real	real	Q29076	
DEDUPE	father	Q2441	Spitama	Q2442	Vaedesht	Q52788				real	real	Q2443	
DEDUPE	father	Q2442	Vaedesht	Q2443	Niaajem	Q52792				real	real	Q29232	
DEDUPE	father	Q2446	Rak	Q2445	Dora Sharoob	Q52800				real	real	Q29180	
DEDUPE	father	Q2448	Frasht	Q2446	Rak	Q52804				real	real	Q2445	
DEDUPE	mother	Q2449	Peshotanu of Iran	Q2412	Pouru Chishti Kayan	Q52669				real	real	Q29136,Q51572	Q29096
DEDUPE	father	Q2485	Arnuwanda III	Q2515	Tudhaliya IV	Q52974		Q314361		real	real	Q2489	
DEDUPE	father	Q2487	Suppiluliuma	Q2515	Tudhaliya IV	Q52974		Q314361		real	real	Q2489	
DEDUPE	father	Q2489	Hattusili III	Q2494	Mursili II	Q53006		Q314378		real	real	Q2497,Q51890	
DEDUPE	father	Q2490	Maathorneferure	Q2489	Hattusili III	Q52986		Q297588		real	real	Q2494	
DEDUPE	father	Q2491	Nerikkaili	Q2489	Hattusili III	Q52986		Q297588		real	real	Q2494	
DEDUPE	father	Q2493	Yuri Nappatellas	Q2489	Hattusili III	Q52986		Q297588		real	real	Q2494	
DEDUPE	father	Q2495	Muwatalli II	Q2494	Mursili II	Q53006		Q314378		real	real	Q2497,Q51890	
DEDUPE	father	Q2515	Tudhaliya IV	Q2489	Hattusili III	Q52986		Q297588		real	real	Q2494	
DEDUPE	father	Q3457	Miguel de Cervantes	Q32086	Rodrigo  Cervantes Torreblanca	Q89759	Diego  de Cervantes y Toledo			real	real		
DEDUPE	father	Q3457	Miguel de Cervantes	Q32086	Rodrigo  Cervantes Torreblanca	Q91574	Diego  de Cervantes y Alvarez de Toledo			real	real		
DEDUPE	father	Q3457	Miguel de Cervantes	Q89759	Diego  de Cervantes y Toledo	Q91574	Diego  de Cervantes y Alvarez de Toledo			real	real	Q89530,Q91572	
DEDUPE	mother	Q3457	Miguel de Cervantes	Q91763	Juana  Arias de Avellaneda Saavedra	Q92861	Leonor  de Cortinas			real	real		
DEDUPE	father	Q4238	María Manrique de Lara	Q106950	Manrique Perez de Lara	Q118603	Manrique Pérez de Lara		Q6751540	real	real	Q112885	Q115806
DEDUPE	father	Q5864	N.N.	Q2485	Arnuwanda III	Q52970		Q278756		real	real	Q2515	
DEDUPE	father	Q6421	Shaodian	Q6433	Fuxi	Q51954	You Xiong	Q236972		real	real		
DEDUPE	father	Q6421	Shaodian	Q6433	Fuxi	Q87862	(You Xiong)  Youxiong	Q236972		real	real		
DEDUPE	father	Q6421	Shaodian	Q51954	You Xiong	Q87862	(You Xiong)  Youxiong			real	real	Q54433	
DEDUPE	mother	Q6429	Shaohao	Q6425	Leizu	Q87834		Q1441379		real	real		Q6420
DEDUPE	mother	Q6445	Zhuanxu	Q6443	Jing Pu	Q70032	Wife of Shaohao  Wife of Shaohao	Q16076341		real	real		
DEDUPE	father	Q6453	Emperor Ku	Q6441	Jiao Ji	Q87827	Jiaoji  descendant of the Yellow Emperor	Q10514592		real	real	Q6429,Q70032	
DEDUPE	father	Q6459	Gun	Q6445	Zhuanxu	Q52242	Gao Yang Gao Yang	Q198180		real	real	Q6430	
DEDUPE	father	Q6478	Hou Ji	Q6453	Emperor Ku	Q87823	Emperor Ku  descendant of the Yellow Emperor	Q721756		real	real	Q6441,Q87827	Q87825
DEDUPE	father	Q6480	Xie of Shang	Q6453	Emperor Ku	Q87823	Emperor Ku  descendant of the Yellow Emperor	Q721756		real	real	Q6441,Q87827	Q87825
DEDUPE	father	Q6605	King Tai of Zhou	Q70074	Gong Shu Zulei  Duke Uncle Zulei  descendant of Emperor Ku	Q87745	Gong Shu Zu , 37  GONG Zulei			real	real		
DEDUPE	father	Q6616	Taibo	Q6605	King Tai of Zhou	Q87737	Gu Gong Dan Fu   Ji	Q198009		real	real	Q87745	Q87739
DEDUPE	father	Q6618	Zhongyong of Wu	Q6605	King Tai of Zhou	Q87737	Gu Gong Dan Fu   Ji	Q198009		real	real	Q87745	Q87739
DEDUPE	father	Q25504	Xiao Yi of Shang	Q25483	Zu Ding	Q53686	Zu Ding  Zi Xing	Q878455		real	real		
DEDUPE	father	Q28227	CHITRARATH  Rasadu	Q28239	RASADU  Swati	Q52196				real	real	Q28255	
DEDUPE	father	Q28239	RASADU  Swati	Q28255	SWATI (VISHADGU)  Svahit	Q52212				real	real	Q28268	
DEDUPE	father	Q28255	SWATI (VISHADGU)  Svahit	Q28268	SVAHIT  Vrujinvanta	Q52224				real	real	Q28280	
DEDUPE	father	Q28268	SVAHIT  Vrujinvanta	Q28280	VRJINVANTA (VRAJPITA)  Kroshtu	Q52236				real	real	Q28296	
DEDUPE	mother	Q28276	NABHA  Nala	Q51326	...	Q161239	DAMAYANTI Nala			real	real		Q28292
DEDUPE	father	Q28280	VRJINVANTA (VRAJPITA)  Kroshtu	Q28296	KROSHTU  Yadu	Q52252				real	real	Q153469	
DEDUPE	father	Q28284	SOMAPI of Magadha	Q28300	SAHADEVA of Magadha  Jarasandha	Q52256				real	real	Q28308,Q51331	
DEDUPE	father	Q28324	SITA aka Janaki aka Mythili  Rama	Q28332	King of Mithila	Q51357	King Janaka			real	real		
DEDUPE	father	Q28324	SITA aka Janaki aka Mythili  Rama	Q28332	King of Mithila	Q52288				real	real	Q28344,Q51387	Q51367
DEDUPE	father	Q28324	SITA aka Janaki aka Mythili  Rama	Q28332	King of Mithila	Q161265	King Janaka			real	real		
DEDUPE	father	Q28324	SITA aka Janaki aka Mythili  Rama	Q28332	King of Mithila	Q161266	SHIRADVAJA \ JANAKA JANAKA			real	real		
DEDUPE	father	Q28324	SITA aka Janaki aka Mythili  Rama	Q51357	King Janaka	Q52288				real	real		
DEDUPE	father	Q28324	SITA aka Janaki aka Mythili  Rama	Q51357	King Janaka	Q161265	King Janaka			real	real		
DEDUPE	father	Q28324	SITA aka Janaki aka Mythili  Rama	Q51357	King Janaka	Q161266	SHIRADVAJA \ JANAKA JANAKA			real	real		
DEDUPE	father	Q28324	SITA aka Janaki aka Mythili  Rama	Q52288		Q161265	King Janaka			real	real		
DEDUPE	father	Q28324	SITA aka Janaki aka Mythili  Rama	Q52288		Q161266	SHIRADVAJA \ JANAKA JANAKA			real	real		
DEDUPE	father	Q28324	SITA aka Janaki aka Mythili  Rama	Q161265	King Janaka	Q161266	SHIRADVAJA \ JANAKA JANAKA			real	real		Q161264
DEDUPE	mother	Q28324	SITA aka Janaki aka Mythili  Rama	Q51362	Bhumidevi \ Earth  Earth	Q51367	SUNAYANA			real	real		
DEDUPE	mother	Q28324	SITA aka Janaki aka Mythili  Rama	Q51362	Bhumidevi \ Earth  Earth	Q161263	Bhumidevi \ Earth Earth			real	real		
DEDUPE	mother	Q28324	SITA aka Janaki aka Mythili  Rama	Q51362	Bhumidevi \ Earth  Earth	Q161264	SUNAYANA Janaka			real	real		
DEDUPE	mother	Q28324	SITA aka Janaki aka Mythili  Rama	Q51367	SUNAYANA	Q161263	Bhumidevi \ Earth Earth			real	real		
DEDUPE	mother	Q28324	SITA aka Janaki aka Mythili  Rama	Q51367	SUNAYANA	Q161264	SUNAYANA Janaka			real	real		
DEDUPE	mother	Q28324	SITA aka Janaki aka Mythili  Rama	Q161263	Bhumidevi \ Earth Earth	Q161264	SUNAYANA Janaka			real	real		
DEDUPE	father	Q28332	King of Mithila	Q28344	HRASWAROMA  SWANAROMA	Q52300				real	real	Q28356	Q51387
DEDUPE	father	Q28344	HRASWAROMA  SWANAROMA	Q28356	SWANAROMA  MAHANROMA	Q52312				real	real	Q28368	
DEDUPE	father	Q28356	SWANAROMA  MAHANROMA	Q28368	MAHAROMA  KIIRTIRAATA	Q52324				real	real	Q28380	
DEDUPE	father	Q28364	RAGHU  Dirghabahu	Q2327	Dileepa Deerghabahu	Q51407	Dileepa Deerghabahu			real	real	Q2330,Q52340	
DEDUPE	father	Q28364	RAGHU  Dirghabahu	Q2327	Dileepa Deerghabahu	Q52328				real	real	Q2330	
DEDUPE	father	Q28364	RAGHU  Dirghabahu	Q28376	Solar Dynasty	Q30011	BHAGIRATHA  son of Dilipa			real	real		
DEDUPE	father	Q28364	RAGHU  Dirghabahu	Q51407	Dileepa Deerghabahu	Q52328				real	real	Q2330	
DEDUPE	father	Q28368	MAHAROMA  KIIRTIRAATA	Q28380	KIIRTIRAATA  MAHIIDHRAKA	Q52336				real	real	Q28392	
DEDUPE	father	Q28380	KIIRTIRAATA  MAHIIDHRAKA	Q28392	MAHIIDHRAKA  VIBUDHA	Q52348				real	real	Q28408	
DEDUPE	father	Q28388	DILIPA 1  Anshuman	Q2335	Anshuman	Q52360				real	real	Q28416,Q51422	Q51417
DEDUPE	father	Q28392	MAHIIDHRAKA  VIBUDHA	Q28408	VIBHUDHA  DEVAMIIDHA	Q52364				real	real	Q28420	
DEDUPE	father	Q28408	VIBHUDHA  DEVAMIIDHA	Q28420	KIIRTI RATHA	Q52376				real	real	Q28433	
DEDUPE	father	Q28412	SAUDAS (MITRASAH)	Q28425	SAUDAS (MITRASAH)  SUDAAS	Q52380				real	real	Q2343	
DEDUPE	father	Q28416	ASAMANJA  Sagara	Q28429	of Vedic period	Q52384				real	real	Q2344	Q51427
DEDUPE	father	Q28420	KIIRTI RATHA	Q28433	Kritiratha  PRATIINDHAKA	Q52388				real	real	Q28445	
DEDUPE	father	Q28425	SAUDAS (MITRASAH)  SUDAAS	Q2343	SUDAAS & SARVAKAMA	Q51437	SUDAAS & SARVAKAMA			real	real	Q2346,Q52404	
DEDUPE	father	Q28429	of Vedic period	Q2344	BAHUKA	Q51442	BAHUKA			real	real		
DEDUPE	father	Q28433	Kritiratha  PRATIINDHAKA	Q28445	PRATIINDHAKA  MARU	Q52400				real	real	Q28457	
DEDUPE	father	Q28445	PRATIINDHAKA  MARU	Q28457	Maru  HARYASHVA	Q52412				real	real	Q28473	
DEDUPE	father	Q28457	Maru  HARYASHVA	Q28473	HARYASHWA  DHRISTAKETU	Q52428				real	real	Q28485	
DEDUPE	father	Q28473	HARYASHWA  DHRISTAKETU	Q28485	DHRISTAKETU  SUDHRITI	Q52440				real	real	Q28497	
DEDUPE	father	Q28477	AMBARISH  NABHAG	Q2356	Nabh	Q52444				real	real	Q2359	
DEDUPE	father	Q28485	DHRISTAKETU  SUDHRITI	Q28497	SUDHRITI  MAHAAVIRA	Q52452				real	real	Q28901	
DEDUPE	father	Q28497	SUDHRITI  MAHAAVIRA	Q28901	Mahavira  BRIHADRATHA	Q52468				real	real	Q28909	
DEDUPE	father	Q28901	Mahavira  BRIHADRATHA	Q28909	BRIHADRATHA  DEVARAATA	Q52476				real	real	Q28917	
DEDUPE	father	Q28909	BRIHADRATHA  DEVARAATA	Q28917	DEVARAATA  SUKETU	Q52484				real	real	Q28925	
DEDUPE	father	Q28917	DEVARAATA  SUKETU	Q28925	Suketu  NANDIVARDHANA	Q52492				real	real	Q28938	
DEDUPE	father	Q28921	HARISHCHANDRA (Dhundumara)  Trishanku	Q2369	SATYAVRATA aka Trishanku	Q51475	SATYAVRATA aka Trishanku			real	real		
DEDUPE	father	Q28925	Suketu  NANDIVARDHANA	Q28938	NANDIVARDHANA  UDAAVASU	Q52504				real	real	Q28946	
DEDUPE	father	Q28938	NANDIVARDHANA  UDAAVASU	Q28946	JANAKA FIRST	Q52512				real	real	Q28954	
DEDUPE	father	Q28946	JANAKA FIRST	Q28954	JANAKA FIRST  MITHI	Q52520				real	real	Q28962	
DEDUPE	father	Q28954	JANAKA FIRST  MITHI	Q28962	MITHI  NIMI	Q52528				real	real	Q28970	
DEDUPE	father	Q28986	SAMBHUTA 5	Q2384	TRASADASYU 1	Q52556				real	real	Q28994,Q51512	
DEDUPE	father	Q28994	PURUKUTSA of Ikshvaku Dynasty	Q28998	AMBARISHA  Mandhata	Q52564				real	real	Q29002,Q29006	
DEDUPE	mother	Q28998	AMBARISHA  Mandhata	Q29006	BINDUMATI  Mandhata	Q52572				real	real	Q2288	Q29002
DEDUPE	father	Q29002	MANDHATA of Ikshvaku Dynasty	Q2389	Yuvanashva II	Q52576				real	real	Q29014,Q51524	Q51520
DEDUPE	father	Q29006	BINDUMATI  Mandhata	Q2288	SHASHIBINDU of Chandravansh	Q52172				real	real	Q28227	
DEDUPE	father	Q29014	Prasenajit 1  Ikshvaku	Q2391	Krishasva	Q51532	Krishasva			real	real		
DEDUPE	father	Q29080	PURANJAYA aka Kakutsta aka Bana  Vikukshi	Q29084	VIKUKSHI  Kukshi	Q52649				real	real	Q29092	
DEDUPE	father	Q29100	Kay Lohrasp (aurvataspa)  Raja Iran	Q29140	kay kaus  Raja Iran	Q52705				real	real	Q29144,Q29156	
DEDUPE	mother	Q29108	Isfandiyar \ Spandodata \ Isfendiyar \ Spendoclata  Raja Iran	Q2412	Pouru Chishti Kayan	Q52669				real	real	Q29136,Q51572	Q29096
DEDUPE	father	Q29180	Midian  Raja Iran	Q1341	Iranic Ancestors Generation 1	Q51655	Aryan  Genarch			real	real		
DEDUPE	father	Q29212	Arej  Darshane	Q2440	Hardaar	Q51588	Hardaar			real	real		
DEDUPE	father	Q29232	Ererch \ Rajan  Rajan ?	Q2445	Dora Sharoob	Q52800				real	real	Q29180	
DEDUPE	father	Q29288	siyavakhsh  Raja Iran	Q29140	kay kaus  Raja Iran	Q52705				real	real	Q29144,Q29156	
DEDUPE	father	Q29425	Hittite Princess	Q2489	Hattusili III	Q51850	Hattusili	Q297588		real	real		
DEDUPE	father	Q29425	Hittite Princess	Q2489	Hattusili III	Q52986		Q297588		real	real	Q2494	
DEDUPE	father	Q29425	Hittite Princess	Q51850	Hattusili	Q52986				real	real		
DEDUPE	father	Q29473	? Ulmi-Teshub \ Teszub (Niewolnica Teszuba)  Teszub (Niewolnica Teszuba)	Q2495	Muwatalli II	Q51878	Muwatalli II	Q311650		real	real		
DEDUPE	father	Q29533	of KHATTI (1465-1420bc)	Q29525	of KHATTI (1495-1430bc)	Q53097				real	real	Q29517	Q51930
DEDUPE	father	Q29550	of KHATTI (1435-1380bc)	Q29533	of KHATTI (1465-1420bc)	Q53105				real	real	Q29525,Q51930	
DEDUPE	father	Q29554	Hittite Empire	Q29550	of KHATTI (1435-1380bc)	Q53121				real	real	Q29533	
DEDUPE	father	Q29810	Generation 3  Haplogroup J1	Q29710	Haplogroup J1	Q53282				real	real	Q152984	
DEDUPE	father	Q31010	Diego  de Cervantes	Q89995	Francisco  de Cervantes	Q91765	Francisco  de Cervantes			real	real		
DEDUPE	father	Q31014	Maria  de Saavedra Cervantes	Q89995	Francisco  de Cervantes	Q91765	Francisco  de Cervantes			real	real		
DEDUPE	father	Q31018	Juana  de Avellaneda	Q89995	Francisco  de Cervantes	Q91765	Francisco  de Cervantes			real	real		
DEDUPE	father	Q31034	Leonel  de Cervantes Saavedra y Tello	Q90003	Diego  de Cervantes	Q91769	Diego  Cervantes Avellaneda			real	real		
DEDUPE	mother	Q31166	Leonor Catalina  de Salazar y de la Cadena	Q90029	Catalina  de la Cadena y Maluenda	Q91793	Catalina De La Pena Cadena y Maluenda HaLevi			real	real		
DEDUPE	mother	Q31178	de Salazar	Q90029	Catalina  de la Cadena y Maluenda	Q91793	Catalina De La Pena Cadena y Maluenda HaLevi			real	real		
DEDUPE	mother	Q31182	de Salazar	Q90029	Catalina  de la Cadena y Maluenda	Q91793	Catalina De La Pena Cadena y Maluenda HaLevi			real	real		
DEDUPE	father	Q31235	Francisco  Alonso de Maluenda y de la Pena	Q90039	Diego  Alonso de Maluenda y del Castillo	Q91797	Diego  Alonso de Maluenda			real	real		
DEDUPE	father	Q31239	Lope  Alonso de Maluenda y de la Pena	Q90039	Diego  Alonso de Maluenda y del Castillo	Q91797	Diego  Alonso de Maluenda			real	real		
DEDUPE	father	Q31553	Francisco  de Maluenda	Q90173	Martin  Rodriguez de Maluenda y Alvarez de Castro	Q91962	Martin  Rodriguez de Maluenda Alvarez de Castro			real	real	Q89925,Q91960	
DEDUPE	father	Q31557	Andres  de Maluenda y Garcia de Castro	Q90173	Martin  Rodriguez de Maluenda y Alvarez de Castro	Q91962	Martin  Rodriguez de Maluenda Alvarez de Castro			real	real	Q89925,Q91960	
DEDUPE	father	Q31561	Beatriz  de Maluenda y Garcia de Castro	Q90173	Martin  Rodriguez de Maluenda y Alvarez de Castro	Q91962	Martin  Rodriguez de Maluenda Alvarez de Castro			real	real	Q89925,Q91960	
DEDUPE	father	Q31649	Eliyahu  ben Daniel Senneor	Q90189	Daniel Ben Yehuda Diogo  ben Eliyahu Senior Coronel	Q91964	Daniel ben Yehuda Diogo ben Eliahu  Senneor Coronel			real	real	Q89929	
DEDUPE	father	Q31841	Beatriz  Andrada Bocanegra	Q31801	Alonso  Perez de Bocanegra y de la Cavalleria	Q90225	Juan  Gutierrez de Bocanegra			real	real		
DEDUPE	mother	Q31841	Beatriz  Andrada Bocanegra	Q33406	Guiomar  de Villasenor y Cervantes	Q92778	Beatriz  de Jaramillo y Andrada			real	real		
DEDUPE	mother	Q32146	Francisco  Ramirez de Arellano y Zuniga	Q31110	Leonor  de Zuniga y Guevara	Q92908	Ana  Gonzalez del Aguila			real	real		
DEDUPE	mother	Q32234	Maria  Diaz de Cuellar	Q31154	Maria Catalina  Maluenda de Salazar y Cadena Halevi	Q31166	Leonor Catalina  de Salazar y de la Cadena			real	real		Q92400
DEDUPE	father	Q32238	maria  de la pena	Q31158	pedro  de salazar	Q92046	pedro Juan  de salazar			real	real		
DEDUPE	father	Q32302	Francisca  Velasquez de Salazar y de la Cadena	Q31174	Juan  Velazquez de Salazar y de la Cadena	Q92050	Juan  Velasquez de Salazar y de la Cadena			real	real		
DEDUPE	father	Q32310	Gonzalo  de Salazar ( Velasquez de Salazar )	Q31174	Juan  Velazquez de Salazar y de la Cadena	Q92050	Juan  Velasquez de Salazar y de la Cadena			real	real		
DEDUPE	father	Q32323	Marina  de Saavedra Guzman	Q31721	Juan  de Saavedra de guzman	Q92290	Juan  de Saavedra Guzman y Estrada			real	real	Q90209,Q92288	Q31195
DEDUPE	father	Q32335	Luis  Saavedra de la Cadena	Q31721	Juan  de Saavedra de guzman	Q92290	Juan  de Saavedra Guzman y Estrada			real	real	Q90209,Q92288	Q31195
DEDUPE	father	Q32339	Antonia  Saavedra de la Cadena	Q31721	Juan  de Saavedra de guzman	Q92290	Juan  de Saavedra Guzman y Estrada			real	real	Q90209,Q92288	Q31195
DEDUPE	mother	Q32379	Juan  Rodriguez de Salamanca	Q31243	Ines  Alonso de Maluenda y Castro de Lerma Polanco	Q92062	Ines  Alonso de Maluenda y Castro de Lerma Pol			real	real	Q90041,Q91847	
DEDUPE	mother	Q32383	Diego  Rodriguez de Salamanca	Q31243	Ines  Alonso de Maluenda y Castro de Lerma Polanco	Q92062	Ines  Alonso de Maluenda y Castro de Lerma Pol			real	real	Q90041,Q91847	
DEDUPE	father	Q32427	Juan Antonio  Funes de Villalpando y Arino	Q32411	Garcia  Funes de Villalpando y Fernandez de Heredia	Q92591	Garcia  Funes de Villalpando y Fernandez de Here			real	real	Q31275,Q92589	Q31287
DEDUPE	father	Q32431	Garcia  Funes de Villalpando y Arino	Q32411	Garcia  Funes de Villalpando y Fernandez de Heredia	Q92591	Garcia  Funes de Villalpando y Fernandez de Here			real	real	Q31275,Q92589	Q31287
DEDUPE	father	Q32435	Isabel  Funes de Villalpando y Arino	Q32411	Garcia  Funes de Villalpando y Fernandez de Heredia	Q92591	Garcia  Funes de Villalpando y Fernandez de Here			real	real	Q31275,Q92589	Q31287
DEDUPE	father	Q32495	Jaime  Cerdan	Q92613	Jaime  Cerdan	Q92617	Domingo  de Aznar			real	real		Q31352
DEDUPE	father	Q32812	Mayor of Cadiz Capt. Diego  Polanco	Q31593	Juan  Polanco Maluenda, Casa de Contratacion Sevilla	Q92266	Juan  Polanco Maluenda, Casa de Contratacion S			real	real	Q90177,Q92264	
DEDUPE	father	Q32816	Catalina  de Polanco	Q31593	Juan  Polanco Maluenda, Casa de Contratacion Sevilla	Q92266	Juan  Polanco Maluenda, Casa de Contratacion S			real	real	Q90177,Q92264	
DEDUPE	father	Q32949	Tomas  de Baeza Polanco	Q92698	Pedro  de Tardajos	Q92710	Francisco  de Baeza			real	real		Q31601
DEDUPE	father	Q32953	Juan Bautista  de Baeza Polanco	Q92698	Pedro  de Tardajos	Q92710	Francisco  de Baeza			real	real		Q31601
DEDUPE	mother	Q32969	Brianda de  Bazan y Castro	Q92714	Mayora de  Bazan	Q92718	Leonor  Bazan y Bazan			real	real		Q31625
DEDUPE	father	Q33266	Verena (Veronica)  Wyss	Q31857	Jakob  Wyss	Q92306	Jakob  Wyss II			real	real	Q90231,Q92304	
DEDUPE	father	Q33833	Maria  Rangel Perguero y Rosales	Q32298	Juan  Viezma	Q92426	Juan  Viezma			real	real		
DEDUPE	father	Q33857	Juan  Velazquez de Salazar y de Montejo	Q32306	Juan  Velazquez de Salazar y de la Cadena "El mozo"	Q92420	Juan  Velazquez de Salazar y de la Cadena "El			real	real		
DEDUPE	father	Q33861	Diego  Velazquez del Castillo	Q32306	Juan  Velazquez de Salazar y de la Cadena "El mozo"	Q92422	Juan  Velazquez de Salazar y Esquivel			real	real		
DEDUPE	father	Q33881	Juan  de Saavedra Guzman y Villafane	Q32327	Antonio  de Saavedra Guzman	Q92404	Antonio  de Saavedra Guzman y Estrada de la Caden		Q22122560	real	real	Q31195	Q31789,Q33129
DEDUPE	father	Q34023	Matias  Marin de Resende Francia y de Ciria	Q32439	Antonio  Marin de Resende Francia y Zamora Olivenza	Q92601	Antonio  Marin de Resende Francia y Zamora Oliven			real	real	Q31299,Q92599	
DEDUPE	father	Q34492	Beatriz  de Santa Cruz Polanco	Q32776	Diego  de Santa Cruz Polanco Salamanca	Q32780	Francisco  de Santa Cruz			real	real	Q31577,Q32788	
DEDUPE	father	Q34496	Juan  de Santa Cruz Polanco	Q32776	Diego  de Santa Cruz Polanco Salamanca	Q32780	Francisco  de Santa Cruz			real	real	Q31577,Q32788	
DEDUPE	father	Q34500	Feliciano  Santa Cruz Polanco	Q32776	Diego  de Santa Cruz Polanco Salamanca	Q32780	Francisco  de Santa Cruz			real	real	Q31577,Q32788	
DEDUPE	father	Q34504	Pedro  de Santa Cruz Polanco	Q32776	Diego  de Santa Cruz Polanco Salamanca	Q32780	Francisco  de Santa Cruz			real	real	Q31577,Q32788	
DEDUPE	father	Q34512	Estefania  Santa Cruz Polanco	Q32776	Diego  de Santa Cruz Polanco Salamanca	Q32780	Francisco  de Santa Cruz			real	real	Q31577,Q32788	
DEDUPE	father	Q34573	Francisco  Lopez de Polanco	Q32796	Pedro  Polanco	Q92688	Pedro  Polanco			real	real		
DEDUPE	father	Q34577	Gregorio  de Polanco	Q32796	Pedro  Polanco	Q92688	Pedro  Polanco			real	real		
DEDUPE	father	Q34581	Diego  Polanco	Q32796	Pedro  Polanco	Q92688	Pedro  Polanco			real	real		
DEDUPE	father	Q34585	Nicolas  Polanco	Q32796	Pedro  Polanco	Q92688	Pedro  Polanco			real	real		
DEDUPE	father	Q34589	Juan  Polanco	Q32796	Pedro  Polanco	Q92688	Pedro  Polanco			real	real		
DEDUPE	father	Q34593	Fernando  de Polanco	Q32796	Pedro  Polanco	Q92688	Pedro  Polanco			real	real		
DEDUPE	father	Q34601	Beatriz  de Polanco	Q32800	Antonio  Polanco	Q92690	Antonio  Polanco			real	real		
DEDUPE	father	Q34605	Alonso  de Polanco	Q32800	Antonio  Polanco	Q92690	Antonio  Polanco			real	real		
DEDUPE	father	Q34609	Beltran  Polanco de Castro	Q32800	Antonio  Polanco	Q92690	Antonio  Polanco			real	real		
DEDUPE	father	Q34613	Juan  Lopez de Polanco	Q32804	Domingo  Polanco	Q92692	Domingo  Polanco			real	real		
DEDUPE	father	Q34709	Maria  de Castro y Polanco	Q32929	Alonso  Castro Polanco	Q92708	Alonso  Fernandez de Castro y Polanco			real	real	Q31617,Q92706	
DEDUPE	father	Q35312	Francisca  de Valdes Cervantes	Q93485	Luis  de Valdes	Q93500	Alonso  de Valdes			real	real		
DEDUPE	mother	Q35312	Francisca  de Valdes Cervantes	Q33301	Luisa  de Lara Cervantes	Q33358	Luisa  de Lara Cervantes			real	real		
DEDUPE	mother	Q35580	Beatriz  de Cervantes y Alarcon	Q93530	Beatriz  de Alarcon	Q93532	Isabel  de Alarcon			real	real		Q33486
DEDUPE	father	Q35785	Maria  de Castro y Zuniga	Q33680	Diego  de Castro y Lopez Zuniga Torquemada y Zuniga	Q92930	Diego  de Castro y Lopez Zuniga Torquemada y Zu			real	real	Q32210,Q92928	
DEDUPE	father	Q35793	N.  de Castro y Zuniga	Q33680	Diego  de Castro y Lopez Zuniga Torquemada y Zuniga	Q92930	Diego  de Castro y Lopez Zuniga Torquemada y Zu			real	real	Q32210,Q92928	
DEDUPE	father	Q35889	Juan Andres  de Zaldivar	Q4948	de Zaldivar	Q33733	Capitan Cristobal de Zaldivar Mendoza			real	real		
DEDUPE	father	Q37376	Cristobal  Vasquez de Lara y Garcia	Q35013	Martin  Vasquez de Zermeno y Lara	Q35017	Martin  Vazquez y Gil de Lara			real	real	Q33125,Q93423	
DEDUPE	father	Q37458	Garcia Alvarado  Vera	Q35045	Gil  de Alvarado y Benavides	Q35083	Gil  de Alvarado Benavides			real	real	Q33165,Q93429	
DEDUPE	mother	Q39056	Leonor  de Moctezuma	Q4839	Tzihuacxochitzin	Q38931	Teotlaco  de Tacuba			real	real		Q4872
DEDUPE	mother	Q39056	Leonor  de Moctezuma	Q4839	Tzihuacxochitzin	Q39124	Acatlan  Moctezuma			real	real		Q4872
DEDUPE	mother	Q39056	Leonor  de Moctezuma	Q38931	Teotlaco  de Tacuba	Q39124	Acatlan  Moctezuma			real	real		Q4872
DEDUPE	mother	Q39309	Petronila  Sotelo de Moctezuma	Q39168	Leonor  Valderrama de Moctezuma	Q39413	Leonor  Cortez Moctezuma			real	real		Q39305
DEDUPE	father	Q40310	Maria  Ruiz de Esparza y Lopez de Elizalde	Q39732	Martin  Ruiz de Esparza y Gabay	Q39740	Jacinto  Ruiz de Esparza Navarro			real	real	Q39449	
DEDUPE	father	Q40587	Tomasa  Ruiz de Esparza	Q39760	Cristobal  Ruiz de Esparza y Gabay	Q40234	Andres  Ruiz Esparsa Vielma			real	real		
DEDUPE	father	Q41483	Percomorpha	Q41395	Percomorpha	Q153149	2 Percomorpha			real	real		
DEDUPE	mother	Q41758	Beatris  Lopes Munoz de Nava Tiscareno	Q40334	Elvira  Tiscareno de Molina y Ruiz de Esparza	Q40346	Luisa  Tiscareno Ruiz			real	real	Q39736	
DEDUPE	mother	Q41762	Dimas  Lopes Munos de Nava Tiscareno	Q40334	Elvira  Tiscareno de Molina y Ruiz de Esparza	Q40346	Luisa  Tiscareno Ruiz			real	real	Q39736	
DEDUPE	father	Q43294	Michael of Trebizond	Q43290	John II of Trebizond	Q167287	John Megas Komnenos	Q452041		real	real	Q46167	
DEDUPE	mother	Q43294	Michael of Trebizond	Q40967	Eudokia Palaiologina	Q167321	Eudokia Palaiologina	Q3059527		real	real		
DEDUPE	mother	Q45394	Paula Maria  Toro Correa	Q44534	Juana  Correa Angulo	Q45478	Juana  Correa Angulo			real	real		
DEDUPE	mother	Q46167	Manuel I of Trebizond	Q50038	Theodora Axouchina	Q167261	Theodora Axuchina	Q7781645		real	real		Q50033
DEDUPE	father	Q46203	Andronikos III of Trebizond	Q43298	Alexios II of Trebizond	Q167322	Alexios II Megas Komnenos	Q365710		real	real		
DEDUPE	mother	Q46203	Andronikos III of Trebizond	Q46195	Jiajak Jaqeli	Q167318	(: )	Q6191429		real	real	Q50075	
DEDUPE	father	Q49428	Arjuna	Q153367	INDRA SAKRA Kashyapa	Q153368	PANDU			real	real		Q1906
DEDUPE	father	Q49500	Sihahanu	Q49553	Jayasena	Q49561	Jayasena			real	real		
DEDUPE	father	Q49911	Purnawarman son of  Dharmayawarman	Q49988	Darmayawarman	Q49996	Dharmayawarman son of  Jayasingawarman			real	real		
DEDUPE	mother	Q49911	Purnawarman son of  Dharmayawarman	Q49984	NN (1st Wife of Darmayawarman)	Q49992	Istri ke-1 Dharmayawarman daughter of  Fulan			real	real		
DEDUPE	father	Q49935	Nilem Sari daughter of  Welutbraja	Q50032	Welutbraja	Q50036	Welutbraja			real	real		
DEDUPE	father	Q50033	Alexios I of Trebizond	Q55547	Manuel Komnenos	Q167249	Manuel Komnenos	Q1226596		real	real		
DEDUPE	mother	Q50033	Alexios I of Trebizond	Q55551	Rusudan, daughter of George III of Georgia	Q167239	Rusudan of Georgia	Q2915861		real	real		
DEDUPE	father	Q50087	Alexios III of Trebizond	Q46199	Basil of Trebizond	Q167342	Василий	Q472224		real	real		
DEDUPE	mother	Q50087	Alexios III of Trebizond	Q50083	Irene of Trebizond	Q167361	Irene	Q3045795		real	real		
DEDUPE	father	Q50254	George IV of Georgia	Q50306	David Soslan	Q167215	Давид Сослания	Q1362993		real	real		
DEDUPE	mother	Q50254	George IV of Georgia	Q50310	Tamar of Georgia	Q167240	царица Тамар Великая	Q244007		real	real		
DEDUPE	father	Q50742	ARUKSHAY	Q50777	BRIHATKSHATRA BRIHADBAL	Q153548	BRIHATKSHATRA BRIHADBAL			real	real		
DEDUPE	father	Q51321	AYUTAYUS of Magadha	Q2302	SRUTASRAVA of Magadha	Q52228				real	real	Q28284	
DEDUPE	father	Q51407	Dileepa Deerghabahu	Q2330	Khatvanga	Q52340				real	real	Q2333	
DEDUPE	father	Q51437	SUDAAS & SARVAKAMA	Q2346	SHRUTUPARNA & PRATAYU	Q52404				real	real	Q2349	
DEDUPE	father	Q51467	VIJAY aka Dhruvasandhi	Q2357	SUSANDHI aka Sudev	Q52448				real	real	Q2360	
DEDUPE	father	Q51508	SAMBHUTA 5	Q2384	TRASADASYU 1	Q52556				real	real	Q28994,Q51512	
DEDUPE	father	Q51592	Spitama	Q2442	Vaedesht	Q52788				real	real	Q2443	
DEDUPE	father	Q51596	Frasht	Q2446	Rak	Q52804				real	real	Q2445	
DEDUPE	mother	Q53326	L0	Q2573	L (Mitochondrial Eve)	Q221674	mitochondrial Eve			real	real		
DEDUPE	father	Q53399	Khaidu	Q153230	-	Q200000	C2 (M217)			real	real		
DEDUPE	father	Q53865	Hong Quan	Q53809	Shi Xing	Q53817	Shi Shui			real	real	Q53746	
DEDUPE	father	Q55555	David I of Trebizond	Q55547	Manuel Komnenos	Q167249	Manuel Komnenos	Q1226596		real	real		
DEDUPE	mother	Q55555	David I of Trebizond	Q55551	Rusudan, daughter of George III of Georgia	Q167239	Rusudan of Georgia	Q2915861		real	real		
DEDUPE	mother	Q55608	Manuel III of Trebizond	Q55599	Theodora Kantakouzene	Q167388	Theodora Cantacuzena	Q3656996		real	real		Q50087
DEDUPE	father	Q55907	Constantine I of Georgia	Q50291	Bagrat V of Georgia	Q167353	V,	Q2691017		real	real		
DEDUPE	mother	Q55907	Constantine I of Georgia	Q55604	Anna of Trebizond, Queen of Georgia	Q167375	Анна Алексеевна /Комнина/	Q4767660		real	real	Q50087	
DEDUPE	mother	Q55919	Alexios IV of Trebizond	Q50295	Gulkhan-Eudokia of Georgia	Q167352	گل خان خاتون گرجی	Q3647947		real	real		Q55608
DEDUPE	father	Q59355	Theodosius	Q59420	Flavius Mauricius Tiberius Augustus  Roman Emperor	Q108975	Maurice		Q181764	real	real	Q59546	
DEDUPE	mother	Q59355	Theodosius	Q59453	Constantina Augusta	Q108977	Constantina		Q3695445	real	real		
DEDUPE	father	Q60341	某  趙州平棘	Q60066	詵  趙州平棘	Q60087	元稱  河南			real	real		
DEDUPE	father	Q60353	某  滑州匡城	Q60078	傑  滑州匡城	Q60081	侔  滑州匡城			real	real	Q59881	
DEDUPE	father	Q61170	某  滑州匡城	Q60662	某  滑州匡城	Q60668	恃和  滑州匡城			real	real	Q60353	
DEDUPE	father	Q61355	正約  范陽涿縣	Q60740	道侃 希祖  范陽涿縣	Q60749	道約 季恭  范陽涿縣			real	real	Q60371	
DEDUPE	father	Q61664	Helena Augusta	Q61990	N.N.	Q136016	Coel Hen		Q2304442	real	real		
DEDUPE	father	Q61933	欽仁  廣平列人	Q61505	維 伯緒  廣平列人	Q61508	紀 仲烈  廣平列人			real	real	Q60824	
DEDUPE	father	Q62854	Tamim son of  Murr son of Udd	Q62848	Murr bin  Udd bin Tabaqah ('Amir)	Q63034	Sa'ad bin  Hudhayl bin Imaam Mudrika			real	real		
DEDUPE	father	Q63263	Fart  (Banu Adi)	Q62986	Aadi  (Banu Adnaan)	Q96906	Adi bin Ka'ab			real	real	Q62815,Q62965	
DEDUPE	father	Q63514	Saleem  Banu al-Hawazin son of Qays	Q63180	Banu al-Hawazin  ibn Qays	Q87073	Banu Huwaizin  Banu al-Hawazin			real	real		
DEDUPE	father	Q63550	Consul (203) - Gaius Fulvius Plautianus	Q64202	Gaius Fulvius  Plautianus	Q64268	Fulvius Pius		Q109668313	real	real		
DEDUPE	mother	Q63550	Consul (203) - Gaius Fulvius Plautianus	Q64235	Plautia  Octavilla	Q64301	Plautia Octavilla		Q12290747	real	real		
DEDUPE	father	Q63625	Qurt (Quraat) bin Raza al-Adawi'	Q63254	Raza bin  'Adiyy	Q97606	Rada son of Adi			real	real		
DEDUPE	father	Q63867	Wife of Imran  bint Rabi'ah	Q63873	Rabi'ah al-Farras Ben  Imaam Nazaar	Q64963	Hubsiyyah			real	real		
DEDUPE	mother	Q63867	Wife of Imran  bint Rabi'ah	Q64316	Umm Al-Asbu  Al-Arabia	Q64960	Wife of Hubsiyyah  NN			real	real		
DEDUPE	mother	Q64026	Hubba bint Hulail	Q90676	N.N.	Q95688	N.N.			real	real		Q64447
DEDUPE	father	Q64062	'Umar bin Makhzum	Q63577	Makhzum son of  Yaqazah	Q95649	Makhzum son of Yaqazah			real	real		
DEDUPE	father	Q64065	'Imran bin Makhzum	Q63577	Makhzum son of  Yaqazah	Q95649	Makhzum son of Yaqazah			real	real		
DEDUPE	father	Q64074	BASIS  AS	Q63577	Makhzum son of  Yaqazah	Q95649	Makhzum son of Yaqazah			real	real		
DEDUPE	father	Q64077	Amr  Banu Taym	Q63592	<private>  Banu Taym	Q63607	Sa'ad bin  Taym al-Quraysh			real	real	Q63239	
DEDUPE	father	Q64080	Ka'ab bin  Sa'ad at-Taymi	Q63592	<private>  Banu Taym	Q63607	Sa'ad bin  Taym al-Quraysh			real	real	Q63239	
DEDUPE	mother	Q64453	Abu Ghabshan al-Muhtarish son of Hulail al-Khuzaa	Q90676	N.N.	Q95688	N.N.			real	real		Q64447
DEDUPE	father	Q64537	عثمان وفي ذريته سدانة الكعبة، ويعرفوا ببني شيبة	Q64032	'Abd al-Dar  Banu 'Abd al-Dar	Q95183	Abdul-Dar son of Qusay			real	real	Q63556,Q64026	
DEDUPE	father	Q64600	'Amr bin  Ka'ab at-Taymi	Q64080	Ka'ab bin  Sa'ad at-Taymi	Q64196	Ka'ab  Sa'ad bin Zayd at-Taymi			real	real		
DEDUPE	father	Q64849	Hilal son of Faalij	Q64379	Faalij son of  Dhakwan (Zakwaan)	Q96270	Falij son of Dhakwan			real	real		
DEDUPE	father	Q64924	Malik Az-Zuhri son of  Wahb	Q64435	Wahb bin 'Abd Manaf	Q64438	Uhayb ibn Abd Manaf  a-Awqas As-Sulamiya	Q1108581		real	real	Q64020,Q64432	
DEDUPE	mother	Q64924	Malik Az-Zuhri son of  Wahb	Q64900	Barrah born of Abdul-Uzza	Q64930	Hamnah bint Sufyan  Zauja-e-'Abd Shams bin Imaam Abd al-Manaf	Q15960906		real	real		
DEDUPE	father	Q64972	Umayyah son of Abd Shams  King of Meca	Q64459	Abd Shams son of Abd Manaf	Q94808	Abd Shams  ibn Abd Manaf			real	real	Q64029	
DEDUPE	father	Q64990	'Abd al-'Uzza bin Sayyidi 'Abd Shams	Q64471	Abd Shams  ibn Abd Manaf	Q94808	Abd Shams  ibn Abd Manaf			real	real	Q64029,Q64468	
DEDUPE	father	Q64993	Habib son of  Abd Shams	Q64471	Abd Shams  ibn Abd Manaf	Q94808	Abd Shams  ibn Abd Manaf			real	real	Q64029,Q64468	
DEDUPE	father	Q64999	Umayyah al-Akbar bin Sayyidi 'Abd Shams	Q64471	Abd Shams  ibn Abd Manaf	Q94808	Abd Shams  ibn Abd Manaf			real	real	Q64029,Q64468	
DEDUPE	father	Q65204	Hasan son of  Ismail	Q64531	Nawfal son of Imaam Abd al-Manaf	Q94579	Ismail al-Shareef al-Khalis			real	real		
DEDUPE	father	Q65207	Muhammad son of Ismail son of al-Hasan	Q64531	Nawfal son of Imaam Abd al-Manaf	Q94579	Ismail al-Shareef al-Khalis			real	real		
DEDUPE	father	Q65555	'Adnaan Bin  Imaam 'Udd	Q66385	Imaam 'Udd \ Add Ben  Add Ben ?'Udadh	Q66394	Udd  son of Umaisi			real	real		Q66382
DEDUPE	father	Q65555	'Adnaan Bin  Imaam 'Udd	Q66385	Imaam 'Udd \ Add Ben  Add Ben ?'Udadh	Q86503	Nabhan  Banu Ismail			real	real		
DEDUPE	father	Q65555	'Adnaan Bin  Imaam 'Udd	Q66394	Udd  son of Umaisi	Q86503	Nabhan  Banu Ismail			real	real		
DEDUPE	father	Q65681	Lucius Septimius Severus	Q67118	Marcus Septimus Aper	Q148338	Septimius Macer		Q12286135	real	real		
DEDUPE	mother	Q65681	Lucius Septimius Severus	Q67151	Octavia	Q148339	Claudia		Q107401778	real	real		
DEDUPE	mother	Q65750	Abdullah  Banu Hashim	Q65909	#1 Fatima Banu Hashim al Makhzumi	Q94219	Fatima daughter of Amr al-Makhzumi			real	real		Q65008
DEDUPE	father	Q65808	Abu al-'As ibn Umayya	Q64987	Ummayah Ibn 'Abd Shams	Q95187	Ummayah Ibn 'Abd Shams			real	real		
DEDUPE	father	Q65808	Abu al-'As ibn Umayya	Q64987	Ummayah Ibn 'Abd Shams	Q108181	Umayya ibn Abd Shams		Q2746812	real	real		
DEDUPE	father	Q65808	Abu al-'As ibn Umayya	Q95187	Ummayah Ibn 'Abd Shams	Q108181	Umayya ibn Abd Shams		Q2746812	real	real		
DEDUPE	father	Q65811	Harb Ibn Ummayah	Q64987	Ummayah Ibn 'Abd Shams	Q95187	Ummayah Ibn 'Abd Shams			real	real		
DEDUPE	father	Q65823	'Utbah bin ar-Rabi'ah bin 'Abd Shams	Q64996	Ar-Rabi'ah (Atba) bin  'Abd e Shams	Q95191	Rabi'a Al-Abshami			real	real		
DEDUPE	father	Q65825	Kariz son of Abi al-As	Q64996	Ar-Rabi'ah (Atba) bin  'Abd e Shams	Q95191	Rabi'a Al-Abshami			real	real		
DEDUPE	father	Q65831	Harb son of Umayyah Ibn  Umayyah	Q64999	Umayyah al-Akbar bin Sayyidi 'Abd Shams	Q65075	Umayyah			real	real		
DEDUPE	father	Q65996	Ayyilah binte al-Muttalib son of Imaam Abd al-Manaf	Q65058	al-Muttalib son of  Imaam Abd al-Manaf	Q94445	Sayyidi al-Muttalib son of Imaam Abd al-Manaf			real	real	Q64474,Q65005	
DEDUPE	father	Q65999	AL-HARITH son of  Muttalib	Q65058	al-Muttalib son of  Imaam Abd al-Manaf	Q94445	Sayyidi al-Muttalib son of Imaam Abd al-Manaf			real	real	Q64474,Q65005	
DEDUPE	father	Q66005	Hashim son of  Al-Muttalib	Q65058	al-Muttalib son of  Imaam Abd al-Manaf	Q94445	Sayyidi al-Muttalib son of Imaam Abd al-Manaf			real	real	Q64474,Q65005	
DEDUPE	father	Q66011	Fatimah bint Asad	Q65011	Assad son of  Imaam Hashim	Q65061	Asad ibn Hashim			real	real	Q64474,Q65005	
DEDUPE	father	Q66011	Fatimah bint Asad	Q65011	Assad son of  Imaam Hashim	Q94239	Asad son of Hashem		Q3820445	real	real	Q64474,Q65005	
DEDUPE	father	Q66011	Fatimah bint Asad	Q65061	Asad ibn Hashim	Q94239	Asad son of Hashem		Q3820445	real	real	Q64474,Q65005	
DEDUPE	mother	Q66011	Fatimah bint Asad	Q65966	Fatimah daughter of Qays	Q94241	Fatima daughter of Qays			real	real		
DEDUPE	mother	Q66011	Fatimah bint Asad	Q65966	Fatimah daughter of Qays	Q108042	Fatima bint Qays		Q115777183	real	real		
DEDUPE	mother	Q66011	Fatimah bint Asad	Q94241	Fatima daughter of Qays	Q108042	Fatima bint Qays		Q115777183	real	real		Q94239
DEDUPE	father	Q66140	Warraqa'	Q65237	Nawfal bin  As'sad bin `Abd al-`Uzza	Q96266	Naufal			real	real	Q95694	
DEDUPE	father	Q66149	Waraqah  Banu Asad	Q65246	Nawfal  Banu Asad	Q96266	Naufal			real	real		
DEDUPE	father	Q66164	Petronius Probinus	Q75613	Faltonius Probus  De Rome	Q123588	Petronius Probianus		Q654123	real	real	Q75673	
DEDUPE	mother	Q66363	Abu Bakr son of Maulana Ali	Q65450	Laila Bint  Mas'ud	Q94016	Layla bint Mas'ud			real	real		Q66360
DEDUPE	father	Q66385	Imaam 'Udd \ Add Ben  Add Ben ?'Udadh	Q67549	'Udadh ('Udaz)  Beyt Kedar	Q67552	Humaisi' direct to Addi \ Udd  desc Malchut ben Abraham			real	real	Q67561,Q69287	
DEDUPE	father	Q66530	Arwaa' "Umm-e-Jamil" binte Harb	Q65831	Harb son of Umayyah Ibn  Umayyah	Q95706	Harb son of Umayya			real	real	Q64999,Q95704	
DEDUPE	father	Q66533	Al-Harith ibn Harb	Q65831	Harb son of Umayyah Ibn  Umayyah	Q95706	Harb son of Umayya			real	real	Q64999,Q95704	
DEDUPE	father	Q66533	Al-Harith ibn Harb	Q65831	Harb son of Umayyah Ibn  Umayyah	Q107822	Harb ibn Umayya		Q12207444	real	real		
DEDUPE	father	Q66533	Al-Harith ibn Harb	Q95706	Harb son of Umayya	Q107822	Harb ibn Umayya		Q12207444	real	real		
DEDUPE	mother	Q66536	Safi son of Harith son of Harb	Q65708	Shafiyah daughter of`Abdi l-Muttalib	Q94405	Safiyyah daughter of Abd al-Muttalib		Q2740828	real	real	Q64909,Q65008	Q66533
DEDUPE	father	Q66560	Umm Amr daughter of  al-Muqawwim	Q65729	9 Al-Muqawwim son of  Abdul-Muttalib	Q94411	al-Muqawwim son of Abdul-Muttalib			real	real	Q64909,Q65008	
DEDUPE	father	Q66590	Amir son of  Hamza	Q65732	3 Hamzah son of Abdul Muthalib son of  Abdul Muttalib	Q94413	Hamza ibn Abd al-Muttalib			real	real	Q64909,Q65008	
DEDUPE	mother	Q66662	Abu al-'As bin ar-Rabeea'	Q66128	Halah daughter of  Khuwaylid	Q96276	Hala daughter of Khuwaylid			real	real	Q65363,Q96264	Q65817
DEDUPE	father	Q66665	NN Daughter of Shaybah daughter of  Shaybah	Q65820	Shaibah bin  ar-Rabi'ah bin 'Abd Shams	Q95700	Shaiba bin Rabi'a			real	real		
DEDUPE	father	Q66670	Fatimah binte Shaibah ar-Rabi'ah	Q65820	Shaibah bin  ar-Rabi'ah bin 'Abd Shams	Q95700	Shaiba bin Rabi'a			real	real		
DEDUPE	mother	Q66682	Amir son of  Kurayz	Q65876	Ummu'l Hakim al-Bayda'  bint Imaam 'Abd al-Muttalib	Q94223	Um al-Hakim al-Bayda			real	real	Q65008,Q94219	Q65825
DEDUPE	mother	Q66688	Talha son of  Kurayz	Q65876	Ummu'l Hakim al-Bayda'  bint Imaam 'Abd al-Muttalib	Q94223	Um al-Hakim al-Bayda			real	real	Q65008,Q94219	Q65825
DEDUPE	mother	Q66691	Umm Talha daughter of  Kurayz	Q65876	Ummu'l Hakim al-Bayda'  bint Imaam 'Abd al-Muttalib	Q94223	Um al-Hakim al-Bayda			real	real	Q65008,Q94219	Q65825
DEDUPE	father	Q66706	Naufal son of al-Haarith	Q65861	Al-Harith son of  Abdul-Muttalib	Q94403	al-Harith son of Abdul-Muttalib			real	real	Q65008	
DEDUPE	father	Q66709	Arwah binte al-Haarith	Q65861	Al-Harith son of  Abdul-Muttalib	Q94403	al-Harith son of Abdul-Muttalib			real	real	Q65008	
DEDUPE	father	Q66712	'Abd Shams bin al-Haarith	Q65861	Al-Harith son of  Abdul-Muttalib	Q94403	al-Harith son of Abdul-Muttalib			real	real	Q65008	
DEDUPE	father	Q66715	Haseen son of al-Haarith	Q65861	Al-Harith son of  Abdul-Muttalib	Q65999	AL-HARITH son of  Muttalib			real	real		
DEDUPE	father	Q66715	Haseen son of al-Haarith	Q65861	Al-Harith son of  Abdul-Muttalib	Q94403	al-Harith son of Abdul-Muttalib			real	real	Q65008	
DEDUPE	father	Q66715	Haseen son of al-Haarith	Q65999	AL-HARITH son of  Muttalib	Q94403	al-Harith son of Abdul-Muttalib			real	real		
DEDUPE	father	Q66724	Rabeea' bin al-Haarith	Q65861	Al-Harith son of  Abdul-Muttalib	Q94403	al-Harith son of Abdul-Muttalib			real	real	Q65008	
DEDUPE	father	Q66727	Abu Sufyaan son of al-Haarith	Q65861	Al-Harith son of  Abdul-Muttalib	Q94403	al-Harith son of Abdul-Muttalib			real	real	Q65008	
DEDUPE	father	Q66739	Utaybah bin Abu Lahab	Q65867	"Abu Lahab" Abd al-Uzza bin  Imaam 'Abd al-Muttalib	Q94227	Abu Lahab			real	real	Q65008,Q65864	Q66530
DEDUPE	father	Q66742	Uzza bin  Abd al-'Uzza (Abu Lahab)	Q65867	"Abu Lahab" Abd al-Uzza bin  Imaam 'Abd al-Muttalib	Q94227	Abu Lahab			real	real	Q65008,Q65864	Q66530
DEDUPE	father	Q66745	MU'ATTIB bin  Abd al-'Uzza (Abu Lahab)	Q65867	"Abu Lahab" Abd al-Uzza bin  Imaam 'Abd al-Muttalib	Q94227	Abu Lahab			real	real	Q65008,Q65864	Q66530
DEDUPE	mother	Q66751	Publius Aelius Hadrianus Afer	Q68157	Ulpia  Domitia	Q70095	Ulpia		Q7879756	real	real	Q69820	Q68190
DEDUPE	father	Q66754	Khalid bin  Abd al-'Uzza (Abu Lahab)	Q65867	"Abu Lahab" Abd al-Uzza bin  Imaam 'Abd al-Muttalib	Q94227	Abu Lahab			real	real	Q65008,Q65864	Q66530
DEDUPE	father	Q66763	Utbah son of Abu Lahab  Abu Lahab	Q65867	"Abu Lahab" Abd al-Uzza bin  Imaam 'Abd al-Muttalib	Q94227	Abu Lahab			real	real	Q65008,Q65864	Q66530
DEDUPE	father	Q66766	Masruh bin  Abd al-'Uzza (Abu Lahab)	Q65867	"Abu Lahab" Abd al-Uzza bin  Imaam 'Abd al-Muttalib	Q94227	Abu Lahab			real	real	Q65008,Q65864	Q66530
DEDUPE	mother	Q66796	Arwa daughter of  Kurayz	Q65876	Ummu'l Hakim al-Bayda'  bint Imaam 'Abd al-Muttalib	Q94223	Um al-Hakim al-Bayda			real	real	Q65008,Q94219	Q65825
DEDUPE	father	Q66799	Duba'ah bint  Az-Zubayr	Q65882	az-Zubayr Bin  Imaam 'Abd al-Muttalib	Q94225	al-Zubayr son of Abdul-Muttalib			real	real	Q65008,Q94219	
DEDUPE	father	Q66802	Umm Hakim daughter of  Az-Zubayr	Q65882	az-Zubayr Bin  Imaam 'Abd al-Muttalib	Q94225	al-Zubayr son of Abdul-Muttalib			real	real	Q65008,Q94219	
DEDUPE	father	Q66805	Safiya daughter of  Az-Zubayr	Q65882	az-Zubayr Bin  Imaam 'Abd al-Muttalib	Q94225	al-Zubayr son of Abdul-Muttalib			real	real	Q65008,Q94219	
DEDUPE	father	Q66808	Umm al-Zubayr daughter of  Az-Zubayr	Q65882	az-Zubayr Bin  Imaam 'Abd al-Muttalib	Q94225	al-Zubayr son of Abdul-Muttalib			real	real	Q65008,Q94219	
DEDUPE	father	Q66817	Pompeia Plotina	Q68317	Lucius  Pompeius	Q151520	Lucius Pompeius		Q112865224	real	real		
DEDUPE	mother	Q66826	Tulayb son of  Umayr	Q65885	'Arwa Bint  Abdul Muttalib	Q94229	Arwa daughter of Abdul-Muttalib			real	real	Q65008,Q94219	
DEDUPE	mother	Q66829	"Abu Salma" 'Abdullah bin 'Abdul Asad	Q65888	Barrah daughter of  Abdul Muttalib	Q94237	Barra daughter of Abdul-Muttalib			real	real	Q65008,Q94219	
DEDUPE	mother	Q66832	Abu Sabra son of  Abu Ruhm	Q65888	Barrah daughter of  Abdul Muttalib	Q94237	Barra daughter of Abdul-Muttalib			real	real	Q65008,Q94219	
DEDUPE	mother	Q66838	Abdullah son of  Jahsh	Q65900	Umaymah daughter of  Abdul Muttalib	Q94235	Umayma daughter of Abdul-Muttalib			real	real	Q65008,Q94219	
DEDUPE	mother	Q66844	Hammanah binte Jahash al-Asadi	Q65900	Umaymah daughter of  Abdul Muttalib	Q94235	Umayma daughter of Abdul-Muttalib			real	real	Q65008,Q94219	
DEDUPE	mother	Q66847	Abu Ahmad	Q65900	Umaymah daughter of  Abdul Muttalib	Q94235	Umayma daughter of Abdul-Muttalib			real	real	Q65008,Q94219	
DEDUPE	mother	Q66853	Habiba (Umm Habib) daughter of  Jahsh	Q65900	Umaymah daughter of  Abdul Muttalib	Q94235	Umayma daughter of Abdul-Muttalib			real	real	Q65008,Q94219	
DEDUPE	father	Q66889	Muhammad Rosulullah SAW.  Banu Hashim	Q65930	7 Abdulloh son of Abdul Mutholib	Q66703	Harits son of Abdil Uzza (suku Hawazin di Desa Al-Hudaibiyyah)			real	real		
DEDUPE	mother	Q66895	Zaynab (daughter of Jahsh)  Banu Asad-Mudar	Q65933	Umama  Banu Hashim	Q94235	Umayma daughter of Abdul-Muttalib			real	real	Q65008	
DEDUPE	father	Q66940	Umme Katheer binte al-Abbas	Q86888	Al-Abbas son of  Abdul Muttalib	Q94415	Abbas ibn Abd al-Muttalib			real	real	Q65008,Q65948	
DEDUPE	father	Q66943	Safiya binte al-Abbas	Q86888	Al-Abbas son of  Abdul Muttalib	Q94415	Abbas ibn Abd al-Muttalib			real	real	Q65008,Q65948	
DEDUPE	father	Q66949	Amina daughter of  al-Abbas	Q86888	Al-Abbas son of  Abdul Muttalib	Q94415	Abbas ibn Abd al-Muttalib			real	real	Q65008,Q65948	
DEDUPE	father	Q66952	Katheer son of al-Abbas	Q86888	Al-Abbas son of  Abdul Muttalib	Q94415	Abbas ibn Abd al-Muttalib			real	real	Q65008,Q65948	
DEDUPE	father	Q66955	Tamaam son of al-Abbas	Q86888	Al-Abbas son of  Abdul Muttalib	Q94415	Abbas ibn Abd al-Muttalib			real	real	Q65008,Q65948	
DEDUPE	father	Q66958	al-Faraa daughter of  al-Abbas	Q86888	Al-Abbas son of  Abdul Muttalib	Q94415	Abbas ibn Abd al-Muttalib			real	real	Q65008,Q65948	
DEDUPE	father	Q66961	al-Abbas son of  al-Abbas	Q86888	Al-Abbas son of  Abdul Muttalib	Q94415	Abbas ibn Abd al-Muttalib			real	real	Q65008,Q65948	
DEDUPE	father	Q66964	Mushir son of  al-Abbas	Q86888	Al-Abbas son of  Abdul Muttalib	Q94415	Abbas ibn Abd al-Muttalib			real	real	Q65008,Q65948	
DEDUPE	father	Q66967	Awn son of  Abbas	Q86888	Al-Abbas son of  Abdul Muttalib	Q94415	Abbas ibn Abd al-Muttalib			real	real	Q65008,Q65948	
DEDUPE	father	Q66970	Abdullah son of  Hunain	Q65972	Hunain son of  Assad	Q94243	Hunain son of  Assad			real	real		
DEDUPE	father	Q66973	Abd-ur-Rehman son of  Habbar	Q65978	Habbar son of  Assad	Q94245	Habbar son of  Assad			real	real		
DEDUPE	father	Q67088	Hussain ar-Rassi son of al-Qasim son of Ibrahim	Q66113	al-Qasim son of  Ibrahim son of Ismail	Q95377	al-Qasim al-Rassi			real	real		
DEDUPE	father	Q67307	Zaynab "Umm Ruman" bint  Amir	Q67591	Amir bin  'Uwaymir al-Kinaaniyah	Q68803	'Amir bin 'Uwaimar			real	real		
DEDUPE	father	Q67486	Yahya son of  Maulana Ali	Q66360	Sayyidina Ali  ibn Abi Talib	Q66874	1 Ali (ibn Abu Talib) ibn Abi Talib (abt. 0600 - abt. 0661)  Banu Umayya	Q39619		real	real	Q66011	Q66566
DEDUPE	father	Q67492	Awn son of  Maulana Ali	Q66360	Sayyidina Ali  ibn Abi Talib	Q66874	1 Ali (ibn Abu Talib) ibn Abi Talib (abt. 0600 - abt. 0661)  Banu Umayya	Q39619		real	real	Q66011	Q66566
DEDUPE	father	Q67645	Uthman ibn Affan	Q66656	Affan	Q107848	Affan ibn Abi al-'As		Q4688860	real	real	Q65808	
DEDUPE	mother	Q67672	Muhammad bin "Abu Salma" 'Abdullah	Q66506	"Ummu Salamah" Hind Bint  Abi Umayyah	Q94475	Umm Salamah Hind daughter of Abi Umayya			real	real		Q65705,Q66829
DEDUPE	mother	Q67675	Salma bin "Abu Salma" 'Abdullah	Q66506	"Ummu Salamah" Hind Bint  Abi Umayyah	Q94475	Umm Salamah Hind daughter of Abi Umayya			real	real		Q65705,Q66829
DEDUPE	mother	Q67678	Umar son of  Abu Salama	Q66506	"Ummu Salamah" Hind Bint  Abi Umayyah	Q94475	Umm Salamah Hind daughter of Abi Umayya			real	real		Q65705,Q66829
DEDUPE	mother	Q67681	Durah daughter of  Abu Salama	Q66506	"Ummu Salamah" Hind Bint  Abi Umayyah	Q94475	Umm Salamah Hind daughter of Abi Umayya			real	real		Q65705,Q66829
DEDUPE	mother	Q67684	Zainab daughter of  Abu Salama	Q66506	"Ummu Salamah" Hind Bint  Abi Umayyah	Q94475	Umm Salamah Hind daughter of Abi Umayya			real	real		Q65705,Q66829
DEDUPE	father	Q67687	Habibah binte Ubaydallah	Q66841	Obaidallah son of  Jahash al-Asadi	Q94485	Ubayd Allah ibn Jahsh			real	real		
DEDUPE	mother	Q67687	Habibah binte Ubaydallah	Q66509	UMMU HABIBAH (Ramlah) daughter of  Abu Sufyan	Q94852	Umm Habiba Ramla daughter of Abi Sufyan			real	real	Q66659	Q65705
DEDUPE	father	Q67690	Umayna daughter of  Sakhr (Abu Sufyan)	Q66527	Abu Sufyaan "Sakhr" Bin  Harb	Q96284	Abu Sufyan son of Harb			real	real		Q66659,Q66673
DEDUPE	father	Q67693	Hind daughter of  Sakhr (Abu Sufyan)	Q66527	Abu Sufyaan "Sakhr" Bin  Harb	Q96284	Abu Sufyan son of Harb			real	real		Q66659,Q66673
DEDUPE	father	Q67696	Sakhra daughter of  Sakhr (Abu Sufyan)	Q66527	Abu Sufyaan "Sakhr" Bin  Harb	Q96284	Abu Sufyan son of Harb			real	real		Q66659,Q66673
DEDUPE	father	Q67702	'Amr bin Abu Sufyaan	Q66527	Abu Sufyaan "Sakhr" Bin  Harb	Q96284	Abu Sufyan son of Harb			real	real		Q66659,Q66673
DEDUPE	father	Q67768	Juwayriya daughter of  Sakhr (Abu Sufyan)	Q66527	Abu Sufyaan "Sakhr" Bin  Harb	Q96284	Abu Sufyan son of Harb			real	real		Q66659,Q66673
DEDUPE	father	Q67771	Umm Hakam daughter of  Sakhr (Abu Sufyan)	Q66527	Abu Sufyaan "Sakhr" Bin  Harb	Q96284	Abu Sufyan son of Harb			real	real		Q66659,Q66673
DEDUPE	father	Q67774	Utbah son of  Sakhr (Abu Sufyan)	Q66527	Abu Sufyaan "Sakhr" Bin  Harb	Q96284	Abu Sufyan son of Harb			real	real		Q66659,Q66673
DEDUPE	father	Q67777	Hanzala son of Abu Sufyaan	Q66527	Abu Sufyaan "Sakhr" Bin  Harb	Q96284	Abu Sufyan son of Harb			real	real		Q66659,Q66673
DEDUPE	father	Q67780	Maimoona binte Abu Sufyaan	Q66527	Abu Sufyaan "Sakhr" Bin  Harb	Q96284	Abu Sufyan son of Harb			real	real		Q66659,Q66673
DEDUPE	father	Q67789	Harith son of  Sakhr (Abu Sufyan)	Q66527	Abu Sufyaan "Sakhr" Bin  Harb	Q96284	Abu Sufyan son of Harb			real	real		Q66659,Q66673
DEDUPE	father	Q67792	Azzah daughter of  Sakhr (Abu Sufyan)	Q66527	Abu Sufyaan "Sakhr" Bin  Harb	Q96284	Abu Sufyan son of Harb			real	real		Q66659,Q66673
DEDUPE	father	Q67834	Khalid son of  Zubayr	Q66539	az-Zubair son of al-Awwam	Q94723	al-Zubair son of al-Awwam			real	real		Q67872
DEDUPE	father	Q67837	Umar son of  Zubayr	Q66539	az-Zubair son of al-Awwam	Q94723	al-Zubair son of al-Awwam			real	real		Q67872
DEDUPE	father	Q67840	Habiba daughter of  Zubayr	Q66539	az-Zubair son of al-Awwam	Q94723	al-Zubair son of al-Awwam			real	real		Q67872
DEDUPE	father	Q67843	Sawda daughter of  Zubayr	Q66539	az-Zubair son of al-Awwam	Q94723	al-Zubair son of al-Awwam			real	real		Q67872
DEDUPE	father	Q67846	Hind daughter of  Zubayr	Q66539	az-Zubair son of al-Awwam	Q94723	al-Zubair son of al-Awwam			real	real		Q67872
DEDUPE	father	Q67855	Ramlah daughter of  Zubayr	Q66539	az-Zubair son of al-Awwam	Q94723	al-Zubair son of al-Awwam			real	real		Q67872
DEDUPE	father	Q67858	Hamzah son of  Zubayr	Q66539	az-Zubair son of al-Awwam	Q94723	al-Zubair son of al-Awwam			real	real		Q67872
DEDUPE	father	Q67860	Jaafar son of  Zubayr	Q66539	az-Zubair son of al-Awwam	Q94723	al-Zubair son of al-Awwam			real	real		Q67872
DEDUPE	father	Q67869	Ubayda son of  Zubayr	Q66539	az-Zubair son of al-Awwam	Q94723	al-Zubair son of al-Awwam			real	real		Q67872
DEDUPE	father	Q67885	Abdullah bin  Ja'afar ut-Tayyar	Q66775	Ja'afar ut-Tayyar Bin  Imaam Abu Taalib	Q66877	Ja'far ibn Abi Talib			real	real	Q66011	Q66566
DEDUPE	father	Q67932	Asma binte Sayyidna Aqeel	Q66772	Aqeel "Abu Yazid" Bin  Imaam Abu Taalib	Q94034	Aqeel son of Abu Talib			real	real	Q65873,Q66011	Q66670,Q67241
DEDUPE	father	Q67935	Zainab binte Sayyidna Aqeel	Q66772	Aqeel "Abu Yazid" Bin  Imaam Abu Taalib	Q94034	Aqeel son of Abu Talib			real	real	Q65873,Q66011	Q66670,Q67241
DEDUPE	father	Q67938	Muhammad son of Sayyidna Aqeel	Q66772	Aqeel "Abu Yazid" Bin  Imaam Abu Taalib	Q94034	Aqeel son of Abu Talib			real	real	Q65873,Q66011	Q66670,Q67241
DEDUPE	father	Q67941	'Isa bin Sayyidna Aqeel	Q66772	Aqeel "Abu Yazid" Bin  Imaam Abu Taalib	Q94034	Aqeel son of Abu Talib			real	real	Q65873,Q66011	Q66670,Q67241
DEDUPE	father	Q67944	al-Hasan son of Sayyidna Aqeel	Q66772	Aqeel "Abu Yazid" Bin  Imaam Abu Taalib	Q94034	Aqeel son of Abu Talib			real	real	Q65873,Q66011	Q66670,Q67241
DEDUPE	father	Q67947	Yazid son of Sayyidna Aqeel	Q66772	Aqeel "Abu Yazid" Bin  Imaam Abu Taalib	Q94034	Aqeel son of Abu Talib			real	real	Q65873,Q66011	Q66670,Q67241
DEDUPE	mother	Q67983	Utbah son of  Nawfal	Q66748	DURRAH bint  Abd al-'Uzza (Abu Lahab)	Q94461	Durrah  bint Abd al-'Uzza (Abu Lahab)			real	real	Q66530	Q66706
DEDUPE	mother	Q67986	Walid son of  Naufal	Q66748	DURRAH bint  Abd al-'Uzza (Abu Lahab)	Q94461	Durrah  bint Abd al-'Uzza (Abu Lahab)			real	real	Q66530	Q66706
DEDUPE	mother	Q67989	Abu Muslim son of  Naufal	Q66748	DURRAH bint  Abd al-'Uzza (Abu Lahab)	Q94461	Durrah  bint Abd al-'Uzza (Abu Lahab)			real	real	Q66530	Q66706
DEDUPE	mother	Q68016	Abdullah son of Abu Sufyaan son of al-Haarith	Q66787	Jumaana daughter of  Imaam Abu Taalib	Q94040	Jumana daughter of Abu Talib			real	real	Q65873,Q66011	Q66727
DEDUPE	mother	Q68019	Ali son of Abu Sufyaan son of al-Haarith	Q66787	Jumaana daughter of  Imaam Abu Taalib	Q94040	Jumana daughter of Abu Talib			real	real	Q65873,Q66011	Q66727
DEDUPE	mother	Q68022	NN Daughter of Abu Sufyan daughter of  Abu Sufyan	Q66787	Jumaana daughter of  Imaam Abu Taalib	Q94040	Jumana daughter of Abu Talib			real	real	Q65873,Q66011	Q66727
DEDUPE	mother	Q68028	Ja'afar bin Abu Sufyaan bin al-Haarith	Q66787	Jumaana daughter of  Imaam Abu Taalib	Q94040	Jumana daughter of Abu Talib			real	real	Q65873,Q66011	Q66727
DEDUPE	father	Q68079	Abdullah son of  Aqeel	Q66772	Aqeel "Abu Yazid" Bin  Imaam Abu Taalib	Q94034	Aqeel son of Abu Talib			real	real	Q65873,Q66011	Q66670,Q67241
DEDUPE	father	Q68082	Abu Said son of  Aqeel	Q66772	Aqeel "Abu Yazid" Bin  Imaam Abu Taalib	Q94034	Aqeel son of Abu Talib			real	real	Q65873,Q66011	Q66670,Q67241
DEDUPE	father	Q68085	Ramlah binte Sayyidna Aqeel	Q66772	Aqeel "Abu Yazid" Bin  Imaam Abu Taalib	Q94034	Aqeel son of Abu Talib			real	real	Q65873,Q66011	Q66670,Q67241
DEDUPE	father	Q68088	Abdul Rahman son of  Aqeel	Q66772	Aqeel "Abu Yazid" Bin  Imaam Abu Taalib	Q94034	Aqeel son of Abu Talib			real	real	Q65873,Q66011	Q66670,Q67241
DEDUPE	father	Q68094	Ja'far bin  Aqeel	Q66772	Aqeel "Abu Yazid" Bin  Imaam Abu Taalib	Q94034	Aqeel son of Abu Talib			real	real	Q65873,Q66011	Q66670,Q67241
DEDUPE	father	Q68097	Musa son of  Aqeel	Q66772	Aqeel "Abu Yazid" Bin  Imaam Abu Taalib	Q94034	Aqeel son of Abu Talib			real	real	Q65873,Q66011	Q66670,Q67241
DEDUPE	mother	Q68118	Arwa bint Kurayz	Q66796	Arwa daughter of  Kurayz	Q107397	Umm Hakim bint Abd al-Muttalib		Q12184761	real	real		
DEDUPE	father	Q68130	Abu  Masood	Q66814	Abdullah  az-Zubayr	Q94455	Sayyidi Abdullah son of az-Zubayr			real	real		
DEDUPE	mother	Q68148	Usama son of  Abu Ahmad	Q67786	al-Faraa daughter of  Sakhr (Abu Sufyan)	Q94858	Al-Fara daughter of Abi Sufyan			real	real		Q66847
DEDUPE	father	Q68293	Muhammad son of  Abdullah	Q86876	Abdullah son of  al-Abbas	Q94757	Abdullah ibn Abbas			real	real		
DEDUPE	father	Q68302	al-Fadl son of  Abdullah	Q86876	Abdullah son of  al-Abbas	Q94757	Abdullah ibn Abbas			real	real		
DEDUPE	father	Q68308	Asma daughter of  Abdullah	Q86876	Abdullah son of  al-Abbas	Q94757	Abdullah ibn Abbas			real	real		
DEDUPE	father	Q68311	Abdullah son of  Ubaydullah	Q66919	Ubaydullah son of  al-Abbas	Q94761	Ubaydallah ibn al-Abbas			real	real		
DEDUPE	father	Q68421	[son of Dagalaiphus]	Q62558	Dagalaiphus	Q99312	Dagalaiphus			real	real		
DEDUPE	mother	Q68617	Umar bin Khaththab (Amirul mu'minin)	Q67142	Hantamah daughter of Hisham	Q67148	Hantamah			real	real		
DEDUPE	mother	Q69170	Fatimah bint Husayn	Q68782	Umm Ishaq daughter of  Talha	Q68815	Hafsah  'Abdur Rahman bin Abu Bakr			real	real		Q67462,Q67465
DEDUPE	father	Q69353	Munabbih ibn Bakr	Q67609	Bakr ibn Hawazin	Q87053	Bakr son of  Hawazin			real	real		
DEDUPE	mother	Q69413	Muhammad son of  Abdur Rahman	Q67651	Umm Kulthoom daughter of  Uqba	Q94836	Umm Kulthoom binte 'Uqbah			real	real	Q66796,Q67965	
DEDUPE	mother	Q69416	Humayd son of  Abdur Rahman	Q67651	Umm Kulthoom daughter of  Uqba	Q94836	Umm Kulthoom binte 'Uqbah			real	real	Q66796,Q67965	
DEDUPE	mother	Q69425	Amat ar-Rahman son of  Abdur Rahman	Q67651	Umm Kulthoom daughter of  Uqba	Q94836	Umm Kulthoom binte 'Uqbah			real	real	Q66796,Q67965	
DEDUPE	mother	Q69428	Ibrahim son of Abdul Rahman son of al-Awf	Q67651	Umm Kulthoom daughter of  Uqba	Q94836	Umm Kulthoom binte 'Uqbah			real	real	Q66796,Q67965	
DEDUPE	mother	Q69431	Hamida daughter of  Abdur Rahman	Q67651	Umm Kulthoom daughter of  Uqba	Q94836	Umm Kulthoom binte 'Uqbah			real	real	Q66796,Q67965	
DEDUPE	mother	Q69434	Yahya son of Abdul Rahman son of al-Awf	Q67651	Umm Kulthoom daughter of  Uqba	Q94836	Umm Kulthoom binte 'Uqbah			real	real	Q66796,Q67965	
DEDUPE	mother	Q69437	Urwa son of  Abdur Rahman	Q67651	Umm Kulthoom daughter of  Uqba	Q94836	Umm Kulthoom binte 'Uqbah			real	real	Q66796,Q67965	
DEDUPE	mother	Q69440	Bilal son of  Abdur Rahman	Q67651	Umm Kulthoom daughter of  Uqba	Q94836	Umm Kulthoom binte 'Uqbah			real	real	Q66796,Q67965	
DEDUPE	mother	Q69503	Abu Sufyan son of Huwaithib	Q67708	Umaimah	Q96932	Umaimah			real	real	Q66659	
DEDUPE	father	Q69535	Hisham bin 'Urwah	Q67801	'Urwah bin  az-Zubayr	Q95113	Urwah son of al-Zubayr			real	real		
DEDUPE	father	Q69574	Umm  daughter of Marwan	Q67906	Marwan I son of Al- Hakam  son of al-Hakam	Q94363	Marwan Bin Al- Hakam  Bin Abu Al- 'As Bint Umaiyah		Q298577	real	real	Q66647,Q96930	
DEDUPE	mother	Q69574	Umm  daughter of Marwan	Q67921	Aisha  bint 'Uthman ibn 'Affan	Q95213	ibn al-Hakam ibn Abil-As ibn Umayya			real	real	Q67645	
DEDUPE	father	Q69589	Muhammad son of Marwan I son of al-Hakam	Q67906	Marwan I son of Al- Hakam  son of al-Hakam	Q94363	Marwan Bin Al- Hakam  Bin Abu Al- 'As Bint Umaiyah		Q298577	real	real	Q66647,Q96930	
DEDUPE	father	Q69721	2- 754-775	Q68314	علي السجاد	Q95167				real	real		
DEDUPE	father	Q69724	1- 750-754	Q68314	علي السجاد	Q95167				real	real		
DEDUPE	father	Q69727	إبراهيم	Q68314	علي السجاد	Q95167				real	real		
DEDUPE	father	Q69730	موسى	Q68314	علي السجاد	Q95167				real	real		
DEDUPE	father	Q69733	أم عيسى	Q68314	علي السجاد	Q95167				real	real		
DEDUPE	father	Q69736	لبابة	Q68314	علي السجاد	Q95167				real	real		
DEDUPE	father	Q69742	الحسن	Q68320	عبد الله	Q95169				real	real		
DEDUPE	father	Q69745	إسحاق	Q68323	سليمان	Q95171	سليمان			real	real		
DEDUPE	mother	Q70361	Marcus Junius Silanus	Q71146	Quinctia Crispina  Silanus	Q144099	Manlia Torquata		Q114804519	real	real		Q71137
DEDUPE	father	Q70388	Publius Aelius Marullinus	Q71349	Publius Aelius Hadrianus Marullinus	Q99338	Aelius			real	real		
DEDUPE	father	Q70388	Publius Aelius Marullinus	Q71349	Publius Aelius Hadrianus Marullinus	Q151764	Publius Aelius Marullinus		Q112865820	real	real		
DEDUPE	father	Q70388	Publius Aelius Marullinus	Q99338	Aelius	Q151764	Publius Aelius Marullinus		Q112865820	real	real		
DEDUPE	mother	Q70910	Arrecina Clementina	Q71915	Tertulla	Q77257	Julia		Q107607946	real	real		Q71882
DEDUPE	mother	Q71137	Marcus Junius Silanus	Q72290	Sempronia  Silanus	Q72439	Servilia		Q232229	real	real		Q72287
DEDUPE	father	Q71173	Publius Servilius Vatia Isauricus	Q72302	Publius Servilius Isauricus	Q144062	Gaius Servilius Vatia		Q3655476	real	real		
DEDUPE	mother	Q71173	Publius Servilius Vatia Isauricus	Q72305	Junia Prima	Q72687	Caecilia Metella		Q544816	real	real		
DEDUPE	father	Q72278	Marcus Pupius Piso Frugi Calpurnianus	Q72469	Marcus Pupius  Pupius	Q141610	Lucius Calpurnius Piso Frugi		Q12118997	real	real		
DEDUPE	father	Q72654	Marcus Terentius-Varro Lucullus	Q72825	Lucius  Licinius-Lucullus	Q72828	Marcus  Terentius-Varro			real	real		
DEDUPE	father	Q72675	Decimus Junius Silanus Manlianus	Q72849	Titus Manlius  Torquatus	Q151527	Decimus Iunius Silanus		Q1215347	real	real		
DEDUPE	father	Q72786	Marcus Aemilius Lepidus	Q73011	Marcus Aemilius Lepidus	Q73113	Marcus Aemilius Lepidus	Q3622705		real	real		
DEDUPE	father	Q72786	Marcus Aemilius Lepidus	Q73113	Marcus Aemilius Lepidus	Q73173	Marcus Aemilius Lepidus, Consul			real	real		
DEDUPE	mother	Q72786	Marcus Aemilius Lepidus	Q72789	NN (Wife of Marcus Aemilius Lepidus)	Q73110	NN (Wife of Marcus Aemilius Lepidus)			real	real		
DEDUPE	father	Q72915	Marcus Claudius Marcellus	Q73065	Gaius Claudius Marcus  Marcellus	Q141470	Marcus Claudius Marcellus		Q521485	real	real		
DEDUPE	father	Q72933	Marcus Licinius Crassus	Q72657	Publius Licinius Crassus Dives	Q73083	Publius Licinius Crassus Dives (consul 97 BC)	Q656527		real	real		Q73098
DEDUPE	father	Q72972	Publius Licinius Crassus Dives	Q73665	Publius Licinius  Crassus	Q99408	Publius Licinius Varus Licinius Crassus  Crassus			real	real		
DEDUPE	father	Q73002	Salonia	Q73164	Salonius	Q151389	Salonius		Q94102336	real	real		
DEDUPE	father	Q73011	Marcus Aemilius Lepidus	Q73173	Marcus Aemilius Lepidus, Consul	Q144279	Marcus Aemilius Lepidus		Q3625112	real	real		
DEDUPE	father	Q73119	Marcus Livius Drusus	Q73173	Marcus Aemilius Lepidus, Consul	Q78453	Marcus Livius maior  Drusus			real	real		
DEDUPE	father	Q73119	Marcus Livius Drusus	Q73173	Marcus Aemilius Lepidus, Consul	Q151476	Marcus Livius Salinator		Q703448	real	real		
DEDUPE	father	Q73119	Marcus Livius Drusus	Q78453	Marcus Livius maior  Drusus	Q151476	Marcus Livius Salinator		Q703448	real	real		
DEDUPE	mother	Q73119	Marcus Livius Drusus	Q72801	Cornelia	Q78450	Cornelia  Scipionis	Q100804879		real	real		
DEDUPE	mother	Q73119	Marcus Livius Drusus	Q72801	Cornelia	Q78746	Calavia  Drusus	Q100804879		real	real	Q73017,Q73428	Q72798
DEDUPE	mother	Q73119	Marcus Livius Drusus	Q78450	Cornelia  Scipionis	Q78746	Calavia  Drusus			real	real		
DEDUPE	father	Q73188	Gaius Julius Caesar	Q73347	Gaius Julius Caesar, I	Q139693	Lucius Julius Caesar		Q12119007	real	real		
DEDUPE	mother	Q73260	Marcus Licinius Crassus Agelastus	Q72969	NN (Wife of Gaius Licinius Varus)	Q73407	NN (Wife of Publius Licinius Crassus)			real	real		Q73410
DEDUPE	father	Q73275	Marcus Aemilius Lepidus	Q73419	Marcus Aemilius Lepidus	Q151633	Marcus Aemilius Lepidus		Q1276902	real	real		
DEDUPE	father	Q73389	Sextus Julius Caesar	Q73527	Lucius Julius Caesar, I	Q144027	Lucius Julius Caesar		Q89588511	real	real		
DEDUPE	father	Q73970	Appius Claudius Crassus Inregillensis	Q74091	Appius Claudius Crassus Regillensis  Crassus	Q151743	Appius Claudius Crassus		Q283141	real	real		
DEDUPE	father	Q74091	Appius Claudius Crassus Regillensis  Crassus	Q74159	Appius Claudius Sabinus  Consul	Q74162	Gaias  Crassus Regillenius			real	real		
DEDUPE	father	Q74117	Princess Dght. II of Archelaus  Macedonia	Q74186	Archelaus I, king of Macedonia	Q78603	Archelaus		Q360787	real	real	Q74228	
DEDUPE	father	Q74255	King of Rome II - Numa Pompilius (716-672 BC)	Q74320	Pomponius	Q134935	Pompo		Q98350736	real	real		
DEDUPE	father	Q74804	Latinus Silvius	Q74813	Aeneas Silvius	Q134044	Aeneas Silvius		Q380923	real	real		
DEDUPE	father	Q74846	Anchises	Q74864	Capys	Q90508	Capys			real	real	Q74879,Q74882	
DEDUPE	mother	Q74846	Anchises	Q74867	Themiste  Queen of Dardania	Q90436	Themiste  Queen of Dardania			real	real	Q74885,Q74888	
DEDUPE	father	Q75072	Alcidice	Q75096	Aleus	Q90566	Aleus	Q1536527		real	real		
DEDUPE	mother	Q75072	Alcidice	Q75099	Neaera	Q90598	Neaera			real	real		
DEDUPE	mother	Q75123	Deimachus	Q75165	Idaea  de Gods	Q133062	Chloris		Q28122362	real	real		
DEDUPE	father	Q75153	Deucalion	Q75195	Prometheus	Q90388	Prometheus	Q83160		real	real	Q75054,Q75225,Q90317,Q90374	Q75192,Q90476,Q130710,Q132044,Q132045
DEDUPE	father	Q75195	Prometheus	Q75225	Iapetos	Q90374	Iapetos	Q179543		real	real	Q74698,Q74701	Q75054,Q90317,Q130019,Q131222
DEDUPE	mother	Q75195	Prometheus	Q75054	Themis	Q90317	Clymene Asia	Q159168		real	real	Q74698,Q74701,Q74970	Q75225,Q90374
DEDUPE	father	Q75336	Phoroneus	Q75360	Inachus	Q90325	Inachus	Q735623		real	real	Q74970,Q74973,Q90309	Q75357
DEDUPE	father	Q75441	Hermenegildo Gutiérrez	Q75447	Gutierre	Q99973	Guterre  Mendès de COÏMBRA	Q123479314		real	real		
DEDUPE	mother	Q75441	Hermenegildo Gutiérrez	Q75450	Elvira	Q99975	Elvira  Anzures			real	real		
DEDUPE	father	Q75495	Maria  de Rome	Q75501	Flavius Anicius Petronius Maximus	Q99627	Petronius Maximus		Q191940	real	real	Q75513	Q75498
DEDUPE	mother	Q75573	Anicius Auchenius Bassus	Q151955	Turrenia Honorata	Q154066	Pincia	Q12297063		real	real		Q75637
DEDUPE	father	Q76355	Appia Veturia Aurelia Coeciva Sabinilla	Q76580	Appius Claudius Pulcher	Q151576	Appius Claudius Pulcher		Q4781094	real	real		
DEDUPE	father	Q76475	Sergius Octavius  Laenas Paullus	Q76693	Sergius Octavius Pontianus Laenes Octavius  Pontainus	Q99659	Pontianus Sergius Octavius			real	real	Q76939,Q76945	Q76696
DEDUPE	father	Q76693	Sergius Octavius Pontianus Laenes Octavius  Pontainus	Q76930	Lucius Octavius Laenus	Q76936	Octavius Laenas			real	real		
DEDUPE	father	Q76693	Sergius Octavius Pontianus Laenes Octavius  Pontainus	Q76930	Lucius Octavius Laenus	Q76945	Lucius Octavius Laenas			real	real	Q70152	
DEDUPE	father	Q76693	Sergius Octavius Pontianus Laenes Octavius  Pontainus	Q76936	Octavius Laenas	Q76945	Lucius Octavius Laenas			real	real		Q76939
DEDUPE	father	Q77257	Julia	Q72374	Tiberius Julius Lupus	Q77485	Tiberius Julius Lupus		Q11729324	real	real		
DEDUPE	father	Q77257	Julia	Q72374	Tiberius Julius Lupus	Q77722	Tiberius Julius Lupus		Q30069228	real	real		
DEDUPE	father	Q77269	Tiberius Plautius Silvanus Aelianus	Q77497	Marcus Plautius  Silvanus	Q144088	Lucius Aelius Lamia		Q666605	real	real		
DEDUPE	mother	Q77269	Tiberius Plautius Silvanus Aelianus	Q77494	Aelia  Lamia	Q141426	Apronia		Q622129	real	real		
DEDUPE	mother	Q77791	Lucius Cassius Longinus	Q77961	Iunia  Tertia	Q153597	Sulpicia		Q111288472	real	real		Q77958
DEDUPE	father	Q78393	Appius Claudius Pulcher	Q78525	Gaius Claudius Pulcher	Q78528	Consul (143 BC) - Appius Claudius Pulcher	Q779957		real	real		Q78396
DEDUPE	father	Q78423	Lucius Cassius Longinus	Q78552	Gaius Cassius Longinus	Q151638	Lucius Cassius Longinus Ravilla		Q289392	real	real		
DEDUPE	father	Q78582	Attalus I, king of Pergamon	Q78688	Attalus	Q78691	King of Pergamon II - Eumenes I (263241 BC)			real	real		
DEDUPE	father	Q78603	Archelaus	Q74228	Perdiccas II of Macedon	Q78710	Archelaus	Q318426		real	real		
DEDUPE	mother	Q78609	Cleopatra V of Egypt	Q78716	Cleopatra Selene I of Egypt	Q136155	Berenice III		Q231688	real	real		
DEDUPE	father	Q78691	King of Pergamon II - Eumenes I (263241 BC)	Q78764	Eumenes of Pergamon	Q78770	Philetaerus		Q312452	real	real	Q78824,Q78827	
DEDUPE	mother	Q78713	Ptolemy IX Lathyros	Q73035	Cleopatra III of Egypt	Q78719	Cleopatra III of Egypt	Q40003	Q40003	real	real	Q73038,Q73194,Q73197	Q73038,Q73197
DEDUPE	father	Q78770	Philetaerus	Q78824	Attalus of Pergamon	Q136454	Attalus		Q109485735	real	real		
DEDUPE	mother	Q78770	Philetaerus	Q78827	Boa of Pergamon	Q136455	Boa		Q29166980	real	real		
DEDUPE	mother	Q79114	Epiphania	Q99508	Lucia	Q113001	NN		Q116471675	real	real		
DEDUPE	father	Q82390	Fernao  Soares de Moscoso	Q82362	Pedro  Sanches de Moscoso	Q82364	Joao  Soares de Moscoso			real	real	Q81561	
DEDUPE	father	Q85255	Mehetenweskhet	Q85265	Harsiese II	Q85271	Harsies			real	real		
DEDUPE	mother	Q85255	Mehetenweskhet	Q85267	DjedMutesankh	Q85269	Tanibi			real	real		
DEDUPE	father	Q85392	Karomat \ Karomama  Karomama ?Princess of Egypt	Q85390	Hedjkheperre Setepenre Takelot I	Q85402	Hedjkheperre Setepenamun Harsiese King of Egypt			real	real		
DEDUPE	mother	Q85392	Karomat \ Karomama  Karomama ?Princess of Egypt	Q85388	Kapes	Q85404	Wife of Hedjkheperre Setepenamun Harsiese King of Egypt			real	real		
DEDUPE	father	Q85562	Kemi	Q85586	Amenemhat III Nemare, King of Egypt (1900 BC) Pyramid builder	Q85606	Amenemhat III Nemare, King of Egypt	Q19244		real	real		
DEDUPE	father	Q85664	Mentuhotep II Nebhepetra, King of Egypt	Q85668	Inyotef III Nakhtnebtepnefer, King of Egypt	Q85678	Inyotef III Nakhtnebtepnefer, King of Egypt			real	real		
DEDUPE	father	Q86531	Mar Sutra  bat Al Palestin bat Abaye haKohen Gaon	Q86537	Musa "Rav Papa"  bar Yosef	Q90859	Musa "Rav Papa"  bar Yosef			real	real	Q86541,Q86543	
DEDUPE	father	Q86549	Yosef  son of Khamma	Q86557	Khamma  ben Nachum II	Q90954	Khamma  ben Nachum II			real	real	Q86565,Q86567	
DEDUPE	mother	Q86565	Nachum  ben Achaya	Q86575	bat Abba "Abbahu" bar Acha	Q91032	Unknown  bat Abba "Abbahu" bar Acha			real	real		Q86573
DEDUPE	mother	Q86567	Hobah  bat Rab	Q86579		Q91038	?			real	real		Q86577
DEDUPE	father	Q86577	"Rab" Abba Arika  bar Abba	Q86591	Aivu ('Akkub \ Ya'akkub)  Ya'akkub) ?bar Abba bar Sallah	Q91080	Aivu ('Akkub \ Ya'akkub)  Ya'akkub)			real	real		
DEDUPE	mother	Q86577	"Rab" Abba Arika  bar Abba	Q86593		Q91082	?			real	real		
DEDUPE	father	Q86605	Hunya  ben Nathan	Q86613	Nathan	Q91216	Nathan de Zuzita  ben Shalom			real	real	Q86623	Q86615
DEDUPE	father	Q86641	Da'ud ben Shemaya  ben Shemaya	Q86647	Shemaya	Q91426	Shemaya I  ben Shlomo			real	real		
DEDUPE	mother	Q86665	bat Hizkiya ibn Nearya	Q86677	bat Shahanya son of Obadya	Q92232	Unknown  bat Shahanya son of Obadya			real	real		Q86675
DEDUPE	father	Q86683	Hizkiya  ben Shehanya	Q86697	Shehanya (a\k\a 'Shachna')  k?a 'Shachna') ?ibn Eliab	Q92659	Shehanya (a\k\a 'Shachna')  ibn Eliab			real	real	Q86705	Q86695
DEDUPE	father	Q86820	Caliph Muhammad al-Mahdi son of  Abdallah al-Mansur	Q86826	Caliph Abd Allah al-Mansur	Q86832	Caliph Abu Ja'afar Abdallah al-Mansur ibn  Muhammad al-Kamil			real	real		
DEDUPE	father	Q86820	Caliph Muhammad al-Mahdi son of  Abdallah al-Mansur	Q86826	Caliph Abd Allah al-Mansur	Q86834	Abu Jafar al-Mansur son of Mohammad  2nd Abbasid Calif - r.754-775			real	real		
DEDUPE	father	Q86820	Caliph Muhammad al-Mahdi son of  Abdallah al-Mansur	Q86832	Caliph Abu Ja'afar Abdallah al-Mansur ibn  Muhammad al-Kamil	Q86834	Abu Jafar al-Mansur son of Mohammad  2nd Abbasid Calif - r.754-775			real	real		
DEDUPE	mother	Q86820	Caliph Muhammad al-Mahdi son of  Abdallah al-Mansur	Q86828	Arwa daughter of Mansur al-Himyari	Q86830	Shikla  (2) Zauja-e-Abdallah al-Mansur			real	real		
DEDUPE	father	Q86836	Hazrat Syed Imam Muhammad Baqer RH son of  Imam Zainal Abidin	Q86852	+ Ali Zainal Abidin -4 [Versi 1]	Q86854	Imam Ali Al-Sajjad Zain-ul-Abedin  Al Husayni			real	real		
DEDUPE	father	Q87283		Q87295		Q87300				real	real		
DEDUPE	mother	Q87283		Q87298	Wang	Q87302	隴西上邽			real	real		
DEDUPE	father	Q87322	劉	Q87314	Che  Liu	Q87344				real	real	Q87330	
DEDUPE	mother	Q87340	Elchishye Bektur	Q60233	Zhong Nu	Q87364	Zhong Nu			real	real	Q87380	
DEDUPE	mother	Q87428		Q58889	of Chao	Q87434	of Chao			real	real		Q87436
DEDUPE	mother	Q87448	Cheng Kung  of Yan	Q58290	of Tsai	Q87454	of Tsai			real	real	Q87460	
DEDUPE	father	Q87450		Q58856	贏	Q87456	贏			real	real		
DEDUPE	father	Q87460	Marquis Cheng of Cai	Q57999	申  姬姓	Q87468				real	real	Q87475	
DEDUPE	mother	Q87460	Marquis Cheng of Cai	Q58128	of Cheng	Q87466	of Cheng			real	real	Q87474	
DEDUPE	father	Q87477	Kung	Q58251	Ying	Q87485	Ying			real	real	Q87493	
DEDUPE	mother	Q87513	Kung	Q58281	of Chi	Q87523	of Chi			real	real	Q87533	Q87525
DEDUPE	father	Q87531		Q56647	‏‏‎ ‎  姬姓	Q87541				real	real		
DEDUPE	mother	Q87533	Kung	Q57987	of Eastern Chou	Q87543	of Eastern Chou			real	real	Q87559	
DEDUPE	mother	Q87535	Kung	Q57183	Ji	Q87549	Ji			real	real	Q87569	
DEDUPE	father	Q87819	Wu Xi   Ji	Q52386	Qi  Hou Ji	Q87821				real	real	Q6453,Q87823	
DEDUPE	father	Q87896	Adda (or Addoi) daughter of Bustenai	Q87872	Bustanai	Q90684	The Priest Rafa			real	real		
DEDUPE	mother	Q87906	Mar Sutra I "Guriya"  ben Mar Zutra III	Q68341	unknown  bint al-Rabi' al-Huqayq al-Nadir	Q87880	bint al-Rabi' al-Huqayq al-Nadir			real	real	Q87868,Q90729	
DEDUPE	father	Q88032	Nechemya  ben Magis	Q88006	Haninai "Magis \ Majus"  Majus" ?ben Mar Sutra II	Q90821	Haninai "Magis\Majus"  ben Mar Sutra II			real	real	Q87974,Q90819	
DEDUPE	father	Q88042	Ofni  Kohen Edeq	Q88008	Ben Yosef	Q90769	Mar Ivomai Micael  ben Hillel			real	real	Q87976,Q90767	
DEDUPE	mother	Q88144	David Avraham  ben Hazub	Q88216	Judith Bat Zemah ben Paltoi Kohen Sedeq Gaon de Pumbeditha  bat Zemah ben Paltoi Kohen Sedeq Gaon of Pumbeditha	Q90849	bat Zemah ben Paltoi Kohen Sedeq			real	real	Q88162,Q91002	Q88096
DEDUPE	mother	Q88146	Abu Zakkai "Yehudah"  ben David	Q88216	Judith Bat Zemah ben Paltoi Kohen Sedeq Gaon de Pumbeditha  bat Zemah ben Paltoi Kohen Sedeq Gaon of Pumbeditha	Q90849	bat Zemah ben Paltoi Kohen Sedeq			real	real	Q88162,Q91002	Q88096
DEDUPE	father	Q88184	Avin ben Eliyahu	Q90873	Eliyahu ben Menahem Ha-Zaken	Q99125	Eliyahu  haZaken			real	real	Q99122	
DEDUPE	father	Q88248	Yehuda ben Yosef  ibn Ezra Ibn Shaprut	Q88172	Abu Yusuf Yehuda (Hasday\Hasadya)  Hasadya) ?ben Yitzhak ben Ezra ibn Shaprut	Q90867	Hasdai ben Yitzhak ben Ezra Ibn Shaprut			real	real	Q88124	
DEDUPE	father	Q88250	Yitzhak ben Hasdai  ibn Ezra ibn Shaprut	Q88172	Abu Yusuf Yehuda (Hasday\Hasadya)  Hasadya) ?ben Yitzhak ben Ezra ibn Shaprut	Q90867	Hasdai ben Yitzhak ben Ezra Ibn Shaprut			real	real	Q88124	
DEDUPE	father	Q88318	Sa'adya  ben Mevorakh (Mubarak)	Q88266	Abu l-Hasan Ali  ben al-Shaybani al-Katib al-Maghribi al-Qayrawani Ibn Abi l-Ridjal	Q90916	Abu l-Hasan Ali  ben al-Shaybani al-Katib al-Maghribi			real	real	Q88192,Q90914	
DEDUPE	mother	Q88448	Sitt al-Muna  bat Nathan	Q88370	Sitt  bat Abu Yosef Yakob ben Amram ibn Mar Sahl al-Nag'hdilah	Q90976	Sitt  bat Abu Yosef Yakob ben Amram ibn Mar Sa			real	real	Q88310	Q88374
DEDUPE	father	Q88464	Hiyya  ben Yitzhak haSefardi, haDayyan	Q88386	Yitzhak  ben Samuel haSefardi ibn al-Kanzi, haDayyan	Q90984	Yitzhak  ben Samuel haSefardi ibn al-Kanzi, haDay			real	real	Q88320	
DEDUPE	father	Q88604	David "Ya'ish" ibn Hiyya	Q88532	Yehudah Hayy "Yahya"  ben Hiyya	Q88536	Hiyya HaNasi			real	real	Q88450,Q91062	Q88526
DEDUPE	father	Q88606	Shmuel  ben Yehudah	Q88532	Yehudah Hayy "Yahya"  ben Hiyya	Q88536	Hiyya HaNasi			real	real	Q88450,Q91062	Q88526
DEDUPE	mother	Q88630	Avraham II  ben Ezra. HaLevi	Q88650	bat Shlomo ben Masliah haKohen, Gaon of Palestine Yeshiva of Damascus	Q91112	????  bat Shlomo ben Masliah haKohen, Gaon of			real	real	Q88570	Q88550
DEDUPE	mother	Q88644	Shmuel  Abravanel	Q88566	bat Abu Ibrahim Yitzhak ben Ya'qob ibn Ezra	Q91098	unknown  bat Abu Ibrahim Yitzhak ben Ya'qob ibn E			real	real	Q88494,Q91096	Q88628
DEDUPE	mother	Q88646	????  Daughter of Isaac ibn Muhajir	Q88566	bat Abu Ibrahim Yitzhak ben Ya'qob ibn Ezra	Q91098	unknown  bat Abu Ibrahim Yitzhak ben Ya'qob ibn E			real	real	Q88494,Q91096	Q88628
DEDUPE	father	Q88707	Hayy "Hiyya" ibn Ya'ish ben David al-Daudi, NaNasi	Q88612	David ben Hayy "Hiyya" ben Yehudah Hayy ibn Yahya, HaNasi	Q88614	David "Ya'ish"ibn Hiyya			real	real	Q88536	
DEDUPE	father	Q88827	Perfet Nasi	Q88978	Vidal Avraham  de Saporta	Q91240	Don Abraham Afaquim  Beneviste			real	real		Q88741
DEDUPE	father	Q89169	0-	Q89043		Q91316	-			real	real	Q88922	
DEDUPE	father	Q89371	Gonzalo  Garcia de Santa Maria	Q89309	Tomas  Garcia de Santa Maria (Todroz Benveniste)	Q91378	Tomas  Garcia de Santa Maria (Todroz Benveniste			real	real	Q89177	Q89215
DEDUPE	father	Q89491	Alonzo  Gutierrez de La Caballeria	Q89369	Martin (Min\ Mene) "Men"  Mene) "Men" ?Gutierrez	Q91406	Martin "Men"  Gutierrez			real	real	Q89213,Q91404	Q89327
DEDUPE	father	Q89493	Gonzalo  Gutierrez de la Caballeria	Q89369	Martin (Min\ Mene) "Men"  Mene) "Men" ?Gutierrez	Q91406	Martin "Men"  Gutierrez			real	real	Q89213,Q91404	Q89327
DEDUPE	father	Q89495	Pedro  Gutierrez de la Cavalleria	Q89369	Martin (Min\ Mene) "Men"  Mene) "Men" ?Gutierrez	Q91406	Martin "Men"  Gutierrez			real	real	Q89213,Q91404	Q89327
DEDUPE	father	Q89497	Diego  Gutierrez de la Cavalleria	Q89369	Martin (Min\ Mene) "Men"  Mene) "Men" ?Gutierrez	Q91406	Martin "Men"  Gutierrez			real	real	Q89213,Q91404	Q89327
DEDUPE	father	Q89498	Rodrigo  Gutierrez	Q89369	Martin (Min\ Mene) "Men"  Mene) "Men" ?Gutierrez	Q91406	Martin "Men"  Gutierrez			real	real	Q89213,Q91404	Q89327
DEDUPE	mother	Q89540	Teresa  Rodriguez de Maluenda	Q91458	Maria	Q91460	Leonor  Rodriguez			real	real		Q89353
DEDUPE	mother	Q89570	N.  de la Cavalleria	Q91494	Isabel  de Aro	Q91496	Francisca  de Resendi			real	real		Q89373
DEDUPE	father	Q89572	N.  de la Cavalleria	Q89373	Alonso  de la Caballeria	Q89622	Fernando  de la Cavalleria			real	real		
DEDUPE	mother	Q89572	N.  de la Cavalleria	Q91496	Francisca  de Resendi	Q91692	Mari  Ximenez Moreno			real	real		
DEDUPE	father	Q89616	N.  Fernandez	Q91514	Vicente  de Bordalba	Q91518	Pedro  Fernandez			real	real		
DEDUPE	mother	Q89616	N.  Fernandez	Q89399	N.  de la Cavalleria	Q91414	N.  de la Cavalleria			real	real	Q89227	
DEDUPE	father	Q89618	N.  Fernandez	Q91514	Vicente  de Bordalba	Q91518	Pedro  Fernandez			real	real		
DEDUPE	mother	Q89618	N.  Fernandez	Q89399	N.  de la Cavalleria	Q91414	N.  de la Cavalleria			real	real	Q89227	
DEDUPE	father	Q89629	Isabel  de la Cavalleria	Q89407	Alonso  de la Cavalleria	Q89566	Alonso  de la Cavalleria			real	real		
DEDUPE	mother	Q89629	Isabel  de la Cavalleria	Q91522	Isabel  Zapata	Q91654	Brianda  Cerdan			real	real		
DEDUPE	father	Q89687	Shemtov  Saltell	Q89461	Moshe  Saltell	Q90133	Moshe  SALTELL			real	real		
DEDUPE	mother	Q89777	Lope  Perez de Maluenda	Q89544	Juana  Alvar Rodriguez Maluenda y Ruiz	Q91464	Juana  Rodriguez de Maluenda			real	real	Q89355,Q91462	
DEDUPE	mother	Q89779	Diego  Perez de Maluenda	Q89544	Juana  Alvar Rodriguez Maluenda y Ruiz	Q91464	Juana  Rodriguez de Maluenda			real	real	Q89355,Q91462	
DEDUPE	mother	Q89781	Alvar  Perez de Maluenda	Q89544	Juana  Alvar Rodriguez Maluenda y Ruiz	Q91464	Juana  Rodriguez de Maluenda			real	real	Q89355,Q91462	
DEDUPE	mother	Q89823	N.  de Maluenda	Q89570	N.  de la Cavalleria	Q89572	N.  de la Cavalleria			real	real	Q89373,Q91496	
DEDUPE	father	Q89993	Gonzalo  de Cervantes Avellaneda	Q89759	Diego  de Cervantes y Toledo	Q91574	Diego  de Cervantes y Alvarez de Toledo			real	real	Q89530,Q91572	
DEDUPE	father	Q89999	hernando  arias de Cervantes	Q89759	Diego  de Cervantes y Toledo	Q91574	Diego  de Cervantes y Alvarez de Toledo			real	real	Q89530,Q91572	
DEDUPE	father	Q90001	Luisa de Avellaneda y Cervantes	Q89759	Diego  de Cervantes y Toledo	Q91574	Diego  de Cervantes y Alvarez de Toledo			real	real	Q89530,Q91572	
DEDUPE	father	Q90031	Antonio  de la Cadena Maluenda	Q89775	Pedro Jose de Baeza  de Maluenda	Q91594	Licenciado Pedro Jose de Maluenda y Romero			real	real	Q89542,Q91592	
DEDUPE	father	Q90033	Luis  de la Cadena Maluenda	Q89775	Pedro Jose de Baeza  de Maluenda	Q91594	Licenciado Pedro Jose de Maluenda y Romero			real	real	Q89542,Q91592	
DEDUPE	father	Q90223	Clara  de Bocanegra Gutierrez Cavalleria	Q89951	Diego  Gutierrez de la Cavalleria y Flores de Guevara	Q91733	Diego  Gutierrez de la Cavalleria y Flores de G			real	real	Q89715,Q91731	
DEDUPE	father	Q90225	Juan  Gutierrez de Bocanegra	Q89951	Diego  Gutierrez de la Cavalleria y Flores de Guevara	Q91733	Diego  Gutierrez de la Cavalleria y Flores de G			real	real	Q89715,Q91731	
DEDUPE	father	Q90227	Marcos  Mexia de Bocanegera	Q89951	Diego  Gutierrez de la Cavalleria y Flores de Guevara	Q91733	Diego  Gutierrez de la Cavalleria y Flores de G			real	real	Q89715,Q91731	
DEDUPE	mother	Q90283	Creusa  Zauja Ascanius	Q90301	Hecuba  daughter of Dymas	Q90672	Hecuba  daughter of Dymas			real	real		
DEDUPE	father	Q90700	Mari ben Yakov HaKohen	Q90686	Yakov bar Chanania HaKohen	Q94052	Yakov bar Chanania HaKohen			real	real		
DEDUPE	father	Q92406	Juan  de Saavedra	Q31721	Juan  de Saavedra de guzman	Q92290	Juan  de Saavedra Guzman y Estrada			real	real	Q90209,Q92288	Q31195
DEDUPE	mother	Q94149	Ali ibn al-Husayn Zayn al-'Abidin	Q94147	Princess Shahrbanu bint Yazdegird III	Q107980	Shahrbanu		Q2995077	real	real		Q67465
DEDUPE	mother	Q94227	Abu Lahab	Q65864	Lubnah binte Hajira	Q94219	Fatima daughter of Amr al-Makhzumi			real	real		Q65008
DEDUPE	mother	Q94227	Abu Lahab	Q65864	Lubnah binte Hajira	Q107584	Lubna bint Hajar		Q27859472	real	real		Q65008
DEDUPE	mother	Q94227	Abu Lahab	Q94219	Fatima daughter of Amr al-Makhzumi	Q107584	Lubna bint Hajar		Q27859472	real	real		Q65008
DEDUPE	father	Q94363	Marwan Bin Al- Hakam  Bin Abu Al- 'As Bint Umaiyah	Q66647	ibn Abi al-'As	Q107844	Al-Hakam ibn Abi al-As		Q1169838	real	real	Q65808	
DEDUPE	mother	Q94405	Safiyyah daughter of Abd al-Muttalib	Q64909	Halah binte Wahb	Q107580	Halah bint Wuhayb		Q5641037	real	real		Q65008
DEDUPE	mother	Q94413	Hamza ibn Abd al-Muttalib	Q64909	Halah binte Wahb	Q107580	Halah bint Wuhayb		Q5641037	real	real		Q65008
DEDUPE	mother	Q94415	Abbas ibn Abd al-Muttalib	Q65948	Nutayla daughter of Janab b. Kulayb	Q107586	Nutayla bint Janab		Q492106	real	real		Q65008
DEDUPE	father	Q94559	Muhammad al-Nafs al-Zakiyya Al-Hasani	Q94303	Abdullah al-Kamil Al-Hasani	Q108291	Abd Allah al-Mahd		Q12223462	real	real		
DEDUPE	father	Q95361	Musa al-Thani Al-Hasani	Q94962	Abdullah al-Salih Al-Hasani	Q108698	Abd Allah al-Shaykh al-Salih		Q6813920	real	real		
DEDUPE	father	Q95660	Salih son of Ali	Q95157	Ali al-Sajjad Al-Abbasi	Q108028	Alí ibn Abd-Al·lah ibn al-Abbàs		Q11905211	real	real		
DEDUPE	father	Q96032	Muhammad al-Taqi	Q95512	Imaam 'Abdullah "Ahmad al-Wafi" bin Imaam Muhammad "ash-Shakir"	Q108946	Ahmad al-Wafi		Q4119465	real	real		
DEDUPE	father	Q96888	Abbasa	Q96218	Muhammad al-Mahdi Muhammad al-Mahdi	Q108742	Al-Mahdi		Q293482	real	real		
DEDUPE	father	Q97111	Ali ibn Abd Allah	Q96424	Syarif Abdullah Al-Akbar ibnu Syarif Muhammad At-Thaer	Q109087	Abd Allah		Q61310589	real	real		
DEDUPE	father	Q97336	Imaam Abdullah "Al-Mahdi Billah" bin Imaam Husain "Radi Abdullah"	Q96681	Imaam Husain "Radi Abdullah" bin Imaam Ahmad "Muhammad at-Taqi"	Q109161	Abd Allah al-Radi		Q33026	real	real	Q96032	
DEDUPE	father	Q99725	Antipater the Idumaean	Q99727	Herodes	Q144298	Antipater		Q9158150	real	real		
DEDUPE	father	Q99767	Bermudo I of Asturias	Q75462	Fruela  Duke of Cantabria	Q99785	Fruela  da Cantábria			real	real		
DEDUPE	father	Q99767	Bermudo I of Asturias	Q75462	Fruela  Duke of Cantabria	Q110842	Fruela of Cantabria		Q5869864	real	real		
DEDUPE	father	Q99767	Bermudo I of Asturias	Q99785	Fruela  da Cantábria	Q110842	Fruela of Cantabria		Q5869864	real	real	Q99815	
DEDUPE	mother	Q99797	Gatón de Bierzo	Q75456	Urraca  of Asturias	Q99795	Urraca			real	real		Q75453
DEDUPE	mother	Q99799	Ordoño I of Asturias	Q99795	Urraca	Q110408	Urraca		Q123286474	real	real		Q75453
DEDUPE	mother	Q99839	Alfonso III of Asturias	Q99833	Nuna	Q110012	Nuña		Q6047235	real	real		Q99799
DEDUPE	father	Q99899	García Íñiguez of Pamplona	Q100072	Inigo  Arista de Pamplona	Q109722	Inigo Arista		Q291877	real	real		
DEDUPE	mother	Q99899	García Íñiguez of Pamplona	Q100070	Oneca  Velazquez	Q109724	Onneca Velázquez de Pamplona		Q977147	real	real		
DEDUPE	mother	Q100308	Ordoño III of León	Q100038	Onega	Q110066	Adosinda Gutiérrez		Q12382495	real	real		Q143493
DEDUPE	father	Q100374	Galindo Aznárez II	Q100372	Aznar II  Galindez	Q109734	Aznar Galíndez II		Q1991754	real	real		
DEDUPE	mother	Q100374	Galindo Aznárez II	Q100068	Iniguez de Pamplona	Q109541	Onneca Garcés of Pamplona		Q3882681	real	real	Q99899	
DEDUPE	father	Q100427	García Fernández of Castile	Q100421	Fernan	Q109784	Fernán González of Castile		Q443034	real	real	Q100483	
DEDUPE	mother	Q100427	García Fernández of Castile	Q100084	Sancha  Sanchez de Pamplona, reina consorte de Leon	Q109563	Sancha Sánchez of Pamplona		Q2554235	real	real	Q100441,Q100443	Q99907
DEDUPE	father	Q100435	Urraca Fernández	Q100421	Fernan	Q109784	Fernán González of Castile		Q443034	real	real	Q100483	
DEDUPE	mother	Q100435	Urraca Fernández	Q100084	Sancha  Sanchez de Pamplona, reina consorte de Leon	Q109563	Sancha Sánchez of Pamplona		Q2554235	real	real	Q100441,Q100443	Q99907
DEDUPE	father	Q100441	Sancho I of Pamplona	Q100978	Garcia  Jimenez	Q109760	García Jiménez of Pamplona		Q2275620	real	real		Q100976
DEDUPE	father	Q100443	Toda of Pamplona	Q100364	Aznar  Sanchez de Larraun	Q109437	Aznar Sánchez de Larraún		Q2875189	real	real		
DEDUPE	mother	Q100443	Toda of Pamplona	Q100352	Onneca o Iniga  Fortunez de Pamplona	Q109355	Onneca Fortúnez		Q3754184	real	real		Q100758
DEDUPE	father	Q100483	Gonzalo Fernández of Castile	Q100481	Fernando  Munoz de Castrojeriz "El Negro"	Q110520	Fernando González 'the Black' of Castrosiero		Q110302249	real	real		
DEDUPE	mother	Q100483	Gonzalo Fernández of Castile	Q100120	Gutina  de Castilla	Q110522	Gontiña Muñoz		Q110302224	real	real		
DEDUPE	father	Q100912	Ava of Ribagorza	Q101591	Raimundo II  de Rivagorza	Q110422	Ramon II of Ribagorza		Q4389784	real	real		
DEDUPE	mother	Q100912	Ava of Ribagorza	Q102778	Garsenda  de Fezensac	Q110530	Garsende of Fesensac		Q21155040	real	real		
DEDUPE	father	Q100948	Sancho II of Pamplona	Q100447	Garcia I  Sanchez	Q109559	García Sánchez I of Pamplona		Q773815	real	real	Q100441,Q100443	
DEDUPE	mother	Q100948	Sancho II of Pamplona	Q100828	Andregoto  Galindez	Q109770	Andregoto Galíndez		Q1119208	real	real	Q100374	
DEDUPE	father	Q100976	Dadildis of Pallars	Q110054	Loup Donat	Q113415	Lupo  de Bigorra, IV Count of Bigorre	Q4269614		real	real		
DEDUPE	mother	Q100976	Dadildis of Pallars	Q110056	Faquilena de Roergue	Q113417	Faquilene  de Toulouse (de Rouergue)	Q27974984		real	real		
DEDUPE	father	Q101021	Fernan	Q100467	NN  Duque de Estrada	Q113501	Sancho  Bermudez			real	real		
DEDUPE	father	Q101361	Alfonso V of León	Q100661	Dordia Osorez	Q110116	Bermudo II of León		Q342520	real	real	Q100435	Q100926
DEDUPE	father	Q101722	Urraca Garces	Q100950	Garcia  Sanchez II "El Tremulo"	Q110074	García Sánchez II of Pamplona		Q358396	real	real	Q100435,Q100948	
DEDUPE	mother	Q101722	Urraca Garces	Q101718	Jimena  Fernandez de Leon	Q110482	Jimena Fernández		Q3807743	real	real	Q114318	
DEDUPE	mother	Q102377	Maria Pais de Ribeira	Q114038	Urraca  Nunez de Braganza	Q125096	Urraca Nunes I de Bragança		Q110523401	real	real		
DEDUPE	father	Q102603	Pedro Froilaz de Traba	Q104027	Bermudez	Q125050	Froila Vermúdez de Traba		Q3394919	real	real		
DEDUPE	mother	Q102603	Pedro Froilaz de Traba	Q103963	Dna. Elvira  de Faro	Q125052	Elvira Mendez de Faro		Q59348896	real	real		
DEDUPE	father	Q102772	Oliba Cabreta	Q102765	Miro II el Jove, comte de Cerdanya	Q111442	Miró II of Cerdanya		Q949640	real	real		
DEDUPE	mother	Q102772	Oliba Cabreta	Q101589	Ava, comtessa consort de Cerdanya	Q110870	Ava of Cerdanya		Q4827396	real	real		
DEDUPE	mother	Q102913	Ramon Berenguer I, Count of Barcelona	Q101679	Sancha de Castille	Q110544	Sancha Sánchez of Castile		Q9073803	real	real	Q100914	Q102909
DEDUPE	mother	Q102941	Ramiro I of Aragon	Q102939	Sancha  de Aybar	Q111547	Sancha of Aibar		Q56235827	real	real		Q143499
DEDUPE	father	Q103077	Urraca  Flores	Q105065	N  N	Q105067	Froyla  Pelaez			real	real		
DEDUPE	mother	Q103252	Soeiro  Bufinho	Q103254	Gontinha  Nunes Velho	Q118555	Maria  Soares			real	real		Q101944
DEDUPE	father	Q104007	Sancho II of León and Castile	Q102901	Fernando I o Magno, rei de Castela	Q110956	Ferdinand I of León and Castile		Q296863	real	real	Q110540,Q143499	
DEDUPE	father	Q104011	García II of Galicia	Q102901	Fernando I o Magno, rei de Castela	Q110956	Ferdinand I of León and Castile		Q296863	real	real	Q110540,Q143499	
DEDUPE	father	Q104013	Alfonso VI of León and Castile	Q102901	Fernando I o Magno, rei de Castela	Q110956	Ferdinand I of León and Castile		Q296863	real	real	Q110540,Q143499	
DEDUPE	mother	Q104087	Sancho I of Portugal	Q106750	Maud of Savoy	Q118403	Maud of Savoy		Q234234	real	real	Q115988,Q118269	Q104129
DEDUPE	mother	Q104135	Theresa of León	Q111675	Jimena Muñoz (León)	Q114176	Jimena  Fernandez de Castro	Q8196664		real	real		Q104013
DEDUPE	mother	Q104137	Henry of Burgundy	Q106778	Sibila	Q111733	Sybilla of Barcelona		Q3960015	real	real		Q106776
DEDUPE	father	Q104620	Lope Íñiguez	Q104616	Inigo  Lopez de Ezquerra	Q111585	Íñigo López		Q2630854	real	real		
DEDUPE	mother	Q104620	Lope Íñiguez	Q102761	Toda  Fortunez	Q110972	Toda Ortiz		Q101403628	real	real		
DEDUPE	mother	Q104885	Sancho Ramírez	Q104881	Ermisenda de Bigorra, reina consorte de Aragon	Q111549	Ermesinda of Bigorre		Q2102566	real	real		Q102941
DEDUPE	mother	Q106609	Sancho Alfonsez	Q106607	Zaida Isabel	Q112422	Zaida of Seville		Q2543811	real	real		Q104013
DEDUPE	mother	Q106782	Robert of Burgundy, bishop of Langres	Q106778	Sibila	Q111733	Sybilla of Barcelona		Q3960015	real	real		Q106776
DEDUPE	father	Q106950	Manrique Perez de Lara	Q104767	Pedro "Queen's Lover"  Gonzalez de Lara	Q112885	Pedro González de Lara		Q3014411	real	real		
DEDUPE	mother	Q106950	Manrique Perez de Lara	Q104246	Eva  Perez de Traba	Q112382	Ava of Rochechouart		Q99838632	real	real		
DEDUPE	father	Q107026	Alphonse Jourdain	Q107024	Raymond  de TOULOUSE	Q112446	Raymond IV, Count of Toulouse		Q299612	real	real		
DEDUPE	mother	Q107026	Alphonse Jourdain	Q104282	Elvira  Alfonso de Castilla y Leon	Q112428	Elvira of Castile		Q1185160	real	real	Q104013	
DEDUPE	father	Q107158	Ermengol VI, Count of Urgell	Q107214	Ermengol V 'el de Mollerussa'  d'Urgell	Q114802	Ermengol V, Count of Urgell		Q2862206	real	real		
DEDUPE	mother	Q107158	Ermengol VI, Count of Urgell	Q104427	Maria  Perez de Valladolid	Q115822	María Pérez		Q6004470	real	real		
DEDUPE	father	Q108942	Muhammad al-Jawad	Q95394	Imam Ali al-Rida	Q108796	Ali al-Ridha		Q25105	real	real		
DEDUPE	mother	Q108942	Muhammad al-Jawad	Q95882	Sabikah  Al-Nubi	Q108940	Sabīkah Khayzurān		Q6534412	real	real		
DEDUPE	father	Q109832	Anastasius	Q60030	Flavius Probus	Q110168	Sabinianus		Q977653	real	real		
DEDUPE	father	Q110072	Ramiro III of León	Q100340	Sancho I "El Craso"  de Leon	Q109766	Sancho I of León		Q279554	real	real	Q143493	
DEDUPE	mother	Q110072	Ramiro III of León	Q100738	Teresa  Ansurez	Q110070	Velasquita Ramírez		Q943730	real	real		
DEDUPE	mother	Q110508	Jimena of León	Q101722	Urraca Garces	Q113385	Urraca Garcés		Q2620695	real	real	Q110074,Q110482	Q101361
DEDUPE	father	Q110510	Odo of Gascony	Q107090	Guillaume, V duc d'Aquitaine & III comte de Poitou	Q118743	William V, Duke of Aquitaine		Q382339	real	real	Q110982,Q110984	Q110096,Q110986,Q110988
DEDUPE	father	Q110512	Adelais	Q107090	Guillaume, V duc d'Aquitaine & III comte de Poitou	Q118743	William V, Duke of Aquitaine		Q382339	real	real	Q110982,Q110984	Q110096,Q110986,Q110988
DEDUPE	father	Q110984	Emma of Blois	Q111617	Theobald I, Count of Blois	Q206184	Thibaud II le Tricheur, comte de Blois	Q540472		real	real		
DEDUPE	mother	Q110984	Emma of Blois	Q111619	Luitgarde of Vermandois	Q205591	Luitgardis	Q1811439		real	real	Q112458,Q112538	Q112518
DEDUPE	father	Q110988	Agnes of Burgundy, Duchess of Aquitaine	Q111605	Otto-William, Count of Burgundy	Q205109	Person Q205109	Q928859		real	real	Q112502	Q111637
DEDUPE	father	Q110990	Agnes of Poitou	Q107090	Guillaume, V duc d'Aquitaine & III comte de Poitou	Q118743	William V, Duke of Aquitaine		Q382339	real	real	Q110982,Q110984	Q110096,Q110986,Q110988
DEDUPE	father	Q110992	William VI, Duke of Aquitaine	Q107090	Guillaume, V duc d'Aquitaine & III comte de Poitou	Q118743	William V, Duke of Aquitaine		Q382339	real	real	Q110982,Q110984	Q110096,Q110986,Q110988
DEDUPE	father	Q110994	William VII, Duke of Aquitaine	Q107090	Guillaume, V duc d'Aquitaine & III comte de Poitou	Q118743	William V, Duke of Aquitaine		Q382339	real	real	Q110982,Q110984	Q110096,Q110986,Q110988
DEDUPE	father	Q110996	William VIII, Duke of Aquitaine	Q107090	Guillaume, V duc d'Aquitaine & III comte de Poitou	Q118743	William V, Duke of Aquitaine		Q382339	real	real	Q110982,Q110984	Q110096,Q110986,Q110988
DEDUPE	father	Q110998	Béatrice, Countess of Melgueil	Q107090	Guillaume, V duc d'Aquitaine & III comte de Poitou	Q118743	William V, Duke of Aquitaine		Q382339	real	real	Q110982,Q110984	Q110096,Q110986,Q110988
DEDUPE	father	Q111623	Odo I, Count of Blois	Q111617	Theobald I, Count of Blois	Q206184	Thibaud II le Tricheur, comte de Blois	Q540472		real	real		
DEDUPE	mother	Q111623	Odo I, Count of Blois	Q111619	Luitgarde of Vermandois	Q205591	Luitgardis	Q1811439		real	real	Q112458,Q112538	Q112518
DEDUPE	father	Q111637	Ermentrude of Roucy	Q112590	Renaud of Roucy	Q205323	Ragenold (Renaud) I de Rheims 1st conde palatin, Comte de Roucy and de Rheims	Q1857117		real	real		
DEDUPE	mother	Q111637	Ermentrude of Roucy	Q112592	Alberade of Lorraine	Q206654	Alberade de Lothringen (Lorraine) von Hennegau von Hainault de Roucy, Countess of Lorraine	Q48925645		real	real	Q112468	
DEDUPE	father	Q111639	Reginald I, Count of Burgundy	Q111605	Otto-William, Count of Burgundy	Q205109	Person Q205109	Q928859		real	real	Q112502	Q111637
DEDUPE	father	Q111659	Clementia of Aquitaine	Q110994	William VII, Duke of Aquitaine	Q207060	Pierre Guillaume 'l'Aigret' ou 'le Hardi' d'Aquitaine, VII Duc d'Aquitaine, V Comte de Poitou	Q385211		real	real	Q110988,Q118743	
DEDUPE	mother	Q111659	Clementia of Aquitaine	Q111657	Ermesinde of Lotharingia	Q205418	Ermesinde I de Longwy, Duchess of Aquitaine	Q2274041		real	real		
DEDUPE	mother	Q111663	Hildegarde of Burgundy	Q112620	Ermengarde of Anjou, Duchess of Burgundy	Q206638	Ermengarda "Bianca" d'Angio	Q263343		real	real		Q112695,Q114197
DEDUPE	father	Q111669	Guillaume IX	Q110996	William VIII, Duke of Aquitaine	Q205534	Guy Geoffroy d'Aquitaine	Q462896		real	real	Q110988,Q118743	Q111663
DEDUPE	father	Q111974	Hnabi	Q111205	Huoching	Q206641	D'Alemanie	Q1638309		real	real		
DEDUPE	mother	Q111974	Hnabi	Q113099	NN	Q208048	der Alemannen	Q110611860		real	real		
DEDUPE	father	Q112246	Adalard of Paris	Q111432	Wulhard of Flavigny	Q207449	Wulfhard, comte de Flavigny	Q7744234		real	real		
DEDUPE	mother	Q112246	Adalard of Paris	Q111434	Suzanne	Q206249	Susanne	Q4448472		real	real		
DEDUPE	father	Q112352	Adelheid van Tours	Q113620	Hugh of Tours	Q206862	Hugues II "le Mefiant", comte de Tours	Q676082		real	real		
DEDUPE	mother	Q112352	Adelheid van Tours	Q113622	Ava of Morvois	Q206694	Ava de Morvois Countess of Lower Alsace	Q56233044		real	real		
DEDUPE	father	Q112356	Robert I of France	Q111497	Robert the Strong	Q206678	Robert IV "le Fort", marquis de Neustrie	Q433440		real	real		Q112352
DEDUPE	mother	Q112458	Adela of France	Q112454	Béatrice of Vermandois	Q206159	Aelis	Q263266		real	real		Q112356
DEDUPE	mother	Q112464	Henry I the Fowler	Q113876	Hedwiga	Q206672	Heduvige	Q3624235		real	real		Q113874
DEDUPE	mother	Q112480	Frederick I, Duke of Upper Lorraine	Q113962	Cunigunda of France	Q205984	Cunigunda, countess of Treves & Ardennes	Q458385		real	real		Q113960
DEDUPE	mother	Q112502	Adalbert of Italy	Q114022	Willa of Tuscany	Q206809	Willa di Toscana	Q2054995		real	real	Q115700	Q114020
DEDUPE	mother	Q112562	Odo II, Count of Blois	Q112558	Bertha of Burgundy	Q207165	Berthe	Q232522		real	real	Q113898,Q114129	Q111623,Q112490
DEDUPE	mother	Q112606	William I, Count of Burgundy	Q112604	Alice of Normandy	Q205627	Person Q205627	Q2728803		real	real	Q113932,Q114199	Q111639
DEDUPE	father	Q112658	Agnes I, Abbess of Quedlinburg	Q112656	Ladislaus I Herman	Q206139	I ,	Q54046		real	real		
DEDUPE	mother	Q112658	Agnes I, Abbess of Quedlinburg	Q111653	Judith of Swabia	Q205037	Judyta Szwabska	Q254374		real	real	Q110990,Q111645	
DEDUPE	mother	Q113235	Drogo of Champagne	Q112064	Plectrude	Q206906	Plectrude	Q463984		real	real		Q135895
DEDUPE	father	Q113366	Maulana Ishaq	Q112196	Ibrahim Zaindin kubra samarqandi	Q171423	11 Maulana Ibrahim Al-Hadrami Azmatkhan	Q108732918		real	real		
DEDUPE	mother	Q113464	Drogo	Q115564	Regina	Q205213	Regina	Q4995102		real	real		Q115039
DEDUPE	father	Q113566	Boso of Provence	Q115645	Bivin of Gorze	Q205968	comte et abbe laic de Gorze	Q605836		real	real		
DEDUPE	mother	Q113566	Boso of Provence	Q115648	Richildis of Arles	Q205578	Richilde d'Arles	Q61717067		real	real		
DEDUPE	mother	Q113572	Guilla of Provence	Q113568	Ermengard of Italy	Q206910	Unknown Wife of Boso	Q273602		real	real		Q113566
DEDUPE	father	Q113606	Adrian, Count of Orléans	Q115073	Gerold of Vinzgau	Q206669	Gerold I, graf im Kraichgau und Anglachgau	Q671572		real	real		
DEDUPE	mother	Q113606	Adrian, Count of Orléans	Q113103	Emma of Alamannia	Q207029	Imma	Q3052481		real	real	Q111974	
DEDUPE	father	Q113612	Conrad II, Duke of Transjurane Burgundy	Q113628	Conrad I, Count of Auxerre	Q205103	Conrad I le Vieux, comte d'Auxerre	Q645739		real	real		Q112352
DEDUPE	mother	Q113614	Rudolph I of Burgundy	Q112348	Wiltrud of Orleans	Q206035	Waldrade de Wormsgau	Q1286436		real	real		Q113612
DEDUPE	father	Q113626	Ermengarde of Tours	Q113620	Hugh of Tours	Q206862	Hugues II "le Mefiant", comte de Tours	Q676082		real	real		
DEDUPE	mother	Q113626	Ermengarde of Tours	Q113622	Ava of Morvois	Q206694	Ava de Morvois Countess of Lower Alsace	Q56233044		real	real		
DEDUPE	father	Q113732	Adela of Roucy	Q113716	Hilduin IV of Montdidier	Q208745	Count of Reims I Ebles	Q3135626		real	real		
DEDUPE	mother	Q113774	Callixtus II	Q113646	Stephanie of Burgundy	Q205352	av Burgund	Q2878505		real	real		Q112606
DEDUPE	mother	Q113790	Raymond of Burgundy	Q113646	Stephanie of Burgundy	Q205352	av Burgund	Q2878505		real	real		Q112606
DEDUPE	mother	Q113792	Sancha Raimúndez	Q106603	Urraca of Leon	Q118257	Urraca of León		Q128701	real	real	Q104013	Q112408,Q112885,Q113790
DEDUPE	mother	Q113794	Alfonso VII of Castile	Q106603	Urraca of Leon	Q118257	Urraca of León		Q128701	real	real	Q104013	Q112408,Q112885,Q113790
DEDUPE	mother	Q113796	Elvira Pérez de Lara	Q106603	Urraca of Leon	Q118257	Urraca of León		Q128701	real	real	Q104013	Q112408,Q112885,Q113790
DEDUPE	mother	Q113798	Fernando Pérez de Lara	Q106603	Urraca of Leon	Q118257	Urraca of León		Q128701	real	real	Q104013	Q112408,Q112885,Q113790
DEDUPE	mother	Q113800	Roger II of Sicily	Q116082	Adelaide del Vasto	Q205919	Adelaide del Vasto signora di Savona	Q51000		real	real		Q116080
DEDUPE	father	Q113874	Otto I	Q116255	Liudolf, Duke of Saxony	Q205410	Liudolfo da Saxonia	Q437974		real	real		
DEDUPE	mother	Q113874	Otto I	Q116257	Oda of Billung	Q205411	Oda	Q11993048		real	real		
DEDUPE	mother	Q113878	Oda of Saxony	Q113876	Hedwiga	Q206672	Heduvige	Q3624235		real	real		Q113874
DEDUPE	mother	Q113886	Louis IV of France	Q113856	Eadgifu of Wessex	Q206256	Edgiva	Q268105		real	real		Q112542,Q115496
DEDUPE	father	Q113906	Henry II, Duke of Bavaria	Q112470	Henry I	Q205981	Henrique I da Baviera	Q367571		real	real	Q112464,Q112466	
DEDUPE	mother	Q113906	Henry II, Duke of Bavaria	Q113904	Judith of Bavaria	Q205599	Judite	Q454000		real	real		
DEDUPE	mother	Q113912	Adelaide of Italy	Q116355	Bertha of Swabia	Q205409	Berta	Q270395		real	real		Q115670
DEDUPE	father	Q113966	Siegfried of Luxembourg	Q113960	Wigeric of Lotharingia	Q208757	NN /3rd husband/partner of Cunigonde/	Q688914		real	real		Q205984
DEDUPE	mother	Q113966	Siegfried of Luxembourg	Q113962	Cunigunda of France	Q205984	Cunigunda, countess of Treves & Ardennes	Q458385		real	real		Q113960
DEDUPE	father	Q113981	Gilbert, Duke of Burgundy	Q116565	Manassès I	Q205967	Manasses II "l'Ancien" Comte de Chalons Comte de Dijon	Q3012623		real	real		
DEDUPE	mother	Q113983	Adelaide of Troyes	Q113982	Ermengarde of Burgundy	Q205972	Princess Ermengarde of Lorraine	Q16034150		real	real		Q113981
DEDUPE	father	Q113989	Beatrix de Hainaut	Q113985	Reginar IV, Count of Mons	Q205601	Reinier IV, graaf van Henegouwen	Q128208		real	real	Q116573,Q116575	
DEDUPE	mother	Q113989	Beatrix de Hainaut	Q112488	Hedwig of France, Countess of Mons	Q206713	Hedwige De France	Q3129344		real	real	Q111599,Q111613	
DEDUPE	father	Q114020	Berengar II of Italy	Q116637	Adalbert I of Ivrea	Q205191	Adalberto I, marchese d'Ivrea	Q347426		real	real	Q120508	
DEDUPE	mother	Q114020	Berengar II of Italy	Q116639	Gisela of Friuli	Q206967	Gisla del Friuli	Q3769073		real	real		
DEDUPE	mother	Q114028	Gerberga d'Ivrea	Q114022	Willa of Tuscany	Q206809	Willa di Toscana	Q2054995		real	real	Q115700	Q114020
DEDUPE	mother	Q114035	Louis V of France	Q116315	Emma of Italy	Q205970	Czeski	Q261883		real	real	Q113912	Q113896
DEDUPE	mother	Q114058	Gisela of France	Q116691	Frederuna	Q207475	Frederuna	Q272103		real	real		Q115496
DEDUPE	mother	Q114103	Baldwin III, Count of Flanders	Q112540	Adele of Vermandois	Q206864	Aleidis van Vermandois	Q506720		real	real	Q112458,Q112538	Q114101
DEDUPE	mother	Q114129	Conrad I of Burgundy	Q116355	Bertha of Swabia	Q205409	Berta	Q270395		real	real		Q115670
DEDUPE	mother	Q114141	Theobald III	Q114139	Ermengarde d'Auvergne	Q205529	Ermengarde d'Auvergne	Q18223300		real	real		Q112562
DEDUPE	father	Q114197	Geoffrey II, Count of Gâtinais	Q114193	Hugues du Perche	Q205255	Hugues du Perche, Comte de Gatinais	Q3142767		real	real		
DEDUPE	mother	Q114197	Geoffrey II, Count of Gâtinais	Q112602	Béatrice de Mâcon	Q206731	Beatrice de Macon	Q2929506		real	real	Q111637	
DEDUPE	mother	Q114211	Stephen I, Count of Burgundy	Q113646	Stephanie of Burgundy	Q205352	av Burgund	Q2878505		real	real		Q112606
DEDUPE	mother	Q114215	Clementia of Burgundy	Q113646	Stephanie of Burgundy	Q205352	av Burgund	Q2878505		real	real		Q112606
DEDUPE	father	Q114223	Robert Guiscard	Q116459	Tancred of Hauteville	Q205221	Tancredi d'Altavilla	Q26731		real	real		
DEDUPE	mother	Q114223	Robert Guiscard	Q113948	Fressenda of Hauteville	Q205224	Person Q205224	Q13563381		real	real		
DEDUPE	mother	Q114275	Bruno II	Q114269	Gertrud die Ältere von Braunschweig	Q206920	Gertrude von Egisheim	Q15434092		real	real		Q112636
DEDUPE	mother	Q114277	Ida von Elsdorf	Q114269	Gertrud die Ältere von Braunschweig	Q206920	Gertrude von Egisheim	Q15434092		real	real		Q112636
DEDUPE	father	Q114283	Adelaide of Susa	Q117063	Ulric Manfred II of Turin	Q206692	Olderico Manfredi II degli Arduinici marchese di Torino e Susa	Q2161868		real	real		
DEDUPE	mother	Q114283	Adelaide of Susa	Q117065	Bertha of Milan	Q206966	Berta degli Obertenghi di Milano	Q16275094		real	real		
DEDUPE	father	Q114435	Bertha of Rheinfelden	Q112666	Rudolf of Rheinfelden	Q206334	Rudolf of Rheinfelden, King of Germany	Q438435		real	real		
DEDUPE	mother	Q114435	Bertha of Rheinfelden	Q114305	Adelaide of Savoy	Q205565	Adelaide de Maurienne (de Savoie, di Susa)	Q2825471		real	real	Q114283,Q114301	
DEDUPE	mother	Q114491	Baldwin III, Count of Hainaut	Q117708	Ida of Louvain	Q206503	Ida van Leuven	Q5399506		real	real		Q117706
DEDUPE	mother	Q114511	Waleran, Duke of Lower Lorraine	Q117768	Adelheid von Pottenstein	Q205562	Adelheid	Q76207649		real	real		Q117766
DEDUPE	father	Q114552	Fulk, King of Jerusalem	Q112699	Fulk le Réchin	Q208842	Foulques IV "le Rechin", comte d'Anjou	Q48115		real	real	Q114197	Q114542
DEDUPE	mother	Q114552	Fulk, King of Jerusalem	Q114540	Bertrade of Montfort	Q206271	Bertrade de Montfort, reine des Francs	Q242601		real	real		
DEDUPE	father	Q114708	Hugh II, Duke of Burgundy	Q112803	Odo I, Duke of Burgundy	Q118443	Eudes I 'Borel' duc de Bourgogne	Q544125		real	real		
DEDUPE	mother	Q114708	Hugh II, Duke of Burgundy	Q114213	Sibylla of Burgundy, Duchess of Burgundy	Q205237	Sibylle, duchesse consort de Bourgogne	Q2069992		real	real	Q112606	
DEDUPE	mother	Q114730	Sikelgaita	Q118202	Porpora de Tabellaria	Q206602	Gemma Capua di Marsico	Q76346725		real	real		Q118200
DEDUPE	mother	Q114743	Aimery II of Narbonne	Q112815	Matilde d'Altavilla	Q205637	Matilde Altavilla di Puglia	Q9026788		real	real	Q114223,Q114730	Q114741
DEDUPE	mother	Q114744	Berenguer of Narbonne	Q112815	Matilde d'Altavilla	Q205637	Matilde Altavilla di Puglia	Q9026788		real	real	Q114223,Q114730	Q114741
DEDUPE	father	Q115077	Hildegard of Vinzgouw	Q115073	Gerold of Vinzgau	Q206669	Gerold I, graf im Kraichgau und Anglachgau	Q671572		real	real		
DEDUPE	mother	Q115077	Hildegard of Vinzgouw	Q113103	Emma of Alamannia	Q207029	Imma	Q3052481		real	real	Q111974	
DEDUPE	mother	Q115496	Charles the Simple	Q113420	Adelaide of Paris	Q206502	Adelais de Paris	Q254095		real	real	Q112246	Q115494
DEDUPE	father	Q115514	Ermengarde of Hesbaye	Q118932	Ingerman of Hesbaye	Q207022	Ingram, comte de Hesbaye	Q920959		real	real		
DEDUPE	mother	Q115514	Ermengarde of Hesbaye	Q118934	Rotrude	Q205063	Rotrude	Q56258080		real	real		
DEDUPE	mother	Q115540	Hardouin de Ponthieu	Q113440	Bertha	Q205641	Berthe Prinses der Franken	Q827676		real	real	Q115039,Q115077	Q118967
DEDUPE	mother	Q115552	Bernard of Italy	Q115550	Ruodhaid	Q206123	Bertha de Toulouse	Q23979501		real	real		Q113462
DEDUPE	mother	Q115596	Baldwin II	Q115594	Judith of Flanders	Q205535	Judith, gravin van Vlaanderen	Q429927		real	real	Q115524,Q115716	Q113506,Q118995
DEDUPE	mother	Q115598	Raoul of Flanders	Q115594	Judith of Flanders	Q205535	Judith, gravin van Vlaanderen	Q429927		real	real	Q115524,Q115716	Q113506,Q118995
DEDUPE	mother	Q115600	Charles van Vlaanderen	Q115594	Judith of Flanders	Q205535	Judith, gravin van Vlaanderen	Q429927		real	real	Q115524,Q115716	Q113506,Q118995
DEDUPE	father	Q115650	Richard, Duke of Burgundy	Q115645	Bivin of Gorze	Q205968	comte et abbe laic de Gorze	Q605836		real	real		
DEDUPE	mother	Q115656	Ermengarde	Q113568	Ermengard of Italy	Q205360	Engelberga	Q273602		real	real		
DEDUPE	father	Q115700	Boso, Margrave of Tuscany	Q119079	Theobald of Arles	Q205102	Theobald, comte d'Arles	Q280371		real	real		
DEDUPE	mother	Q115700	Boso, Margrave of Tuscany	Q119081	Bertha of Lotharingia	Q206068	Bertha, margravine de Toscane	Q747591		real	real	Q115736	
DEDUPE	father	Q115808	Pedro Manrique de Lara	Q106950	Manrique Perez de Lara	Q118603	Manrique Pérez de Lara		Q6751540	real	real	Q112885	Q115806
DEDUPE	father	Q115810	Aimerico Manrique de Lara	Q106950	Manrique Perez de Lara	Q118603	Manrique Pérez de Lara		Q6751540	real	real	Q112885	Q115806
DEDUPE	father	Q115916	Arnold I of Chiny	Q119414	Louis II of Chiny	Q205586	Gui I de Vermandois, comte de Soissons	Q2843474		real	real		
DEDUPE	father	Q115988	Amadeus III, Count of Savoy	Q115984	Umberto II, Count of Savoy	Q205169	Umberto II, conte di Savoia "il Rinforzato"	Q553289		real	real	Q114303	
DEDUPE	mother	Q115988	Amadeus III, Count of Savoy	Q113776	Gisela of Burgundy	Q205447	Gisela	Q623188		real	real	Q112606	
DEDUPE	father	Q115990	Adelaide of Maurienne	Q115984	Umberto II, Count of Savoy	Q205169	Umberto II, conte di Savoia "il Rinforzato"	Q553289		real	real	Q114303	
DEDUPE	mother	Q115990	Adelaide of Maurienne	Q113776	Gisela of Burgundy	Q205447	Gisela	Q623188		real	real	Q112606	
DEDUPE	father	Q116000	Raymond V, Count of Toulouse	Q107026	Alphonse Jourdain	Q118679	Alphonse Jourdain		Q561182	real	real	Q112428,Q112446	Q115998
DEDUPE	father	Q116002	Alphonse of Toulouse	Q107026	Alphonse Jourdain	Q118679	Alphonse Jourdain		Q561182	real	real	Q112428,Q112446	Q115998
DEDUPE	father	Q116004	Faidiva of Toulouse	Q107026	Alphonse Jourdain	Q118679	Alphonse Jourdain		Q561182	real	real	Q112428,Q112446	Q115998
DEDUPE	father	Q116006	Laurence of Toulouse	Q107026	Alphonse Jourdain	Q118679	Alphonse Jourdain		Q561182	real	real	Q112428,Q112446	Q115998
DEDUPE	mother	Q116030	Urraca of Portugal	Q106750	Maud of Savoy	Q118403	Maud of Savoy		Q234234	real	real	Q115988,Q118269	Q104129
DEDUPE	mother	Q116032	Theresa of Portugal	Q106750	Maud of Savoy	Q118403	Maud of Savoy		Q234234	real	real	Q115988,Q118269	Q104129
DEDUPE	mother	Q116038	Mafalda of Portugal	Q106750	Maud of Savoy	Q118403	Maud of Savoy		Q234234	real	real	Q115988,Q118269	Q104129
DEDUPE	mother	Q116040	Sancha of Portugal I	Q106750	Maud of Savoy	Q118403	Maud of Savoy		Q234234	real	real	Q115988,Q118269	Q104129
DEDUPE	father	Q116080	Roger I of Sicily	Q116459	Tancred of Hauteville	Q205221	Tancredi d'Altavilla	Q26731		real	real		
DEDUPE	mother	Q116080	Roger I of Sicily	Q113948	Fressenda of Hauteville	Q205224	Person Q205224	Q13563381		real	real		
DEDUPE	mother	Q116243	Pippin	Q115652	Richilde of Provence	Q205540	Richilda	Q235776		real	real		Q115524
DEDUPE	father	Q116259	Liutgard of Saxony	Q116255	Liudolf, Duke of Saxony	Q205410	Liudolfo da Saxonia	Q437974		real	real		
DEDUPE	mother	Q116259	Liutgard of Saxony	Q116257	Oda of Billung	Q205411	Oda	Q11993048		real	real		
DEDUPE	father	Q116263	Hathumod	Q116255	Liudolf, Duke of Saxony	Q205410	Liudolfo da Saxonia	Q437974		real	real		
DEDUPE	mother	Q116263	Hathumod	Q116257	Oda of Billung	Q205411	Oda	Q11993048		real	real		
DEDUPE	father	Q116313	Reginar II, Count of Hainaut	Q116311	Reginar I Longneck	Q206655	Reginar I Longneck de Lotharingia duc de Lorraine, comte de Hainault	Q206774		real	real	Q115744,Q119125	
DEDUPE	mother	Q116313	Reginar II, Count of Hainaut	Q120077	Alberade von Kleve	Q206658	Alberade ou Hersent De Lorraine	Q76101995		real	real		
DEDUPE	mother	Q116343	Henry II, Holy Roman Emperor	Q114133	Gisela of Burgundy	Q205982	Gisela  Herzogin zu Bayern	Q254389		real	real	Q114129	Q113906
DEDUPE	mother	Q116369	Otto I, Duke of Swabia and Bavaria	Q116367	Ida von Schwaben	Q205512	Ida	Q25487193		real	real		Q113916
DEDUPE	mother	Q116441	Odo, Count of Penthièvre	Q113940	Hawise of Normandy	Q206041	Havoise De Normandie	Q3128713		real	real		Q116437
DEDUPE	father	Q116461	William Iron Arm	Q116459	Tancred of Hauteville	Q205221	Tancredi d'Altavilla	Q26731		real	real		
DEDUPE	mother	Q116461	William Iron Arm	Q113946	Miruel of Hauteville	Q205096	Muriella de Normandie	Q13589690		real	real		
DEDUPE	father	Q116463	Drogo of Hauteville	Q116459	Tancred of Hauteville	Q205221	Tancredi d'Altavilla	Q26731		real	real		
DEDUPE	mother	Q116463	Drogo of Hauteville	Q113946	Miruel of Hauteville	Q205096	Muriella de Normandie	Q13589690		real	real		
DEDUPE	father	Q116473	William of the Principate	Q116459	Tancred of Hauteville	Q205221	Tancredi d'Altavilla	Q26731		real	real		
DEDUPE	mother	Q116473	William of the Principate	Q113948	Fressenda of Hauteville	Q205224	Person Q205224	Q13563381		real	real		
DEDUPE	father	Q116555	Sophie, Countess of Bar	Q113978	Frederick II, Duke of Upper Lorraine	Q206520	Friedrich II. Herzog von Oberlothringen	Q700599		real	real		
DEDUPE	mother	Q116555	Sophie, Countess of Bar	Q114253	Matilda of Swabia	Q205628	Матильда Швабская	Q470283		real	real	Q114135,Q114251	
DEDUPE	mother	Q116573	Reginar III, Count of Hainaut	Q120079	Adelaide de Bourgogne	Q207397	Adelheid II van Boergondie	Q76102465		real	real		Q116313
DEDUPE	mother	Q116587	Arnulf II, count of Flanders	Q116745	Matilda of Saxony	Q206631	Mathilde van Saksen, gravin van Vlaanderen	Q3299000		real	real		Q114103
DEDUPE	mother	Q116589	Baldwin IV	Q113990	Rozala of Italy	Q205068	Suzanna van Italie	Q466257		real	real	Q114020	Q112490,Q116587
DEDUPE	father	Q116751	Adela of Hamaland	Q116747	Wickman, Count of Hamaland	Q206715	Wichmann IV (V) van Hamaland, graaf van Gent en Hamaland	Q2473377		real	real		
DEDUPE	mother	Q116751	Adela of Hamaland	Q114105	Liutgarde of Flanders	Q206142	de Flandre	Q2805066		real	real	Q114101	
DEDUPE	father	Q116765	Ardolf I of Guînes	Q116763	Siegfried I of Guînes	Q205199	Sigfried le Danois	Q2283178		real	real		
DEDUPE	mother	Q116765	Ardolf I of Guînes	Q114109	Elstrude de Flandre	Q205116	Elstrude, gravin van Vlaanderen	Q75558721		real	real	Q114101	
DEDUPE	mother	Q116805	Stephen	Q116801	Gersende of Maine	Q206652	Gersende du Maine	Q7365775		real	real		Q114141
DEDUPE	mother	Q116879	Judith of Flanders, Countess of Northumbria	Q114201	Eleanor of Normandy	Q206121	Eleonora van Normandie	Q3173713		real	real	Q113932,Q114199	Q116589
DEDUPE	mother	Q116891	William IV of Burgundy	Q116887	Beatrice of Lorraine	Q206650	Beatrice of Lorraine	Q22328248	Q22328248	real	real		Q114211
DEDUPE	mother	Q116893	Marguerite de Bourgogne	Q116887	Beatrice of Lorraine	Q206650	Beatrice of Lorraine	Q22328248	Q22328248	real	real		Q114211
DEDUPE	father	Q116903	Baldwin VII, Count of Flanders	Q116899	Robert II	Q205344	Robrecht II	Q333306		real	real	Q116613,Q120460	Q114215
DEDUPE	father	Q117025	Gertrude of Brunswick	Q114273	Egbert I, Margrave of Meissen	Q206938	Eckbert I, margrave of Meissen	Q62523		real	real	Q112636	
DEDUPE	mother	Q117025	Gertrude of Brunswick	Q117023	Immilla of Turin	Q206768	Person Q206768	Q16985749		real	real		
DEDUPE	mother	Q117193	Judith of Bavaria, Duchess of Swabia	Q121396	Wulfhilde of Saxony	Q206096	Ulfhild	Q2798291		real	real		Q120830
DEDUPE	mother	Q117327	Sybilla of Normandy	Q119555	Sybilla Corbet	Q205661	? Concubine #4 of Henry I	Q2001541		real	real		Q115966
DEDUPE	mother	Q117331	Reginald de Dunstanville, 1st Earl of Cornwall	Q119555	Sybilla Corbet	Q205294	Sibile Korbet is Alkesterio Lady	Q2001541		real	real		Q115966
DEDUPE	mother	Q117335	Robert, 1st Earl of Gloucester	Q119555	Sybilla Corbet	Q206950	Unknown Woman de Caen Concubine #1 of Henry I of England	Q2001541		real	real		Q115966
DEDUPE	mother	Q117337	Fulk FitzRoy	Q119553	Ansfride (?)	Q205487	Ansfride Widow of Anskill	Q75384474		real	real		Q115966
DEDUPE	father	Q117646	Albert III of Namur	Q120099	Albert II of Namur	Q205615	Albert II  comte de Namur	Q262528		real	real		
DEDUPE	mother	Q117646	Albert III of Namur	Q120522	Regelindis of Lower-Lorraine	Q205616	Regilinde de Namur	Q2288787		real	real		
DEDUPE	father	Q118220	Foy	Q115706	Hugh of Rouergue	Q205229	Hugues, comte de Rouergue	Q2506456		real	real		
DEDUPE	father	Q118394	Constans	Q61367	Constantine the Great	Q62555	Constantine the Great		Q8413	real	real	Q61565,Q61664	Q61334
DEDUPE	mother	Q118474	Gratian	Q123624	Marina Severa	Q166660	Marina Severa	Q1233341		real	real		Q73089
DEDUPE	father	Q118743	William V, Duke of Aquitaine	Q110982	William IV, Duke of Aquitaine	Q205619	Guillaume V d'Aquitaine Fierbrace	Q708547		real	real		Q110984
DEDUPE	father	Q118858	Nyi Ageng Ngerang III	Q118854	Sunan Kalijaga	Q162170	Person Q162170	Q4201251		real	real		
DEDUPE	mother	Q118938	Carloman of Bavaria	Q115754	Hemma	Q205527	Emma von Altdorf	Q235668		real	real		Q115520
DEDUPE	mother	Q118944	Charles the Fat	Q115754	Hemma	Q205527	Emma von Altdorf	Q235668		real	real		Q115520
DEDUPE	father	Q119089	Lambert, Margrave of Tuscany	Q124159	Adalbert II, Margrave of Tuscany	Q206795	Adalberto II "il Ricco" marchese di Toscana	Q347496		real	real	Q139459	
DEDUPE	mother	Q119089	Lambert, Margrave of Tuscany	Q119081	Bertha of Lotharingia	Q206068	Bertha, margravine de Toscane	Q747591		real	real	Q115736	
DEDUPE	father	Q119996	Hugh II, Count of Maine	Q116231	Hugh I, Count of Maine	Q208594	David or Hugues du Maine I	Q2033094		real	real		
DEDUPE	father	Q120042	Louis the Child	Q120038	Arnulf of Carinthia	Q208193	Arnulf Arnoul ( Batard ) von Karnten	Q154936		real	real	Q118938	
DEDUPE	mother	Q120042	Louis the Child	Q124165	Ota	Q205695	Oda	Q265436		real	real		
DEDUPE	father	Q120052	Gerberga of Lorraine	Q116287	Godfrey, Count Palatine of Lotharingia	Q206379	Person Q206379	Q835242		real	real		
DEDUPE	mother	Q120052	Gerberga of Lorraine	Q118910	Ermentrud des Francs	Q205368	Billung Im Padergau	Q76300819		real	real	Q115496	
DEDUPE	father	Q120105	Cunigunde of Swabia	Q124044	Berchthold I of Swabia	Q205611	Berthold I, pfalzgraf in Schwaben	Q12273182		real	real		
DEDUPE	mother	Q120105	Cunigunde of Swabia	Q118950	Gisela	Q206757	Gisela of Alsace	Q24039064		real	real	Q115520	
DEDUPE	mother	Q120287	Richard of Salerno	Q120285	Maria di Sorrento	Q206929	Maria di Sorrento	Q21197903		real	real		Q116473
DEDUPE	father	Q120402	Boniface III, Margrave of Tuscany	Q125945	Tedald of Canossa	Q205329	Tedaldo di Canossa margrave of Brescia, Modena, Ferrara, Reggio & Mantua	Q2055129		real	real		
DEDUPE	mother	Q120402	Boniface III, Margrave of Tuscany	Q124149	Willa of Tuscany	Q207812	Willa III Hucpoldinga	Q60040644		real	real		
DEDUPE	mother	Q120406	Matilda of Tuscany	Q116559	Beatrice of Lorraine	Q206722	Beatrice di Lotaringia	Q266635		real	real		Q120402,Q120404
DEDUPE	father	Q120508	Anscar of Ivrea	Q126091	Amédée d'Oscheret	Q205189	Amedeo, conte di Langres	Q2844720		real	real		
DEDUPE	father	Q120830	Henry IX, Duke of Bavaria	Q120824	Welf I, Duke of Bavaria	Q205100	Guelfo IV, duca di Baviera	Q550343		real	real	Q122321	Q116879
DEDUPE	father	Q120834	Skuli Tostisson Kongsfostre	Q120822	Tostig Godwinson	Q206027	Toste Godwinsson	Q345420		real	real		Q116879
DEDUPE	father	Q120926	Joscelin I, Count of Edessa	Q116945	Joscelin de Courtenay	Q205121	Joscelin I, seigneur de Courtenay	Q2910443		real	real		
DEDUPE	mother	Q120926	Joscelin I, Count of Edessa	Q120612	Elizabeth of Montlhéry	Q206234	Elisabeth de Montlhery	Q15649012		real	real		
DEDUPE	mother	Q121197	Ida of Lorraine	Q125949	Doda	Q206767	Doda of Lorraine	Q22344311		real	real		Q120404
DEDUPE	mother	Q121398	Welf VI, Margrave of Tuscany	Q121396	Wulfhilde of Saxony	Q206096	Ulfhild	Q2798291		real	real		Q120830
DEDUPE	father	Q121509	Henry the Lion	Q121400	Henry X	Q206868	Heinrich der Stolze, Herzog von Bayern	Q366696		real	real	Q120830	
DEDUPE	mother	Q121509	Henry the Lion	Q117221	Gertrude of Süpplingenburg	Q205296	Gertrud of Supplingenburg, Duchess of Bavaria	Q62054		real	real	Q121507	
DEDUPE	father	Q121586	Manfred II of Saluzzo	Q126807	Manfred I, Marquess of Saluzzo	Q205436	Manfredo I del Vasto marchese di Saluzzo	Q368445		real	real		
DEDUPE	father	Q121971	Adelaide of Mochental	Q117455	Diepold II, Margrave of Vohburg	Q205785	Diepold II von Vohburg Graf im bayerischen Nordgau	Q61812302		real	real		
DEDUPE	mother	Q121971	Adelaide of Mochental	Q117457	Liutgard von Zähringen	Q206578	Luitgard von Karnten	Q1866153		real	real		
DEDUPE	father	Q122303	Thierry of Lorraine, Count of Flanders	Q117600	Theodoric II	Q205966	Diederik II, hertog van Lotharingen	Q700593		real	real		
DEDUPE	mother	Q122303	Thierry of Lorraine, Count of Flanders	Q120462	Gertrude of Flanders	Q207467	Gertrudis, gravin van Leuven	Q3104402		real	real	Q116613,Q120460	
DEDUPE	father	Q123355	Guaimar III of Salerno	Q143444	John II of Salerno	Q205389	Giovanni II "Maledictus" principe di Salerno	Q2518611		real	real		
DEDUPE	father	Q123357	Gaitelgrima di Benevento	Q143446	Pandulf II of Benevento	Q205110	Pandolfo II-III "il Vecchio" principe di Benevento e Capua	Q2986986		real	real		
DEDUPE	father	Q123379	Ingegerd Knutsdotter of Denmark	Q123257	Canute IV of Denmark	Q206831	Knut IV Svendsen  kung av Danmark	Q212284		real	real		Q118212
DEDUPE	father	Q123556	Constantina	Q61367	Constantine the Great	Q62555	Constantine the Great		Q8413	real	real	Q61565,Q61664	Q61334
DEDUPE	father	Q123558	Helena	Q61367	Constantine the Great	Q62555	Constantine the Great		Q8413	real	real	Q61565,Q61664	Q61334
DEDUPE	father	Q123560	Constantius II	Q61367	Constantine the Great	Q62555	Constantine the Great		Q8413	real	real	Q61565,Q61664	Q61334
DEDUPE	father	Q123562	Constantine II	Q61367	Constantine the Great	Q62555	Constantine the Great		Q8413	real	real	Q61565,Q61664	Q61334
DEDUPE	father	Q123564	Crispus	Q61367	Constantine the Great	Q62555	Constantine the Great		Q8413	real	real	Q61565,Q61664	Q61334
DEDUPE	mother	Q123632	Constantia	Q61041	Fausta	Q136835	Faustina		Q63533	real	real		Q123560
DEDUPE	father	Q124163	Vertha of Provence	Q119085	Hugh of Italy	Q206702	Hugues I d'Arles, King of Italy, Regent of Lower Burgundy	Q378763		real	real		
DEDUPE	father	Q125138	João Afonso Telo de Meneses	Q106710	Alfonso Tellez I de Meneses	Q118363	Alfonso Téllez I de Meneses		Q521492	real	real		Q119720
DEDUPE	father	Q125140	Afonso Telo de Meneses	Q106710	Alfonso Tellez I de Meneses	Q118363	Alfonso Téllez I de Meneses		Q521492	real	real		Q119720
DEDUPE	father	Q126047	Adelaide of Leuven	Q120862	Henry III, Count of Louvain	Q206526	Hendrik III van Leuven en Brussel	Q967088		real	real		
DEDUPE	mother	Q126047	Adelaide of Leuven	Q120462	Gertrude of Flanders	Q207467	Gertrudis, gravin van Leuven	Q3104402		real	real	Q116613,Q120460	
DEDUPE	father	Q126305	Obizzo I d’Este	Q120728	Fulco I, Margrave of Milan	Q206648	/Fulco I of /Este-Milan/fulk/	Q530743		real	real		
DEDUPE	mother	Q126305	Obizzo I d’Este	Q126303	NN	Q205936	N.N.	Q116007140		real	real		
DEDUPE	father	Q129365	Basemath	Q86331	Elon  the Hittite	Q129307	Ishmael		Q183403	real	real		
DEDUPE	father	Q135223	Alexander the Great	Q135177	Philip II of Macedon	Q165964	II	Q130650		real	real		Q135218
DEDUPE	father	Q135225	Cleopatra of Macedon	Q135177	Philip II of Macedon	Q165964	II	Q130650		real	real		Q135218
DEDUPE	father	Q135432	Leonidas I	Q135318	Anaxandridas II	Q167003	Anaxandridas II	Q349897		real	real		
DEDUPE	father	Q135732	Archidamus II	Q135575	Zeuxidamus	Q167043	Ζευξίδαμος	Q4177485		real	real		
DEDUPE	father	Q135766	Perseus of Macedon	Q135629	Philip V of Macedon	Q165331	Φίλιππος	Q237248		real	real		
DEDUPE	mother	Q135766	Perseus of Macedon	Q135765	Polycratia of Argos	Q165425	Πολυκρατία	Q7226248		real	real		
DEDUPE	father	Q136139	Harmonia	Q135908	Gelo, son of Hiero II	Q165853	Gelo II, Co-King of Syracuse XVI (until 216 BC)	Q1073680		real	real		
DEDUPE	father	Q137125	Leonidas II	Q136722	Cleonymus	Q167102	Cleonymus	Q930518		real	real		
DEDUPE	mother	Q137592	Pepin, Count of Vermandois	Q118973	Cunigunde	Q205174	Person Q205174	Q23979522		real	real		Q115552
DEDUPE	father	Q139631	Lucius Aemilius Paullus	Q70952	Lucius milius Lepidus Paullus	Q138434	Paullus Aemilius Lepidus		Q375849	real	real		
DEDUPE	mother	Q139631	Lucius Aemilius Paullus	Q70949	Cornelia Scipio	Q139597	Cornelia		Q2530944	real	real	Q72242	
DEDUPE	father	Q141312	Boniface II, Margrave of Tuscany	Q143968	Boniface I, Margrave of Tuscany	Q206987	Bonifacio I "il Bavaro" conte e duca di Lucca	Q2178216		real	real		
DEDUPE	mother	Q141768	Lucius Plautius Lamia Silvanus	Q76669	Annia	Q144370	Rupilia		Q12292675	real	real		Q76666
DEDUPE	mother	Q143493	Ramiro II of León	Q75438	Elvira Menendez	Q99895	Elvira  Menéndez	Q840414		real	real	Q75441,Q75444	Q99907
DEDUPE	father	Q143499	Sancho III of Navarre	Q100950	Garcia  Sanchez II "El Tremulo"	Q110074	García Sánchez II of Pamplona		Q358396	real	real	Q100435,Q100948	
DEDUPE	mother	Q143499	Sancho III of Navarre	Q101718	Jimena  Fernandez de Leon	Q110482	Jimena Fernández		Q3807743	real	real	Q114318	
DEDUPE	mother	Q143971	Theodora II of Tusculum	Q143970	Theodora	Q205798	Theodora	Q44978		real	real		Q143969
DEDUPE	father	Q147881	Gisulf I of Salerno	Q143964	Guaimar II of Salerno	Q206421	Guaimario II "il Gobbo" principe di Salerno	Q2705969		real	real		
DEDUPE	mother	Q147881	Gisulf I of Salerno	Q147879	Gaitelgrima of Benevento	Q206427	Gaitelgrima di Capua	Q124424132		real	real		
DEDUPE	father	Q147893	Crescentius the Elder	Q147889	Giovanni Crescenzi	Q207193	John I Crescentius	Q116474013		real	real		Q143971
DEDUPE	father	Q148329	Julia Soaemias	Q151864	Julius Avitus	Q166158	Julius Calpurnius Piso Avidius Cassius Severus (Julius Piso III)	Q1232755		real	real		
DEDUPE	mother	Q148329	Julia Soaemias	Q4680	Julia Maesa	Q166165	Julia Maesa	Q231258		real	real	Q64615	
DEDUPE	mother	Q148330	Aurelia Antonina	Q151863	Fulvia Plautilla	Q166259	Publia Fulvia Plautilla	Q238151		real	real		Q148328
DEDUPE	father	Q148331	Severus Alexander	Q144407	Elagabalus	Q166247	Marcus Julius Gessius Marcianus	Q1762		real	real		
DEDUPE	mother	Q148331	Severus Alexander	Q4681	Julia Avita Mamaea	Q166205	Julia Avita Mamaea	Q235090		real	real		
DEDUPE	father	Q151904	Valerius Adelphius Bassus	Q75582	Lucius Valerius Septimus Bassus	Q151879	Lucius Valerius Septimius Bassus		Q3655706	real	real		
DEDUPE	mother	Q151904	Valerius Adelphius Bassus	Q75585	Adelphia Probia	Q123597	Adelphia		Q12271209	real	real	Q75576,Q75579	
DEDUPE	father	Q152902	Seizapter the sixteen-gilled	Q2782	Dezotopter the eighteen-gilled	Q30614	Dezotopter			real	real		
DEDUPE	father	Q152945	Onka Onychodontidae	Q30767	Onychodontidae	Q152944	1 Onychodontidae			real	real	Q152943	
DEDUPE	father	Q152973	Adam Y Chromosomal Adam	Q1131	Homo sapiens	Q105575574	Ante Adam		Q105575574	real	real		
DEDUPE	father	Q152995	Great Descendant Great Descendant	Q86776	NN  Imaam Hasan al-Askari	Q152994	Great Descendant Borjin			real	real		
DEDUPE	father	Q153214	Adwayawarman \ Adwaya Brahman (Rakyan Maha menteri Singosari) Adwaya Brahman (Rakyan Maha menteri Singosari) Adwaya Brahman (Rakyan Maha menteri Singosari)	Q48315	NO FURTHER INFO [EM]	Q153218	Ranggawuni Singsari Placeholder surname			real	real		
DEDUPE	mother	Q153215	Puti Reno Marak \ Dara Jingga [EM] . . . . . . . Dara Jingga [EM]	Q48323		Q48331	Wife of Tribhuwanaraja [EM]			real	real		Q153219
DEDUPE	mother	Q153217	Dyah Wiyat Wijaya	Q1683	Gayatri Rajapatni	Q48279	Gayatri Rajapatni			real	real		Q1684
DEDUPE	father	Q153218	Ranggawuni Singsari Placeholder surname	Q1699	Wisnuwardana	Q48347	Wisnuwardana			real	real	Q1706,Q48403	
DEDUPE	father	Q153219	Maharaja Malayu II - Tribhuwanaraja (1286-1316) Placeholder surname Sang Sapurba	Q48375	Trailokyaraja  Raja Sriwijaya & Malayupura	Q48379				real	real		
DEDUPE	father	Q153219	Maharaja Malayu II - Tribhuwanaraja (1286-1316) Placeholder surname Sang Sapurba	Q48375	Trailokyaraja  Raja Sriwijaya & Malayupura	Q153224	Raja Langkasuka Sultan Suran Placeholder surname			real	real		
DEDUPE	father	Q153219	Maharaja Malayu II - Tribhuwanaraja (1286-1316) Placeholder surname Sang Sapurba	Q48379		Q153224	Raja Langkasuka Sultan Suran Placeholder surname			real	real		
DEDUPE	mother	Q153219	Maharaja Malayu II - Tribhuwanaraja (1286-1316) Placeholder surname Sang Sapurba	Q48371	Istri Trailokyaraja	Q48383	Puteri Mahtabul Bahri  Raja Aftabul Ardl			real	real		
DEDUPE	father	Q153226	Maharaja Sriwijaya Sanggarama Placeholder surname	Q48468	Sri Maharaja Indrawarman (455-515M)	Q153231	Cicit Maharaja Sriwijaya XV - Sangrama-Vijayottunggawarman Placeholder surname			real	real		Q48464
DEDUPE	father	Q153249	Resi Getayu, Purwotjarito III Placeholder surname	Q1745	Prabhu Djoyolengkoro, Purwotjarito II	Q48650	Prabhu Djoyolengkoro, Purwotjarito II			real	real		
DEDUPE	father	Q153261	Ratu Galuh XVII - Dewi Sumbrada (1027-1065) Placeholder surname	Q48770	Sri Mara-Wijayottunggawarman	Q153269	Maharaja Sriwijaya XIV - Sri Mara-Wijayottunggawarman (10081017) Placeholder surname			real	real		
DEDUPE	father	Q153264	[45] Putri Sriwijaya 1 bint Fulan	Q48770	Sri Mara-Wijayottunggawarman	Q153269	Maharaja Sriwijaya XIV - Sri Mara-Wijayottunggawarman (10081017) Placeholder surname			real	real		
DEDUPE	father	Q153342	Abhimanyu	Q1888	Arjuna	Q49428	Arjuna	Q185790		real	real	Q1906,Q153368	
DEDUPE	mother	Q153342	Abhimanyu	Q49424	Subhadra	Q153353	Subhadra Placeholder surname			real	real	Q1877,Q49484	
DEDUPE	father	Q153354	Mahamaya Gautama	Q1908	Anjana	Q49492	Anjana			real	real		
DEDUPE	father	Q153355	Suddhodana Gautama	Q1911	Sihahanu King of Shakya	Q49500	Sihahanu			real	real		
DEDUPE	mother	Q153355	Suddhodana Gautama	Q1910	Kacchana Of Devadaha	Q49496	Kacchana			real	real		
DEDUPE	father	Q153356	Amita	Q1911	Sihahanu King of Shakya	Q49500	Sihahanu			real	real		
DEDUPE	mother	Q153356	Amita	Q1910	Kacchana Of Devadaha	Q49496	Kacchana			real	real		
DEDUPE	mother	Q153359	Shurasena Arjuna	Q49508	Wife	Q160445	Wife			real	real		Q153373
DEDUPE	father	Q153368	PANDU	Q49541	Ved Vyas	Q153382	VICHITRAVIRYA (Krishnadwapayana)			real	real		Q49537
DEDUPE	mother	Q153373	Kartavirya ARJUNA (Yadavas)	Q49566	Wife	Q160474	Wife			real	real		Q153384
DEDUPE	mother	Q153384	Krtavirya Dhanaka	Q49614	Wife	Q160500	Wife			real	real		Q153395
DEDUPE	father	Q153392	SATYAVATI (twin) Matsyagandhi Uparichara	Q49650	Dasa  Fisherman Leader	Q153399	UPARICHARA VASU			real	real		Q49646
DEDUPE	mother	Q153395	Dhanaka Bhadrasena	Q49663	Naga Tribe	Q160524	Naga Tribe			real	real		Q153401
DEDUPE	mother	Q153401	BHADRASENA MAHISMAN	Q49735	Wife	Q160550	Wife			real	real		Q153412
DEDUPE	father	Q153423	Maharaja Tarumanagara IX - Sudawarman (628-639) Placeholder surname	Q1998	Suryawarman	Q153413	Maharaja Tarumanagara VII - Suryawarman (535-561) Placeholder surname			real	real		
DEDUPE	mother	Q153423	Maharaja Tarumanagara IX - Sudawarman (628-639) Placeholder surname	Q49739	Mutya Sakti daughter of  Fulan	Q49827	NN (Wife of Suryawarman)			real	real		
DEDUPE	mother	Q153428	Maharaja Tarumanagara V - Indrawarman (455-515) Placeholder surname	Q49863	Dewi Suklawati	Q153436	Suklawatidewi bint Wiryabanyu			real	real		Q153435
DEDUPE	mother	Q153435	Maharaja Tarumanagara IV - Wisnuwarman (434-455) Placeholder surname	Q2019	Dewi Jelita	Q49915	Dewi Jelita			real	real		
DEDUPE	mother	Q153435	Maharaja Tarumanagara IV - Wisnuwarman (434-455) Placeholder surname	Q2019	Dewi Jelita	Q49919	Dewi Jwalita daughter of  Wirawarman			real	real		
DEDUPE	mother	Q153435	Maharaja Tarumanagara IV - Wisnuwarman (434-455) Placeholder surname	Q49915	Dewi Jelita	Q49919	Dewi Jwalita daughter of  Wirawarman			real	real		Q49911
DEDUPE	father	Q153436	Suklawatidewi bint Wiryabanyu	Q2020	Mulawarman	Q49927	Mulawarman			real	real		
DEDUPE	father	Q153436	Suklawatidewi bint Wiryabanyu	Q2020	Mulawarman	Q49931	Wiryabanyu son of  Jayasatyanagara			real	real		
DEDUPE	father	Q153436	Suklawatidewi bint Wiryabanyu	Q49927	Mulawarman	Q49931	Wiryabanyu son of  Jayasatyanagara			real	real		
DEDUPE	mother	Q153436	Suklawatidewi bint Wiryabanyu	Q49923	NN (Wife of Mulawarman)	Q49935	Nilem Sari daughter of  Welutbraja			real	real		
DEDUPE	father	Q153443	ANGA Ulmukha	Q2034	ULMUKHA	Q50064	ULMUKHA			real	real		
DEDUPE	father	Q153447	HASTI (founder of Hastinapur) Suhotra	Q29959	SUHOTRA \ VAITITHI  VAITITHI \Brihatkshatra	Q50084				real	real		
DEDUPE	father	Q153447	HASTI (founder of Hastinapur) Suhotra	Q29959	SUHOTRA \ VAITITHI  VAITITHI \Brihatkshatra	Q153454	SUHOTRA \ VAITITHI Brihatkshatra Brihatkshatra Brihatkshatra Brihatkshatra Brihatkshatra Brihatkshatra Br			real	real	Q153462	Q153453
DEDUPE	father	Q153447	HASTI (founder of Hastinapur) Suhotra	Q50084		Q153454	SUHOTRA \ VAITITHI Brihatkshatra Brihatkshatra Brihatkshatra Brihatkshatra Brihatkshatra Brihatkshatra Br			real	real		
DEDUPE	father	Q153455	SUNAKSHTRA MARUDEVA	Q2051	Marudeva, King of Kosala	Q50192	Marudeva, King of Kosala			real	real		
DEDUPE	mother	Q153469	Yadu-Yadav	Q153472	DEVAYANI Yayati	Q160753	DEVAYANI Shukra			real	real		Q153473
DEDUPE	mother	Q153473	YAYATI Nahusha	Q153480	VIRAJA Nahusha	Q160774	VIRAJA Nahusha			real	real		Q153479
DEDUPE	father	Q153479	Nahusha	Q2098	AYU Pururavas	Q153491	AYU Pururavas			real	real		
DEDUPE	father	Q153479	Nahusha	Q2098	AYU Pururavas	Q160541	VASISHTA			real	real		
DEDUPE	father	Q153479	Nahusha	Q153491	AYU Pururavas	Q160541	VASISHTA			real	real		
DEDUPE	mother	Q153479	Nahusha	Q153490	Prabha Ayu	Q153492	ARUNDHATI Vasishta			real	real		
DEDUPE	mother	Q153479	Nahusha	Q153490	Prabha Ayu	Q160797	Prabha Ayu			real	real		
DEDUPE	mother	Q153479	Nahusha	Q153492	ARUNDHATI Vasishta	Q160797	Prabha Ayu			real	real		
DEDUPE	mother	Q153480	VIRAJA Nahusha	Q50080	wife of Sage Trigarta	Q153492	ARUNDHATI Vasishta			real	real		
DEDUPE	father	Q153485	BRIHADASVA of Kosala Placeholder surname	Q2623	Sahdev DIWAKAR	Q29951	Sahdev  DIWAKAR			real	real	Q2123	
DEDUPE	father	Q153492	ARUNDHATI Vasishta	Q1954	KARDAMA	Q160510	KARDAMA			real	real		
DEDUPE	mother	Q153492	ARUNDHATI Vasishta	Q153398	DEVAHUTI Kardama	Q160509	DEVAHUTI Manu			real	real		
DEDUPE	father	Q153494	DHRUVA Uttanapada	Q50544		Q130322	unknown		Q24238356	real	real		
DEDUPE	father	Q153494	DHRUVA Uttanapada	Q50544		Q153503	UTTANAPADA Manu			real	real		
DEDUPE	father	Q153494	DHRUVA Uttanapada	Q50544		Q153674	Placeholder surname?			real	real		
DEDUPE	father	Q153494	DHRUVA Uttanapada	Q130322	unknown	Q153503	UTTANAPADA Manu	Q24238356		real	real		
DEDUPE	father	Q153494	DHRUVA Uttanapada	Q130322	unknown	Q153674	Placeholder surname?	Q24238356		real	real		
DEDUPE	father	Q153494	DHRUVA Uttanapada	Q153503	UTTANAPADA Manu	Q153674	Placeholder surname?			real	real		
DEDUPE	mother	Q153494	DHRUVA Uttanapada	Q50540		Q50548	SUNEETI			real	real		
DEDUPE	father	Q153495	ILINA Tansu	Q29975	Sumati \ Tansu  Tansu \Matinara	Q153504	Sumati \ Tansu Matinara Matinara Matinara Matinara Matinara Matinara Matinara Tansu			real	real	Q2137	
DEDUPE	father	Q153509	BUDHA (planet Mercury) Chandra	Q30007	CHANDRA \ SOMA (Haoma), the moon-god Indu  SOMA (Haoma), the moon-god Indu \Atri	Q153521	CHANDRA \ SOMA (Haoma), the moon-god Indu Atri Atri Atri Atri Atri Atri Atri SOMA (Haoma), the moon-god Indu			real	real	Q153507	
DEDUPE	mother	Q153520	DHATA	Q50669		Q153530	KHYATI Bhrigu			real	real		Q2159
DEDUPE	mother	Q153520	DHATA	Q50669		Q153713	Placeholder surname			real	real	Q153540	Q2159
DEDUPE	mother	Q153520	DHATA	Q153530	KHYATI Bhrigu	Q153713	Placeholder surname			real	real		Q2159
DEDUPE	father	Q153536	Vatsavyuha Arukshay	Q2178	ARUKSHAY	Q50742	ARUKSHAY			real	real	Q153548	
DEDUPE	father	Q153564	Vishwabahu VISHRUTWAN	Q2215	Visrutavant, King of Kosala	Q50958	Visrutavant, King of Kosala			real	real		
DEDUPE	father	Q153578	SHIGRASVA of Kosala Placeholder surname	Q2628	Agnivarna, King of Kosala	Q29971	Agnivarna, King of Kosala			real	real		
DEDUPE	father	Q153589	SHANKHANABHA Vajranabha	Q2277	Vajranabha	Q51280	Vajranabha			real	real	Q2280	
DEDUPE	father	Q153595	PRUTHUSRAVAS Shashabindu	Q2288	SHASHIBINDU of Chandravansh	Q52172				real	real	Q28227	
DEDUPE	father	Q153669	Maharaja Sriwijaya XV - Sangrama-Vijayottunggawarman (1017-1030) Placeholder surname?	Q1761	Maharaja Sriwijaya XIII - Sri Cudamani Warmadewa (9881008)	Q1762	Sri Mara-Wijayottunggawarman			real	real		
DEDUPE	father	Q153669	Maharaja Sriwijaya XV - Sangrama-Vijayottunggawarman (1017-1030) Placeholder surname?	Q1761	Maharaja Sriwijaya XIII - Sri Cudamani Warmadewa (9881008)	Q48766	Maharaja Sriwijaya XIII - Sri Cudamani Warmadewa (9881008)			real	real		
DEDUPE	father	Q153669	Maharaja Sriwijaya XV - Sangrama-Vijayottunggawarman (1017-1030) Placeholder surname?	Q1762	Sri Mara-Wijayottunggawarman	Q48766	Maharaja Sriwijaya XIII - Sri Cudamani Warmadewa (9881008)			real	real		
DEDUPE	father	Q153670	Kancanasari bint Cucu Demunawan	Q153350	Raja Kuningan IV	Q160397	Raja Kuningan IV - NN			real	real		
DEDUPE	mother	Q153670	Kancanasari bint Cucu Demunawan	Q49411	Istri Cucu Demunawan daughter of  Fulan	Q160398	Istri Cucu Demunawan bint Fulan			real	real		
DEDUPE	father	Q153704	Esquire	Q1668	Bapirao	Q48239	Bapirao			real	real		
DEDUPE	father	Q160029	Gayatri Rajapatni	Q160042	Joko Dolok	Q160044	Kertanegara, king of Singhasari			real	real		
DEDUPE	father	Q160031	Adwayawarman \ Adwaya Brahman (Rakyan Maha menteri Singosari) Adwaya Brahman (Rakyan Maha menteri Sin	Q160047	NO FURTHER INFO [EM] .	Q160049	Sri Hismatupa Kumala Ranggawuni Singsari			real	real		
DEDUPE	mother	Q160032	Puti Reno Marak \ Dara Jingga [EM] Dara Jingga [EM]	Q160050	Person Q160050	Q160052	Wife of Tribhuwanaraja [EM] .			real	real		Q160051
DEDUPE	mother	Q160045	Dyah Lembu Tal (Singhamurti)	Q160064	Waning Hyun \ Jayawardhani Jayawardhani	Q160065	[52] NN (Istri Mahisa Campaka) bint Fulan			real	real		Q160063
DEDUPE	father	Q160051	Maharaja Malayu II - Tribhuwanaraja (1286-1316)	Q160069	Person Q160069	Q160071	Trailokyaraja Raja Sriwijaya & Malayupura			real	real		
DEDUPE	father	Q160051	Maharaja Malayu II - Tribhuwanaraja (1286-1316)	Q160069	Person Q160069	Q160073	Raja Langkasuka Sultan Suran			real	real		
DEDUPE	father	Q160051	Maharaja Malayu II - Tribhuwanaraja (1286-1316)	Q160071	Trailokyaraja Raja Sriwijaya & Malayupura	Q160073	Raja Langkasuka Sultan Suran			real	real		
DEDUPE	mother	Q160051	Maharaja Malayu II - Tribhuwanaraja (1286-1316)	Q160070	Istri Trailokyaraja	Q160072	Puteri Mahtabul Bahri Raja Aftabul Ardl			real	real		
DEDUPE	father	Q160082	Raja Kediri X - Mahesa Wong Ateleng (1222-1230)	Q160101	Ken Arok, Raja of Singasari. Ancestor of the Royal Houses of Singasari and JavaKen Arok, Raja of Singasari. Ancestor of the Royal Houses of Singasari and Java 1222-1227	Q160102	Ken Arok, king of Singhasari			real	real		Q160100
DEDUPE	father	Q160099	Tunggul Ametung	Q160113	Raja Kediri VIII - Sri Kamesywara (1182-1194)	Q160115	Rakai Sirikan Sri Kameswara (Jayawarsa) .			real	real		
DEDUPE	father	Q160404	ARJUNA Partha Pandava	Q160432	INDRA SAKRA Kashyapa	Q160434	PANDU Kuru			real	real		Q160433
DEDUPE	father	Q160434	PANDU Kuru	Q160463	VYASA aka Krishnadvaipayana	Q160464	VICHITRAVIRYA Shantanu			real	real	Q160494	Q160462,Q169646,Q169647
DEDUPE	father	Q160438	King Sihahanu of Shakya	Q160467	Jayasena	Q160468	JAYASENA			real	real		
DEDUPE	father	Q160494	SATYAVATI Matsyagandhi	Q160517	UPARICHARA VASU	Q160518	Dasabala Fisherman Leader			real	real		Q160516
DEDUPE	father	Q160569	Maharaja Tarumanagara IX - Sudawarman (628-639)	Q160552	Maharaja Tarumanagara VII - Suryawarman (535-561)	Q160589	Great King of Tarumanagara VII - Suryawarman (535-561)			real	real		
DEDUPE	mother	Q160569	Maharaja Tarumanagara IX - Sudawarman (628-639)	Q160551	Mutya Sakti bint Fulan	Q160588	NN (Wife of Suryawarman)			real	real		
DEDUPE	mother	Q160586	Maharaja Tarumanagara V - Indrawarman (455-515)	Q160604	Suklawatidewi bint Wiryabanyu	Q160606	Dewi Suklawati			real	real		Q160605
DEDUPE	father	Q160604	Suklawatidewi bint Wiryabanyu	Q160623	Raja Indraprahasta III - Wiryabanyu (421-444)	Q160626	Great King of Kutai Martadipura I - Mulawarman (400-446)			real	real		
DEDUPE	mother	Q160604	Suklawatidewi bint Wiryabanyu	Q160624	Nilem Sari bint Welutbraja	Q160625	NN (Wife of Mulawarman)			real	real		
DEDUPE	mother	Q160605	Maharaja Tarumanagara IV - Wisnuwarman (434-455)	Q160628	Dewi Jelita	Q160629	Dewi Jwalita bint Wirawarman			real	real		Q160627
DEDUPE	father	Q160624	Nilem Sari bint Welutbraja	Q160651	Raja Manukrawa - Welutbraja	Q160652	Raja Manukrawa - Welutbraja			real	real		
DEDUPE	father	Q160627	Maharaja Tarumanagara III - Purnawarman (395-434)	Q160656	Maharaja Tarumanagara II - Dharmayawarman (382-395)	Q160658	Great King of Tarumanagara II - Dharmayawarman (382-395)			real	real		
DEDUPE	mother	Q160627	Maharaja Tarumanagara III - Purnawarman (395-434)	Q160655	Istri ke-1 Dharmayawarman bint Fulan	Q160657	NN (1st Wife of Darmayawarman)			real	real		
DEDUPE	mother	Q160765	PUSHPARNAN	Q160787	Person Q160787	Q160788	Svarvithi			real	real		Q160786
DEDUPE	father	Q160897	PRASUTI Manu	Q160535	MANU aka Prajapati Panchajana	Q160912	Person Q160912			real	real		
DEDUPE	mother	Q160905	RICHEYU \ ANADHRISHTI ANADHRISHTI	Q160919	SUDEVA	Q160921	MISRAKESI			real	real		
DEDUPE	mother	Q160905	RICHEYU \ ANADHRISHTI ANADHRISHTI	Q160919	SUDEVA	Q160923	SURASENI Pravira			real	real		
DEDUPE	mother	Q160905	RICHEYU \ ANADHRISHTI ANADHRISHTI	Q160921	MISRAKESI	Q160923	SURASENI Pravira			real	real		
DEDUPE	mother	Q161249	JARASANDHA Brihadratha	Q161254	1 of KASHI\Banaras\Varanasi Banaras	Q161256	2 of KASHI\Banaras\Varanasi Banaras			real	real	Q161260	Q161255
DEDUPE	father	Q161536	Raden Joko Kahiman \ Adipati Warga Utama II (1582-1583) \ ADIPATI MARAPAT [Versi 1 ARI] Adipati Warga Utama II (1582-1583)	Q161478	Raden Banyaksasra [Versi 1]	Q162262	Raden Banyak Catra \ Catra \ Kamandaka, Raja Pasir Luhur Catra			real	real		
DEDUPE	father	Q161566	PRABU HAYAM WURUK ( MAJAPAHIT RAJASA )	Q161743	Kertawijaya \ Brawijaya I (Bhre Tumapel III) Brawijaya I (Bhre Tumapel III)	Q171326	Cakradhara \ Kertawijaya (Kertawardhana Bhre Tumapel) Kertawijaya (Kertawardhana Bhre Tumapel			real	real		
DEDUPE	father	Q161567	Dewi Wukut	Q161743	Kertawijaya \ Brawijaya I (Bhre Tumapel III) Brawijaya I (Bhre Tumapel III)	Q171326	Cakradhara \ Kertawijaya (Kertawardhana Bhre Tumapel) Kertawijaya (Kertawardhana Bhre Tumapel			real	real		
DEDUPE	father	Q161568	Dewi Sitisari	Q161743	Kertawijaya \ Brawijaya I (Bhre Tumapel III) Brawijaya I (Bhre Tumapel III)	Q171326	Cakradhara \ Kertawijaya (Kertawardhana Bhre Tumapel) Kertawijaya (Kertawardhana Bhre Tumapel			real	real		
DEDUPE	father	Q161569	Dewi Subasiti	Q161743	Kertawijaya \ Brawijaya I (Bhre Tumapel III) Brawijaya I (Bhre Tumapel III)	Q171326	Cakradhara \ Kertawijaya (Kertawardhana Bhre Tumapel) Kertawijaya (Kertawardhana Bhre Tumapel			real	real		
DEDUPE	mother	Q161572	DARA PETAK \ DARA PETHAK \ INDRESWARI ( SRI TINUHENG PURA ) DARA PETHAK	Q160052	Wife of Tribhuwanaraja [EM] .	Q171395	Puti Reno Mandi Sari Lawik			real	real		Q160051
DEDUPE	father	Q161598	Nyai Ageng Budo	Q161474	Raden? -Majapahit	Q161532	Ario Pratikel, Pabekel ing Madekan, Sampang			real	real		
DEDUPE	mother	Q161754	Raden Ayu Retna Pembayun	Q171354	Ratu Amaravati, Dewi Dwarawati	Q171370	Wandan Sari (Siu Ban Ci) Banyowi			real	real		
DEDUPE	mother	Q161754	Raden Ayu Retna Pembayun	Q171354	Ratu Amaravati, Dewi Dwarawati	Q171504	Ratu Dwarawati (Dewi Amarawati)			real	real		
DEDUPE	mother	Q161754	Raden Ayu Retna Pembayun	Q171370	Wandan Sari (Siu Ban Ci) Banyowi	Q171504	Ratu Dwarawati (Dewi Amarawati)			real	real		Q161645
DEDUPE	father	Q161991	Raja Thilam (Raja Langkasuka: 1253-1267)	Q161801	Raja Surendra Raja Suran [Dinasti Langkasuka 1233-125	Q162138	Maharaja Suran, Maharaja of Jawaka			real	real		
DEDUPE	mother	Q162204	[62] Raden Abdullah "Pangeran Arya Jepara" Raden Abdul Qadir	Q161934	[61] Ratna Gumilah Bint Raden Patah	Q161942	Syarifah Siti Zubaidah			real	real	Q161760	
DEDUPE	mother	Q162252	Abdul Qodir Abdul Rahim (Aria Teja-Bupati Tuban)	Q161949	Dewi Sekar Dadu	Q171562	Syarifah Siti Fatimah (Puteri Cempaka Biru) bt Ali Nurul Alam			real	real		
DEDUPE	mother	Q162256	Syarifah Siti Musallimah .	Q161949	Dewi Sekar Dadu	Q171562	Syarifah Siti Fatimah (Puteri Cempaka Biru) bt Ali Nurul Alam			real	real		
DEDUPE	mother	Q162346	Pangeran Tanpa Nangkil bin RM Kadawung	Q162029	R. Ayu Ratna Dumilah	Q162960	Ratu Hadi Waskita Jawi (Roro Sari) Ratu Mas			real	real		Q163603
DEDUPE	mother	Q162352	PA. Pringgoloyo I ? (Raden Mas Djulig)	Q162029	R. Ayu Ratna Dumilah	Q162960	Ratu Hadi Waskita Jawi (Roro Sari) Ratu Mas			real	real		Q163603
DEDUPE	father	Q162465	Nyi Ageng Selo II\ Nyi Bicak (Rara Kinasih) Nyi Bicak	Q162167	Kyai Ageng Wonosobo (Raden Dukuh)	Q162192	Ki Ageng Ngerang (Raden Ronggo Joyo)			real	real		
DEDUPE	father	Q162491	Nyai Ageng Saba	Q162190	Ki Ageng Selo	Q162476	R. Umar Said (Sunan Muria)			real	real		
DEDUPE	mother	Q162492	Ki Ageng Ngenis (Bagus Anis)	Q162193	Roro Kinasih Azmatkhan (Nyai Bicak)	Q162465	Nyi Ageng Selo II\ Nyi Bicak (Rara Kinasih) Nyi Bicak			real	real		Q162191
DEDUPE	mother	Q162527	Pnbh Ratu-1 Pgr. Emas \ Sultan Hadji (Sultan Cirebon-2) Sultan Hadji (Sultan Cirebon-2)	Q162420	Kanjeng Ratu Ratu Gelampok	Q163093	Person Q163093			real	real		Q162218
DEDUPE	mother	Q162529	Pangeran Manis	Q163093	Person Q163093	Q163095	Wanawati Raras			real	real	Q162589	Q162218
DEDUPE	father	Q162704	Tun Telanai	Q162313	Tun Perak, Bendahara Paduka Raja	Q163194	Tun Perak [Bendahara Melaka ke-5 14561498]			real	real		
DEDUPE	mother	Q165069	Berenice Baktriai	Q165068	Berenike (Syriai?; or of Bactria?)	Q165078	Sundari Maurya Magadha			real	real		Q165067
DEDUPE	mother	Q166466	Aquilin De Lyon	Q154036	Artemia	Q166406	Artemie ...			real	real		Q166465
DEDUPE	father	Q168299	Cornelia Corner	Q168077	Person Q168077	Q168079	Giorgio Corner			real	real	Q167931,Q168074	
DEDUPE	father	Q169342	KRIPAcharya	Q1944	Shantanu	Q170365	SHARADWAT	Q1973947		real	real		
DEDUPE	mother	Q169342	KRIPAcharya	Q160494	SATYAVATI Matsyagandhi	Q170489	JANAPADI			real	real		
DEDUPE	father	Q169343	KRIPI	Q1944	Shantanu	Q170365	SHARADWAT	Q1973947		real	real		
DEDUPE	mother	Q169343	KRIPI	Q160494	SATYAVATI Matsyagandhi	Q170489	JANAPADI			real	real		
DEDUPE	father	Q169531	BHIMA Vayuputra	Q160434	PANDU Kuru	Q169533	Vayu (Wind)			real	real		Q160433
DEDUPE	father	Q169601	NAKULA (twin) Asviniputra	Q160434	PANDU Kuru	Q169295	Ashvini Twin-DASRA Surya			real	real		Q169600
DEDUPE	father	Q169602	SAHADEVA (twin) Asviniputra	Q160434	PANDU Kuru	Q169295	Ashvini Twin-DASRA Surya			real	real		Q169600
DEDUPE	father	Q169648	DHRITARASHTRA	Q160463	VYASA aka Krishnadvaipayana	Q160464	VICHITRAVIRYA Shantanu			real	real	Q160494	Q160462,Q169646,Q169647
DEDUPE	mother	Q169733	Sunaka	Q169732	Pramadvara	Q169734	Pramadvara			real	real		Q169456
DEDUPE	father	Q169837	BALARAMA Vasudeva	Q1877	Vasudeva	Q160387	NANDA RAI aka NANDA BABA of GOKUL Shurasena	Q890382		real	real	Q49440,Q153359	
DEDUPE	mother	Q169837	BALARAMA Vasudeva	Q49383	Yashoda	Q160431	Rohini			real	real		
DEDUPE	father	Q170135	MARUTI \ HANUMAN HANUMAN	Q170134	KESARI	Q170136	Person Q170136			real	real		Q169722
DEDUPE	mother	Q170333	Kaksreyu	Q160921	MISRAKESI	Q160923	SURASENI Pravira			real	real		
DEDUPE	mother	Q170334	Vrikeyu	Q160921	MISRAKESI	Q160923	SURASENI Pravira			real	real		
DEDUPE	mother	Q170335	Sthandileyu	Q160921	MISRAKESI	Q160923	SURASENI Pravira			real	real		
DEDUPE	mother	Q170336	Vaneyu	Q160921	MISRAKESI	Q160923	SURASENI Pravira			real	real		
DEDUPE	mother	Q170337	Jaleyu	Q160921	MISRAKESI	Q160923	SURASENI Pravira			real	real		
DEDUPE	mother	Q170338	Tejeyu	Q160921	MISRAKESI	Q160923	SURASENI Pravira			real	real		
DEDUPE	mother	Q170339	Satyeyu	Q160921	MISRAKESI	Q160923	SURASENI Pravira			real	real		
DEDUPE	mother	Q170340	DHARMEYU Raudrasva	Q160921	MISRAKESI	Q160923	SURASENI Pravira			real	real		
DEDUPE	mother	Q170341	Sannateyu	Q160921	MISRAKESI	Q160923	SURASENI Pravira			real	real		
DEDUPE	mother	Q170352	SHATRUGHNA (twin) Dasharatha	Q170564	SUMITRA	Q170565	KAIKEYI Dasharatha			real	real		Q2319
DEDUPE	father	Q170364	MAKARDHWAJA	Q170135	MARUTI \ HANUMAN HANUMAN	Q170487	MAIYARAB Foster father of MACCHANU I			real	real		Q170363
DEDUPE	father	Q170563	SANTHA Rushyashringa	Q2319	DASHARATHA	Q171069	ROMAPADA of Angadesha			real	real		
DEDUPE	father	Q171350	Bong Tak Keng (King of Kauthara Champa)	Q171417	Father of Bong Tak Keng	Q171419	Person Q171419			real	real		Q171418
DEDUPE	father	Q195227	Teti do Egito	Q85780	Khaba	Q195293	Neferka-Re . .			real	real		
DEDUPE	mother	Q195227	Teti do Egito	Q85782		Q195291	Khenebta-Re			real	real		
DEDUPE	father	Q195228	Nysuteh do Egito	Q85780	Khaba	Q195293	Neferka-Re . .			real	real		
DEDUPE	mother	Q195228	Nysuteh do Egito	Q85782		Q195291	Khenebta-Re			real	real		
DEDUPE	father	Q195277	Semerkhet	Q195216	Anedjib	Q195219	(Ome de Betrest) .	Q111079		real	real		Q195217
DEDUPE	father	Q195366	Osorkon IV	Q195339	Shoshenq V, Pharaoh of Egypt	Q195660	Pimay			real	real		
DEDUPE	mother	Q195366	Osorkon IV	Q195083	Tadibast	Q195547	N.N.			real	real		
DEDUPE	mother	Q208301	Ruthilde	Q206162	Alix (Adela) de Valois	Q208861	Adelaide De Valois			real	real		Q114141
DEDUPE	father	Q16001278	Haplogroup A0-T	Q152973	Adam Y Chromosomal Adam	Q1034073	Macro-haplogroup A(X-BT)	Q351265		real	real		
DISTINCT	father	Q51822	Ptolemy XII Auletes	Q51818	Ptolemy Memphites	Q78713	Ptolemy IX Lathyros	Q1670765	Q3340	real	real	Q73035,Q73038	
DISTINCT	mother	Q65489	Hadrian	Q66718	Domitia Paulina	Q66817	Pompeia Plotina	Q452705	Q239448	real	real		
DISTINCT	father	Q69706	Plancina  Munatia	Q70334	Lucius Munatius Plancus Paulinus	Q141581	Quintus Aelius Tubero	Q343795	Q950770	real	real		Q70331
DISTINCT	father	Q72834	Lucius Caecilius Metellus Calvus	Q72984	Quintus Caecilius Metellus	Q148066	Marcus Caecilius Metellus	Q929498	Q897091	real	real	Q73146	
DISTINCT	father	Q73020	Lucilia	Q72648	Sextus Pompeius	Q139727	Marcus Lucilius	Q888910	Q123700947	real	real		
DISTINCT	father	Q73260	Marcus Licinius Crassus Agelastus	Q72972	Publius Licinius Crassus Dives	Q72981	Publius Licinius Crassus	Q29518656	Q20100913	real	real		
DISTINCT	father	Q73380	BAD MERGE	Q73362	Antiochus III the Great	Q90289	Oebalus	Q3365	Q1162217	real	real		
DISTINCT	mother	Q73380	BAD MERGE	Q73359	Laodice III	Q132823	Gorgophone	Q237642	Q950523	real	real		
DISTINCT	father	Q74723	Aristomachus	Q74732	Merops	Q134107	Cleodaeus	Q1319783	Q329690	real	real		
DISTINCT	father	Q74949	Lysimache,Eurynome or Lyssianassa	Q74991	Abas	Q90590	Abas	Q305614	Q305611	real	real	Q132482	
DISTINCT	father	Q74991	Abas	Q75039	Poseidon	Q132482	Ixion	Q41127	Q271891	real	real		
DISTINCT	mother	Q75153	Deucalion	Q75192	Klymene	Q90476	Hesione	Q669635	Q120197205	real	real	Q74970,Q74973,Q90309,Q132255	Q74732,Q75195,Q90388,Q130598
DISTINCT	father	Q78609	Cleopatra V of Egypt	Q78713	Ptolemy IX Lathyros	Q135920	Ptolemy X Alexander I	Q3340	Q3345	real	real	Q73035,Q73038	Q135922
DISTINCT	father	Q78713	Ptolemy IX Lathyros	Q73038	Ptolemy VIII Physcon	Q73197	Ptolemy VI	Q3350	Q39952	real	real	Q73200,Q73203	Q73035,Q73194,Q78719,Q136154
DISTINCT	father	Q78716	Cleopatra Selene I of Egypt	Q73038	Ptolemy VIII Physcon	Q73197	Ptolemy VI	Q3350	Q39952	real	real	Q73200,Q73203	Q73035,Q73194,Q78719,Q136154
DISTINCT	father	Q78719	Cleopatra III of Egypt	Q73038	Ptolemy VIII Physcon	Q73197	Ptolemy VI	Q3350	Q39952	real	real	Q73200,Q73203	Q73035,Q73194,Q78719,Q136154
DISTINCT	mother	Q104007	Sancho II of León and Castile	Q110976	Sancha of León	Q123443	Sancha	Q1847459	Q111457114	real	real	Q101361	
DISTINCT	mother	Q104011	García II of Galicia	Q110976	Sancha of León	Q123443	Sancha	Q1847459	Q111457114	real	real	Q101361	
DISTINCT	mother	Q104013	Alfonso VI of León and Castile	Q110976	Sancha of León	Q123443	Sancha	Q1847459	Q111457114	real	real	Q101361	
DISTINCT	mother	Q112711	Guillaume X	Q112705	Ermengarde of Anjou	Q112707	Philippa, Countess of Toulouse	Q3056729	Q3048073	real	real		Q111669
DISTINCT	mother	Q114018	Ermengarde-Gerberga of Anjou	Q112532	Adelaide of Blois	Q114121	Adele of Meaux	Q3442309	Q2038405	real	real		Q113576
DISTINCT	father	Q115656	Ermengarde	Q113566	Boso of Provence	Q115658	Louis II of Italy	Q73806	Q215204	real	real		
DISTINCT	mother	Q117203	Judith of Hohenstaufen	Q117193	Judith of Bavaria, Duchess of Swabia	Q117195	Agnes of Saarbrücken	Q2039212	Q17353089	real	real		Q114325
DISTINCT	father	Q135918	Ptolemy Apion	Q73038	Ptolemy VIII Physcon	Q73197	Ptolemy VI	Q3350	Q39952	real	real	Q73200,Q73203	Q73035,Q73194,Q78719,Q136154
DISTINCT	father	Q138545	Jesus Christ	Q137751	Joseph	Q153725	Tiberius Julius Abdes Pantera	Q128267	Q1256851	real	real		
DISTINCT	father	Q138545	Jesus Christ	Q137751	Joseph	Q153726	Yahweh	Q128267	Q766677	real	real		
DISTINCT	father	Q138545	Jesus Christ	Q153725	Tiberius Julius Abdes Pantera	Q153726	Yahweh	Q1256851	Q766677	real	real		
DISTINCT	mother	Q153520	DHATA	Q50669		Q130322	unknown		Q24238356	real	real		Q2159
DISTINCT	mother	Q153520	DHATA	Q130322	unknown	Q153530	KHYATI Bhrigu	Q24238356		real	real		Q2159
DISTINCT	mother	Q153520	DHATA	Q130322	unknown	Q153713	Placeholder surname	Q24238356		real	real		Q2159
